"CRN","ARRIVAL_TM","AUTOMOBILE_COUNT","BELTED_DEATH_COUNT","BELTED_SUSP_SERIOUS_INJ_COUNT","BICYCLE_COUNT","BICYCLE_DEATH_COUNT","BICYCLE_SUSP_SERIOUS_INJ_COUNT","BUS_COUNT","CHLDPAS_DEATH_COUNT","CHLDPAS_SUSP_SERIOUS_INJ_COUNT","COLLISION_TYPE","COMM_VEH_COUNT","CONS_ZONE_SPD_LIM","COUNTY","CRASH_MONTH","CRASH_YEAR","DAY_OF_WEEK","DEC_LATITUDE","DEC_LONGITUDE","DISPATCH_TM","DISTRICT","DRIVER_COUNT_16YR","DRIVER_COUNT_17YR","DRIVER_COUNT_18YR","DRIVER_COUNT_19YR","DRIVER_COUNT_20YR","DRIVER_COUNT_50_64YR","DRIVER_COUNT_65_74YR","DRIVER_COUNT_75PLUS","EST_HRS_CLOSED","FATAL_COUNT","HEAVY_TRUCK_COUNT","HORSE_BUGGY_COUNT","HOUR_OF_DAY","ILLUMINATION","INJURY_COUNT","INTERSECTION_RELATED","INTERSECT_TYPE","LANE_CLOSED","LATITUDE","LN_CLOSE_DIR","LOCATION_TYPE","LONGITUDE","MAX_SEVERITY_LEVEL","MCYCLE_DEATH_COUNT","MCYCLE_SUSP_SERIOUS_INJ_COUNT","MOTORCYCLE_COUNT","MUNICIPALITY","NONMOTR_COUNT","NONMOTR_DEATH_COUNT","NONMOTR_SUSP_SERIOUS_INJ_COUNT","NTFY_HIWY_MAINT","PED_COUNT","PED_DEATH_COUNT","PED_SUSP_SERIOUS_INJ_COUNT","PERSON_COUNT","POLICE_AGCY","POSSIBLE_INJ_COUNT","RDWY_SURF_TYPE_CD","RELATION_TO_ROAD","ROADWAY_CLEARED","ROAD_CONDITION","SCH_BUS_IND","SCH_ZONE_IND","SECONDARY_CRASH","SMALL_TRUCK_COUNT","SPEC_JURIS_CD","SUSP_MINOR_INJ_COUNT","SUSP_SERIOUS_INJ_COUNT","SUV_COUNT","TCD_FUNC_CD","TCD_TYPE","TFC_DETOUR_IND","TIME_OF_DAY","TOTAL_UNITS","TOT_INJ_COUNT","UNBELTED_OCC_COUNT","UNB_DEATH_COUNT","UNB_SUSP_SERIOUS_INJ_COUNT","UNK_INJ_DEG_COUNT","UNK_INJ_PER_COUNT","URBAN_RURAL","VAN_COUNT","VEHICLE_COUNT","WEATHER1","WEATHER2","WORKERS_PRES","WORK_ZONE_IND","WORK_ZONE_LOC","WORK_ZONE_TYPE","WZ_CLOSE_DETOUR","WZ_FLAGGER","WZ_LAW_OFFCR_IND","WZ_LN_CLOSURE","WZ_MOVING","WZ_OTHER","WZ_SHLDER_MDN","WZ_WORKERS_INJ_KILLED"
"2017010332","","1","0","0","0","0","0","0","0","0","1","0","","02","1","2017","3","40.38238","-80.0939","","11","0","0","0","0","0","0","0","0","","0","0","0","","","0","","0","","40 22:56.568","","0","80 05:38.041","0","0","0","0","2102","0","0","0","N","0","0","0","2","02102","0","","1.0","","9","N","N","","0","","0","0","1","","2","","","2","0","0","0","0","0","0","2","0","2","","","","N","","","","","","","","","",""
"2017010799","","1","0","0","0","0","0","0","0","0","2","0","","02","1","2017","4","40.440528","-79.988389","","11","0","0","0","0","0","0","0","0","","0","0","0","","","0","","0","","40 26:25.900","","0","79 59:18.200","0","0","0","0","2301","0","0","0","N","0","0","0","2","02301","0","","1.0","","9","N","N","","0","","0","0","1","","2","","","2","0","0","0","0","0","0","2","0","2","","","","N","","","","","","","","","",""
"2017032519","","0","0","0","0","0","0","0","0","0","1","0","","02","3","2017","6","40.432465","-79.960747","","11","0","0","0","0","0","0","0","0","","0","0","0","","","2","","0","","40 25:56.873","","0","79 57:38.689","4","0","0","0","2301","0","0","0","","0","0","0","2","68B03","2","","1.0","","1","N","N","","0","","0","0","2","","0","","","2","2","0","0","0","0","0","2","0","2","","","","N","","","","","","","","","",""
"2017011385","","1","0","0","0","0","0","0","0","0","8","0","","02","1","2017","6","40.455665","-80.002477","","11","0","0","0","0","0","0","0","0","","0","0","0","","","1","","2","","40 27:20.394","","0","80 00:08.917","2","0","0","0","2301","1","0","1","N","1","0","1","2","02301","0","","1.0","","9","N","N","","0","","0","1","0","","0","","","2","1","0","0","0","0","0","2","0","1","","","","N","","","","","","","","","",""
"2017009231","","1","0","0","0","0","0","0","0","0","7","0","","02","1","2017","7","40.381132","-79.813814","","11","0","0","0","0","0","0","0","0","","0","0","0","","","0","","0","","40 22:52.076","","0","79 48:49.730","0","0","0","0","2424","0","0","0","N","0","0","0","1","02424","0","","4.0","","1","N","N","","0","","0","0","0","","0","","","1","0","0","0","0","0","0","2","0","1","","","","N","","","","","","","","","",""
"2017030342","","0","0","0","0","0","0","0","0","0","7","0","","02","3","2017","2","40.379123","-79.923272","","11","0","0","0","0","0","0","0","0","2","0","0","0","","","2","","0","","40 22:44.843","1","0","79 55:23.778","8","0","0","0","2301","0","0","0","N","0","0","0","2","02301","0","","2.0","","1","N","N","","0","","0","0","1","","0","Y","","1","2","2","0","0","2","0","2","0","1","","","","N","","","","","","","","","",""
"2017030087","","0","0","0","0","0","0","0","0","0","7","1","","02","3","2017","6","40.442397","-80.000034","","11","0","0","0","0","0","1","0","0","4","1","0","0","","","1","","1","","40 26:32.630","7","0","80 00:00.123","1","0","0","0","2301","2","1","1","N","2","1","1","3","02301","0","2","4.0","","9","N","N","","0","0","0","1","1","","2","Y","","3","1","1","0","0","0","0","2","0","1","","","","N","","","","","","","","","",""
"2017011818","","2","0","0","0","0","0","0","0","0","2","0","","02","1","2017","7","40.436699","-79.963676","","11","0","0","0","0","0","0","0","0","2","0","0","0","","","0","","0","","40 26:12.117","1","1","79 57:49.232","0","0","0","0","2301","0","0","0","N","0","0","0","3","02301","0","","1.0","","1","N","N","","0","","0","0","0","","0","N","","2","0","0","0","0","0","0","2","0","2","","","","N","","","","","","","","","",""
"2017012111","","1","0","0","0","0","0","0","0","0","99","0","","02","1","2017","1","40.45158","-80.051236","","11","0","0","0","0","0","0","0","0","","0","0","0","","","0","","2","","40 27:05.688","","0","80 03:04.449","0","0","0","0","2301","0","0","0","N","0","0","0","0","02301","0","","2.0","","1","N","N","","0","","0","0","0","","3","","","1","0","0","0","0","0","0","2","0","1","","","","N","","","","","","","","","",""
"2017022574","","1","0","0","0","0","0","0","0","0","7","0","","02","2","2017","1","40.523104","-79.747533","","11","0","0","0","0","0","0","0","0","","0","0","0","","","0","","0","","40 31:23.176","","0","79 44:51.117","0","0","0","0","2466","0","0","0","N","0","0","0","1","02466","0","","5.0","","1","N","N","","0","","0","0","0","","0","","","1","0","0","0","0","0","0","1","0","1","","","","N","","","","","","","","","",""
"2017032522","","1","0","0","0","0","0","0","0","0","1","0","","02","3","2017","6","40.359152","-80.119002","","11","0","0","0","0","0","0","0","0","1","0","0","0","","","0","","0","","40 21:32.946","2","0","80 07:08.408","0","0","0","0","2414","0","0","0","","0","0","0","4","68B03","0","","1.0","","1","N","N","","2","","0","0","1","","0","Y","","4","0","0","0","0","0","0","2","0","4","","","","N","","","","","","","","","",""
"2017029907","","1","0","0","0","0","0","0","0","0","8","0","","02","3","2017","7","40.5407","-80.006647","","11","0","0","0","0","0","1","0","0","1","0","0","0","","","1","","2","","40 32:26.520","7","0","80 00:23.929","3","0","0","0","2116","1","0","0","N","1","0","0","2","02116","0","","1.0","","9","N","N","","0","","1","0","0","","0","Y","","2","1","0","0","0","0","0","2","0","1","","","","N","","","","","","","","","",""
"2017004349","","2","0","0","0","0","0","0","0","0","4","0","","02","1","2017","3","40.452472","-80.172472","","11","0","0","0","0","0","0","0","0","1","0","0","0","","","1","","1","","40 27:08.900","3","2","80 10:20.900","8","0","0","0","2214","0","0","0","N","0","0","0","4","02214","0","","1.0","","9","N","N","","0","","0","0","0","","2","Y","","2","1","0","0","0","1","0","2","0","2","","","","N","","","","","","","","","",""
"2017010325","1810","2","0","0","0","0","0","0","0","0","2","0","","02","1","2017","3","40.448088","-80.063932","1810","11","0","0","0","0","0","1","0","0","1","0","0","0","","","1","","2","","40 26:53.116","5","0","80 03:50.155","3","0","0","0","2301","0","0","0","N","0","0","0","2","02301","0","","1.0","","1","N","N","","0","","1","0","0","","3","Y","","2","1","0","0","0","0","0","2","0","2","","","","N","","","","","","","","","",""
"2017010860","0207","0","0","0","0","0","0","0","0","0","7","0","","02","1","2017","5","40.464052","-79.986025","0202","11","0","0","0","0","0","0","0","0","1","0","0","0","","","0","","0","","40 27:50.587","3","0","79 59:09.690","0","0","0","0","2301","0","0","0","N","0","0","0","0","02301","0","","4.0","","9","N","N","","0","","0","0","1","","0","N","","1","0","0","0","0","0","0","2","0","1","","","","N","","","","","","","","","",""
"2017032528","1550","0","0","0","0","0","0","0","0","0","7","0","","02","3","2017","7","40.451558","-79.995148","1550","11","0","0","0","0","0","0","0","0","","0","0","0","","","0","","0","","40 27:05.607","","3","79 59:42.534","0","0","0","0","2301","0","0","0","","0","0","0","2","68B03","0","","2.0","","1","N","N","","0","","0","0","1","","0","","","1","0","0","0","0","0","0","2","0","1","","","","N","","","","","","","","","",""
"2017009066","0720","1","0","0","0","0","0","0","0","0","4","0","","02","1","2017","7","40.465642","-79.955211","0710","11","0","0","0","0","0","0","0","0","1","0","0","0","","","0","","1","","40 27:56.311","6","0","79 57:18.759","0","0","0","0","2301","0","0","0","N","0","0","0","5","02301","0","","1.0","","9","N","N","","0","","0","0","0","","2","Y","","2","0","1","0","0","0","0","2","1","2","","","","N","","","","","","","","","",""
"2017010120","1328","2","0","0","0","0","0","0","0","0","1","0","","02","1","2017","3","40.38897","-79.996935","1321","11","0","0","0","1","0","0","0","0","","0","0","0","","","4","","0","","40 23:20.293","","0","79 59:48.966","3","0","0","0","2301","0","0","0","N","0","0","0","4","02301","3","","1.0","","9","N","N","","0","","1","0","0","","0","","","2","4","0","0","0","0","0","2","0","2","","","","N","","","","","","","","","",""
"2017011361","1140","0","0","0","0","0","0","0","0","0","4","0","","02","1","2017","6","40.535917","-80.183034","1138","11","0","0","0","0","0","0","0","0","","0","0","0","","","0","","1","","40 32:09.302","","0","80 10:58.924","0","0","0","0","2458","0","0","0","N","0","0","0","2","02458","0","","1.0","","9","N","N","","0","","0","0","0","","2","","","2","0","0","0","0","0","0","2","2","2","","","","N","","","","","","","","","",""
"2017011168","1745","1","0","0","0","0","0","0","0","0","8","0","","02","1","2017","5","40.453184","-79.891127","1741","11","0","0","0","0","0","1","0","0","2","0","0","0","","","1","","1","","40 27:11.462","2","0","79 53:28.057","8","0","0","0","2301","1","0","0","N","1","0","0","2","02301","0","","1.0","","9","N","N","","0","","0","0","0","","2","Y","","2","1","0","0","0","1","0","2","0","1","","","","N","","","","","","","","","",""
"2017011745","1519","1","0","0","0","0","0","0","0","0","7","0","","02","1","2017","7","40.495792","-80.06091","1518","11","0","0","0","0","0","0","0","0","1","0","0","0","","","1","","0","","40 29:44.851","5","0","80 03:39.276","4","0","0","0","2404","0","0","0","N","0","0","0","1","02404","1","","5.0","","1","N","N","","0","","0","0","0","","0","Y","","1","1","0","0","0","0","0","2","0","1","","","","N","","","","","","","","","",""
"2017032529","1918","1","0","0","0","0","0","0","0","0","0","0","","02","3","2017","1","40.418639","-80.088896","1907","11","0","0","0","0","0","1","0","0","","0","0","0","","","0","","0","","40 25:07.102","","0","80 05:20.024","0","0","0","0","2457","0","0","0","","0","0","0","1","68B03","0","","4.0","","9","N","N","","0","","0","0","0","","0","","","1","0","0","0","0","0","0","2","0","1","","","","N","","","","","","","","","",""
"2017008957","0251","1","0","0","0","0","0","0","0","0","6","0","","02","1","2017","7","40.384479","-79.985348","0249","11","0","0","0","0","0","1","0","0","2","0","0","0","","","1","","0","","40 23:04.124","6","0","79 59:07.252","4","0","0","0","2301","0","0","0","N","0","0","0","1","02301","1","","4.0","","9","N","N","","1","","0","0","0","","0","N","","2","1","1","0","0","0","0","2","0","2","","","","N","","","","","","","","","",""
"2017002690","2157","2","0","0","0","0","0","0","0","0","4","0","","02","1","2017","6","40.438078","-79.994415","2152","11","0","0","0","0","1","0","0","0","1","0","0","0","","","2","","1","","40 26:17.082","7","2","79 59:39.894","3","0","0","0","2301","0","0","0","N","0","0","0","4","02301","0","","1.0","","9","N","N","","0","","2","0","0","","2","Y","","2","2","0","0","0","0","0","2","0","2","","","","N","","","","","","","","","",""
"2017011994","1317","1","0","0","0","0","0","0","0","0","1","0","","02","1","2017","1","40.462126","-79.926858","1313","11","0","0","0","0","0","1","0","0","","0","0","0","","","0","","1","","40 27:43.653","","0","79 55:36.688","0","0","0","0","2301","0","0","0","N","0","0","0","2","02301","0","","1.0","","1","N","N","","0","","0","0","1","","0","","","2","0","0","0","0","0","0","2","0","2","","","","N","","","","","","","","","",""
"2017009230","0216","2","0","0","0","0","0","0","0","0","4","0","","02","1","2017","1","40.453367","-79.979186","0212","11","0","0","0","0","0","0","0","0","1","0","0","0","","","0","","1","","40 27:12.121","6","0","79 58:45.069","0","0","0","0","2301","0","0","0","N","0","0","0","2","02301","0","","1.0","","1","N","N","","0","","0","0","0","","0","Y","","2","0","0","0","0","0","0","2","0","2","","","","N","","","","","","","","","",""
"2017010117","0700","1","0","0","0","0","0","0","0","0","7","0","","02","1","2017","3","40.525091","-79.825543","0646","11","0","0","0","0","0","0","0","0","2","0","0","0","","","0","","0","","40 31:30.328","3","0","79 49:31.955","0","0","0","0","2466","0","0","0","N","0","0","0","1","02466","0","","5.0","","9","N","N","","0","","0","0","0","","0","Y","","1","0","0","0","0","0","0","1","0","1","","","","N","","","","","","","","","",""
"2017010805","2137","3","0","1","0","0","0","0","0","0","1","0","","02","1","2017","1","40.528273","-79.849596","2134","11","0","0","0","0","0","0","2","0","1","0","0","0","","","1","","0","","40 31:41.784","3","3","79 50:58.547","2","0","0","0","2208","0","0","0","N","0","0","0","4","02208","0","","1.0","","1","N","N","","0","","0","1","0","","0","N","","3","1","0","0","0","0","0","2","0","3","","","","N","","","","","","","","","",""
"2017012059","1805","0","0","0","0","0","0","0","0","0","7","0","","02","1","2017","1","40.445934","-79.993746","1802","11","0","0","0","0","0","0","0","0","1","0","0","0","","","0","","0","","40 26:45.363","3","0","79 59:37.485","0","0","0","0","2301","0","0","0","N","0","0","0","2","02301","0","","5.0","","1","N","N","","0","","0","0","1","","0","N","","1","0","0","0","0","0","0","2","0","1","","","","N","","","","","","","","","",""
"2017012433","0859","1","0","0","0","0","0","0","0","0","1","0","","02","1","2017","5","40.471796","-80.004699","0841","11","0","0","0","0","0","0","0","0","","0","0","0","","","0","","0","","40 28:18.467","","0","80 00:16.917","0","0","0","0","2301","0","0","0","","0","0","0","2","68B03","0","","1.0","","1","N","N","","1","","0","0","0","","0","","","2","0","0","0","0","0","0","2","0","2","","","","N","","","","","","","","","",""
"2017000528","1031","1","0","0","0","0","0","0","0","0","3","1","","02","1","2017","3","40.443593","-80.030641","1031","11","0","0","0","0","0","1","0","0","","0","1","0","","","0","","3","","40 26:36.934","","2","80 01:50.309","0","0","0","0","2301","0","0","0","N","0","0","0","2","02301","0","","1.0","","9","N","N","","0","","0","0","0","","4","","","2","0","2","0","0","0","0","2","0","2","","","","N","","","","","","","","","",""
"2017030244","1555","0","0","0","0","0","0","1","0","0","1","1","","02","3","2017","3","40.518661","-80.167474","1547","11","0","0","0","0","0","1","0","0","","0","0","0","","","1","","1","","40 31:07.180","","0","80 10:02.908","4","0","0","0","2213","0","0","0","","0","0","0","3","02213","1","","1.0","","1","Y","N","","1","","0","0","0","","4","","","2","1","0","0","0","0","0","2","0","2","","","","N","","","","","","","","","",""
"2017012066","1511","2","0","0","0","0","0","0","0","0","99","0","","02","1","2017","1","40.393529","-80.087553","1510","11","0","0","0","0","0","1","1","0","","0","0","0","","","1","","1","","40 23:36.703","","0","80 05:15.190","8","0","0","0","2437","0","0","0","N","0","0","0","4","02437","0","","1.0","","1","N","N","","0","","0","0","1","","2","","","3","1","0","0","0","1","0","2","0","3","","","","N","","","","","","","","","",""
"2017012056","1937","3","0","0","0","0","0","0","0","0","5","0","","02","1","2017","7","40.43275","-79.768722","1937","11","0","0","0","0","0","0","0","0","","0","0","0","","","0","","0","","40 25:57.900","","0","79 46:07.400","0","0","0","0","2446","0","0","0","N","0","0","0","1","02446","0","","1.0","","98","N","N","","2","","0","0","1","","0","","","6","0","0","0","0","0","0","2","0","6","","","","N","","","","","","","","","",""
"2017012962","1305","3","0","0","0","0","0","0","0","0","1","0","","02","1","2017","7","40.42058","-79.986188","1300","11","0","0","0","0","0","0","0","0","1","0","0","0","","","0","","0","","40 25:14.088","5","0","79 59:10.276","0","0","0","0","2301","0","0","0","N","0","0","0","1","02301","0","","2.0","","1","N","N","","0","","0","0","1","","0","N","","4","0","0","0","0","0","0","2","0","4","","","","N","","","","","","","","","",""
"2017002803","0340","0","0","0","0","0","0","0","0","0","7","0","","02","1","2017","7","40.430544","-80.024507","0329","11","0","0","0","0","0","0","0","0","1","0","0","0","","","0","","0","","40 25:49.957","2","2","80 01:28.225","0","0","0","0","2301","0","0","0","N","0","0","0","1","02301","0","","7.0","","1","N","N","","0","","0","0","1","","0","N","","1","0","0","0","0","0","0","2","0","1","","","","N","","","","","","","","","",""
"2017012055","1504","2","0","0","0","0","0","0","0","0","4","0","","02","1","2017","5","40.442305","-80.041742","1449","11","0","0","0","0","0","0","0","0","1","0","0","0","","","0","","2","","40 26:32.298","4","0","80 02:30.271","0","0","0","0","2301","0","0","0","N","0","0","0","2","02301","0","","1.0","","1","N","N","","0","","0","0","0","","0","N","","2","0","0","0","0","0","0","2","0","2","","","","N","","","","","","","","","",""
"2017011013","1008","2","0","0","0","0","0","0","0","0","4","0","","02","1","2017","1","40.447687","-80.164319","1003","11","0","0","0","0","0","0","0","0","","0","0","0","","","2","","2","","40 26:51.672","","0","80 09:51.547","3","0","0","0","2115","0","0","0","","0","0","0","2","02115","0","","1.0","","1","N","N","","0","","2","0","0","","2","","","2","2","0","0","0","0","0","2","0","2","","","","N","","","","","","","","","",""
"2017009106","1351","0","0","0","0","0","0","0","0","0","6","0","","02","1","2017","7","40.471023","-80.008598","1349","11","0","0","0","0","0","1","0","0","","0","0","0","","","1","","1","","40 28:15.682","","0","80 00:30.952","3","0","0","1","2301","0","0","0","N","0","0","0","5","02301","0","","1.0","","1","N","N","","0","","1","0","1","","2","","","2","1","0","0","0","0","0","2","0","2","","","","N","","","","","","","","","",""
"2017030808","0155","1","0","0","0","0","0","0","0","0","7","0","","02","3","2017","3","40.394402","-79.798096","0148","11","0","0","0","0","0","1","0","0","","0","0","0","","","0","","0","","40 23:39.848","","0","79 47:53.145","0","0","0","0","2446","0","0","0","N","0","0","0","1","02446","0","","5.0","","1","N","N","","0","","0","0","0","","0","","","1","0","0","0","0","0","0","2","0","1","","","","N","","","","","","","","","",""
"2017010508","2210","2","0","0","0","0","0","0","0","0","7","0","","02","1","2017","1","40.471301","-79.981594","2206","11","0","0","0","0","0","1","0","0","1","0","0","0","","","0","","0","","40 28:16.683","6","0","79 58:53.738","0","0","0","0","2108","0","0","0","","0","0","0","2","02108","0","","2.0","","1","N","N","","0","","0","0","0","","0","N","","2","0","0","0","0","0","0","2","0","2","","","","N","","","","","","","","","",""
"2017011736","1347","3","0","0","0","0","0","0","0","0","1","0","","02","1","2017","7","40.609852","-79.967133","1345","11","0","0","0","0","0","1","1","0","2","0","0","0","","","1","","0","","40 36:35.466","4","0","79 58:01.678","4","0","0","0","2207","0","0","0","N","0","0","0","4","02207","1","","1.0","","1","N","N","","0","","0","0","0","","0","N","","3","1","0","0","0","0","0","2","0","3","","","","N","","","","","","","","","",""
"2017009104","1257","2","0","0","0","0","0","0","0","0","1","0","","02","1","2017","7","40.446306","-79.827893","1249","11","0","0","0","0","0","1","0","0","","0","0","0","","","1","","2","","40 26:46.702","","0","79 49:40.415","4","0","0","0","2113","0","0","0","N","0","0","0","5","02113","1","","1.0","","1","N","N","","0","","0","0","0","","2","","","2","1","0","0","0","0","0","2","0","2","","","","N","","","","","","","","","",""
"2017010323","1852","1","0","0","0","0","0","0","0","0","1","0","","02","1","2017","3","40.594502","-79.947756","1845","11","0","0","0","0","0","0","0","0","","0","0","0","","","0","","2","","40 35:40.206","","0","79 56:51.922","0","0","0","0","2207","0","0","0","N","0","0","0","7","02207","0","","1.0","","9","N","N","","0","","0","0","1","","0","","","2","0","0","0","0","0","0","2","0","2","","","","N","","","","","","","","","",""
"2017023388","0747","1","0","0","0","0","0","0","0","0","1","0","","02","1","2017","6","40.457174","-79.998159","0725","11","0","0","0","0","0","0","0","0","1","0","0","0","","","2","","0","","40 27:25.825","1","0","79 59:53.372","3","0","0","0","2301","0","0","0","","0","0","0","2","68B03","0","","1.0","","1","N","N","","1","","2","0","0","","0","N","","2","2","0","0","0","0","0","2","0","2","","","","N","","","","","","","","","",""
"2017004889","2310","0","0","0","0","0","0","0","0","0","7","0","","02","1","2017","2","40.446257","-80.009788","2300","11","0","0","0","0","0","0","0","0","","0","0","0","","","0","","3","","40 26:46.525","","0","80 00:35.238","0","0","0","0","2301","0","0","0","N","0","0","0","1","02301","0","","1.0","","1","N","N","","1","","0","0","0","","0","","","1","0","0","0","0","0","0","2","0","1","","","","N","","","","","","","","","",""
"2017003556","1533","0","0","0","0","0","0","0","0","0","7","0","","02","1","2017","2","40.612086","-79.835337","1529","11","0","0","0","0","0","1","0","0","","0","0","0","","","1","","0","","40 36:43.510","","0","79 50:07.212","4","0","0","0","2220","0","0","0","N","0","0","0","1","02220","1","","4.0","","1","N","N","","1","","0","0","0","","0","","","1","1","1","0","0","0","0","2","0","1","","","","N","","","","","","","","","",""
"2017006093","0649","2","0","0","0","0","0","0","0","0","4","0","","02","1","2017","7","40.442442","-80.00323","0649","11","0","0","0","0","0","0","0","0","","0","0","0","","","2","","1","","40 26:32.791","","0","80 00:11.628","8","0","0","0","2301","0","0","0","N","0","0","0","3","02301","0","","1.0","","1","N","N","","0","","0","0","0","","2","","","2","2","0","0","0","2","0","2","0","2","","","","N","","","","","","","","","",""
"2017005483","1950","0","0","0","0","0","0","0","0","0","7","0","","02","1","2017","5","40.637095","-79.865759","1946","11","0","0","0","0","0","0","0","0","1","0","0","0","","","1","","0","","40 38:13.542","3","0","79 51:56.732","8","0","0","0","2220","0","0","0","N","0","0","0","1","02220","0","","5.0","","9","N","N","","0","","0","0","1","","0","N","","1","1","0","0","0","1","0","1","0","1","","","","N","","","","","","","","","",""
"2017001533","1703","3","0","0","0","0","0","0","0","0","1","0","","02","1","2017","3","40.450249","-80.111089","1655","11","0","0","0","0","1","0","0","0","","0","0","0","","","0","","0","","40 27:00.898","","0","80 06:39.920","0","0","0","0","2115","0","0","0","","0","0","0","3","68B03","0","","1.0","","9","N","N","","0","","0","0","0","","0","","","3","0","0","0","0","0","0","2","0","3","","","","N","","","","","","","","","",""
"2017011395","1535","2","0","0","0","0","0","0","0","0","4","0","","02","1","2017","6","40.469832","-79.963717","1530","11","0","0","1","0","0","0","0","0","2","0","0","0","","","0","","2","","40 28:11.396","2","0","79 57:49.382","0","0","0","0","2301","0","0","0","N","0","0","0","2","02301","0","","1.0","","9","N","N","","0","","0","0","0","","0","Y","","2","0","0","0","0","0","0","2","0","2","","","","N","","","","","","","","","",""
"2017002786","1349","0","0","0","0","0","0","0","0","0","1","0","","02","1","2017","3","40.42881","-79.939263","1332","11","0","0","0","0","0","0","0","0","1","0","0","0","","","1","","0","","40 25:43.716","3","4","79 56:21.345","3","0","0","0","2301","0","0","0","","0","0","0","3","68B03","0","","1.0","","9","N","N","","0","","1","0","0","","0","N","","2","1","0","0","0","0","0","2","2","2","","","","N","","","","","","","","","",""
"2017002100","1712","2","0","0","0","0","0","0","0","0","1","0","","02","1","2017","5","40.425777","-80.019884","1654","11","0","0","0","1","0","0","0","0","1","0","0","0","","","0","","1","","40 25:32.796","4","0","80 01:11.584","0","0","0","0","2301","0","0","0","N","0","0","0","2","02301","0","","1.0","","2","N","N","","0","","0","0","0","","2","N","","2","0","0","0","0","0","0","2","0","2","","","","N","","","","","","","","","",""
"2017006118","1312","1","0","0","0","0","0","0","0","0","7","0","","02","1","2017","7","40.479278","-79.833067","1303","11","0","0","0","0","0","1","0","0","","0","0","0","","","0","","0","","40 28:45.400","","0","79 49:59.041","0","0","0","0","2113","0","0","0","N","0","0","0","1","02113","0","","4.0","","1","N","N","","0","","0","0","0","","0","","","1","0","0","0","0","0","0","2","0","1","","","","N","","","","","","","","","",""
"2017000717","1905","1","0","0","0","0","0","0","0","0","7","0","","02","1","2017","3","40.672054","-79.915718","1855","11","0","0","0","0","0","0","0","0","1","0","0","0","","","0","","2","","40 40:19.394","3","0","79 54:56.584","0","0","0","0","2220","0","0","0","N","0","0","0","1","02220","0","","2.0","","9","N","N","","0","","0","0","0","","0","N","","1","0","0","0","0","0","0","1","0","1","","","","N","","","","","","","","","",""
"2017003076","1503","1","0","0","0","0","0","0","0","0","7","0","","02","1","2017","7","40.325224","-79.792212","1500","11","0","0","0","0","0","1","0","0","3","0","0","0","","","1","","0","","40 19:30.807","3","0","79 47:31.962","4","0","0","0","2477","0","0","0","N","0","0","0","1","02477","1","","2.0","","1","N","N","","0","","0","0","0","","0","Y","","1","1","0","0","0","0","0","2","0","1","","","","N","","","","","","","","","",""
"2017005090","0929","1","0","0","0","0","0","0","0","0","4","0","","02","1","2017","5","40.457246","-79.997838","0921","11","0","0","0","0","0","2","0","0","1","0","0","0","","","0","","1","","40 27:26.085","1","0","79 59:52.216","0","0","0","0","2301","0","0","0","N","0","0","0","2","02301","0","","1.0","","9","N","N","","1","","0","0","0","","2","Y","","2","0","0","0","0","0","0","2","0","2","","","","N","","","","","","","","","",""
"2017005969","2335","0","0","0","0","0","0","0","0","0","7","0","","02","1","2017","6","40.339289","-79.786576","2333","11","0","0","0","0","0","0","0","0","","0","0","0","","","1","","2","","40 20:21.442","","0","79 47:11.674","4","0","0","0","2477","0","0","0","N","0","0","0","1","02477","1","","2.0","","1","N","N","","0","","0","0","1","","0","","","1","1","0","0","0","0","0","2","0","1","","","","N","","","","","","","","","",""
"2017032028","1438","3","0","0","0","0","0","0","0","0","4","0","","02","3","2017","5","40.389974","-80.058445","1435","11","0","0","0","0","0","1","0","1","2","0","0","0","","","1","","10","","40 23:23.907","2","0","80 03:30.403","8","0","0","0","2109","0","0","0","","0","0","0","3","02109","0","","1.0","","1","N","N","","0","","0","0","0","","0","N","","3","1","0","0","0","1","0","2","0","3","","","","N","","","","","","","","","",""
"2017007661","1255","1","0","0","0","0","0","0","0","0","7","0","","02","1","2017","3","40.466806","-79.992194","1246","11","0","0","0","0","0","0","0","0","","0","0","0","","","0","","0","","40 28:00.500","","0","79 59:31.900","0","0","0","0","2301","0","0","0","N","0","0","0","2","02301","0","","4.0","","9","N","N","","0","","0","0","0","","0","","","1","0","0","0","0","0","0","2","0","1","","","","N","","","","","","","","","",""
"2017009917","2032","2","0","0","0","0","0","0","0","0","1","0","","02","1","2017","2","40.452821","-79.825989","2024","11","0","1","1","0","0","0","0","0","1","0","0","0","","","2","","2","","40 27:10.157","5","0","79 49:33.562","8","0","0","0","2113","0","0","0","N","0","0","0","3","02113","0","","1.0","","2","N","N","","0","","0","0","0","","0","Y","","2","2","0","0","0","2","0","2","0","2","","","","N","","","","","","","","","",""
"2017012313","0810","1","0","0","0","0","0","0","0","0","7","0","","02","1","2017","7","40.576778","-80.055528","0808","11","0","0","0","0","0","0","0","1","","0","0","0","","","0","","0","","40 34:36.400","","0","80 03:19.900","0","0","0","0","2108","0","0","0","","0","0","0","1","02108","0","","4.0","","6","N","N","","0","","0","0","0","","0","","","1","0","0","0","0","0","0","2","0","1","","","","N","","","","","","","","","",""
"2017002694","2230","1","0","0","0","0","0","0","0","0","1","0","","02","1","2017","6","40.392135","-80.017745","2215","11","0","0","0","0","0","0","0","0","","0","0","0","","","0","","2","","40 23:31.686","","0","80 01:03.882","0","0","0","0","2301","0","0","0","N","0","0","0","7","02301","0","","1.0","","9","N","N","","0","","0","0","2","","2","","","3","0","0","0","0","0","0","2","0","3","","","","N","","","","","","","","","",""