"CRN","ARRIVAL_TM","AUTOMOBILE_COUNT","BELTED_DEATH_COUNT","BELTED_SUSP_SERIOUS_INJ_COUNT","BICYCLE_COUNT","BICYCLE_DEATH_COUNT","BICYCLE_SUSP_SERIOUS_INJ_COUNT","BUS_COUNT","CHLDPAS_DEATH_COUNT","CHLDPAS_SUSP_SERIOUS_INJ_COUNT","COLLISION_TYPE","COMM_VEH_COUNT","CONS_ZONE_SPD_LIM","COUNTY","CRASH_MONTH","CRASH_YEAR","DAY_OF_WEEK","DEC_LATITUDE","DEC_LONGITUDE","DISPATCH_TM","DISTRICT","DRIVER_COUNT_16YR","DRIVER_COUNT_17YR","DRIVER_COUNT_18YR","DRIVER_COUNT_19YR","DRIVER_COUNT_20YR","DRIVER_COUNT_50_64YR","DRIVER_COUNT_65_74YR","DRIVER_COUNT_75PLUS","EST_HRS_CLOSED","FATAL_COUNT","HEAVY_TRUCK_COUNT","HORSE_BUGGY_COUNT","HOUR_OF_DAY","ILLUMINATION","INJURY_COUNT","INTERSECTION_RELATED","INTERSECT_TYPE","LANE_CLOSED","LATITUDE","LN_CLOSE_DIR","LOCATION_TYPE","LONGITUDE","MAX_SEVERITY_LEVEL","MCYCLE_DEATH_COUNT","MCYCLE_SUSP_SERIOUS_INJ_COUNT","MOTORCYCLE_COUNT","MUNICIPALITY","NONMOTR_COUNT","NONMOTR_DEATH_COUNT","NONMOTR_SUSP_SERIOUS_INJ_COUNT","NTFY_HIWY_MAINT","PED_COUNT","PED_DEATH_COUNT","PED_SUSP_SERIOUS_INJ_COUNT","PERSON_COUNT","POLICE_AGCY","POSSIBLE_INJ_COUNT","RDWY_SURF_TYPE_CD","RELATION_TO_ROAD","ROADWAY_CLEARED","ROAD_CONDITION","SCH_BUS_IND","SCH_ZONE_IND","SECONDARY_CRASH","SMALL_TRUCK_COUNT","SPEC_JURIS_CD","SUSP_MINOR_INJ_COUNT","SUSP_SERIOUS_INJ_COUNT","SUV_COUNT","TCD_FUNC_CD","TCD_TYPE","TFC_DETOUR_IND","TIME_OF_DAY","TOTAL_UNITS","TOT_INJ_COUNT","UNBELTED_OCC_COUNT","UNB_DEATH_COUNT","UNB_SUSP_SERIOUS_INJ_COUNT","UNK_INJ_DEG_COUNT","UNK_INJ_PER_COUNT","URBAN_RURAL","VAN_COUNT","VEHICLE_COUNT","WEATHER1","WEATHER2","WORKERS_PRES","WORK_ZONE_IND","WORK_ZONE_LOC","WORK_ZONE_TYPE","WZ_CLOSE_DETOUR","WZ_FLAGGER","WZ_LAW_OFFCR_IND","WZ_LN_CLOSURE","WZ_MOVING","WZ_OTHER","WZ_SHLDER_MDN","WZ_WORKERS_INJ_KILLED"
"2017006055","1854","1","0","0","0","0","0","0","0","0","4","0","","02","1","2017","6","40.393852","-80.046304","1850","11","0","0","0","0","0","0","1","0","1","0","0","0","","","2","","1","","40 23:37.868","2","0","80 02:46.694","4","0","0","0","2109","0","0","0","","0","0","0","2","02109","2","","1.0","","1","N","N","","0","","0","0","1","","3","Y","","2","2","0","0","0","0","0","2","0","2","","","","N","","","","","","","","","",""
"2017004208","1552","1","0","0","0","0","0","0","0","0","2","0","","02","1","2017","3","40.424544","-79.927038","1547","11","0","0","0","0","0","1","0","0","2","0","0","0","","","1","","0","","40 25:28.358","3","0","79 55:37.337","4","0","0","0","2301","0","0","0","N","0","0","0","1","02301","1","","6.0","","9","N","N","","0","","0","0","1","","0","Y","","2","1","1","0","0","0","0","2","0","2","","","","N","","","","","","","","","",""
"2017001864","0139","1","0","0","0","0","0","0","0","0","7","0","","02","1","2017","5","40.473651","-79.83824","0133","11","0","0","0","0","0","0","0","0","2","0","0","0","","","0","","0","","40 28:25.143","3","0","79 50:17.665","0","0","0","0","2113","0","0","0","N","0","0","0","0","02113","0","","2.0","","1","N","N","","0","","0","0","0","","0","Y","","1","0","0","0","0","0","0","2","0","1","","","","N","","","","","","","","","",""
"2017001012","1953","0","0","0","0","0","0","0","0","0","99","0","","02","1","2017","1","40.445679","-80.111096","1949","11","0","0","0","0","0","0","1","0","","0","0","0","","","0","","0","","40 26:44.445","","0","80 06:39.944","0","0","0","0","2115","0","0","0","","0","0","0","2","68B03","0","","1.0","","1","N","N","","0","","0","0","1","","0","","","1","0","0","0","0","0","0","2","0","1","","","","N","","","","","","","","","",""
"2017002823","1502","1","0","0","0","0","0","0","0","0","4","0","","02","1","2017","6","40.460759","-79.842519","1457","11","0","0","0","0","0","0","0","1","2","0","0","0","","","1","","0","","40 27:38.734","1","0","79 50:33.069","8","0","0","0","2113","0","0","0","N","0","0","0","4","02113","0","","1.0","","9","N","N","","1","","0","0","0","","0","Y","","2","1","0","0","0","1","0","2","0","2","","","","N","","","","","","","","","",""
"2017000073","1143","2","0","0","0","0","0","0","0","0","4","0","","02","1","2017","1","40.438283","-79.996078","1136","11","0","0","0","0","0","0","0","0","2","0","0","0","","","0","","1","","40 26:17.818","4","0","79 59:45.880","0","0","0","0","2301","0","0","0","N","0","0","0","4","02301","0","","1.0","","1","N","N","","0","","0","0","0","","2","N","","2","0","0","0","0","0","0","2","0","2","","","","N","","","","","","","","","",""
"2017007612","1916","1","0","0","0","0","0","0","0","0","1","0","","02","1","2017","6","40.444589","-80.009256","1852","11","0","0","0","0","0","1","0","0","","0","0","0","","","0","","0","","40 26:40.519","","3","80 00:33.323","0","0","0","0","2301","0","0","0","","0","0","0","2","68B03","0","","1.0","","1","N","N","","1","","0","0","0","","0","","","2","0","0","0","0","0","0","2","0","2","","","","N","","","","","","","","","",""
"2017000141","1449","2","0","0","0","0","0","0","0","0","7","0","","02","1","2017","1","40.478452","-79.752509","1440","11","0","0","0","0","0","1","0","0","1","0","0","0","","","1","","0","","40 28:42.428","6","0","79 45:09.032","8","0","0","0","2466","0","0","0","N","0","0","0","2","02466","0","","4.0","","1","N","N","","0","","0","0","0","","0","N","","2","1","0","0","0","1","0","2","0","2","","","","N","","","","","","","","","",""
"2017000386","1848","0","0","0","0","0","0","0","0","0","4","0","","02","1","2017","2","40.4571","-80.051962","1842","11","0","0","0","0","0","1","0","0","2","0","0","0","","","0","","1","","40 27:25.560","5","0","80 03:07.063","0","0","0","0","2301","0","0","0","N","0","0","0","2","02301","0","","1.0","","9","N","N","","1","","0","0","1","","3","Y","","2","0","0","0","0","0","0","2","0","2","","","","N","","","","","","","","","",""
"2017000795","0730","2","0","0","0","0","0","0","0","0","4","0","","02","1","2017","4","40.461313","-79.934164","0703","11","0","1","0","0","0","0","0","0","","0","0","0","","","3","","1","","40 27:40.726","","0","79 56:02.990","3","0","0","0","2301","0","0","0","N","0","0","0","3","02301","0","","1.0","","9","N","N","","0","","3","0","0","","3","","","2","3","0","0","0","0","0","2","0","2","","","","N","","","","","","","","","",""
"2017012984","0953","1","0","0","0","0","0","0","0","0","7","0","","02","1","2017","3","40.613123","-79.757559","0949","11","0","0","0","0","0","0","0","1","2","0","0","0","","","0","","0","","40 36:47.241","2","0","79 45:27.211","0","0","0","0","2464","0","0","0","","0","0","0","2","68D02","0","","5.0","","2","N","N","","0","","0","0","0","","0","N","","1","0","0","0","0","0","0","2","0","1","","","","N","","","","","","","","","",""
"2017012227","1013","0","0","0","0","0","0","0","0","0","1","1","","02","1","2017","2","40.473225","-79.930674","1007","11","0","0","0","0","0","0","0","0","","0","0","0","","","0","","1","","40 28:23.610","","0","79 55:50.426","0","0","0","0","2301","0","0","0","N","0","0","0","2","02301","0","","1.0","","9","N","N","","2","","0","0","0","","2","","","2","0","0","0","0","0","0","2","0","2","","","","N","","","","","","","","","",""
"2017012028","1630","1","0","0","0","0","0","0","0","0","1","1","","02","1","2017","4","40.495734","-79.911168","1607","11","0","0","0","0","0","0","0","0","2","0","1","0","","","0","","3","","40 29:44.641","1","6","79 54:40.204","0","0","0","0","2112","0","0","0","","0","0","0","2","68D02","0","","1.0","","1","N","N","","0","","0","0","0","","0","N","","2","0","0","0","0","0","0","2","0","2","","","","N","","","","","","","","","",""
"2017001861","1116","1","0","0","0","0","0","0","0","0","7","0","","02","1","2017","1","40.425777","-80.019884","1113","11","0","0","0","0","0","0","0","0","","0","0","0","","","0","","1","","40 25:32.796","","0","80 01:11.584","0","0","0","0","2301","0","0","0","N","0","0","0","1","02301","0","","3.0","","1","N","N","","0","","0","0","0","","2","","","1","0","0","0","0","0","0","2","0","1","","","","N","","","","","","","","","",""
"2017002721","2007","2","0","0","0","0","0","0","0","0","99","0","","02","1","2017","6","40.336527","-79.979058","2004","11","0","0","0","0","0","0","0","0","1","0","0","0","","","0","","2","","40 20:11.496","4","0","79 58:44.609","0","0","0","0","2403","0","0","0","N","0","0","0","2","02403","0","","1.0","","1","N","N","","0","","0","0","0","","2","N","","2","0","0","0","0","0","0","2","0","2","","","","N","","","","","","","","","",""
"2017007404","1107","0","0","0","0","0","0","0","0","0","7","1","","02","1","2017","6","40.438511","-80.012046","1051","11","0","0","0","0","0","0","0","0","1","0","1","0","","","0","","0","","40 26:18.639","4","3","80 00:43.366","0","0","0","0","2301","0","0","0","","0","0","0","1","68B03","0","","4.0","","1","N","N","","0","","0","0","0","","0","N","","1","0","0","0","0","0","0","2","0","1","","","","N","","","","","","","","","",""
"2017002256","2000","2","0","0","0","0","0","0","0","0","5","1","","02","1","2017","4","40.467383","-80.035438","1939","11","0","0","0","0","0","0","1","0","2","0","1","0","","","0","","10","","40 28:02.577","2","3","80 02:07.577","0","0","0","0","2301","0","0","0","N","0","0","0","3","02301","0","","1.0","","2","N","N","","0","","0","0","0","","0","N","","3","0","0","0","0","0","0","2","0","3","","","","N","","","","","","","","","",""
"2017013862","0926","2","0","0","0","0","0","0","0","0","2","0","","02","1","2017","3","40.556452","-80.039187","0921","11","0","0","0","0","0","0","0","0","1","0","0","0","","","2","","2","","40 33:23.228","5","0","80 02:21.074","3","0","0","0","2108","0","0","0","","0","0","0","2","02108","0","","1.0","","6","N","N","","0","","2","0","0","","2","Y","","2","2","1","0","0","0","0","2","0","2","","","","N","","","","","","","","","",""
"2017017555","1620","1","0","0","0","0","0","0","0","0","4","0","","02","2","2017","1","40.300382","-80.030146","1613","11","0","0","0","0","0","1","1","0","","0","0","0","","","1","","2","","40 18:01.374","","0","80 01:48.526","4","0","0","0","2407","0","0","0","","0","0","0","2","02407","1","","1.0","","9","N","N","","1","","0","0","0","","3","","","2","1","0","0","0","0","0","2","0","2","","","","N","","","","","","","","","",""
"2017003285","0930","1","0","0","0","0","0","0","0","0","7","0","","02","1","2017","7","40.388392","-80.057009","0926","11","0","0","0","0","0","0","0","1","","0","0","0","","","0","","5","","40 23:18.212","","0","80 03:25.233","0","0","0","0","2109","0","0","0","","0","0","0","1","02109","0","","5.0","","1","N","N","","0","","0","0","0","","2","","","1","0","0","0","0","0","0","2","0","1","","","","N","","","","","","","","","",""
"2017019490","1211","1","0","0","0","0","0","0","0","0","2","1","","02","2","2017","5","40.441467","-80.030592","1208","11","0","0","0","0","0","0","0","0","3","0","1","0","","","1","","0","","40 26:29.282","5","0","80 01:50.132","2","0","0","0","2301","0","0","0","N","0","0","0","2","02301","0","","1.0","","1","N","N","","0","","0","1","0","","0","N","","2","1","0","0","0","0","0","2","0","2","","","","N","","","","","","","","","",""
"2017011235","2118","1","0","0","0","0","0","0","0","0","4","0","","02","1","2017","5","40.564961","-79.956902","2115","11","0","0","0","0","0","0","0","0","1","0","0","0","","","0","","2","","40 33:53.858","4","0","79 57:24.847","0","0","0","0","2207","0","0","0","N","0","0","0","3","02207","0","","1.0","","1","N","N","","0","","0","0","0","","0","N","","2","0","1","0","0","0","0","2","1","2","","","","N","","","","","","","","","",""
"2017003869","1041","1","0","0","0","0","0","0","0","0","5","1","","02","1","2017","6","40.655826","-80.076786","1022","11","0","0","0","0","0","0","1","0","","0","1","0","","","1","","0","","40 39:20.973","","0","80 04:36.430","8","0","0","0","2212","0","0","0","","0","0","0","3","68T02","0","","1.0","","9","N","N","","0","","0","0","0","","0","","","2","1","0","0","0","1","0","2","0","2","","","","N","","","","","","","","","",""
"2017002142","1820","0","0","0","0","0","0","0","0","0","6","0","","02","1","2017","4","40.380274","-80.052556","1819","11","0","1","0","0","0","0","0","0","2","0","0","0","","","0","","1","","40 22:48.985","2","0","80 03:09.200","0","0","0","0","2109","0","0","0","","0","0","0","2","02109","0","","1.0","","1","N","N","","0","","0","0","2","","2","N","","2","0","0","0","0","0","0","2","0","2","","","","N","","","","","","","","","",""
"2017000342","0113","0","0","0","0","0","0","0","0","0","7","0","","02","1","2017","1","40.393266","-80.065674","0109","11","0","0","0","0","0","0","0","0","2","0","0","0","","","1","","0","","40 23:35.758","5","0","80 03:56.427","3","0","0","0","2109","0","0","0","","0","0","0","1","02109","0","","4.0","","9","N","N","","1","","1","0","0","","0","Y","","1","1","0","0","0","0","0","2","0","1","","","","N","","","","","","","","","",""
"2017016335","1405","1","0","0","0","0","0","0","0","0","1","0","","02","1","2017","7","40.435471","-80.017594","1352","11","0","0","0","0","0","0","0","0","1","0","0","0","","","3","","0","","40 26:07.696","3","4","80 01:03.340","8","0","0","0","2301","0","0","0","","0","0","0","4","68B03","0","","1.0","","1","N","N","","0","","0","0","2","","0","N","","3","3","0","0","0","3","0","2","0","3","","","","N","","","","","","","","","",""
"2017017969","0755","2","0","0","0","0","0","0","0","0","4","0","","02","2","2017","3","40.427499","-79.751215","0742","11","0","0","0","0","0","0","0","0","1","0","0","0","","","0","","2","","40 25:38.996","1","0","79 45:04.374","0","0","0","0","2446","0","0","0","N","0","0","0","2","02446","0","","1.0","","1","N","N","","0","","0","0","0","","2","N","","2","0","0","0","0","0","0","2","0","2","","","","N","","","","","","","","","",""
"2017013087","0831","0","0","0","0","0","0","0","0","0","1","0","","02","2","2017","4","40.3739","-79.975562","0830","11","0","0","0","0","0","0","0","0","1","0","0","0","","","0","","0","","40 22:26.040","2","0","79 58:32.024","0","0","0","0","2413","0","0","0","N","0","0","0","1","02413","0","","2.0","","9","N","N","","1","","0","0","1","","0","N","","2","0","1","0","0","0","0","2","0","2","","","","N","","","","","","","","","",""
"2017003892","2022","1","0","0","0","0","0","0","0","0","7","0","","02","1","2017","5","40.374686","-79.926474","2022","11","0","0","0","0","0","0","0","0","1","0","0","0","","","0","","0","","40 22:28.868","1","0","79 55:35.305","0","0","0","0","2473","0","0","0","Y","0","0","0","1","02473","0","","2.0","","7","N","N","","0","","0","0","0","","0","N","","1","0","0","0","0","0","0","2","0","1","","","","N","","","","","","","","","",""
"2017002237","1850","1","0","0","0","0","0","1","0","0","1","1","","02","1","2017","5","40.466952","-79.893785","1844","11","0","0","0","0","0","0","0","0","1","0","0","0","","","1","","2","","40 28:01.027","4","0","79 53:37.626","4","0","0","0","2301","0","0","0","N","0","0","0","3","02503","1","","1.0","","7","Y","N","","1","","0","0","0","","0","N","","3","1","0","0","0","0","0","2","0","3","","","","N","","","","","","","","","",""
"2017005341","1134","1","0","0","0","0","0","0","0","0","4","0","","02","1","2017","7","40.5434","-80.233976","1127","11","0","0","0","0","1","0","0","0","","0","0","0","","","0","","2","","40 32:36.241","","0","80 14:02.313","0","0","0","0","2213","0","0","0","","0","0","0","2","02213","0","","1.0","","1","N","N","","0","","0","0","1","","0","","","2","0","0","0","0","0","0","2","0","2","","","","N","","","","","","","","","",""
"2017002412","0755","1","0","0","0","0","0","0","0","0","4","0","","02","1","2017","5","40.445435","-79.765184","0744","11","0","0","0","0","0","0","0","0","","0","0","0","","","0","","0","","40 26:43.566","","0","79 45:54.662","0","0","0","0","2446","0","0","0","N","0","0","0","3","02446","0","","1.0","","1","N","N","","1","","0","0","0","","3","","","2","0","0","0","0","0","0","2","0","2","","","","N","","","","","","","","","",""
"2017002837","0727","0","0","0","0","0","0","0","0","0","7","0","","02","1","2017","7","40.347321","-79.887813","0725","11","0","0","0","0","0","0","0","0","","0","0","0","","","0","","0","","40 20:50.355","","0","79 53:16.128","9","0","0","0","2423","0","0","0","N","0","0","0","1","02304","0","","5.0","","2","N","N","","0","","0","0","1","","0","","","1","0","1","0","0","0","1","2","0","1","","","","N","","","","","","","","","",""
"2017017588","1818","0","0","0","0","0","0","0","0","0","1","0","","02","2","2017","5","40.500121","-80.220184","1812","11","0","0","0","0","0","0","0","0","2","0","0","0","","","0","","0","","40 30:00.434","4","0","80 13:12.662","0","0","0","0","2213","0","0","0","","0","0","0","2","02213","0","","1.0","","7","N","N","","1","","0","0","1","","4","N","","2","0","1","0","0","0","0","2","0","2","","","","N","","","","","","","","","",""
"2017017589","1543","2","0","0","0","0","0","0","0","0","7","0","","02","2","2017","6","40.539752","-80.237676","1539","11","0","0","0","0","1","0","0","1","2","0","0","0","","","0","","0","","40 32:23.108","1","0","80 14:15.632","0","0","0","0","2213","0","0","0","","0","0","0","2","02213","0","","2.0","","2","N","N","","0","","0","0","0","","0","N","","2","0","0","0","0","0","0","2","0","2","","","","N","","","","","","","","","",""
"2017004798","1301","1","0","0","0","0","0","0","0","0","4","1","","02","1","2017","4","40.43731","-80.203344","1258","11","0","0","1","0","0","1","0","0","","0","1","0","","","0","","0","","40 26:14.316","","0","80 12:12.039","0","0","0","0","2214","0","0","0","","0","0","0","2","68B03","0","","1.0","","1","N","N","","0","","0","0","0","","0","","","2","0","0","0","0","0","0","2","0","2","","","","N","","","","","","","","","",""
"2017000067","0934","4","0","0","0","0","0","0","0","0","4","0","","02","1","2017","1","40.458797","-79.934666","0925","11","0","0","0","0","0","0","0","0","","0","0","0","","","0","","0","","40 27:31.670","","0","79 56:04.799","0","0","0","0","2301","0","0","0","N","0","0","0","1","02301","0","","1.0","","1","N","N","","0","","0","0","0","","0","","","4","0","0","0","0","0","0","2","0","4","","","","N","","","","","","","","","",""
"2017014715","0006","1","0","0","0","0","0","0","0","0","7","0","","02","2","2017","4","40.328191","-80.136475","0006","11","0","0","0","1","0","0","0","0","","0","0","0","","","0","","2","","40 19:41.486","","0","80 08:11.309","0","0","0","0","2119","0","0","0","N","0","0","0","1","02119","0","","5.0","","1","N","N","","0","","0","0","0","","0","","","1","0","0","0","0","0","0","2","0","1","","","","N","","","","","","","","","",""
"2017014750","1723","0","0","0","0","0","0","0","0","0","4","0","","02","2","2017","5","40.417178","-80.086797","1712","11","0","0","0","0","0","1","0","0","","0","0","0","","","0","","0","","40 25:01.842","","0","80 05:12.469","0","0","0","0","2415","0","0","0","","0","0","0","2","68B03","0","","1.0","","1","N","N","","0","","0","0","2","","0","","","2","0","0","0","0","0","0","2","0","2","","","","N","","","","","","","","","",""
"2017017590","1645","2","0","0","0","0","0","0","0","0","4","0","","02","2","2017","6","40.546766","-80.24215","1642","11","0","1","0","0","0","1","0","0","","0","0","0","","","0","","2","","40 32:48.358","","0","80 14:31.740","0","0","0","0","2213","0","0","0","","0","0","0","2","02213","0","","1.0","","1","N","N","","0","","0","0","0","","3","","","2","0","0","0","0","0","0","2","0","2","","","","N","","","","","","","","","",""
"2017011386","2052","1","0","0","0","0","0","0","0","0","4","0","","02","1","2017","6","40.542162","-80.010598","2046","11","0","0","0","0","0","0","0","0","","0","0","0","","","2","","2","","40 32:31.783","","0","80 00:38.152","3","0","0","0","2116","0","0","0","N","0","0","0","7","02116","0","","1.0","","9","N","N","","0","","2","0","1","","0","","","2","2","0","0","0","0","0","2","0","2","","","","N","","","","","","","","","",""
"2017012930","2037","1","0","0","0","0","0","0","0","0","2","0","","02","1","2017","3","40.351994","-79.890646","2035","11","0","0","0","1","0","0","0","0","1","0","0","0","","","2","","1","","40 21:07.177","7","0","79 53:26.327","8","0","0","0","2423","0","0","0","N","0","0","0","5","02304","0","","1.0","","1","N","N","","0","","0","0","1","","0","N","","2","2","0","0","0","2","0","2","0","2","","","","N","","","","","","","","","",""
"2017018886","1030","1","0","0","0","0","0","0","0","0","4","1","","02","2","2017","4","40.422891","-79.754584","1025","11","0","0","0","0","0","1","0","0","2","0","1","0","","","1","","2","","40 25:22.406","5","0","79 45:16.502","8","0","0","0","2446","0","0","0","N","0","0","0","2","02446","0","","1.0","","1","N","N","","0","","0","0","0","","0","Y","","2","1","0","0","0","1","0","2","0","2","","","","N","","","","","","","","","",""
"2017015139","0721","1","0","0","0","0","0","0","0","0","7","0","","02","1","2017","4","40.495419","-79.907921","0656","11","0","0","0","0","0","0","0","0","2","0","0","0","","","1","","3","","40 29:43.508","2","8","79 54:28.516","8","0","0","0","2401","0","0","0","","0","0","0","1","68D02","0","","2.0","","9","N","N","","0","","0","0","0","","8","N","","1","1","0","0","0","1","0","2","0","1","","","","N","","","","","","","","","",""
"2017013724","2130","1","0","0","0","0","0","0","0","0","5","0","","02","2","2017","5","40.460138","-79.817674","2127","11","0","0","0","0","0","0","0","0","1","0","0","0","","","0","","0","","40 27:36.497","2","0","79 49:03.628","0","0","0","0","2113","0","0","0","N","0","0","0","2","02113","0","","2.0","","1","N","N","","0","","0","0","2","","0","N","","3","0","0","0","0","0","0","2","0","3","","","","N","","","","","","","","","",""
"2017003431","0944","0","0","0","0","0","0","0","0","0","99","1","","02","1","2017","7","40.390586","-80.053528","0944","11","0","0","0","0","0","0","0","0","","0","1","0","","","0","","0","","40 23:26.110","","0","80 03:12.700","0","0","0","0","2109","0","0","0","","0","0","0","2","02109","0","","4.0","","7","N","N","","0","","0","0","1","","0","","","2","0","0","0","0","0","0","2","0","2","","","","N","","","","","","","","","",""
"2017015876","1456","0","0","0","0","0","0","0","0","0","7","1","","02","2","2017","4","40.502905","-80.137116","1456","11","0","0","0","0","0","0","0","0","5","0","1","0","","","1","","0","","40 30:10.457","2","0","80 08:13.618","4","0","0","0","2115","0","0","0","","0","0","0","1","68B03","1","","2.0","","1","N","N","","0","","0","0","0","","0","N","","1","1","0","0","0","0","0","2","0","1","","","","N","","","","","","","","","",""
"2017015559","0909","1","0","0","0","0","0","0","0","0","1","0","","02","2","2017","4","40.465203","-79.831516","0909","11","0","1","0","0","0","1","0","0","1","0","0","0","","","0","","2","","40 27:54.730","3","0","79 49:53.459","0","0","0","0","2113","0","0","0","N","0","0","0","2","02113","0","","1.0","","1","N","N","","0","","0","0","1","","2","N","","2","0","0","0","0","0","0","2","0","2","","","","N","","","","","","","","","",""
"2017004255","1505","1","0","0","0","0","0","0","0","0","7","0","","02","1","2017","6","40.53506","-80.227668","1455","11","0","0","0","0","0","0","0","0","","0","0","0","","","0","","0","","40 32:06.217","","0","80 13:39.603","0","0","0","0","2213","0","0","0","","0","0","0","1","02213","0","","5.0","","1","N","N","","0","","0","0","0","","0","","","1","0","0","0","0","0","0","2","0","1","","","","N","","","","","","","","","",""
"2017019187","1406","0","0","0","0","0","0","0","0","0","2","0","","02","2","2017","3","40.606367","-80.051601","1329","11","0","0","0","0","0","1","0","0","2","0","0","0","","","0","","0","","40 36:22.920","2","0","80 03:05.764","0","0","0","0","2108","0","0","0","","0","0","0","2","02108","0","","1.0","","1","N","N","","0","","0","0","1","","0","N","","2","0","0","0","0","0","0","2","1","2","","","","N","","","","","","","","","",""
"2017000665","1607","0","0","0","0","0","0","0","0","0","0","0","","02","1","2017","3","40.415035","-80.011273","1556","11","0","0","0","0","0","0","0","0","2","0","0","0","","","0","","5","","40 24:54.125","3","0","80 00:40.583","0","0","0","0","2301","0","0","0","N","0","0","0","6","02301","0","","1.0","","9","Y","N","","0","","0","0","0","","2","N","","1","0","0","0","0","0","0","2","1","1","","","","N","","","","","","","","","",""
"2017016434","0749","5","0","1","0","0","0","0","0","0","1","1","","02","2","2017","6","40.531501","-80.173868","0746","11","0","0","1","0","0","1","0","0","3","0","1","0","","","1","","0","","40 31:53.405","5","0","80 10:25.926","2","0","0","0","2458","0","0","0","N","0","0","0","6","02458","0","","1.0","","1","N","N","","0","","0","1","0","","0","Y","","6","1","0","0","0","0","0","2","0","6","","","","N","","","","","","","","","",""
"2017003097","1354","2","0","0","0","0","0","0","0","0","5","0","","02","1","2017","2","40.36197","-79.826692","1353","11","0","0","0","0","0","1","1","0","1","0","0","0","","","0","","0","","40 21:43.093","2","0","79 49:36.092","0","0","0","0","2111","0","0","0","N","0","0","0","2","02111","0","","1.0","","9","N","N","","0","","0","0","0","","0","N","","2","0","0","0","0","0","0","2","0","2","","","","N","","","","","","","","","",""
"2017005696","1113","1","0","0","0","0","0","0","0","0","1","1","","02","1","2017","6","40.486696","-80.07616","1110","11","0","0","0","0","0","1","0","0","2","0","1","0","","","1","","0","","40 29:12.104","5","0","80 04:34.177","2","0","0","0","2122","0","0","0","N","0","0","0","1","02122","0","","6.0","","1","N","N","","0","","0","1","0","","0","N","","2","1","0","0","0","0","0","2","0","2","","","","N","","","","","","","","","",""
"2017018014","2222","1","0","0","0","0","0","0","0","0","7","0","","02","2","2017","1","40.444459","-80.099072","2212","11","0","0","0","0","0","0","0","0","2","0","0","0","","","0","","0","","40 26:40.054","2","0","80 05:56.660","0","0","0","0","2115","0","0","0","","0","0","0","1","02115","0","","2.0","","9","N","N","","0","","0","0","0","","0","N","","1","0","0","0","0","0","0","2","0","1","","","","N","","","","","","","","","",""
"2017002479","1118","0","0","0","0","0","0","0","0","0","4","1","","02","1","2017","6","40.671989","-80.100024","1112","11","0","0","0","0","0","1","1","0","1","0","1","0","","","0","","2","","40 40:19.160","3","0","80 06:00.086","0","0","0","0","2212","0","0","0","N","0","0","0","2","02505","0","","1.0","","9","N","N","","0","","0","0","1","","3","N","","2","0","0","0","0","0","0","2","0","2","","","","N","","","","","","","","","",""
"2017011079","1712","1","0","0","0","0","0","0","0","0","0","0","","02","1","2017","5","40.475529","-79.848493","1709","11","0","0","0","0","0","0","0","0","","0","0","0","","","0","","1","","40 28:31.904","","0","79 50:54.576","0","0","0","0","2113","0","0","0","N","0","0","0","1","02113","0","","1.0","","9","N","N","","0","","0","0","0","","2","","","1","0","0","0","0","0","0","2","0","1","","","","N","","","","","","","","","",""
"2017001837","1729","1","0","0","0","0","0","0","0","0","4","0","","02","1","2017","3","40.38525","-79.822194","1725","11","0","0","0","0","0","0","1","0","2","0","0","0","","","1","","0","","40 23:06.900","1","0","79 49:19.900","4","0","0","0","2111","0","0","0","N","0","0","0","3","02111","1","","1.0","","9","N","N","","0","","0","0","1","","0","N","","2","1","1","0","0","0","0","2","0","2","","","","N","","","","","","","","","",""
"2017012350","1852","0","0","0","0","0","0","0","0","0","99","0","","02","1","2017","6","40.457533","-80.175331","1847","11","0","0","0","0","0","0","0","0","","0","0","0","","","0","","0","","40 27:27.119","","0","80 10:31.190","0","0","0","0","2213","0","0","0","","0","0","0","1","02213","0","","1.0","","1","N","N","","0","","0","0","1","","0","","","1","0","0","0","0","0","0","2","0","1","","","","N","","","","","","","","","",""
"2017000378","1610","1","0","0","0","0","0","0","0","0","7","0","","02","1","2017","2","40.579942","-79.824343","1602","11","0","0","0","0","0","0","0","1","","0","0","0","","","0","","0","","40 34:47.792","","0","79 49:27.633","0","0","0","0","2209","0","0","0","N","0","0","0","1","02209","0","","2.0","","1","N","N","","0","","0","0","0","","0","","","1","0","0","0","0","0","0","2","0","1","","","","N","","","","","","","","","",""
"2017000684","1755","1","0","0","0","0","0","0","0","0","1","0","","02","1","2017","3","40.336454","-79.979044","1754","11","0","0","0","0","1","0","0","0","1","0","0","0","","","1","","1","","40 20:11.234","3","0","79 58:44.557","8","0","0","0","2454","0","0","0","N","0","0","0","3","02454","0","","1.0","","9","N","N","","0","","0","0","2","","2","N","","3","1","0","0","0","1","0","2","0","3","","","","N","","","","","","","","","",""
"2017002368","1927","0","0","0","0","0","0","0","0","0","99","0","","02","1","2017","5","40.3588","-80.059539","1925","11","0","0","0","0","0","0","0","0","","0","0","0","","","0","","2","","40 21:31.679","","0","80 03:34.342","0","0","0","0","2109","0","0","0","","0","0","0","1","02109","0","","1.0","","9","N","N","","0","","0","0","1","","0","","","1","0","0","0","0","0","0","2","0","1","","","","N","","","","","","","","","",""