"CRN","ARRIVAL_TM","AUTOMOBILE_COUNT","BELTED_DEATH_COUNT","BELTED_SUSP_SERIOUS_INJ_COUNT","BICYCLE_COUNT","BICYCLE_DEATH_COUNT","BICYCLE_SUSP_SERIOUS_INJ_COUNT","BUS_COUNT","CHLDPAS_DEATH_COUNT","CHLDPAS_SUSP_SERIOUS_INJ_COUNT","COLLISION_TYPE","COMM_VEH_COUNT","CONS_ZONE_SPD_LIM","COUNTY","CRASH_MONTH","CRASH_YEAR","DAY_OF_WEEK","DEC_LATITUDE","DEC_LONGITUDE","DISPATCH_TM","DISTRICT","DRIVER_COUNT_16YR","DRIVER_COUNT_17YR","DRIVER_COUNT_18YR","DRIVER_COUNT_19YR","DRIVER_COUNT_20YR","DRIVER_COUNT_50_64YR","DRIVER_COUNT_65_74YR","DRIVER_COUNT_75PLUS","EST_HRS_CLOSED","FATAL_COUNT","HEAVY_TRUCK_COUNT","HORSE_BUGGY_COUNT","HOUR_OF_DAY","ILLUMINATION","INJURY_COUNT","INTERSECTION_RELATED","INTERSECT_TYPE","LANE_CLOSED","LATITUDE","LN_CLOSE_DIR","LOCATION_TYPE","LONGITUDE","MAX_SEVERITY_LEVEL","MCYCLE_DEATH_COUNT","MCYCLE_SUSP_SERIOUS_INJ_COUNT","MOTORCYCLE_COUNT","MUNICIPALITY","NONMOTR_COUNT","NONMOTR_DEATH_COUNT","NONMOTR_SUSP_SERIOUS_INJ_COUNT","NTFY_HIWY_MAINT","PED_COUNT","PED_DEATH_COUNT","PED_SUSP_SERIOUS_INJ_COUNT","PERSON_COUNT","POLICE_AGCY","POSSIBLE_INJ_COUNT","RDWY_SURF_TYPE_CD","RELATION_TO_ROAD","ROADWAY_CLEARED","ROAD_CONDITION","SCH_BUS_IND","SCH_ZONE_IND","SECONDARY_CRASH","SMALL_TRUCK_COUNT","SPEC_JURIS_CD","SUSP_MINOR_INJ_COUNT","SUSP_SERIOUS_INJ_COUNT","SUV_COUNT","TCD_FUNC_CD","TCD_TYPE","TFC_DETOUR_IND","TIME_OF_DAY","TOTAL_UNITS","TOT_INJ_COUNT","UNBELTED_OCC_COUNT","UNB_DEATH_COUNT","UNB_SUSP_SERIOUS_INJ_COUNT","UNK_INJ_DEG_COUNT","UNK_INJ_PER_COUNT","URBAN_RURAL","VAN_COUNT","VEHICLE_COUNT","WEATHER1","WEATHER2","WORKERS_PRES","WORK_ZONE_IND","WORK_ZONE_LOC","WORK_ZONE_TYPE","WZ_CLOSE_DETOUR","WZ_FLAGGER","WZ_LAW_OFFCR_IND","WZ_LN_CLOSURE","WZ_MOVING","WZ_OTHER","WZ_SHLDER_MDN","WZ_WORKERS_INJ_KILLED"
"2017014539","2352","1","0","0","0","0","0","0","0","0","1","0","","02","1","2017","2","40.437763","-80.004784","2335","11","0","0","0","0","0","1","0","0","2","0","0","0","","","0","","0","","40 26:15.947","4","0","80 00:17.222","0","0","0","0","2301","0","0","0","","0","0","0","2","68B03","0","","1.0","","9","N","N","","0","","0","0","1","","0","N","","2","0","0","0","0","0","0","2","0","2","","","","N","","","","","","","","","",""
"2017015527","1228","0","0","0","0","0","0","0","0","0","4","0","","02","2","2017","2","40.388402","-80.042929","1225","11","0","0","0","0","0","0","0","0","1","0","0","0","","","0","","2","","40 23:18.248","7","0","80 02:34.545","0","0","0","0","2109","0","0","0","","0","0","0","2","02109","0","","1.0","","1","N","N","","0","","0","0","2","","2","N","","2","0","0","0","0","0","0","2","0","2","","","","N","","","","","","","","","",""
"2017015007","1940","1","0","0","0","0","0","0","0","0","1","0","","02","2","2017","2","40.484696","-79.858666","1935","11","0","0","0","0","0","0","0","0","1","0","0","0","","","0","","0","","40 29:04.905","3","0","79 51:31.197","0","0","0","0","2113","0","0","0","N","0","0","0","2","02113","0","","1.0","","1","N","N","","1","","0","0","0","","0","N","","2","0","0","0","0","0","0","2","0","2","","","","N","","","","","","","","","",""
"2017015576","0825","0","0","0","0","0","0","0","0","0","1","2","","02","2","2017","4","40.463226","-79.954449","0818","11","0","0","0","0","0","2","0","0","","0","2","0","","","0","","0","","40 27:47.613","","0","79 57:16.016","0","0","0","0","2301","0","0","0","N","0","0","0","2","02301","0","","1.0","","1","N","N","","0","","0","0","0","","0","","","2","0","0","0","0","0","0","2","0","2","","","","N","","","","","","","","","",""
"2017000438","0636","0","0","0","0","0","0","0","0","0","7","0","","02","1","2017","2","40.429999","-79.957723","0634","11","0","0","0","0","0","0","0","0","","0","0","0","","","0","","2","","40 25:47.997","","0","79 57:27.802","0","0","0","0","2301","0","0","0","N","0","0","0","1","02301","0","","1.0","","9","N","N","","0","","0","0","1","","0","","","1","0","0","0","0","0","0","2","0","1","","","","N","","","","","","","","","",""
"2017011398","1730","1","0","0","0","0","0","0","0","0","4","0","","02","1","2017","3","40.552116","-80.023354","1726","11","0","0","0","0","0","0","0","1","","0","0","0","","","0","","1","","40 33:07.617","","0","80 01:24.074","0","0","0","0","2116","0","0","0","N","0","0","0","5","02116","0","","1.0","","1","N","N","","0","","0","0","1","","2","","","2","0","0","0","0","0","0","2","0","2","","","","N","","","","","","","","","",""
"2017019519","0851","1","0","0","0","0","0","1","0","0","5","1","","02","2","2017","6","40.437574","-80.019664","0831","11","0","0","0","0","0","0","0","0","","0","0","0","","","1","","2","","40 26:15.266","","0","80 01:10.790","8","0","0","0","2301","0","0","0","N","0","0","0","21","02301","0","","1.0","","1","Y","N","","0","","0","0","0","","3","","","2","1","0","0","0","1","0","2","0","2","","","","N","","","","","","","","","",""
"2017000083","1350","2","0","0","0","0","0","0","0","0","5","0","","02","1","2017","1","40.333189","-79.984466","1345","11","0","0","0","0","0","0","0","0","","0","0","0","","","1","","0","","40 19:59.479","","0","79 59:04.077","8","0","0","0","2403","0","0","0","N","0","0","0","3","02403","0","","1.0","","1","N","N","","0","","0","0","0","","0","","","2","1","0","0","0","1","1","2","0","2","","","","N","","","","","","","","","",""
"2017000512","0906","1","0","0","0","0","0","0","0","0","4","0","","02","1","2017","3","40.409411","-80.032062","0854","11","0","0","0","0","1","0","0","0","1","0","0","0","","","2","","1","","40 24:33.878","2","0","80 01:55.423","8","0","0","0","2301","0","0","0","N","0","0","0","2","02301","0","","1.0","","9","N","N","","1","","0","0","0","","3","N","","2","2","0","0","0","2","0","2","0","2","","","","N","","","","","","","","","",""
"2017016035","0040","1","0","0","0","0","0","0","0","0","7","0","","02","2","2017","5","40.572128","-80.023673","0035","11","0","0","0","0","0","0","0","0","2","0","0","0","","","0","","1","","40 34:19.660","2","0","80 01:25.221","0","0","0","0","2108","0","0","0","","0","0","0","1","02108","0","","2.0","","7","N","N","","0","","0","0","0","","2","N","","1","0","0","0","0","0","0","2","0","1","","","","N","","","","","","","","","",""
"2017000026","0132","1","0","0","0","0","0","0","0","0","7","0","","02","1","2017","1","40.448519","-80.012794","0127","11","0","0","0","0","0","0","0","0","","0","0","0","","","2","","6","","40 26:54.669","","0","80 00:46.057","4","0","0","0","2301","0","0","0","N","0","0","0","2","02301","2","","5.0","","9","N","N","","0","","0","0","0","","0","","","1","2","0","0","0","0","0","2","0","1","","","","N","","","","","","","","","",""
"2017014775","0618","1","0","0","0","0","0","0","0","0","4","1","","02","2","2017","2","40.455407","-80.006604","0618","11","0","0","0","0","0","1","0","0","1","0","0","0","","","0","","1","","40 27:19.465","3","0","80 00:23.774","0","0","0","0","2301","0","0","0","N","0","0","0","2","02301","0","","1.0","","1","N","N","","0","","0","0","0","","2","N","","2","0","0","0","0","0","0","2","1","2","","","","N","","","","","","","","","",""
"2017016527","2234","0","0","0","0","0","0","0","0","0","8","0","","02","1","2017","3","40.442106","-79.793625","2217","11","0","0","0","0","0","0","0","0","","1","0","0","","","0","","0","","40 26:31.582","","0","79 47:37.049","1","0","0","0","2446","1","1","0","","1","1","0","2","68B03","0","2","1.0","","1","N","N","","1","0","0","0","0","","0","","","2","0","0","0","0","0","0","2","0","1","","","","N","","","","","","","","","",""
"2017000171","2043","1","0","0","0","0","0","0","0","0","7","0","","02","1","2017","1","40.453538","-80.008033","2039","11","0","0","0","0","0","0","0","0","1","0","0","0","","","0","","2","","40 27:12.735","4","0","80 00:28.919","0","0","0","0","2301","0","0","0","N","0","0","0","1","02301","0","","2.0","","1","N","N","","0","","0","0","0","","0","N","","1","0","1","0","0","0","0","2","0","1","","","","N","","","","","","","","","",""
"2017014703","1906","2","0","0","0","0","0","0","0","0","5","0","","02","2","2017","7","40.342959","-79.836676","1904","11","0","0","0","0","0","1","0","0","","0","0","0","","","0","","0","","40 20:34.652","","0","79 50:12.033","0","0","0","0","2304","0","0","0","N","0","0","0","1","02304","0","","1.0","","1","N","N","","0","","0","0","0","","0","","","2","0","0","0","0","0","0","2","0","2","","","","N","","","","","","","","","",""
"2017000508","0836","1","0","0","0","0","0","0","0","0","6","0","","02","1","2017","3","40.437629","-79.984229","0831","11","0","0","0","0","0","0","0","1","","0","0","0","","","0","","1","","40 26:15.464","","0","79 59:03.224","0","0","0","0","2301","0","0","0","N","0","0","0","2","02301","0","","1.0","","9","N","N","","0","","0","0","1","","2","","","2","0","0","0","0","0","0","2","0","2","","","","N","","","","","","","","","",""
"2017001814","1804","1","0","0","0","0","0","0","0","0","1","0","","02","1","2017","4","40.519502","-80.043608","1759","11","0","0","0","0","0","0","0","0","","0","0","0","","","0","","1","","40 31:10.207","","0","80 02:36.988","0","0","0","0","2474","0","0","0","N","0","0","0","3","02474","0","","1.0","","1","N","N","","0","","0","0","1","","3","","","2","0","0","0","0","0","0","2","0","2","","","","N","","","","","","","","","",""
"2017019902","1525","1","0","0","0","0","0","0","0","0","7","0","","02","2","2017","7","40.457548","-79.976446","1512","11","0","0","0","0","0","0","0","0","","0","0","0","","","0","","1","","40 27:27.172","","0","79 58:35.205","0","0","0","0","2301","0","0","0","N","0","0","0","2","02301","0","","1.0","","1","N","N","","0","","0","0","0","","3","","","1","0","0","0","0","0","0","2","0","1","","","","N","","","","","","","","","",""
"2017013752","1115","1","0","0","0","0","0","0","0","0","7","0","","02","1","2017","6","40.336573","-79.853334","1109","11","0","0","0","0","0","1","0","0","2","0","0","0","","","1","","0","","40 20:11.663","5","0","79 51:12.001","8","0","0","0","2304","0","0","0","","0","0","0","1","02304","0","","5.0","","1","","","","0","","0","0","0","","0","Y","","1","1","0","0","0","1","0","2","0","1","","","","N","","","","","","","","","",""
"2017000298","1445","0","0","0","0","0","0","0","0","0","1","0","","02","1","2017","2","40.478285","-80.031229","1445","11","0","0","0","0","0","0","0","0","1","0","0","0","","","0","","1","","40 28:41.826","1","0","80 01:52.424","0","0","0","0","2301","0","0","0","N","0","0","0","2","02301","0","","1.0","","9","N","N","","0","","0","0","2","","0","N","","2","0","0","0","0","0","0","2","0","2","","","","N","","","","","","","","","",""
"2017013870","1442","2","0","0","0","0","0","0","0","0","2","0","","02","2","2017","5","40.526988","-79.98818","1439","11","1","0","0","0","0","0","1","0","1","0","0","0","","","0","","0","","40 31:37.156","2","0","79 59:17.448","0","0","0","0","2116","0","0","0","N","0","0","0","3","02116","0","","1.0","","1","N","N","","0","","0","0","0","","0","N","","2","0","0","0","0","0","0","2","0","2","","","","N","","","","","","","","","",""
"2017016919","1032","1","0","0","0","0","0","0","0","0","1","0","","02","2","2017","2","40.579453","-79.957455","1029","11","0","0","0","0","0","1","0","0","2","0","0","0","","","2","","2","","40 34:46.032","1","0","79 57:26.837","8","0","0","0","2207","0","0","0","N","0","0","0","2","02207","0","","1.0","","1","N","N","","0","","0","0","1","","0","N","","2","2","0","0","0","2","0","2","0","2","","","","N","","","","","","","","","",""
"2017015731","0900","1","0","0","0","0","0","0","0","0","1","0","","02","1","2017","4","40.397262","-80.103751","0845","11","0","0","0","0","0","0","0","0","","0","0","0","","","0","","0","","40 23:50.143","","0","80 06:13.504","0","0","0","0","2102","0","0","0","","0","0","0","2","68B03","0","","1.0","","1","N","N","","0","","0","0","0","","0","","","2","0","0","0","0","0","0","2","1","2","","","","N","","","","","","","","","",""
"2017000209","1342","0","0","0","0","0","0","0","0","0","1","0","","02","1","2017","1","40.325524","-79.836343","1341","11","0","0","0","0","0","1","0","0","","0","0","0","","","1","","0","","40 19:31.886","","7","79 50:10.834","2","0","0","0","2304","1","0","1","N","1","0","1","2","02304","0","","4.0","","1","N","N","","0","","0","1","2","","0","","","3","1","0","0","0","0","0","2","0","2","","","","N","","","","","","","","","",""
"2017010997","0827","2","0","0","0","0","0","0","0","0","4","0","","02","1","2017","5","40.319997","-79.950908","0825","11","0","0","0","0","0","0","0","0","1","0","0","0","","","1","","0","","40 19:11.989","1","0","79 57:03.268","4","0","0","0","2454","0","0","0","N","0","0","0","1","02454","1","","1.0","","1","N","N","","0","","0","0","0","","0","N","","2","1","0","0","0","0","0","2","0","2","","","","N","","","","","","","","","",""
"2017015032","2129","1","0","0","0","0","0","0","0","0","7","0","","02","2","2017","2","40.564848","-79.956932","2129","11","0","0","0","0","0","0","0","0","2","0","0","0","","","0","","2","","40 33:53.452","1","0","79 57:24.954","0","0","0","0","2207","0","0","0","N","0","0","0","1","02207","0","","4.0","","1","N","N","","0","","0","0","0","","0","N","","1","0","0","0","0","0","0","2","0","1","","","","N","","","","","","","","","",""
"2017018054","1035","2","0","0","0","0","0","0","0","0","4","0","","02","2","2017","2","40.541933","-80.035963","1030","11","0","0","0","0","0","0","1","0","1","0","0","0","","","2","","1","","40 32:30.958","2","0","80 02:09.466","8","0","0","0","2116","0","0","0","N","0","0","0","3","02116","0","","1.0","","1","N","N","","0","","0","0","0","","2","Y","","2","2","0","0","0","2","0","2","0","2","","","","N","","","","","","","","","",""
"2017001811","1810","1","0","0","0","0","0","0","0","0","4","0","","02","1","2017","4","40.329047","-79.968152","1806","11","0","0","0","0","0","1","0","0","","0","0","0","","","1","","1","","40 19:44.569","","0","79 58:05.347","8","0","0","0","2454","0","0","0","N","0","0","0","2","02454","0","","1.0","","1","N","N","","0","","0","0","1","","3","","","2","1","0","0","0","1","0","2","0","2","","","","N","","","","","","","","","",""
"2017013875","1149","1","0","0","0","0","0","0","0","0","1","0","","02","2","2017","6","40.269292","-79.835563","1144","11","0","0","0","0","0","1","1","0","2","0","0","0","","","2","","3","","40 16:09.451","2","0","79 50:08.026","8","0","0","0","2105","0","0","0","N","0","0","0","2","02105","0","","1.0","","1","N","N","","0","","0","0","1","","0","N","","2","2","0","0","0","2","0","1","0","2","","","","N","","","","","","","","","",""
"2017015176","0804","3","0","0","0","0","0","0","0","0","1","0","","02","2","2017","3","40.448041","-80.025995","0801","11","0","0","0","0","0","1","0","0","1","0","0","0","","","0","","0","","40 26:52.949","1","3","80 01:33.581","0","0","0","0","2301","0","0","0","N","0","0","0","5","02301","0","","1.0","","9","N","N","","0","","0","0","1","","0","N","","4","0","0","0","0","0","0","2","0","4","","","","N","","","","","","","","","",""
"2017012333","0045","0","0","0","0","0","0","0","0","0","7","0","","02","1","2017","5","40.428896","-79.945287","0026","11","0","0","0","0","1","0","0","0","","0","0","0","","","0","","0","","40 25:44.024","","0","79 56:43.032","0","0","0","0","2301","0","0","0","","0","0","0","1","68B03","0","","2.0","","9","N","N","","0","","0","0","1","","0","","","1","0","0","0","0","0","0","2","0","1","","","","N","","","","","","","","","",""
"2017012014","0723","0","0","0","0","0","0","0","0","0","7","0","","02","1","2017","4","40.651909","-79.724341","0723","11","0","0","0","0","0","0","1","0","","0","0","0","","","0","","0","","40 39:06.873","","0","79 43:27.627","0","0","0","0","2106","0","0","0","","0","0","0","1","68D02","0","","2.0","","2","N","N","","1","","0","0","0","","0","","","1","0","0","0","0","0","0","2","0","1","","","","N","","","","","","","","","",""
"2017000156","1828","1","0","0","0","0","0","0","0","0","1","0","","02","1","2017","1","40.424719","-79.859389","1828","11","0","0","0","0","0","1","0","0","1","0","0","0","","","1","","1","","40 25:28.989","4","0","79 51:33.799","3","0","0","0","2431","0","0","0","N","0","0","0","3","02431","0","","1.0","","1","N","N","","0","","1","0","2","","2","N","","3","1","0","0","0","0","0","2","0","3","","","","N","","","","","","","","","",""
"2017013560","0810","1","0","0","0","0","0","0","0","0","7","0","","02","2","2017","5","40.590642","-79.945331","0810","11","0","0","1","0","0","0","0","0","","0","0","0","","","0","","2","","40 35:26.312","","0","79 56:43.191","0","0","0","0","2207","0","0","0","N","0","0","0","1","02207","0","","5.0","","2","N","N","","0","","0","0","0","","0","","","1","0","0","0","0","0","0","2","0","1","","","","N","","","","","","","","","",""
"2017001805","1758","1","0","0","0","0","0","0","0","0","7","0","","02","1","2017","4","40.320368","-79.941815","1756","11","0","0","0","0","0","0","0","1","2","0","0","0","","","0","","0","","40 19:13.326","1","0","79 56:30.533","0","0","0","0","2454","0","0","0","N","0","0","0","1","02454","0","","5.0","","1","N","N","","0","","0","0","0","","0","N","","1","0","0","0","0","0","0","2","0","1","","","","N","","","","","","","","","",""
"2017015567","0926","1","0","0","0","0","0","0","0","0","2","0","","02","2","2017","4","40.481092","-80.041462","0921","11","0","0","0","0","0","0","0","0","","0","0","0","","","0","","0","","40 28:51.931","","0","80 02:29.263","0","0","0","0","2301","0","0","0","N","0","0","0","3","02301","0","","1.0","","1","N","N","","1","","0","0","0","","0","","","3","0","0","0","0","0","0","2","1","3","","","","N","","","","","","","","","",""
"2017017669","0810","1","0","0","0","0","0","0","0","0","7","0","","02","2","2017","6","40.644313","-80.018065","0751","11","0","0","0","0","0","0","0","0","","0","0","0","","","1","","0","","40 38:39.526","","0","80 01:05.035","3","0","0","0","2216","0","0","0","","0","0","0","1","68T02","0","","4.0","","2","N","N","","0","","1","0","0","","0","","","1","1","0","0","0","0","0","2","0","1","","","","N","","","","","","","","","",""
"2017019970","0058","1","0","0","0","0","0","0","0","0","7","0","","02","2","2017","7","40.509972","-79.892682","0053","11","0","0","0","0","0","0","0","0","4","0","0","0","","","1","","0","","40 30:35.899","6","0","79 53:33.654","3","0","0","0","2432","0","0","0","N","0","0","0","1","02432","0","","5.0","","1","N","N","","0","","1","0","0","","0","N","","1","1","0","0","0","0","0","2","0","1","","","","N","","","","","","","","","",""
"2017013361","1925","2","0","0","0","0","0","0","0","0","4","0","","02","1","2017","4","40.448415","-79.761143","1916","11","0","0","0","0","0","0","0","0","","0","0","0","","","0","","1","","40 26:54.295","","0","79 45:40.113","0","0","0","0","2446","0","0","0","N","0","0","0","2","02446","0","","1.0","","1","N","N","","0","","0","0","0","","3","","","2","0","0","0","0","0","0","2","0","2","","","","N","","","","","","","","","",""
"2017014670","0936","2","0","0","0","0","0","0","0","0","1","0","","02","1","2017","6","40.454599","-79.997694","0933","11","0","0","0","0","0","0","0","0","2","0","0","0","","","1","","0","","40 27:16.555","1","0","79 59:51.697","3","0","0","0","2301","0","0","0","","0","0","0","2","68B03","0","","1.0","","1","N","N","","0","","1","0","0","","0","N","","2","1","0","0","0","0","0","2","0","2","","","","N","","","","","","","","","",""
"2017001654","1640","2","0","0","0","0","0","0","0","0","4","0","","02","1","2017","4","40.421799","-79.995829","1631","11","0","0","0","0","0","0","1","0","1","0","0","0","","","1","","1","","40 25:18.476","1","0","79 59:44.984","3","0","0","0","2301","0","0","0","N","0","0","0","9","02301","0","","1.0","","1","N","N","","0","","1","0","0","","0","Y","","2","1","1","0","0","0","0","2","0","2","","","","N","","","","","","","","","",""
"2017014367","0958","2","0","0","0","0","0","0","0","0","4","0","","02","2","2017","7","40.432375","-79.864854","0955","11","0","0","0","0","0","0","1","0","3","0","0","0","","","1","","1","","40 25:56.549","4","0","79 51:53.473","4","0","0","0","2431","0","0","0","N","0","0","0","2","02431","1","","1.0","","1","N","N","","0","","0","0","0","","2","Y","","2","1","0","0","0","0","0","2","0","2","","","","N","","","","","","","","","",""
"2017000193","0133","1","0","0","0","0","0","0","0","0","7","0","","02","1","2017","2","40.372189","-79.917148","0130","11","0","0","0","0","0","0","0","0","2","0","0","0","","","0","","2","","40 22:19.881","5","0","79 55:01.731","9","0","0","0","2301","0","0","0","N","0","0","0","1","02301","0","","4.0","","1","N","N","","0","","0","0","0","","0","Y","","1","0","0","0","0","0","1","2","0","1","","05","","N","","","","","","","","","",""
"2017016013","0856","0","0","0","0","0","0","0","0","0","7","0","","02","2","2017","5","40.428606","-80.136485","0850","11","0","0","1","0","0","0","0","0","","0","0","0","","","0","","0","","40 25:42.981","","0","80 08:11.346","0","0","0","0","2115","0","0","0","N","0","0","0","1","02501","0","","2.0","","7","N","N","","0","","0","0","1","","0","","","1","0","0","0","0","0","0","2","0","1","","","","N","","","","","","","","","",""
"2017015874","1909","1","0","0","0","0","0","0","0","0","1","0","","02","1","2017","3","40.448574","-80.007396","1902","11","0","0","0","0","0","0","0","0","","0","0","0","","","0","","0","","40 26:54.868","","0","80 00:26.627","0","0","0","0","2301","0","0","0","","0","0","0","2","68B03","0","","1.0","","1","N","N","","0","","0","0","1","","0","","","2","0","0","0","0","0","0","2","0","2","","","","N","","","","","","","","","",""
"2017015660","1649","1","0","0","0","0","0","0","0","0","5","0","","02","2","2017","4","40.460565","-80.026062","1643","11","0","0","0","0","0","0","0","0","","0","0","0","","","0","","0","","40 27:38.034","","0","80 01:33.823","0","0","0","0","2301","0","0","0","N","0","0","0","1","02301","0","","1.0","","1","N","N","","1","","0","0","0","","0","","","2","0","0","0","0","0","0","2","0","2","","","","N","","","","","","","","","",""
"2017000739","0311","0","0","0","0","0","0","0","0","0","7","0","","02","1","2017","1","40.292483","-79.824431","0309","11","0","0","0","0","0","0","0","0","","0","0","0","","","0","","2","","40 17:32.938","","0","79 49:27.951","0","0","0","0","2105","0","0","0","N","0","0","0","1","02105","0","","5.0","","9","N","N","","0","","0","0","1","","3","","","1","0","0","0","0","0","0","2","0","1","","","","N","","","","","","","","","",""
"2017010722","1741","1","0","0","0","0","0","0","0","0","99","0","","02","1","2017","4","40.452661","-79.866547","1707","11","0","0","0","0","0","1","0","0","1","0","0","0","","","0","","2","","40 27:09.580","1","0","79 51:59.570","0","0","0","0","2301","0","0","0","N","0","0","0","2","02301","0","","1.0","","9","N","N","","0","","0","0","1","","0","N","","2","0","0","0","0","0","0","2","0","2","","","","N","","","","","","","","","",""
"2017014305","1847","1","0","0","0","0","0","0","0","0","7","0","","02","1","2017","1","40.492887","-80.125356","1847","11","0","0","0","0","0","0","0","1","","0","0","0","","","0","","0","","40 29:34.393","","0","80 07:31.283","0","0","0","0","2115","0","0","0","","0","0","0","1","68B03","0","","2.0","","1","N","N","","0","","0","0","0","","0","","","1","0","0","0","0","0","0","2","0","1","","","","N","","","","","","","","","",""
"2017015346","2359","1","0","0","0","0","0","0","0","0","7","0","","02","2","2017","1","40.599159","-79.928977","2347","11","0","0","0","1","0","0","0","0","","0","0","0","","","0","","0","","40 35:56.972","","0","79 55:44.318","0","0","0","0","2207","0","0","0","","0","0","0","2","68T02","0","","3.0","","1","N","N","","0","","0","0","0","","0","","","1","0","0","0","0","0","0","1","0","1","","","","N","","","","","","","","","",""
"2017015888","1519","0","0","0","0","0","0","0","0","0","0","1","","02","2","2017","3","40.670913","-80.094542","1515","11","0","0","0","0","0","1","0","0","4","0","1","0","","","1","","7","","40 40:15.287","1","2","80 05:40.351","3","0","0","0","2212","0","0","0","","0","0","0","1","68T02","0","","4.0","","9","N","N","","0","","1","0","0","","0","Y","","1","1","0","0","0","0","0","2","0","1","","","","N","","","","","","","","","",""
"2017013398","0216","2","0","0","0","0","0","0","0","0","1","0","","02","2","2017","5","40.453388","-80.024451","0214","11","0","0","0","0","0","0","0","0","3","0","0","0","","","0","","1","","40 27:12.196","2","0","80 01:28.023","9","0","0","0","2301","0","0","0","N","0","0","0","1","02301","0","","2.0","","1","N","N","","0","","0","0","0","","3","Y","","2","0","0","0","0","0","1","2","0","2","","","","N","","","","","","","","","",""
"2017013358","1741","1","0","0","0","0","0","1","0","0","6","1","","02","2","2017","4","40.453032","-80.003615","1737","11","0","0","0","0","0","0","0","0","1","0","0","0","","","0","","2","","40 27:10.916","1","0","80 00:13.015","0","0","0","0","2301","0","0","0","N","0","0","0","2","02503","0","","1.0","","1","N","N","","0","","0","0","0","","0","N","","2","0","0","0","0","0","0","2","0","2","","","","N","","","","","","","","","",""
"2017015764","0503","1","0","0","0","0","0","0","0","0","7","0","","02","2","2017","4","40.429348","-79.942631","0503","11","0","0","0","0","0","0","0","0","","0","0","0","","","0","","0","","40 25:45.653","","3","79 56:33.470","9","0","0","0","2301","0","0","0","","0","0","0","1","68B03","0","","2.0","","9","N","N","","0","","0","0","0","","0","","","1","0","0","0","0","0","1","2","0","1","","","","N","","","","","","","","","",""
"2017015347","0033","1","0","0","0","0","0","0","0","0","7","0","","02","2","2017","2","40.429201","-80.028798","0022","11","0","0","0","0","0","1","0","0","1","0","0","0","","","1","","0","","40 25:45.125","3","0","80 01:43.674","3","0","0","0","2301","0","0","0","","0","0","0","2","68B03","0","","4.0","","1","N","N","","0","","1","0","1","","0","N","","2","1","0","0","0","0","0","2","0","2","","","","N","","","","","","","","","",""
"2017000429","2322","1","0","0","0","0","0","0","0","0","4","0","","02","1","2017","2","40.419751","-80.006023","2320","11","0","0","0","0","0","0","1","0","","0","0","0","","","1","","2","","40 25:11.103","","0","80 00:21.682","8","0","0","0","2301","0","0","0","N","0","0","0","3","02301","0","","1.0","","1","N","N","","1","","0","0","0","","0","","","2","1","0","0","0","1","0","2","0","2","","","","N","","","","","","","","","",""
"2017000136","1825","1","0","0","0","0","0","0","0","0","4","0","","02","1","2017","1","40.351994","-79.890646","1821","11","0","1","0","0","0","1","0","0","1","0","0","0","","","0","","1","","40 21:07.177","3","0","79 53:26.327","0","0","0","0","2423","0","0","0","N","0","0","0","3","02304","0","","1.0","","1","N","N","","1","","0","0","0","","3","N","","2","0","1","0","0","0","0","2","0","2","","","","N","","","","","","","","","",""
"2017014423","1623","1","0","0","0","0","0","0","0","0","7","0","","02","2","2017","7","40.429013","-79.993987","1617","11","0","0","0","0","0","0","0","0","2","0","0","0","","","0","","0","","40 25:44.445","7","0","79 59:38.352","0","0","0","0","2301","0","0","0","N","0","0","0","1","02301","0","","5.0","","1","N","N","","0","","0","0","0","","0","N","","1","0","0","0","0","0","0","2","0","1","","","","N","","","","","","","","","",""
"2017013110","0736","1","0","0","0","0","0","1","0","0","4","1","","02","1","2017","4","40.350711","-80.014841","0728","11","0","0","0","0","0","1","0","0","2","0","0","0","","","2","","1","","40 21:02.560","4","0","80 00:53.427","4","0","0","0","2407","0","0","0","","0","0","0","3","02407","2","","1.0","","1","Y","N","","0","","0","0","1","","2","Y","","3","2","0","0","0","0","0","2","0","3","","","","N","","","","","","","","","",""
"2017013754","0315","2","0","0","0","0","0","0","0","0","5","0","","02","2","2017","6","40.390767","-79.986459","0311","11","0","0","0","0","0","0","0","0","","0","0","0","","","0","","0","","40 23:26.761","","0","79 59:11.252","0","0","0","0","2301","0","0","0","N","0","0","0","1","02301","0","","6.0","","1","N","N","","0","","0","0","0","","0","","","2","0","0","0","0","0","0","2","0","2","","","","N","","","","","","","","","",""
"2017013626","1553","1","0","0","0","0","0","0","0","0","1","1","","02","2","2017","5","40.667154","-80.102148","1553","11","0","0","0","0","0","1","0","0","","0","1","0","","","0","","1","","40 40:01.754","","0","80 06:07.732","0","0","0","0","2212","0","0","0","N","0","0","0","3","02505","0","","1.0","","1","N","N","","1","","0","0","0","","2","","","3","0","0","0","0","0","0","2","0","3","","","","N","","","","","","","","","",""
"2017016258","2330","1","0","0","0","0","0","0","0","0","7","0","","02","2","2017","4","40.43805","-79.993342","2330","11","0","0","0","0","0","0","0","0","","0","0","0","","","0","","10","","40 26:16.980","","7","79 59:36.031","0","0","0","0","2301","0","0","0","N","0","0","0","1","02508","0","","5.0","","7","N","N","","0","","0","0","0","","0","","","1","0","0","0","0","0","0","2","0","1","","","","N","","","","","","","","","",""