"CRN","ARRIVAL_TM","AUTOMOBILE_COUNT","BELTED_DEATH_COUNT","BELTED_SUSP_SERIOUS_INJ_COUNT","BICYCLE_COUNT","BICYCLE_DEATH_COUNT","BICYCLE_SUSP_SERIOUS_INJ_COUNT","BUS_COUNT","CHLDPAS_DEATH_COUNT","CHLDPAS_SUSP_SERIOUS_INJ_COUNT","COLLISION_TYPE","COMM_VEH_COUNT","CONS_ZONE_SPD_LIM","COUNTY","CRASH_MONTH","CRASH_YEAR","DAY_OF_WEEK","DEC_LATITUDE","DEC_LONGITUDE","DISPATCH_TM","DISTRICT","DRIVER_COUNT_16YR","DRIVER_COUNT_17YR","DRIVER_COUNT_18YR","DRIVER_COUNT_19YR","DRIVER_COUNT_20YR","DRIVER_COUNT_50_64YR","DRIVER_COUNT_65_74YR","DRIVER_COUNT_75PLUS","EST_HRS_CLOSED","FATAL_COUNT","HEAVY_TRUCK_COUNT","HORSE_BUGGY_COUNT","HOUR_OF_DAY","ILLUMINATION","INJURY_COUNT","INTERSECTION_RELATED","INTERSECT_TYPE","LANE_CLOSED","LATITUDE","LN_CLOSE_DIR","LOCATION_TYPE","LONGITUDE","MAX_SEVERITY_LEVEL","MCYCLE_DEATH_COUNT","MCYCLE_SUSP_SERIOUS_INJ_COUNT","MOTORCYCLE_COUNT","MUNICIPALITY","NONMOTR_COUNT","NONMOTR_DEATH_COUNT","NONMOTR_SUSP_SERIOUS_INJ_COUNT","NTFY_HIWY_MAINT","PED_COUNT","PED_DEATH_COUNT","PED_SUSP_SERIOUS_INJ_COUNT","PERSON_COUNT","POLICE_AGCY","POSSIBLE_INJ_COUNT","RDWY_SURF_TYPE_CD","RELATION_TO_ROAD","ROADWAY_CLEARED","ROAD_CONDITION","SCH_BUS_IND","SCH_ZONE_IND","SECONDARY_CRASH","SMALL_TRUCK_COUNT","SPEC_JURIS_CD","SUSP_MINOR_INJ_COUNT","SUSP_SERIOUS_INJ_COUNT","SUV_COUNT","TCD_FUNC_CD","TCD_TYPE","TFC_DETOUR_IND","TIME_OF_DAY","TOTAL_UNITS","TOT_INJ_COUNT","UNBELTED_OCC_COUNT","UNB_DEATH_COUNT","UNB_SUSP_SERIOUS_INJ_COUNT","UNK_INJ_DEG_COUNT","UNK_INJ_PER_COUNT","URBAN_RURAL","VAN_COUNT","VEHICLE_COUNT","WEATHER1","WEATHER2","WORKERS_PRES","WORK_ZONE_IND","WORK_ZONE_LOC","WORK_ZONE_TYPE","WZ_CLOSE_DETOUR","WZ_FLAGGER","WZ_LAW_OFFCR_IND","WZ_LN_CLOSURE","WZ_MOVING","WZ_OTHER","WZ_SHLDER_MDN","WZ_WORKERS_INJ_KILLED"
"2017004630","0921","2","0","0","0","0","0","0","0","0","4","0","","02","1","2017","4","40.371054","-79.788363","0921","11","0","0","0","0","0","0","0","0","2","0","0","0","","","3","","1","","40 22:15.793","6","0","79 47:18.107","8","0","0","0","2111","0","0","0","N","0","0","0","4","02111","0","","1.0","","1","N","N","","0","","0","0","0","","2","N","","2","3","1","0","0","3","0","2","0","2","","","","N","","","","","","","","","",""
"2017023094","0829","0","0","0","0","0","0","0","0","0","3","1","","02","2","2017","2","40.600445","-79.967765","0829","11","0","0","0","0","0","0","0","1","2","0","1","0","","","0","","2","","40 36:01.603","3","0","79 58:03.954","0","0","0","0","2207","0","0","0","N","0","0","0","2","02207","0","","1.0","","1","N","N","","0","","0","0","1","","3","N","","2","0","0","0","0","0","0","2","0","2","","","","N","","","","","","","","","",""
"2017023426","0839","1","0","0","0","0","0","0","0","0","4","0","","02","3","2017","4","40.489267","-80.295231","0834","11","0","0","0","0","0","1","0","0","1","0","0","0","","","1","","1","","40 29:21.362","2","0","80 17:42.831","4","0","0","0","2203","0","0","0","N","0","0","0","3","02203","1","","1.0","","9","N","N","","0","","0","0","0","","2","Y","","2","1","0","0","0","0","0","2","1","2","","","","N","","","","","","","","","",""
"2017003329","2131","2","0","0","0","0","0","0","0","0","4","0","","02","1","2017","1","40.453082","-79.980335","2124","11","0","0","1","0","0","0","0","0","1","0","0","0","","","1","","1","","40 27:11.095","1","0","79 58:49.206","3","0","0","0","2301","0","0","0","N","0","0","0","5","02301","0","","1.0","","1","N","N","","0","","1","0","0","","0","Y","","2","1","0","0","0","0","0","2","0","2","","","","N","","","","","","","","","",""
"2017012379","1659","1","0","0","0","0","0","0","0","0","1","0","","02","1","2017","2","40.595836","-79.770694","1651","11","0","0","0","0","0","0","0","0","2","0","0","0","","","2","","0","","40 35:45.011","2","0","79 46:14.497","3","0","0","0","2104","0","0","0","","0","0","0","2","68D02","0","","1.0","","1","N","N","","0","","1","0","1","","0","N","","2","2","0","0","0","1","0","1","0","2","","","","N","","","","","","","","","",""
"2017004911","2356","0","0","0","0","0","0","0","0","0","7","0","","02","1","2017","3","40.422697","-80.049863","2356","11","0","0","0","1","0","0","0","0","3","0","0","0","","","0","","2","","40 25:21.709","2","0","80 02:59.507","0","0","0","0","2435","0","0","0","N","0","0","0","1","02435","0","","4.0","","9","N","N","","1","","0","0","0","","0","N","","1","0","0","0","0","0","0","2","0","1","","","","N","","","","","","","","","",""
"2017002700","0458","1","0","0","0","0","0","0","0","0","7","0","","02","1","2017","6","40.640361","-80.089709","0458","11","0","0","0","0","0","0","0","0","","0","0","0","","","0","","2","","40 38:25.300","","0","80 05:22.954","0","0","0","0","2212","0","0","0","N","0","0","0","2","02505","0","","2.0","","7","N","N","","0","","0","0","0","","3","","","1","0","0","0","0","0","0","2","0","1","","","","N","","","","","","","","","",""
"2017002701","2321","1","0","0","0","0","0","0","0","0","7","0","","02","1","2017","6","40.442774","-80.039619","2309","11","0","0","0","0","0","1","0","0","","0","0","0","","","0","","0","","40 26:33.986","","0","80 02:22.628","9","0","0","0","2301","0","0","0","N","0","0","0","1","02301","0","","2.0","","1","N","N","","0","","0","0","0","","0","","","1","0","0","0","0","0","1","2","0","1","","","","N","","","","","","","","","",""
"2017025578","1819","2","0","0","0","0","0","0","0","0","1","0","","02","2","2017","5","40.54532","-80.037721","1817","11","0","0","0","0","0","0","0","0","1","0","0","0","","","0","","2","","40 32:43.151","3","0","80 02:15.797","0","0","0","0","2116","0","0","0","N","0","0","0","5","02116","0","","1.0","","1","N","N","","0","","0","0","1","","0","N","","3","0","0","0","0","0","0","2","0","3","","","","N","","","","","","","","","",""
"2017002389","0805","1","0","0","0","0","0","0","0","0","4","0","","02","1","2017","6","40.425062","-80.008611","0752","11","0","0","0","0","0","0","0","0","","0","0","0","","","0","","2","","40 25:30.223","","0","80 00:30.999","0","0","0","0","2301","0","0","0","N","0","0","0","7","02301","0","","1.0","","7","Y","N","","0","","0","0","0","","0","","","2","0","0","0","0","0","0","2","1","2","","","","N","","","","","","","","","",""
"2017003028","2142","1","0","0","0","0","0","0","0","0","4","0","","02","1","2017","7","40.46015","-79.924544","2138","11","0","1","0","0","0","1","0","0","","0","0","0","","","0","","1","","40 27:36.541","","0","79 55:28.358","0","0","0","0","2301","0","0","0","N","0","0","0","3","02301","0","","1.0","","1","N","N","","0","","0","0","1","","2","","","2","0","0","0","0","0","0","2","0","2","","","","N","","","","","","","","","",""
"2017002136","1740","4","0","0","0","0","0","0","0","0","1","0","","02","1","2017","5","40.45558","-79.966254","1710","11","0","0","0","0","0","1","0","0","","0","0","0","","","1","","10","","40 27:20.089","","0","79 57:58.514","3","0","0","0","2301","0","0","0","N","0","0","0","5","02301","0","","1.0","","2","N","N","","0","","1","0","0","","0","","","4","1","0","0","0","0","0","2","0","4","","","","N","","","","","","","","","",""
"2017006243","0525","3","0","0","0","0","0","0","0","0","1","0","","02","1","2017","7","40.424133","-79.939907","0509","11","0","0","0","0","0","0","0","0","","0","0","0","","","0","","0","","40 25:26.878","","0","79 56:23.665","0","0","0","0","2301","0","0","0","N","0","0","0","2","02301","0","","6.0","","1","N","N","","0","","0","0","0","","0","","","3","0","0","0","0","0","0","2","0","3","","","","N","","","","","","","","","",""
"2017002483","1032","1","0","0","0","0","0","0","0","0","2","0","","02","1","2017","6","40.398333","-80.0263","1030","11","0","0","0","0","0","0","0","1","","0","0","0","","","0","","1","","40 23:53.997","","0","80 01:34.680","0","0","0","0","2301","0","0","0","N","0","0","0","3","02301","0","","1.0","","9","N","N","","1","","0","0","0","","2","","","2","0","0","0","0","0","0","2","0","2","","","","N","","","","","","","","","",""
"2017005535","0020","0","0","0","0","0","0","0","0","0","7","0","","02","1","2017","6","40.367077","-79.778439","0014","11","0","0","0","0","0","0","0","0","1","0","0","0","","","0","","2","","40 22:01.478","3","0","79 46:42.380","0","0","0","0","2111","0","0","0","N","0","0","0","1","02111","0","","5.0","","2","N","N","","1","","0","0","0","","0","N","","1","0","0","0","0","0","0","2","0","1","","","","N","","","","","","","","","",""
"2017003176","2228","1","0","0","0","0","0","0","0","0","1","0","","02","1","2017","7","40.451635","-79.983229","2223","11","0","0","0","0","0","0","0","0","2","0","0","0","","","0","","0","","40 27:05.886","4","0","79 58:59.623","0","0","0","0","2301","0","0","0","N","0","0","0","1","02301","0","","6.0","","1","N","N","","2","","0","0","0","","0","N","","3","0","0","0","0","0","0","2","0","3","","","","N","","","","","","","","","",""
"2017000749","0232","1","0","0","0","0","0","0","0","0","1","0","","02","1","2017","4","40.478908","-80.043019","0228","11","0","0","1","1","0","0","0","0","1","0","0","0","","","2","","2","","40 28:44.067","3","0","80 02:34.868","8","0","0","0","2301","0","0","0","N","0","0","0","3","02301","0","","1.0","","9","N","N","","0","","0","0","1","","0","N","","2","2","0","0","0","2","0","2","0","2","","","","N","","","","","","","","","",""
"2017020655","0448","2","0","0","0","0","0","0","0","0","7","0","","02","2","2017","1","40.448519","-80.012794","0444","11","0","0","0","0","0","0","0","0","2","0","0","0","","","1","","6","","40 26:54.669","2","8","80 00:46.057","3","0","0","0","2301","0","0","0","","0","0","0","2","68B03","0","","7.0","","1","N","N","","0","","1","0","0","","0","N","","2","1","0","0","0","0","0","2","0","2","","","","N","","","","","","","","","",""
"2017015227","1335","0","0","0","0","0","0","0","0","0","8","0","","02","2","2017","3","40.437098","-79.955004","1330","11","0","0","0","0","0","0","0","0","","0","0","0","","","1","","2","","40 26:13.552","","0","79 57:18.014","3","0","0","0","2301","1","0","0","N","1","0","0","2","02301","0","","1.0","","9","N","N","","0","","1","0","1","","0","","","2","1","0","0","0","0","0","2","0","1","","","","N","","","","","","","","","",""
"2017018422","0628","1","0","0","0","0","0","0","0","0","7","0","","02","1","2017","3","40.632619","-79.731095","0628","11","0","0","0","0","0","0","0","0","","0","0","0","","","0","","0","","40 37:57.428","","0","79 43:51.943","0","0","0","0","2106","0","0","0","","0","0","0","1","68D02","0","","4.0","","7","N","N","","0","","0","0","0","","0","","","1","0","0","0","0","0","0","2","0","1","","","","N","","","","","","","","","",""
"2017018733","0045","2","0","0","0","0","0","0","0","0","5","0","","02","2","2017","7","40.423716","-79.977565","0043","11","0","0","0","0","0","0","0","0","2","0","0","0","","","1","","0","","40 25:25.377","5","0","79 58:39.234","3","0","0","0","2301","0","0","0","N","0","0","0","1","02301","0","","6.0","","1","N","N","","2","","1","0","3","","0","Y","","7","1","1","0","0","0","0","2","0","7","","","","N","","","","","","","","","",""
"2017006488","1500","1","0","0","0","0","0","0","0","0","1","0","","02","1","2017","2","40.504425","-80.083164","1459","11","0","0","0","0","0","0","0","0","1","0","0","0","","","1","","2","","40 30:15.930","2","0","80 04:59.389","8","0","0","0","2405","0","0","0","N","0","0","0","2","02215","0","","1.0","","1","N","N","","0","","0","0","1","","0","N","","2","1","0","0","0","1","0","2","0","2","","","","N","","","","","","","","","",""
"2017016695","2359","1","0","0","0","0","0","0","0","0","1","0","","02","2","2017","4","40.435957","-79.956133","2359","11","0","0","0","0","0","0","0","0","2","0","0","0","","","0","","1","","40 26:09.445","1","0","79 57:22.078","0","0","0","0","2301","0","0","0","N","0","0","0","2","02301","0","","1.0","","7","N","N","","1","","0","0","0","","3","N","","2","0","0","0","0","0","0","2","0","2","","","","N","","","","","","","","","",""
"2017020657","1637","1","0","0","0","0","0","0","0","0","1","0","","02","2","2017","1","40.425944","-79.911673","1610","11","0","0","0","0","0","0","0","0","","0","0","0","","","1","","0","","40 25:33.399","","3","79 54:42.022","3","0","0","0","2301","0","0","0","","0","0","0","3","68B03","0","","1.0","","1","N","N","","0","","1","0","0","","0","","","2","1","0","0","0","0","0","2","1","2","","","","N","","","","","","","","","",""
"2017002664","2013","0","0","0","0","0","0","0","0","0","1","0","","02","1","2017","5","40.402719","-80.028075","1958","11","0","0","0","0","0","0","0","0","","0","0","0","","","1","","1","","40 24:09.788","","0","80 01:41.070","4","0","0","0","2301","0","0","0","N","0","0","0","2","02301","1","","1.0","","2","N","N","","1","","0","0","1","","3","","","2","1","0","0","0","0","0","2","0","2","","","","N","","","","","","","","","",""
"2017020760","0219","1","0","0","0","0","0","0","0","0","99","0","","02","2","2017","5","40.396662","-79.874409","0211","11","0","0","0","0","0","0","0","0","2","0","0","0","","","0","","0","","40 23:47.984","2","0","79 52:27.873","9","0","0","0","2473","0","0","0","N","0","0","0","1","02473","0","","5.0","","9","N","N","","0","","0","0","0","","0","N","","1","0","0","0","0","0","1","2","0","1","","","","N","","","","","","","","","",""
"2017017949","1745","1","0","0","0","0","0","0","0","0","1","0","","02","2","2017","5","40.42782","-80.030336","1735","11","0","1","0","0","0","0","0","0","","0","0","0","","","1","","0","","40 25:40.151","","0","80 01:49.211","3","0","0","0","2301","0","0","0","","0","0","0","7","68B03","0","","1.0","","1","N","N","","1","","1","0","1","","0","","","3","1","0","0","0","0","0","2","0","3","","","","N","","","","","","","","","",""
"2017016917","1742","1","0","0","0","0","0","0","0","0","8","0","","02","2","2017","7","40.45208","-79.930982","1737","11","0","0","0","0","0","0","0","1","1","0","0","0","","","1","","1","","40 27:07.488","2","0","79 55:51.535","3","0","0","0","2301","1","0","0","N","1","0","0","2","02301","0","","1.0","","1","N","N","","0","","1","0","0","","2","N","","2","1","0","0","0","0","0","2","0","1","","","","N","","","","","","","","","",""
"2017020759","1343","1","0","0","0","0","0","0","0","0","1","0","","02","2","2017","3","40.563078","-79.966385","1340","11","0","0","0","0","0","0","0","0","","0","0","0","","","0","","1","","40 33:47.081","","0","79 57:58.985","0","0","0","0","2207","0","0","0","N","0","0","0","4","02207","0","","1.0","","1","N","N","","0","","0","0","1","","3","","","2","0","0","0","0","0","0","2","0","2","","","","N","","","","","","","","","",""
"2017020086","1100","1","0","0","0","0","0","0","0","0","4","0","","02","2","2017","1","40.453082","-79.980335","1042","11","0","0","0","0","0","0","0","0","1","0","0","0","","","0","","1","","40 27:11.095","7","0","79 58:49.206","0","0","0","0","2301","0","0","0","N","0","0","0","2","02301","0","","1.0","","1","N","N","","0","","0","0","1","","0","Y","","2","0","0","0","0","0","0","2","0","2","","","","N","","","","","","","","","",""
"2017003004","1734","1","0","0","0","0","0","0","0","0","7","0","","02","1","2017","3","40.499734","-79.980152","1734","11","0","0","0","0","0","0","0","0","","0","0","0","","","0","","3","","40 29:59.041","","0","79 58:48.548","0","0","0","0","2118","0","0","0","N","0","0","0","1","02118","0","","5.0","","1","N","N","","0","","0","0","0","","2","","","1","0","0","0","0","0","0","2","0","1","","","","N","","","","","","","","","",""
"2017000248","0635","1","0","0","0","0","0","0","0","0","4","0","","02","1","2017","2","40.406379","-79.826847","0634","11","0","0","0","0","0","1","0","0","1","0","0","0","","","1","","1","","40 24:22.965","1","0","79 49:36.649","8","0","0","0","2467","0","0","0","Y","0","0","0","2","02467","0","","1.0","","9","N","N","","1","","0","0","0","","2","N","","2","1","0","0","0","1","0","2","0","2","","","","N","","","","","","","","","",""
"2017019979","0048","3","0","0","0","0","0","0","0","0","4","0","","02","2","2017","1","40.470662","-79.933021","0048","11","0","0","0","0","0","0","0","0","1","0","0","0","","","1","","0","","40 28:14.383","6","0","79 55:58.875","8","0","0","0","2301","0","0","0","N","0","0","0","1","02301","0","","6.0","","1","N","N","","0","","0","0","0","","0","Y","","3","1","0","0","0","1","0","2","0","3","","","","N","","","","","","","","","",""
"2017000219","1417","1","0","0","0","0","0","0","0","0","7","0","","02","1","2017","1","40.486275","-79.913459","1406","11","0","0","0","0","0","0","0","0","1","0","0","0","","","0","","0","","40 29:10.590","3","0","79 54:48.452","0","0","0","0","2301","0","0","0","N","0","0","0","1","02301","0","","2.0","","1","N","N","","0","","0","0","0","","0","N","","1","0","0","0","0","0","0","2","0","1","","","","N","","","","","","","","","",""
"2017016277","0120","1","0","1","0","0","0","0","0","0","7","0","","02","2","2017","6","40.483432","-79.907943","0113","11","0","0","0","0","0","0","0","0","1","0","0","0","","","1","","0","","40 29:00.355","1","0","79 54:28.596","2","0","0","0","2301","0","0","0","N","0","0","0","1","02301","0","","5.0","","2","N","N","","0","","0","1","0","","0","N","","1","1","0","0","0","0","0","2","0","1","","","","N","","","","","","","","","",""
"2017019912","1655","3","0","0","0","0","0","0","0","0","1","0","","02","2","2017","7","40.338945","-79.968281","1654","11","1","0","0","0","1","0","0","0","","0","0","0","","","0","","0","","40 20:20.201","","0","79 58:05.810","0","0","0","0","2454","0","0","0","N","0","0","0","4","02454","0","","1.0","","1","N","N","","0","","0","0","0","","0","","","3","0","0","0","0","0","0","2","0","3","","","","N","","","","","","","","","",""
"2017019533","1718","1","0","0","0","0","0","0","0","0","6","0","","02","2","2017","3","40.565815","-79.975677","1709","11","0","0","0","0","0","0","1","0","2","0","0","0","","","0","","0","","40 33:56.934","6","0","79 58:32.437","0","0","0","0","2207","0","0","0","N","0","0","0","2","02207","0","","1.0","","1","N","N","","0","","0","0","1","","0","N","","2","0","0","0","0","0","0","2","0","2","","","","N","","","","","","","","","",""
"2017002272","2159","0","0","0","0","0","0","0","0","0","7","0","","02","1","2017","5","40.449318","-80.002781","2149","11","0","0","0","0","0","0","0","0","1","0","0","0","","","1","","0","","40 26:57.546","1","0","80 00:10.013","8","0","0","0","2301","0","0","0","N","0","0","0","1","02301","0","","2.0","","2","N","N","","1","","0","0","0","","0","N","","1","1","0","0","0","1","0","2","0","1","","","","N","","","","","","","","","",""
"2017020088","1105","1","0","0","0","0","0","0","0","0","7","0","","02","2","2017","5","40.364724","-79.869713","1055","11","0","0","0","0","0","1","0","0","1","0","0","0","","","0","","5","","40 21:53.006","3","0","79 52:10.966","0","0","0","0","2473","0","0","0","N","0","0","0","1","02473","0","","5.0","","9","N","N","","0","","0","0","0","","3","N","","1","0","0","0","0","0","0","2","0","1","","","","N","","","","","","","","","",""
"2017002719","2120","1","0","0","0","0","0","0","0","0","7","0","","02","1","2017","3","40.541042","-79.804943","2116","11","0","0","0","0","0","0","0","0","1","0","0","0","","","1","","0","","40 32:27.751","7","0","79 48:17.794","8","0","0","0","2418","0","0","0","Y","0","0","0","1","02418","0","","9.0","","1","N","N","","0","","0","0","0","","0","Y","","1","1","0","0","0","1","0","2","0","1","","","","N","","","","","","","","","",""
"2017019530","0820","1","0","0","0","0","0","0","0","0","1","0","","02","2","2017","6","40.578164","-79.958264","0815","11","1","0","0","0","0","1","0","0","1","0","0","0","","","0","","2","","40 34:41.392","1","0","79 57:29.750","0","0","0","0","2207","0","0","0","N","0","0","0","2","02207","0","","1.0","","1","N","N","","1","","0","0","0","","3","N","","2","0","0","0","0","0","0","2","0","2","","","","N","","","","","","","","","",""
"2017017083","1503","1","0","0","0","0","0","0","0","0","7","0","","02","2","2017","2","40.451207","-79.883432","1441","11","0","0","1","0","0","0","0","0","3","0","0","0","","","0","","0","","40 27:04.345","1","0","79 53:00.356","9","0","0","0","2301","0","0","0","N","0","0","0","2","02301","0","","5.0","","1","N","N","","0","","0","0","0","","0","N","","1","0","1","0","0","0","1","2","0","1","","","","N","","","","","","","","","",""
"2017001594","0724","0","0","0","0","0","0","0","0","0","1","0","","02","1","2017","3","40.411651","-80.076291","0718","11","0","0","0","0","0","1","0","0","","0","0","0","","","1","","6","","40 24:41.945","","2","80 04:34.647","8","0","0","0","2117","0","0","0","","0","0","0","2","68B03","0","","1.0","","9","N","N","","0","","0","0","1","","4","","","2","1","0","0","0","1","0","2","1","2","","","","N","","","","","","","","","",""
"2017020085","1108","0","0","0","0","0","0","0","0","0","1","0","","02","2","2017","1","40.557163","-79.970588","1105","11","0","0","0","0","0","1","0","0","2","0","0","0","","","1","","3","","40 33:25.788","1","0","79 58:14.115","4","0","0","0","2207","0","0","0","N","0","0","0","2","02207","1","","1.0","","1","N","N","","1","","0","0","1","","0","N","","2","1","0","0","0","0","0","2","0","2","","","","N","","","","","","","","","",""
"2017022050","1420","2","0","0","0","0","0","0","0","0","4","0","","02","2","2017","3","40.526233","-80.210104","1418","11","0","0","0","0","0","0","1","0","2","0","0","0","","","3","","0","","40 31:34.438","5","0","80 12:36.373","3","0","0","0","2213","0","0","0","","0","0","0","3","02213","1","","1.0","","1","N","N","","0","","2","0","0","","0","N","","2","3","0","0","0","0","0","2","0","2","","","","N","","","","","","","","","",""
"2017020390","1550","1","0","0","0","0","0","0","0","0","4","0","","02","2","2017","2","40.436759","-79.758148","1540","11","0","0","0","0","0","0","1","0","","0","0","0","","","0","","1","","40 26:12.333","","0","79 45:29.333","0","0","0","0","2446","0","0","0","N","0","0","0","2","02446","0","","1.0","","1","N","N","","0","","0","0","1","","2","","","2","0","0","0","0","0","0","2","0","2","","","","N","","","","","","","","","",""
"2017006567","0402","1","0","0","0","0","0","0","0","0","7","0","","02","1","2017","2","40.464599","-79.820334","0358","11","0","0","0","0","0","0","0","0","1","0","0","0","","","1","","0","","40 27:52.556","2","0","79 49:13.202","8","0","0","0","2113","0","0","0","N","0","0","0","1","02113","0","","2.0","","1","N","N","","0","","0","0","0","","0","N","","1","1","1","0","0","1","0","2","0","1","","","","N","","","","","","","","","",""
"2017000389","1736","0","0","0","0","0","0","0","0","0","1","0","","02","1","2017","2","40.336013","-80.067794","1734","11","0","0","0","0","0","1","0","0","1","0","0","0","","","0","","0","","40 20:09.647","5","0","80 04:04.059","0","0","0","0","2123","0","0","0","N","0","0","0","9","02123","0","","1.0","","9","N","N","","0","","0","0","2","","0","N","","3","0","0","0","0","0","0","2","1","3","","","","N","","","","","","","","","",""
"2017019957","1645","1","0","0","0","0","0","0","0","0","1","0","","02","2","2017","7","40.433733","-79.743226","1642","11","0","0","0","0","0","1","0","0","2","0","0","0","","","2","","2","","40 26:01.437","6","0","79 44:35.614","3","0","0","1","2446","0","0","0","N","0","0","0","3","02446","0","","1.0","","1","N","N","","0","","2","0","0","","0","Y","","2","2","0","0","0","0","0","2","0","2","","","","N","","","","","","","","","",""
"2017015842","0035","1","0","0","0","0","0","0","0","0","7","0","","02","2","2017","5","40.443015","-80.052733","0030","11","0","0","0","0","0","0","0","0","","0","0","0","","","0","","2","","40 26:34.854","","0","80 03:09.838","0","0","0","0","2301","0","0","0","N","0","0","0","1","02301","0","","4.0","","7","N","N","","0","","0","0","0","","0","","","2","0","0","0","0","0","0","2","0","1","","","","N","","","","","","","","","",""
"2017015464","0209","0","0","0","0","0","0","0","0","0","8","0","","02","2","2017","1","40.462689","-79.827911","0208","11","0","0","0","0","0","0","0","0","","0","0","0","","","1","","0","","40 27:45.680","","0","79 49:40.480","2","0","0","0","2113","1","0","1","N","1","0","1","2","02113","0","","1.0","","1","N","N","","0","","0","1","1","","0","","","2","1","0","0","0","0","1","2","0","1","","","","N","","","","","","","","","",""
"2017020945","0219","2","0","0","0","0","0","0","0","0","5","0","","02","2","2017","4","40.432688","-80.019722","0215","11","0","0","0","0","0","0","0","0","","0","0","0","","","0","","0","","40 25:57.676","","0","80 01:10.999","9","0","0","0","2301","0","0","0","N","0","0","0","1","02301","0","","6.0","","1","N","N","","0","","0","0","0","","0","","","2","0","0","0","0","0","1","2","0","2","","","","N","","","","","","","","","",""
"2017017046","0640","1","0","0","0","0","0","0","0","0","7","0","","02","2","2017","1","40.429914","-79.714241","0636","11","0","0","0","1","0","0","0","0","","0","0","0","","","4","","0","","40 25:47.691","","7","79 42:51.269","8","0","0","0","2446","0","0","0","N","0","0","0","5","02446","0","","5.0","","9","N","N","","0","","0","0","0","","0","","","1","4","0","0","0","4","0","2","0","1","","","","N","","","","","","","","","",""
"2017019498","1346","1","0","0","0","0","0","0","0","0","4","0","","02","2","2017","5","40.431603","-79.784881","1341","11","0","0","0","0","0","0","0","0","1","0","0","0","","","0","","0","","40 25:53.770","6","0","79 47:05.570","0","0","0","0","2446","0","0","0","N","0","0","0","2","02446","0","","1.0","","1","N","N","","0","","0","0","1","","0","N","","2","0","0","0","0","0","0","2","0","2","","","","N","","","","","","","","","",""
"2017019547","1207","2","0","0","0","0","0","0","0","0","4","0","","02","2","2017","6","40.319505","-80.026949","1206","11","0","0","0","0","0","0","0","2","","0","0","0","","","4","","1","","40 19:10.219","","0","80 01:37.015","3","0","0","0","2407","0","0","0","","0","0","0","4","02407","0","","1.0","","1","N","N","","0","","4","0","0","","2","","","2","4","0","0","0","0","0","2","0","2","","","","N","","","","","","","","","",""
"2017015916","0604","1","0","0","0","0","0","0","0","0","7","0","","02","2","2017","5","40.473674","-79.856493","0558","11","0","0","0","0","0","0","0","0","2","0","0","0","","","0","","2","","40 28:25.228","2","0","79 51:23.374","0","0","0","0","2113","0","0","0","Y","0","0","0","1","02113","0","","5.0","","6","N","N","","0","","0","0","0","","0","N","","1","0","0","0","0","0","0","2","0","1","","","","N","","","","","","","","","",""
"2017020924","0335","2","0","0","0","0","0","0","0","0","1","0","","02","2","2017","6","40.416384","-79.975941","0330","11","0","0","0","0","1","0","0","0","","0","0","0","","","1","","0","","40 24:58.982","","0","79 58:33.386","8","0","0","0","2301","0","0","0","N","0","0","0","2","02301","0","","4.0","","1","N","N","","0","","0","0","1","","0","","","3","1","0","0","0","1","0","2","0","3","","","","N","","","","","","","","","",""
"2017016801","0932","2","0","0","0","0","0","0","0","0","1","0","","02","2","2017","2","40.433508","-79.731753","0929","11","0","0","0","0","0","1","0","0","1","0","0","0","","","1","","1","","40 26:00.629","3","0","79 43:54.312","4","0","0","0","2446","0","0","0","N","0","0","0","2","02446","1","","1.0","","1","N","N","","0","","0","0","0","","2","N","","2","1","0","0","0","0","0","2","0","2","","","","N","","","","","","","","","",""
"2017015458","0621","1","0","0","0","0","0","0","0","0","8","0","","02","2","2017","3","40.429979","-79.957805","0618","11","0","0","0","0","0","0","0","0","","0","0","0","","","1","","10","","40 25:47.923","","7","79 57:28.097","8","0","0","0","2301","1","0","0","N","1","0","0","2","02301","0","","9.0","","9","N","N","","0","","0","0","0","","0","","","2","1","0","0","0","1","0","2","0","1","","","","N","","","","","","","","","",""
"2017019549","0730","2","0","0","0","0","0","0","0","0","1","0","","02","2","2017","5","40.33716","-80.009423","0715","11","0","0","0","0","0","0","0","0","","0","0","0","","","0","","2","","40 20:13.776","","0","80 00:33.923","0","0","0","0","2407","0","0","0","","0","0","0","2","02407","0","","1.0","","1","N","N","","0","","0","0","0","","3","","","2","0","0","0","0","0","0","2","0","2","","","","N","","","","","","","","","",""
"2017016011","0945","1","0","0","0","0","0","0","0","0","6","0","","02","2","2017","5","40.450187","-79.839736","0937","11","0","0","0","0","0","1","0","0","2","0","0","0","","","0","","0","","40 27:00.673","5","0","79 50:23.049","0","0","0","0","2113","0","0","0","N","0","0","0","2","02113","0","","1.0","","7","N","N","","0","","0","0","1","","0","Y","","2","0","1","0","0","0","0","2","0","2","","","","N","","","","","","","","","",""
"2017021302","2020","2","0","0","0","0","0","0","0","0","5","0","","02","2","2017","4","40.392135","-80.017745","2020","11","0","0","0","0","0","0","0","0","","0","0","0","","","0","","2","","40 23:31.686","","0","80 01:03.882","0","0","0","0","2301","0","0","0","N","0","0","0","1","02301","0","","4.0","","1","N","N","","0","","0","0","0","","3","","","2","0","0","0","0","0","0","2","0","2","","","","N","","","","","","","","","",""