"CRN","ARRIVAL_TM","AUTOMOBILE_COUNT","BELTED_DEATH_COUNT","BELTED_SUSP_SERIOUS_INJ_COUNT","BICYCLE_COUNT","BICYCLE_DEATH_COUNT","BICYCLE_SUSP_SERIOUS_INJ_COUNT","BUS_COUNT","CHLDPAS_DEATH_COUNT","CHLDPAS_SUSP_SERIOUS_INJ_COUNT","COLLISION_TYPE","COMM_VEH_COUNT","CONS_ZONE_SPD_LIM","COUNTY","CRASH_MONTH","CRASH_YEAR","DAY_OF_WEEK","DEC_LATITUDE","DEC_LONGITUDE","DISPATCH_TM","DISTRICT","DRIVER_COUNT_16YR","DRIVER_COUNT_17YR","DRIVER_COUNT_18YR","DRIVER_COUNT_19YR","DRIVER_COUNT_20YR","DRIVER_COUNT_50_64YR","DRIVER_COUNT_65_74YR","DRIVER_COUNT_75PLUS","EST_HRS_CLOSED","FATAL_COUNT","HEAVY_TRUCK_COUNT","HORSE_BUGGY_COUNT","HOUR_OF_DAY","ILLUMINATION","INJURY_COUNT","INTERSECTION_RELATED","INTERSECT_TYPE","LANE_CLOSED","LATITUDE","LN_CLOSE_DIR","LOCATION_TYPE","LONGITUDE","MAX_SEVERITY_LEVEL","MCYCLE_DEATH_COUNT","MCYCLE_SUSP_SERIOUS_INJ_COUNT","MOTORCYCLE_COUNT","MUNICIPALITY","NONMOTR_COUNT","NONMOTR_DEATH_COUNT","NONMOTR_SUSP_SERIOUS_INJ_COUNT","NTFY_HIWY_MAINT","PED_COUNT","PED_DEATH_COUNT","PED_SUSP_SERIOUS_INJ_COUNT","PERSON_COUNT","POLICE_AGCY","POSSIBLE_INJ_COUNT","RDWY_SURF_TYPE_CD","RELATION_TO_ROAD","ROADWAY_CLEARED","ROAD_CONDITION","SCH_BUS_IND","SCH_ZONE_IND","SECONDARY_CRASH","SMALL_TRUCK_COUNT","SPEC_JURIS_CD","SUSP_MINOR_INJ_COUNT","SUSP_SERIOUS_INJ_COUNT","SUV_COUNT","TCD_FUNC_CD","TCD_TYPE","TFC_DETOUR_IND","TIME_OF_DAY","TOTAL_UNITS","TOT_INJ_COUNT","UNBELTED_OCC_COUNT","UNB_DEATH_COUNT","UNB_SUSP_SERIOUS_INJ_COUNT","UNK_INJ_DEG_COUNT","UNK_INJ_PER_COUNT","URBAN_RURAL","VAN_COUNT","VEHICLE_COUNT","WEATHER1","WEATHER2","WORKERS_PRES","WORK_ZONE_IND","WORK_ZONE_LOC","WORK_ZONE_TYPE","WZ_CLOSE_DETOUR","WZ_FLAGGER","WZ_LAW_OFFCR_IND","WZ_LN_CLOSURE","WZ_MOVING","WZ_OTHER","WZ_SHLDER_MDN","WZ_WORKERS_INJ_KILLED"
"2017021789","0251","0","0","0","0","0","0","0","0","0","7","0","","02","2","2017","5","40.442427","-79.818582","0220","11","0","0","0","0","0","1","0","0","","0","0","0","","","0","","0","","40 26:32.736","","0","79 49:06.896","0","0","0","0","2124","0","0","0","","0","0","0","1","68B03","0","","3.0","","7","N","N","","0","","0","0","1","","0","","","1","0","0","0","0","0","0","2","0","1","","","","N","","","","","","","","","",""
"2017019354","1918","1","0","0","0","0","0","0","0","0","4","0","","02","2","2017","5","40.436801","-79.927708","1917","11","0","0","0","0","0","1","0","0","1","0","0","0","","","0","","1","","40 26:12.483","1","0","79 55:39.748","0","0","0","0","2301","0","0","0","N","0","0","0","2","02301","0","","1.0","","1","N","N","","0","","0","0","1","","3","Y","","2","0","0","0","0","0","0","2","0","2","","","","N","","","","","","","","","",""
"2017006219","2151","1","0","0","0","0","0","0","0","0","7","0","","02","1","2017","6","40.443197","-80.061838","2149","11","0","0","0","0","0","0","0","0","3","0","0","0","","","1","","0","","40 26:35.509","6","0","80 03:42.616","8","0","0","0","2439","0","0","0","N","0","0","0","8","02439","0","","2.0","","1","N","N","","0","","0","0","1","","0","Y","","2","1","0","0","0","1","0","2","0","2","","","","N","","","","","","","","","",""
"2017003450","0752","1","0","0","0","0","0","0","0","0","6","0","","02","1","2017","2","40.383327","-80.193443","0746","11","0","0","0","0","0","0","0","0","","0","0","0","","","0","","3","","40 22:59.976","","0","80 11:36.393","0","0","0","0","2119","0","0","0","N","0","0","0","2","02119","0","","1.0","","2","N","N","","0","","0","0","1","","3","","","2","0","0","0","0","0","0","2","0","2","","","","N","","","","","","","","","",""
"2017024013","1851","3","0","1","0","0","0","0","0","0","4","0","","02","2","2017","6","40.576692","-80.222432","1849","11","0","0","0","0","0","0","0","1","2","0","0","0","","","2","","2","","40 34:36.090","1","0","80 13:20.756","2","0","0","0","2441","0","0","0","N","0","0","0","5","02441","1","","1.0","","1","N","N","","0","","0","1","0","","2","N","","3","2","0","0","0","0","0","2","0","3","","","","N","","","","","","","","","",""
"2017021141","1625","1","0","0","0","0","0","0","0","0","1","0","","02","2","2017","5","40.447923","-80.162457","1625","11","0","0","0","0","0","2","0","0","1","0","0","0","","","0","","1","","40 26:52.521","4","0","80 09:44.844","0","0","0","0","2115","0","0","0","","0","0","0","2","02115","0","","1.0","","1","N","N","","0","","0","0","1","","2","N","","2","0","0","0","0","0","0","2","0","2","","","","N","","","","","","","","","",""
"2017004876","1845","1","0","0","0","0","0","0","0","0","8","0","","02","1","2017","4","40.408824","-79.991119","1840","11","0","0","0","0","0","1","0","0","","0","0","0","","","1","","2","","40 24:31.766","","0","79 59:28.028","8","0","0","0","2301","1","0","0","N","1","0","0","2","02301","0","","1.0","","9","N","N","","0","","0","0","0","","0","","","2","1","0","0","0","1","0","2","0","1","","","","N","","","","","","","","","",""
"2017021143","1617","1","0","0","0","0","0","0","0","0","7","0","","02","2","2017","7","40.450199","-80.140093","1614","11","0","0","1","0","0","0","0","0","3","0","0","0","","","0","","1","","40 27:00.715","4","0","80 08:24.335","0","0","0","0","2115","0","0","0","","0","0","0","2","02115","0","","4.0","","1","N","N","","0","","0","0","0","","2","N","","1","0","0","0","0","0","0","2","0","1","","","","N","","","","","","","","","",""
"2017016974","0534","1","0","0","0","0","0","0","0","0","4","1","","02","2","2017","5","40.281384","-79.908669","0531","11","0","0","0","0","0","1","0","0","2","0","1","0","","","1","","2","","40 16:52.982","1","0","79 54:31.207","8","0","0","0","2440","0","0","0","N","0","0","0","4","02440","0","","1.0","","7","N","N","","0","","0","0","1","","0","N","","3","1","0","0","0","1","0","2","0","3","","","","N","","","","","","","","","",""
"2017024943","0830","1","0","0","0","0","0","0","0","0","1","1","","02","2","2017","3","40.43563","-79.968992","0811","11","0","0","0","0","0","0","0","0","3","0","1","0","","","2","","0","","40 26:08.269","3","0","79 58:08.370","8","0","0","0","2301","0","0","0","","0","0","0","4","68B03","0","","1.0","","1","N","N","","0","","0","0","0","","0","N","","2","2","0","0","0","2","1","2","0","2","","","","N","","","","","","","","","",""
"2017003903","1742","1","0","0","0","0","0","0","0","0","2","0","","02","1","2017","2","40.3703","-80.100693","1742","11","0","0","0","0","0","0","1","0","1","0","0","0","","","0","","2","","40 22:13.080","3","0","80 06:02.494","0","0","0","0","2102","0","0","0","N","0","0","0","2","02102","0","","1.0","","1","N","N","","1","","0","0","0","","2","N","","2","0","0","0","0","0","0","2","0","2","","","","N","","","","","","","","","",""
"2017021144","1756","2","0","0","0","0","0","0","0","0","4","0","","02","2","2017","7","40.449096","-80.119429","1755","11","0","0","0","0","0","1","0","0","","0","0","0","","","0","","1","","40 26:56.744","","0","80 07:09.946","0","0","0","0","2115","0","0","0","","0","0","0","6","02115","0","","1.0","","1","N","N","","1","","0","0","0","","0","","","3","0","0","0","0","0","0","2","0","3","","","","N","","","","","","","","","",""
"2017019445","1446","1","0","0","0","0","0","0","0","0","7","0","","02","2","2017","5","40.491239","-79.875846","1420","11","0","0","0","0","0","0","1","0","1","0","0","0","","","0","","0","","40 29:28.460","2","0","79 52:33.044","0","0","0","0","2112","0","0","0","","0","0","0","1","68D02","0","","4.0","","1","N","N","","0","","0","0","0","","0","N","","1","0","0","0","0","0","0","2","0","1","","","","N","","","","","","","","","",""
"2017002099","1631","1","0","0","0","0","0","0","0","0","4","0","","02","1","2017","5","40.445499","-79.856409","1628","11","0","0","1","0","0","0","0","0","1","0","0","0","","","3","","2","","40 26:43.795","4","0","79 51:23.072","3","0","0","0","2419","0","0","0","N","0","0","0","3","02419","1","","1.0","","2","N","N","","0","","2","0","1","","3","N","","2","3","0","0","0","0","0","2","0","2","","","","N","","","","","","","","","",""
"2017019447","1639","1","0","0","0","0","0","0","0","0","1","0","","02","2","2017","6","40.496089","-79.913327","1550","11","0","0","0","0","0","1","1","0","2","0","0","0","","","1","","0","","40 29:45.920","1","3","79 54:47.978","3","0","0","0","2112","0","0","0","","0","0","0","3","68D02","0","","1.0","","1","N","N","","1","","1","0","1","","0","Y","","3","1","0","0","0","0","0","2","0","3","","","","N","","","","","","","","","",""
"2017020082","1106","1","0","0","0","0","0","0","0","0","4","0","","02","2","2017","1","40.442442","-80.00323","1055","11","0","0","0","0","0","0","1","0","","0","0","0","","","0","","1","","40 26:32.791","","0","80 00:11.628","0","0","0","0","2301","0","0","0","N","0","0","0","5","02301","0","","1.0","","1","N","N","","1","","0","0","0","","2","","","2","0","0","0","0","0","0","2","0","2","","","","N","","","","","","","","","",""
"2017006658","1356","0","0","0","0","0","0","0","0","0","4","0","","02","1","2017","1","40.478438","-79.706493","1339","11","0","0","0","0","0","0","0","0","2","0","0","0","","","2","","0","","40 28:42.375","6","0","79 42:23.376","8","0","0","0","2466","0","0","0","N","0","0","0","6","02466","0","","1.0","","1","N","N","","0","","0","0","2","","0","N","","2","2","0","0","0","2","0","2","0","2","","","","N","","","","","","","","","",""
"2017002426","0941","1","0","0","0","0","0","0","0","0","4","0","","02","1","2017","6","40.553459","-79.971254","0935","11","0","0","0","0","0","0","0","0","2","0","0","0","","","1","","2","","40 33:12.454","5","0","79 58:16.516","8","0","0","0","2118","0","0","0","N","0","0","0","3","02118","0","","1.0","","9","N","N","","0","","0","0","1","","3","N","","2","1","0","0","0","1","0","2","0","2","","","","N","","","","","","","","","",""
"2017006774","1203","0","0","0","0","0","0","0","0","0","7","0","","02","1","2017","3","40.520292","-80.174296","1203","11","0","0","0","0","0","1","0","0","2","0","0","0","","","0","","2","","40 31:13.051","5","0","80 10:27.465","0","0","0","0","2420","0","0","0","","0","0","0","1","02420","0","","5.0","","2","N","N","","0","","0","0","1","","0","Y","","1","0","0","0","0","0","0","2","0","1","","","","N","","","","","","","","","",""
"2017019451","1929","1","0","0","0","0","0","0","0","0","1","0","","02","2","2017","7","40.425559","-79.907276","1907","11","0","0","1","0","0","0","0","0","","0","0","0","","","0","","0","","40 25:32.011","","0","79 54:26.194","0","0","0","0","2301","0","0","0","","0","0","0","4","68B03","0","","1.0","","1","N","N","","0","","0","0","2","","0","","","3","0","0","0","0","0","0","2","0","3","","","","N","","","","","","","","","",""
"2017018783","2034","1","0","0","0","0","0","0","0","0","1","0","55","02","2","2017","5","40.533139","-80.272449","2017","11","0","0","0","0","0","0","0","0","1","0","0","0","","","2","","0","","40 31:59.299","4","0","80 16:20.817","8","0","0","0","2203","0","0","0","","0","0","0","2","68B03","0","","1.0","","1","N","N","","1","","0","0","0","","0","N","","2","2","0","0","0","2","0","2","0","2","","","N","Y","4","1","N","N","N","N","N","N","Y",""
"2017006165","0711","1","0","0","0","0","0","0","0","0","1","0","","02","1","2017","2","40.327558","-80.030399","0707","11","0","0","0","0","0","1","0","0","","0","0","0","","","1","","2","","40 19:39.208","","0","80 01:49.436","4","0","0","0","2407","0","0","0","","0","0","0","2","02407","1","","1.0","","1","N","N","","1","","0","0","0","","0","","","2","1","0","0","0","0","0","2","0","2","","","","N","","","","","","","","","",""
"2017019585","0800","0","0","0","0","0","0","0","0","0","7","0","","02","2","2017","6","40.530273","-79.980614","0754","11","0","0","0","0","0","0","1","0","1","0","0","0","","","0","","0","","40 31:48.982","3","0","79 58:50.210","0","0","0","0","2118","0","0","0","N","0","0","0","1","02118","0","","5.0","","2","N","N","","1","","0","0","0","","0","N","","1","0","0","0","0","0","0","2","0","1","","","","N","","","","","","","","","",""
"2017002265","1557","1","0","0","0","0","0","0","0","0","4","0","","02","1","2017","5","40.499734","-79.980152","1552","11","0","0","0","0","0","2","0","0","2","0","0","0","","","1","","3","","40 29:59.041","5","0","79 58:48.548","8","0","0","0","2118","0","0","0","Y","0","0","0","3","02118","0","","1.0","","1","N","N","","0","","0","0","1","","0","N","","2","1","0","0","0","1","0","2","0","2","","","","N","","","","","","","","","",""
"2017019749","0710","0","0","0","0","0","0","0","0","0","7","0","","02","2","2017","6","40.551122","-79.971464","0704","11","1","0","0","0","0","0","0","0","","0","0","0","","","0","","0","","40 33:04.040","","0","79 58:17.271","0","0","0","0","2118","0","0","0","N","0","0","0","1","02118","0","","5.0","","98","N","N","","0","","0","0","1","","0","","","1","0","0","0","0","0","0","2","0","1","","","","N","","","","","","","","","",""
"2017019831","0801","1","0","0","0","0","0","0","0","0","7","0","","02","2","2017","6","40.53207","-79.978681","0751","11","0","0","0","0","0","0","0","0","1","0","0","0","","","0","","2","","40 31:55.452","6","0","79 58:43.251","0","0","0","0","2118","0","0","0","N","0","0","0","1","02118","0","","2.0","","2","N","N","","0","","0","0","0","","0","N","","1","0","0","0","0","0","0","2","0","1","","","","N","","","","","","","","","",""
"2017019456","0747","1","0","0","0","0","0","0","0","0","1","0","","02","2","2017","3","40.421045","-80.045459","0726","11","0","0","0","0","0","1","0","0","","0","0","0","","","0","","0","","40 25:15.762","","0","80 02:43.654","0","0","0","0","2435","0","0","0","","0","0","0","3","68B03","0","","1.0","","1","N","N","","1","","0","0","1","","0","","","3","0","0","0","0","0","0","2","0","3","","","","N","","","","","","","","","",""
"2017004920","0244","1","0","0","0","0","0","0","0","0","7","0","","02","1","2017","5","40.421309","-79.964131","0244","11","0","0","0","0","0","1","0","0","","0","0","0","","","0","","0","","40 25:16.712","","0","79 57:50.871","0","0","0","0","2301","0","0","0","N","0","0","0","1","02301","0","","2.0","","1","N","N","","1","","0","0","0","","0","","","2","0","0","0","0","0","0","2","0","2","","","","N","","","","","","","","","",""
"2017007024","1820","0","0","0","0","0","0","0","0","0","7","0","","02","1","2017","1","40.661472","-80.103139","1820","11","0","0","0","0","0","0","0","1","1","0","0","0","","","0","","0","","40 39:41.300","6","0","80 06:11.300","0","0","0","0","2212","0","0","0","N","0","0","0","1","02505","0","","1.0","","1","N","N","","0","","0","0","1","","0","N","","1","0","0","0","0","0","0","2","0","1","","","","N","","","","","","","","","",""
"2017019837","1222","0","0","0","0","0","0","0","0","0","7","0","","02","2","2017","6","40.528662","-79.984662","1218","11","0","1","0","0","0","0","0","0","1","0","0","0","","","1","","1","","40 31:43.183","6","0","79 59:04.783","8","0","0","0","2118","0","0","0","N","0","0","0","1","02118","0","","2.0","","1","N","N","","1","","0","0","0","","3","Y","","1","1","0","0","0","1","0","2","0","1","","","","N","","","","","","","","","",""
"2017002789","2222","1","0","0","0","0","0","0","0","0","7","0","","02","1","2017","5","40.38655","-80.067419","2220","11","0","0","0","0","0","0","0","0","","0","0","0","","","1","","0","","40 23:11.580","","0","80 04:02.710","8","0","0","0","2109","0","0","0","","0","0","0","1","02109","0","","5.0","","2","N","N","","0","","0","0","0","","0","","","1","1","0","0","0","1","0","2","0","1","","","","N","","","","","","","","","",""
"2017008336","0900","2","0","0","0","0","0","0","0","0","4","0","","02","1","2017","5","40.435281","-79.985284","0850","11","0","0","0","0","0","2","0","0","","0","0","0","","","0","","0","","40 26:07.013","","0","79 59:07.022","0","0","0","0","2301","0","0","0","N","0","0","0","3","02301","0","","1.0","","1","N","N","","0","","0","0","0","","0","","","2","0","0","0","0","0","0","2","0","2","","","","N","","","","","","","","","",""
"2017005465","1743","2","0","0","0","0","0","0","0","0","4","0","","02","1","2017","5","40.430136","-80.008549","1714","11","0","0","0","0","0","0","0","1","","0","0","0","","","1","","2","","40 25:48.489","","0","80 00:30.776","4","0","0","0","2301","0","0","0","N","0","0","0","2","02301","1","","1.0","","9","N","N","","0","","0","0","0","","3","","","2","1","0","0","0","0","0","2","0","2","","","","N","","","","","","","","","",""
"2017020649","0949","0","0","0","0","0","0","0","0","0","5","0","","02","2","2017","6","40.42561","-79.906245","0939","11","0","0","0","0","0","1","0","0","","0","0","0","","","0","","0","","40 25:32.195","","0","79 54:22.483","0","0","0","0","2301","0","0","0","","0","0","0","2","68B03","0","","1.0","","1","N","N","","0","","0","0","2","","0","","","2","0","0","0","0","0","0","2","0","2","","","","N","","","","","","","","","",""
"2017020058","0850","1","0","0","0","0","0","0","0","0","4","0","","02","2","2017","1","40.493436","-79.970873","0839","11","0","0","0","0","0","0","0","1","","0","0","0","","","1","","0","","40 29:36.369","","0","79 58:15.142","4","0","0","0","2118","0","0","0","N","0","0","0","2","02118","1","","1.0","","1","N","N","","0","","0","0","1","","0","","","2","1","0","0","0","0","0","2","0","2","","","","N","","","","","","","","","",""
"2017005101","0755","1","0","0","0","0","0","0","0","0","7","0","","02","1","2017","4","40.380187","-80.086122","0751","11","0","0","0","0","0","1","0","0","","0","0","0","","","0","","0","","40 22:48.673","","0","80 05:10.038","0","0","0","0","2117","0","0","0","Y","0","0","0","1","02117","0","","2.0","","2","N","N","","0","","0","0","0","","0","","","1","0","0","0","0","0","0","2","0","1","","","","N","","","","","","","","","",""
"2017006965","1723","2","0","0","0","0","0","0","0","0","1","0","","02","1","2017","2","40.379623","-79.925521","1651","11","0","0","0","0","0","1","0","0","","0","0","0","","","0","","2","","40 22:46.644","","0","79 55:31.877","0","0","0","0","2301","0","0","0","N","0","0","0","2","02301","0","","1.0","","1","N","N","","0","","0","0","0","","2","","","2","0","0","0","0","0","0","2","0","2","","","","N","","","","","","","","","",""
"2017017537","1352","1","0","0","0","0","0","0","0","0","6","0","","02","2","2017","2","40.537809","-79.834603","1352","11","0","0","0","0","0","0","0","0","1","0","0","0","","","0","","2","","40 32:16.111","2","0","79 50:04.569","0","0","0","0","2208","0","0","0","N","0","0","0","2","02208","0","","1.0","","1","N","N","","1","","0","0","0","","2","N","","2","0","0","0","0","0","0","2","0","2","","","","N","","","","","","","","","",""
"2017024372","0846","1","0","0","0","0","0","0","0","0","4","0","","02","3","2017","2","40.446121","-79.764673","0840","11","0","0","0","0","1","0","0","0","1","0","0","0","","","0","","1","","40 26:46.035","1","0","79 45:52.822","0","0","0","0","2446","0","0","0","N","0","0","0","4","02446","0","","1.0","","9","N","N","","0","","0","0","1","","3","N","","2","0","0","0","0","0","0","2","0","2","","","","N","","","","","","","","","",""
"2017003367","0240","0","0","0","0","0","0","0","0","0","7","0","","02","1","2017","2","40.45559","-79.979269","0233","11","0","0","0","0","0","0","0","0","","0","0","0","","","0","","1","","40 27:20.124","","0","79 58:45.368","0","0","0","0","2301","0","0","0","N","0","0","0","1","02301","0","","2.0","","1","N","N","","0","","0","0","1","","3","","","1","0","0","0","0","0","0","2","0","1","","","","N","","","","","","","","","",""
"2017007553","2119","2","0","0","0","0","0","0","0","0","4","0","","02","1","2017","7","40.362283","-79.978456","2117","11","0","0","0","0","0","0","1","0","","0","0","0","","","1","","1","","40 21:44.218","","0","79 58:42.441","4","0","0","0","2476","0","0","0","","0","0","0","3","02476","1","","1.0","","1","N","N","","0","","0","0","0","","3","","","2","1","0","0","0","0","0","2","0","2","","","","N","","","","","","","","","",""
"2017004373","1922","1","0","0","0","0","0","0","0","0","4","0","","02","1","2017","3","40.441028","-79.993861","1914","11","0","0","0","0","0","0","0","0","","0","0","0","","","0","","0","","40 26:27.700","","0","79 59:37.900","0","0","0","0","2301","0","0","0","N","0","0","0","2","02301","0","","1.0","","1","N","N","","0","","0","0","1","","2","","","2","0","0","0","0","0","0","2","0","2","","","","N","","","","","","","","","",""
"2017006164","2143","0","0","0","0","0","0","0","0","0","7","0","","02","1","2017","5","40.320833","-80.027048","2138","11","0","0","0","0","0","0","0","0","","0","0","0","","","0","","0","","40 19:14.999","","0","80 01:37.372","0","0","0","0","2407","0","0","0","","0","0","0","2","02407","0","","4.0","","7","N","N","","0","","0","0","1","","0","","","1","0","0","0","0","0","0","2","0","1","","","","N","","","","","","","","","",""
"2017024581","1607","1","0","0","0","0","0","0","0","0","1","0","","02","3","2017","6","40.591395","-80.096746","1555","11","0","0","0","0","0","1","0","0","","0","0","0","","","0","","0","","40 35:29.022","","0","80 05:48.286","0","0","0","0","2481","0","0","0","","0","0","0","2","68B03","0","","1.0","","1","N","N","","0","","0","0","1","","0","","","2","0","0","0","0","0","0","2","0","2","","","","N","","","","","","","","","",""
"2017020654","1843","2","0","0","0","0","0","0","0","0","1","0","","02","2","2017","7","40.417825","-80.055317","1830","11","0","0","0","0","0","0","0","0","","0","0","0","","","0","","0","","40 25:04.169","","0","80 03:19.140","0","0","0","0","2435","0","0","0","","0","0","0","2","68B03","0","","1.0","","1","N","N","","0","","0","0","0","","0","","","2","0","0","0","0","0","0","2","0","2","","","","N","","","","","","","","","",""
"2017019468","1732","1","0","0","0","0","0","0","0","0","1","0","","02","1","2017","4","40.403012","-80.106901","1712","11","0","0","0","0","0","0","0","0","","0","0","0","","","1","","0","","40 24:10.844","","0","80 06:24.843","3","0","0","0","2102","0","0","0","","0","0","0","3","68B03","0","","1.0","","1","N","N","","0","","1","0","2","","0","","","3","1","0","0","0","0","0","2","0","3","","","","N","","","","","","","","","",""
"2017029363","2024","1","0","0","0","0","0","0","0","0","5","0","","02","3","2017","5","40.386799","-79.982076","1946","11","0","0","0","0","0","1","0","0","","0","0","0","","","1","","0","","40 23:12.476","","0","79 58:55.473","8","0","0","0","2301","0","0","0","N","0","0","0","1","02301","0","","1.0","","1","N","N","","0","","0","0","1","","0","","","2","1","0","0","0","1","0","2","0","2","","","","N","","","","","","","","","",""
"2017004666","0606","0","0","0","0","0","0","0","0","0","7","0","","02","1","2017","4","40.275957","-79.938619","0553","11","0","0","0","0","0","1","0","0","2","0","0","0","","","0","","0","","40 16:33.446","3","0","79 56:19.029","0","0","0","0","2440","0","0","0","N","0","0","0","1","02440","0","","5.0","","2","N","N","","1","","0","0","0","","0","N","","1","0","0","0","0","0","0","2","0","1","","","","N","","","","","","","","","",""
"2017025732","0546","0","0","0","0","0","0","0","0","0","7","1","","02","3","2017","5","40.42911","-79.731459","0542","11","0","0","0","0","0","0","0","0","4","0","1","0","","","1","","0","","40 25:44.795","6","0","79 43:53.252","8","0","0","0","2446","0","0","0","N","0","0","0","3","02446","0","","4.0","","1","N","N","","1","","0","0","0","","0","Y","","2","1","0","0","0","1","0","2","0","2","","","","N","","","","","","","","","",""
"2017023836","1445","1","0","0","0","0","0","0","0","0","1","0","","02","2","2017","2","40.513508","-80.000848","1444","11","0","1","0","0","0","1","0","0","","0","0","0","","","0","","0","","40 30:48.628","","0","80 00:03.054","0","0","0","0","2116","0","0","0","N","0","0","0","2","02116","0","","1.0","","1","N","N","","0","","0","0","1","","0","","","2","0","0","0","0","0","0","2","0","2","","","","N","","","","","","","","","",""
"2017004527","0641","1","0","0","0","0","0","0","0","0","7","0","","02","1","2017","4","40.575018","-79.86424","0634","11","0","0","0","0","0","0","0","0","","0","0","0","","","0","","0","","40 34:30.063","","0","79 51:51.263","0","0","0","0","2209","0","0","0","N","0","0","0","1","02209","0","","2.0","","9","N","N","","0","","0","0","0","","0","","","1","0","0","0","0","0","0","1","0","1","","","","N","","","","","","","","","",""
"2017005711","1257","2","0","0","0","0","0","0","0","0","1","0","","02","1","2017","6","40.463586","-79.952975","1240","11","0","0","0","0","0","1","0","0","2","0","0","0","","","1","","10","","40 27:48.909","1","3","79 57:10.710","8","0","0","0","2301","0","0","0","N","0","0","0","6","02301","0","","1.0","","1","N","N","","1","","0","0","2","","0","N","","5","1","0","0","0","1","0","2","0","5","","","","N","","","","","","","","","",""
"2017013390","0409","1","0","0","0","0","0","0","0","0","7","0","","02","1","2017","7","40.638379","-80.051663","0405","11","0","0","0","0","0","0","0","0","2","0","0","0","","","0","","3","","40 38:18.163","6","0","80 03:05.986","9","0","0","0","2216","0","0","0","Y","0","0","0","1","02505","0","","5.0","","7","N","N","","0","","0","0","0","","0","Y","","1","0","0","0","0","0","1","2","0","1","","","","N","","","","","","","","","",""
"2017005624","0933","1","0","0","0","0","0","0","0","0","4","0","","02","1","2017","6","40.454465","-80.028776","0929","11","0","0","0","0","0","0","0","0","1","0","0","0","","","0","","1","","40 27:16.075","2","0","80 01:43.595","0","0","0","0","2301","0","0","0","N","0","0","0","3","02301","0","","1.0","","1","N","N","","0","","0","0","1","","2","Y","","2","0","0","0","0","0","0","2","0","2","","","","N","","","","","","","","","",""
"2017005618","0827","1","0","0","0","0","0","0","0","0","1","0","","02","1","2017","6","40.429147","-79.707657","0822","11","0","0","0","0","0","0","0","0","1","0","0","0","","","1","","0","","40 25:44.928","4","0","79 42:27.566","8","0","0","0","2446","0","0","0","N","0","0","0","3","02446","0","","1.0","","1","N","N","","1","","0","0","0","","0","N","","2","1","0","0","0","1","0","2","0","2","","","","N","","","","","","","","","",""
"2017004201","1706","0","0","0","0","0","0","0","0","0","7","0","","02","1","2017","3","40.483655","-79.907852","1658","11","0","0","0","0","0","1","0","0","","0","0","0","","","0","","0","","40 29:01.158","","0","79 54:28.267","0","0","0","0","2301","0","0","0","Y","0","0","0","1","02301","0","","2.0","","2","N","N","","0","","0","0","1","","0","","","1","0","0","0","0","0","0","2","0","1","","","","N","","","","","","","","","",""
"2017005164","1445","2","0","0","0","0","0","0","0","0","5","0","","02","1","2017","5","40.428776","-79.980979","1440","11","0","0","0","0","0","1","0","0","","0","0","0","","","0","","0","","40 25:43.594","","0","79 58:51.526","0","0","0","0","2301","0","0","0","N","0","0","0","3","02301","0","","1.0","","1","N","N","","0","","0","0","0","","0","","","2","0","0","0","0","0","0","2","0","2","","","","N","","","","","","","","","",""
"2017005358","1712","1","0","0","0","0","0","0","0","0","0","0","","02","1","2017","5","40.487907","-79.924081","1704","11","0","0","0","0","0","0","0","0","","0","0","0","","","0","","0","","40 29:16.465","","0","79 55:26.691","0","0","0","0","2301","0","0","0","N","0","0","0","1","02301","0","","1.0","","9","N","N","","0","","0","0","0","","0","","","1","0","0","0","0","0","0","2","0","1","","","","N","","","","","","","","","",""
"2017006998","1916","0","0","0","0","0","0","0","0","0","7","0","","02","1","2017","4","40.4887","-79.936336","1907","11","0","0","0","0","0","1","0","0","1","0","0","0","","","1","","0","","40 29:19.319","5","0","79 56:10.809","8","0","0","0","2118","0","0","0","N","0","0","0","1","02118","0","","5.0","","9","N","N","","1","","0","0","0","","0","N","","1","1","0","0","0","1","0","2","0","1","","","","N","","","","","","","","","",""
"2017024356","2225","0","0","0","0","0","0","0","0","0","7","0","","02","3","2017","7","40.452485","-79.873596","2141","11","0","0","0","0","0","0","0","0","3","1","0","0","","","0","","1","","40 27:08.946","7","0","79 52:24.945","1","0","0","0","2301","0","0","0","N","0","0","0","1","02301","0","1","2.0","","1","N","N","","1","0","0","0","0","","3","Y","","1","0","1","1","0","0","0","2","0","1","","","","N","","","","","","","","","",""
"2017026143","1220","0","0","0","0","0","0","0","0","0","7","0","","02","3","2017","4","40.44499","-79.753634","1215","11","1","0","0","0","0","0","0","0","","0","0","0","","","0","","0","","40 26:41.964","","0","79 45:13.081","0","0","0","0","2446","0","0","0","","0","0","0","1","68T02","0","","3.0","","1","N","N","","1","","0","0","0","","0","","","1","0","0","0","0","0","0","2","0","1","","","","N","","","","","","","","","",""
"2017005487","2159","2","0","0","0","0","0","0","0","0","4","0","","02","1","2017","5","40.492672","-80.111714","2058","11","0","1","0","0","0","0","0","0","3","0","0","0","","","2","","3","","40 29:33.620","2","0","80 06:42.169","8","0","0","0","2126","0","0","0","N","0","0","0","3","02126","0","","1.0","","1","N","N","","0","","0","0","0","","3","N","","2","2","0","0","0","2","0","2","0","2","","","","N","","","","","","","","","",""