"CRN","ARRIVAL_TM","AUTOMOBILE_COUNT","BELTED_DEATH_COUNT","BELTED_SUSP_SERIOUS_INJ_COUNT","BICYCLE_COUNT","BICYCLE_DEATH_COUNT","BICYCLE_SUSP_SERIOUS_INJ_COUNT","BUS_COUNT","CHLDPAS_DEATH_COUNT","CHLDPAS_SUSP_SERIOUS_INJ_COUNT","COLLISION_TYPE","COMM_VEH_COUNT","CONS_ZONE_SPD_LIM","COUNTY","CRASH_MONTH","CRASH_YEAR","DAY_OF_WEEK","DEC_LATITUDE","DEC_LONGITUDE","DISPATCH_TM","DISTRICT","DRIVER_COUNT_16YR","DRIVER_COUNT_17YR","DRIVER_COUNT_18YR","DRIVER_COUNT_19YR","DRIVER_COUNT_20YR","DRIVER_COUNT_50_64YR","DRIVER_COUNT_65_74YR","DRIVER_COUNT_75PLUS","EST_HRS_CLOSED","FATAL_COUNT","HEAVY_TRUCK_COUNT","HORSE_BUGGY_COUNT","HOUR_OF_DAY","ILLUMINATION","INJURY_COUNT","INTERSECTION_RELATED","INTERSECT_TYPE","LANE_CLOSED","LATITUDE","LN_CLOSE_DIR","LOCATION_TYPE","LONGITUDE","MAX_SEVERITY_LEVEL","MCYCLE_DEATH_COUNT","MCYCLE_SUSP_SERIOUS_INJ_COUNT","MOTORCYCLE_COUNT","MUNICIPALITY","NONMOTR_COUNT","NONMOTR_DEATH_COUNT","NONMOTR_SUSP_SERIOUS_INJ_COUNT","NTFY_HIWY_MAINT","PED_COUNT","PED_DEATH_COUNT","PED_SUSP_SERIOUS_INJ_COUNT","PERSON_COUNT","POLICE_AGCY","POSSIBLE_INJ_COUNT","RDWY_SURF_TYPE_CD","RELATION_TO_ROAD","ROADWAY_CLEARED","ROAD_CONDITION","SCH_BUS_IND","SCH_ZONE_IND","SECONDARY_CRASH","SMALL_TRUCK_COUNT","SPEC_JURIS_CD","SUSP_MINOR_INJ_COUNT","SUSP_SERIOUS_INJ_COUNT","SUV_COUNT","TCD_FUNC_CD","TCD_TYPE","TFC_DETOUR_IND","TIME_OF_DAY","TOTAL_UNITS","TOT_INJ_COUNT","UNBELTED_OCC_COUNT","UNB_DEATH_COUNT","UNB_SUSP_SERIOUS_INJ_COUNT","UNK_INJ_DEG_COUNT","UNK_INJ_PER_COUNT","URBAN_RURAL","VAN_COUNT","VEHICLE_COUNT","WEATHER1","WEATHER2","WORKERS_PRES","WORK_ZONE_IND","WORK_ZONE_LOC","WORK_ZONE_TYPE","WZ_CLOSE_DETOUR","WZ_FLAGGER","WZ_LAW_OFFCR_IND","WZ_LN_CLOSURE","WZ_MOVING","WZ_OTHER","WZ_SHLDER_MDN","WZ_WORKERS_INJ_KILLED"
"2017007168","0910","1","0","0","0","0","0","0","0","0","4","0","","02","1","2017","3","40.376444","-80.067472","0907","11","0","0","0","0","0","1","0","1","1","0","0","0","","","1","","2","","40 22:35.200","7","0","80 04:02.900","4","0","0","0","2117","0","0","0","N","0","0","0","2","02117","1","","1.0","","9","N","N","","0","","0","0","1","","2","N","","2","1","1","0","0","0","0","2","0","2","","","","N","","","","","","","","","",""
"2017006504","1832","1","0","0","0","0","0","0","0","0","0","0","","02","1","2017","1","40.513262","-79.803101","1824","11","0","0","0","0","0","0","0","1","1","0","0","0","","","0","","0","","40 30:47.743","3","0","79 48:11.162","0","0","0","0","2113","0","0","0","N","0","0","0","1","02113","0","","1.0","","1","N","N","","0","","0","0","0","","0","N","","1","0","0","0","0","0","0","2","0","1","","","","N","","","","","","","","","",""
"2017028094","1221","2","0","0","0","0","0","0","0","0","7","0","","02","3","2017","1","40.570426","-80.090481","1205","11","0","0","0","0","0","0","0","0","","0","0","0","","","1","","0","","40 34:13.535","","0","80 05:25.733","3","0","0","0","2481","0","0","0","","0","0","0","1","68B03","0","","4.0","","1","N","N","","0","","1","0","0","","0","","","2","1","0","0","0","0","0","2","0","2","","","","N","","","","","","","","","",""
"2017008437","1615","2","0","0","0","0","0","0","0","0","1","0","","02","1","2017","5","40.462424","-80.105576","1612","11","0","0","0","0","0","0","0","0","","0","0","0","","","1","","0","","40 27:44.726","","0","80 06:20.073","3","0","0","0","2126","0","0","0","N","0","0","0","2","02126","0","","1.0","","1","N","N","","0","","1","0","0","","0","","","2","1","0","0","0","0","0","2","0","2","","","","N","","","","","","","","","",""
"2017024150","2132","1","0","0","0","0","0","0","0","0","4","0","","02","3","2017","7","40.464303","-79.982216","2122","11","0","0","0","0","0","0","0","0","","0","0","0","","","0","","3","","40 27:51.490","","0","79 58:55.977","9","0","0","0","2301","0","0","0","N","0","0","0","1","02301","0","","1.0","","1","N","N","","0","","0","0","0","","0","","","2","0","0","0","0","0","1","2","0","2","","","","N","","","","","","","","","",""
"2017030354","1903","0","0","0","0","0","0","0","0","0","7","0","","02","3","2017","2","40.426117","-79.756086","1858","11","0","0","0","0","0","0","0","0","5","0","0","0","","","0","","0","","40 25:34.020","6","0","79 45:21.910","0","0","0","0","2446","0","0","0","N","0","0","0","1","02446","0","","5.0","","1","N","N","","1","","0","0","0","","0","Y","","1","0","0","0","0","0","0","2","0","1","","","","N","","","","","","","","","",""
"2017028703","0928","1","0","0","0","0","0","0","0","0","5","1","","02","3","2017","5","40.412953","-80.010118","0925","11","0","0","0","0","0","3","0","0","1","0","1","0","","","0","","1","","40 24:46.629","2","0","80 00:36.426","0","0","0","0","2301","0","0","0","N","0","0","0","4","02301","0","","1.0","","1","N","N","","0","","0","0","1","","2","N","","3","0","0","0","0","0","0","2","0","3","","","","N","","","","","","","","","",""
"2017020303","2221","1","0","0","0","0","0","0","0","0","5","0","","02","1","2017","7","40.480802","-79.975574","2216","11","0","0","0","0","0","0","0","0","","0","0","0","","","0","","2","","40 28:50.887","","0","79 58:32.066","0","0","0","0","2445","0","0","0","N","0","0","0","2","02445","0","","1.0","","1","N","N","","0","","0","0","1","","3","","","2","0","0","0","0","0","0","2","0","2","","","","N","","","","","","","","","",""
"2017030317","0605","1","0","0","0","0","0","0","0","0","7","0","","02","3","2017","7","40.440635","-79.834463","0554","11","0","0","0","0","0","0","0","0","1","0","0","0","","","1","","0","","40 26:26.285","4","0","79 50:04.068","3","0","0","0","2419","0","0","0","","0","0","0","3","68B03","0","","3.0","","9","N","N","","0","","1","0","1","","0","N","","2","1","1","0","0","0","0","2","0","2","","05","","N","","","","","","","","","",""
"2017007715","1238","1","0","0","0","0","0","0","0","0","7","0","","02","1","2017","4","40.466296","-79.868173","1233","11","0","0","0","0","0","1","0","0","","0","0","0","","","1","","0","","40 27:58.665","","0","79 52:05.422","3","0","0","0","2113","0","0","0","N","0","0","0","1","02113","0","","5.0","","1","N","N","","0","","1","0","0","","0","","","1","1","0","0","0","0","0","2","0","1","","","","N","","","","","","","","","",""
"2017027179","1159","1","0","0","0","0","0","0","0","0","4","0","","02","3","2017","6","40.41102","-80.074548","1143","11","0","0","0","0","0","1","0","0","2","0","0","0","","","0","","0","","40 24:39.672","3","0","80 04:28.374","0","0","0","0","2117","0","0","0","","0","0","0","2","68B03","0","","1.0","","9","N","N","","0","","0","0","1","","0","Y","","2","0","0","0","0","0","0","2","0","2","","","","N","","","","","","","","","",""
"2017006490","1744","1","0","0","0","0","0","0","0","0","7","0","","02","1","2017","1","40.46339","-79.917517","1740","11","0","0","0","0","0","0","0","1","2","0","0","0","","","0","","1","","40 27:48.204","3","0","79 55:03.061","0","0","0","0","2301","0","0","0","N","0","0","0","1","02301","0","","2.0","","1","N","N","","0","","0","0","0","","2","Y","","1","0","0","0","0","0","0","2","0","1","","","","N","","","","","","","","","",""
"2017007195","0920","2","0","0","0","0","0","0","0","0","1","0","","02","1","2017","3","40.46482","-79.898759","0919","11","0","0","0","0","0","0","0","0","1","0","0","0","","","2","","0","","40 27:53.352","3","0","79 53:55.532","2","0","0","0","2301","0","0","0","N","0","0","0","3","02301","0","","1.0","","9","N","N","","0","","1","1","0","","0","Y","","2","2","0","0","0","0","1","2","0","2","","","","N","","","","","","","","","",""
"2017007488","1341","0","0","0","0","0","0","0","0","0","7","0","","02","1","2017","3","40.654111","-79.879694","1335","11","0","0","0","0","0","0","0","0","4","1","0","0","","","2","","0","","40 39:14.800","5","0","79 52:46.900","1","0","0","0","2220","0","0","0","N","0","0","0","4","02220","2","2","4.0","","9","N","N","","0","0","0","0","1","","0","Y","","1","2","2","1","0","0","1","1","0","1","","","","N","","","","","","","","","",""
"2017030370","0035","2","0","0","0","0","0","0","0","0","4","0","","02","3","2017","2","40.387335","-79.983867","0029","11","0","0","1","0","0","0","0","0","","0","0","0","","","0","","1","","40 23:14.406","","0","79 59:01.921","0","0","0","0","2301","0","0","0","N","0","0","0","3","02301","0","","1.0","","1","N","N","","0","","0","0","0","","2","","","2","0","0","0","0","0","0","2","0","2","","","","N","","","","","","","","","",""
"2017012077","2115","0","0","0","0","0","0","0","0","0","5","0","","02","1","2017","1","40.461156","-79.951438","2110","11","0","0","0","0","0","0","0","0","","0","0","0","","","0","","0","","40 27:40.161","","0","79 57:05.176","9","0","0","0","2301","0","0","0","N","0","0","0","2","02301","0","","6.0","","1","N","N","","1","","0","0","0","","0","","","2","0","0","0","0","0","1","2","0","2","","","","N","","","","","","","","","",""
"2017028044","0728","1","0","0","0","0","0","0","0","0","1","0","","02","3","2017","4","40.501139","-80.128722","0704","11","0","0","0","0","0","0","0","0","1","0","0","0","","","1","","0","","40 30:04.101","2","0","80 07:43.398","4","0","0","0","2115","0","0","0","","0","0","0","2","68B03","1","","1.0","","9","N","N","","0","","0","0","1","","0","N","","2","1","0","0","0","0","0","2","0","2","","","","N","","","","","","","","","",""
"2017026573","2334","2","0","0","0","0","0","0","0","0","5","0","","02","3","2017","5","40.480569","-79.789503","2328","11","0","1","0","0","0","0","0","0","","0","0","0","","","0","","0","","40 28:50.050","","0","79 47:22.210","0","0","0","0","2113","0","0","0","N","0","0","0","1","02113","0","","2.0","","9","N","N","","0","","0","0","0","","0","","","2","0","0","0","0","0","0","2","0","2","","","","N","","","","","","","","","",""
"2017006522","1816","0","0","0","0","0","0","0","0","0","7","0","","02","1","2017","1","40.342996","-79.891588","1813","11","0","0","0","0","0","1","0","0","1","0","0","0","","","1","","0","","40 20:34.786","6","0","79 53:29.716","8","0","0","0","2423","0","0","0","N","0","0","0","1","02304","0","","4.0","","2","N","N","","1","","0","0","0","","0","Y","","1","1","0","0","0","1","0","2","0","1","","","","N","","","","","","","","","",""
"2017024367","0647","2","0","2","0","0","0","0","0","0","4","0","","02","3","2017","2","40.56761","-79.954423","0644","11","0","0","0","0","0","0","0","0","2","0","0","0","","","3","","2","","40 34:03.395","1","0","79 57:15.924","2","0","0","0","2207","0","0","0","N","0","0","0","3","02207","0","","1.0","","1","N","N","","0","","1","2","0","","3","Y","","3","3","0","0","0","0","0","2","0","2","","","","N","","","","","","","","","",""
"2017006995","1911","0","0","0","0","0","0","0","0","0","0","0","","02","1","2017","2","40.477598","-79.842736","1907","11","0","0","0","0","0","0","0","0","2","0","0","0","","","1","","3","","40 28:39.352","6","0","79 50:33.848","8","0","0","0","2113","0","0","0","N","0","0","0","1","02113","0","","5.0","","9","N","N","","0","","0","0","1","","9","N","","1","1","0","0","0","1","0","2","0","1","","","","N","","","","","","","","","",""
"2017028264","0735","1","0","0","0","0","0","0","0","0","4","0","","02","3","2017","4","40.578041","-79.953693","0730","11","0","0","0","0","0","0","0","0","1","0","0","0","","","1","","2","","40 34:40.947","1","0","79 57:13.296","3","0","0","0","2207","0","0","0","N","0","0","0","2","02207","0","","1.0","","7","N","N","","1","","1","0","0","","3","N","","2","1","0","0","0","0","0","2","0","2","","","","N","","","","","","","","","",""
"2017030847","2033","1","0","0","0","0","0","0","0","0","7","0","","02","3","2017","3","40.426014","-79.893053","2024","11","0","0","0","0","0","0","0","0","","0","0","0","","","0","","0","","40 25:33.652","","1","79 53:34.992","0","0","0","0","2301","0","0","0","","0","0","0","1","68B03","0","","4.0","","9","N","N","","0","","0","0","0","","0","","","1","0","0","0","0","0","0","2","0","1","","","","N","","","","","","","","","",""
"2017027494","0704","2","0","0","0","0","0","0","0","0","4","0","","02","3","2017","2","40.597126","-79.930321","0653","11","0","0","0","0","0","1","0","0","","0","0","0","","","0","","2","","40 35:49.652","","0","79 55:49.157","0","0","0","0","2207","0","0","0","N","0","0","0","3","02207","0","","1.0","","1","N","N","","0","","0","0","0","","0","","","2","0","0","0","0","0","0","1","0","2","","","","N","","","","","","","","","",""
"2017023153","2310","2","0","0","0","0","0","0","0","0","1","0","","02","2","2017","6","40.443827","-79.993911","2305","11","0","0","0","0","0","0","0","0","","0","0","0","","","0","","1","","40 26:37.777","","0","79 59:38.079","0","0","0","0","2301","0","0","0","N","0","0","0","2","02301","0","","1.0","","9","N","N","","0","","0","0","0","","2","","","2","0","0","0","0","0","0","2","0","2","","","","N","","","","","","","","","",""
"2017008920","0340","0","0","0","0","0","0","0","0","0","7","0","","02","1","2017","6","40.499818","-79.737506","0333","11","0","0","0","0","0","1","0","0","","0","0","0","","","0","","0","","40 29:59.344","","0","79 44:15.021","9","0","0","0","2466","0","0","0","N","0","0","0","1","02466","0","","5.0","","1","N","N","","1","","0","0","0","","0","","","1","0","0","0","0","0","1","2","0","1","","","","N","","","","","","","","","",""
"2017008908","1924","2","0","0","0","0","0","0","0","0","1","0","","02","1","2017","6","40.45558","-79.966254","1918","11","0","0","0","0","0","0","0","0","2","0","0","0","","","0","","1","","40 27:20.089","3","0","79 57:58.514","0","0","0","0","2301","0","0","0","N","0","0","0","2","02301","0","","1.0","","9","N","N","","0","","0","0","0","","0","Y","","2","0","0","0","0","0","0","2","0","2","","","","N","","","","","","","","","",""
"2017009040","1436","2","0","1","0","0","0","0","0","0","2","0","","02","1","2017","6","40.455067","-79.945032","1429","11","0","0","0","0","0","0","0","0","2","0","0","0","","","3","","1","","40 27:18.242","4","0","79 56:42.116","2","0","0","0","2301","0","0","0","N","0","0","0","4","02301","1","","1.0","","1","N","N","","0","","0","2","0","","2","Y","","2","3","0","0","0","0","0","2","0","2","","","","N","","","","","","","","","",""
"2017008183","1954","3","0","0","0","0","0","0","0","0","1","0","","02","1","2017","4","40.292069","-79.892803","1952","11","0","0","0","0","0","0","0","0","","0","0","0","","","0","","0","","40 17:31.448","","0","79 53:34.090","0","0","0","0","2302","0","0","0","N","0","0","0","1","02302","0","","2.0","","1","N","N","","0","","0","0","0","","0","","","3","0","0","0","0","0","0","2","0","3","","","","N","","","","","","","","","",""
"2017008903","1625","0","0","0","0","0","0","0","0","0","1","0","","02","1","2017","6","40.540244","-80.18042","1621","11","0","0","0","0","0","0","0","0","","0","0","0","","","1","","2","","40 32:24.878","","0","80 10:49.512","8","0","0","0","2458","0","0","0","N","0","0","0","2","02458","0","","1.0","","1","N","N","","2","","0","0","0","","2","","","2","1","0","0","0","1","0","2","0","2","","","","N","","","","","","","","","",""
"2017022447","1329","2","0","0","0","0","0","0","0","0","4","0","","02","2","2017","1","40.396176","-80.016875","1324","11","0","0","0","0","0","0","0","0","2","0","0","0","","","2","","0","","40 23:46.233","4","0","80 01:00.750","8","0","0","0","2301","0","0","0","N","0","0","0","3","02301","0","","1.0","","1","N","N","","0","","0","0","0","","0","N","","2","2","0","0","0","2","0","2","0","2","","","","N","","","","","","","","","",""
"2017007139","0111","1","0","0","0","0","0","0","0","0","2","0","","02","1","2017","3","40.337574","-79.880523","0110","11","0","0","0","0","0","0","0","0","","0","0","0","","","0","","0","","40 20:15.266","","0","79 52:49.881","9","0","0","0","2455","0","0","0","","0","0","0","1","02455","0","","2.0","","9","","","","0","","0","0","0","","0","","","2","0","0","0","0","0","1","2","0","2","","","","N","","","","","","","","","",""
"2017011402","1144","1","0","0","0","0","0","0","0","0","4","0","","02","1","2017","6","40.347239","-80.055702","1136","11","0","0","0","0","0","1","0","0","","0","0","0","","","1","","0","","40 20:50.062","","0","80 03:20.527","4","0","0","0","2407","0","0","0","","0","0","0","4","02407","1","","1.0","","9","N","N","","0","","0","0","0","","3","","","2","1","0","0","0","0","0","2","1","2","","","","N","","","","","","","","","",""
"2017002224","1810","1","0","0","0","0","0","0","0","0","7","0","","02","1","2017","5","40.441433","-79.992307","1758","11","0","0","0","0","0","1","0","0","1","0","0","0","","","0","","6","","40 26:29.159","1","2","79 59:32.306","0","0","0","0","2301","0","0","0","N","0","0","0","1","02301","0","","2.0","","7","N","N","","0","","0","0","0","","0","Y","","1","0","0","0","0","0","0","2","0","1","","","","N","","","","","","","","","",""
"2017027123","1333","1","0","0","0","0","0","0","0","0","1","0","","02","3","2017","6","40.198661","-79.876284","1326","11","0","0","0","0","0","1","0","0","","0","0","0","","","0","","0","","40 11:55.180","","0","79 52:34.624","0","0","0","0","2204","0","0","0","N","0","0","0","2","02204","0","","1.0","","9","N","N","","0","","0","0","1","","0","","","2","0","0","0","0","0","0","1","0","2","","","","N","","","","","","","","","",""
"2017028126","1646","2","0","0","0","0","0","0","0","0","4","0","","02","3","2017","2","40.435637","-79.756062","1644","11","0","0","0","0","0","0","0","1","","0","0","0","","","0","","0","","40 26:08.293","","0","79 45:21.822","0","0","0","0","2446","0","0","0","N","0","0","0","2","02446","0","","1.0","","1","N","N","","0","","0","0","0","","0","","","2","0","0","0","0","0","0","2","0","2","","","","N","","","","","","","","","",""
"2017029723","1636","3","0","0","0","0","0","0","0","0","5","0","","02","3","2017","7","40.43476","-79.922837","1634","11","0","0","0","0","0","1","0","0","3","0","0","0","","","1","","2","","40 26:05.136","5","0","79 55:22.213","2","0","1","1","2301","0","0","0","N","0","0","0","4","02301","0","","1.0","","1","N","N","","0","","0","1","0","","0","Y","","4","1","0","0","0","0","0","2","0","4","","","","N","","","","","","","","","",""
"2017027938","1535","0","0","0","0","0","0","0","0","0","7","0","","02","3","2017","3","40.454199","-79.756615","1530","11","0","0","0","0","0","0","1","0","1","0","0","0","","","0","","0","","40 27:15.116","1","0","79 45:23.814","0","0","0","0","2446","0","0","0","N","0","0","0","1","02446","0","","2.0","","9","N","N","","0","","0","0","1","","0","Y","","1","0","0","0","0","0","0","2","0","1","","","","N","","","","","","","","","",""
"2017026563","2231","1","0","0","0","0","0","0","0","0","7","0","","02","3","2017","7","40.416497","-79.74326","2228","11","0","0","0","0","0","0","0","0","1","0","0","0","","","0","","0","","40 24:59.389","7","0","79 44:35.736","0","0","0","0","2446","0","0","0","N","0","0","0","2","02446","0","","5.0","","1","N","N","","0","","0","0","0","","0","Y","","1","0","0","0","0","0","0","2","0","1","","","","N","","","","","","","","","",""
"2017008556","1928","2","0","0","0","0","0","0","0","0","4","0","","02","1","2017","3","40.617325","-79.94665","1927","11","0","0","0","0","0","0","0","0","1","0","0","0","","","0","","2","","40 37:02.370","1","0","79 56:47.940","0","0","0","0","2217","0","0","0","N","0","0","0","2","02505","0","","1.0","","9","N","N","","0","","0","0","0","","3","N","","2","0","0","0","0","0","0","2","0","2","","","","N","","","","","","","","","",""
"2017026991","2009","0","0","0","0","0","0","0","0","0","0","0","","02","3","2017","6","40.436525","-79.730851","2006","11","0","0","0","0","0","0","0","0","","0","0","0","","","0","","0","","40 26:11.490","","0","79 43:51.063","0","0","0","0","2446","0","0","0","N","0","0","0","1","02446","0","","1.0","","1","N","N","","0","","0","0","1","","0","","","1","0","0","0","0","0","0","2","0","1","","","","N","","","","","","","","","",""
"2017007226","1516","2","0","0","0","0","0","0","0","0","2","0","","02","1","2017","3","40.44432","-80.040887","1514","11","0","0","0","0","0","0","0","0","","0","0","0","","","0","","0","","40 26:39.552","","0","80 02:27.193","0","0","0","0","2301","0","0","0","N","0","0","0","1","02301","0","","4.0","","1","N","N","","1","","0","0","0","","0","","","3","0","0","0","0","0","0","2","0","3","","","","N","","","","","","","","","",""
"2017024371","1003","1","0","0","0","0","0","0","0","0","1","0","90","02","3","2017","2","40.437506","-80.051463","1002","11","0","0","0","0","0","0","1","1","1","0","0","0","","","0","","0","","40 26:15.023","1","0","80 03:05.267","0","0","0","0","2301","0","0","0","N","0","0","0","2","02301","0","","1.0","","9","N","N","","1","","0","0","0","","8","N","","2","0","0","0","0","0","0","2","0","2","","","Y","Y","2","2","","Y","N","Y","Y","","",""
"2017008551","1642","1","0","0","0","0","0","0","0","0","2","0","","02","1","2017","5","40.306708","-79.909318","1637","11","0","0","0","0","0","0","1","0","2","0","0","0","","","2","","0","","40 18:24.149","5","0","79 54:33.546","3","0","0","0","2440","0","0","0","Y","0","0","0","2","02440","0","","1.0","","1","N","N","","0","","2","0","1","","0","Y","","2","2","1","0","0","0","0","2","0","2","","","","N","","","","","","","","","",""
"2017006247","2342","2","0","0","0","0","0","0","0","0","1","0","","02","1","2017","7","40.398333","-80.0263","2336","11","0","0","0","0","0","0","0","0","2","0","0","0","","","0","","1","","40 23:53.997","3","0","80 01:34.680","0","0","0","0","2301","0","0","0","N","0","0","0","5","02301","0","","1.0","","1","N","N","","0","","0","0","0","","2","Y","","2","0","0","0","0","0","0","2","0","2","","","","N","","","","","","","","","",""
"2017006257","0006","1","0","0","0","0","0","0","0","0","7","0","","02","1","2017","1","40.46493","-79.828323","0004","11","0","0","0","0","0","0","0","0","1","0","0","0","","","0","","0","","40 27:53.749","3","0","79 49:41.963","0","0","0","0","2113","0","0","0","N","0","0","0","1","02113","0","","5.0","","1","N","N","","0","","0","0","0","","0","N","","1","0","0","0","0","0","0","2","0","1","","","","N","","","","","","","","","",""
"2017008897","1749","1","0","0","0","0","0","0","0","0","4","0","","02","1","2017","6","40.425348","-79.980875","1742","11","0","0","0","0","0","2","0","0","2","0","0","0","","","1","","0","","40 25:31.253","7","0","79 58:51.150","8","0","0","0","2301","0","0","0","N","0","0","0","2","02301","0","","1.0","","9","N","N","","1","","0","0","0","","0","N","","2","1","0","0","0","1","0","2","0","2","","","","N","","","","","","","","","",""
"2017007647","0638","0","0","0","0","0","0","0","0","0","0","0","","02","1","2017","4","40.400342","-79.879354","0638","11","0","0","0","0","0","1","0","0","1","0","0","0","","","0","","0","","40 24:01.232","2","0","79 52:45.676","0","0","0","0","2473","0","0","0","N","0","0","0","1","02473","0","","1.0","","2","N","N","","1","","0","0","0","","0","N","","1","0","0","0","0","0","0","2","0","1","","","","N","","","","","","","","","",""
"2017008896","1835","2","0","0","0","0","0","0","0","0","4","0","","02","1","2017","6","40.437839","-79.998873","1825","11","0","0","0","0","0","1","1","0","","0","0","0","","","0","","1","","40 26:16.220","","0","79 59:55.942","0","0","0","0","2301","0","0","0","N","0","0","0","2","02301","0","","1.0","","1","N","N","","0","","0","0","0","","3","","","2","0","0","0","0","0","0","2","0","2","","","","N","","","","","","","","","",""
"2017012104","2326","1","0","0","0","0","0","0","0","0","7","0","","02","1","2017","1","40.487171","-80.029948","2326","11","0","0","0","0","0","0","0","0","","0","0","0","","","0","","0","","40 29:13.815","","0","80 01:47.812","0","0","0","0","2301","0","0","0","N","0","0","0","1","02301","0","","5.0","","1","N","N","","0","","0","0","0","","0","","","1","0","0","0","0","0","0","2","0","1","","","","N","","","","","","","","","",""
"2017006679","0839","2","0","0","0","0","0","0","0","0","4","0","","02","1","2017","2","40.441195","-80.047097","0836","11","0","0","0","0","0","0","0","0","1","0","0","0","","","1","","0","","40 26:28.302","3","0","80 02:49.549","3","0","0","0","2301","0","0","0","N","0","0","0","1","02301","0","","6.0","","1","N","N","","0","","1","0","0","","0","Y","","3","1","0","0","0","0","0","2","1","3","","","","N","","","","","","","","","",""
"2017008894","1852","1","0","0","0","0","0","0","0","0","8","0","","02","1","2017","6","40.448912","-79.932571","1848","11","0","0","0","0","0","0","0","1","1","0","0","0","","","2","","2","","40 26:56.083","7","0","79 55:57.255","8","0","0","0","2301","2","0","0","N","2","0","0","5","02301","0","","1.0","","1","N","N","","0","","0","0","0","","0","Y","","3","2","0","0","0","2","0","2","0","1","","","","N","","","","","","","","","",""
"2017010484","1450","1","0","0","0","0","0","0","0","0","2","0","","02","1","2017","6","40.523765","-80.071929","1444","11","0","0","0","0","0","1","0","0","1","0","0","0","","","0","","1","","40 31:25.554","4","0","80 04:18.945","0","0","0","0","2215","0","0","0","N","0","0","0","3","02215","0","","1.0","","1","N","N","","0","","0","0","1","","2","N","","2","0","0","0","0","0","0","2","0","2","","","","N","","","","","","","","","",""
"2017027346","2008","1","0","0","0","0","0","0","0","0","1","0","","02","3","2017","6","40.525968","-80.157622","1942","11","0","0","0","0","0","1","0","0","","0","0","0","","","1","","0","","40 31:33.483","","0","80 09:27.438","4","0","0","0","2436","0","0","0","","0","0","0","2","68B03","1","","1.0","","1","N","N","","0","","0","0","1","","2","","","2","1","0","0","0","0","1","2","0","2","","","","N","","","","","","","","","",""
"2017012085","0128","1","0","0","0","0","0","0","0","0","7","0","","02","1","2017","1","40.631346","-79.960979","0128","11","0","0","1","0","0","0","0","0","1","0","0","0","","","0","","0","","40 37:52.845","6","0","79 57:39.526","0","0","0","0","2217","0","0","0","N","0","0","0","2","02505","0","","4.0","","2","N","N","","0","","0","0","0","","0","Y","","1","0","0","0","0","0","0","2","0","1","","","","N","","","","","","","","","",""
"2017027640","0714","0","0","0","0","0","0","0","0","0","7","0","","02","3","2017","6","40.452966","-79.754605","0654","11","0","0","0","0","0","0","0","0","2","0","0","0","","","1","","0","","40 27:10.679","3","0","79 45:16.579","3","0","0","0","2446","0","0","0","","0","0","0","1","68T02","0","","4.0","","9","N","N","","0","","1","0","1","","0","N","","1","1","0","0","0","0","0","2","0","1","","","","N","","","","","","","","","",""
"2017007495","0600","0","0","0","0","0","0","0","0","0","4","0","","02","1","2017","3","40.427607","-79.976343","0555","11","0","0","0","0","0","0","0","1","1","0","0","0","","","0","","1","","40 25:39.385","2","0","79 58:34.834","0","0","0","0","2301","0","0","0","N","0","0","0","3","02301","0","","1.0","","9","N","N","","0","","0","0","2","","3","Y","","2","0","0","0","0","0","0","2","0","2","","","","N","","","","","","","","","",""
"2017009931","0105","1","0","0","0","0","0","0","0","0","7","0","","02","1","2017","6","40.328073","-79.913","0100","11","0","0","0","0","0","0","0","0","2","0","0","0","","","0","","0","","40 19:41.063","2","0","79 54:46.799","0","0","0","0","2473","0","0","0","N","0","0","0","1","02473","0","","4.0","","1","N","N","","0","","0","0","0","","0","N","","1","0","0","0","0","0","0","2","0","1","","","","N","","","","","","","","","",""
"2017012103","2147","2","0","0","0","0","0","0","0","0","1","0","","02","1","2017","1","40.499038","-80.053195","2145","11","0","0","0","0","0","0","0","0","","0","0","0","","","0","","0","","40 29:56.536","","0","80 03:11.502","9","0","0","0","2404","0","0","0","N","0","0","0","1","02404","0","","4.0","","1","N","N","","0","","0","0","1","","0","","","3","0","0","0","0","0","1","2","0","3","","","","N","","","","","","","","","",""
"2017023008","1933","0","0","0","0","0","0","0","0","0","7","0","","02","1","2017","6","40.428074","-79.955168","1917","11","0","0","0","0","0","0","0","0","1","0","0","0","","","1","","0","","40 25:41.067","3","3","79 57:18.603","8","0","0","0","2301","0","0","0","","0","0","0","1","68B03","0","","4.0","","1","N","N","","0","","0","0","1","","0","N","","1","1","1","0","0","1","0","2","0","1","","","","N","","","","","","","","","",""
"2017008887","1706","2","0","0","0","0","0","0","0","0","4","0","","02","1","2017","6","40.450699","-79.892567","1656","11","0","0","0","0","0","1","0","0","1","0","0","0","","","1","","1","","40 27:02.516","2","0","79 53:33.241","3","0","0","0","2301","0","0","0","N","0","0","0","2","02301","0","","1.0","","9","N","N","","0","","1","0","0","","3","N","","2","1","0","0","0","0","0","2","0","2","","","","N","","","","","","","","","",""
"2017008303","0747","1","0","0","0","0","0","0","0","0","7","0","","02","1","2017","4","40.509853","-79.730761","0733","11","0","0","0","0","0","0","0","0","","0","0","0","","","0","","0","","40 30:35.472","","0","79 43:50.738","0","0","0","0","2466","0","0","0","N","0","0","0","1","02466","0","","5.0","","1","N","N","","0","","0","0","0","","0","","","1","0","0","0","0","0","0","1","0","1","","","","N","","","","","","","","","",""