"CRN","ARRIVAL_TM","AUTOMOBILE_COUNT","BELTED_DEATH_COUNT","BELTED_SUSP_SERIOUS_INJ_COUNT","BICYCLE_COUNT","BICYCLE_DEATH_COUNT","BICYCLE_SUSP_SERIOUS_INJ_COUNT","BUS_COUNT","CHLDPAS_DEATH_COUNT","CHLDPAS_SUSP_SERIOUS_INJ_COUNT","COLLISION_TYPE","COMM_VEH_COUNT","CONS_ZONE_SPD_LIM","COUNTY","CRASH_MONTH","CRASH_YEAR","DAY_OF_WEEK","DEC_LATITUDE","DEC_LONGITUDE","DISPATCH_TM","DISTRICT","DRIVER_COUNT_16YR","DRIVER_COUNT_17YR","DRIVER_COUNT_18YR","DRIVER_COUNT_19YR","DRIVER_COUNT_20YR","DRIVER_COUNT_50_64YR","DRIVER_COUNT_65_74YR","DRIVER_COUNT_75PLUS","EST_HRS_CLOSED","FATAL_COUNT","HEAVY_TRUCK_COUNT","HORSE_BUGGY_COUNT","HOUR_OF_DAY","ILLUMINATION","INJURY_COUNT","INTERSECTION_RELATED","INTERSECT_TYPE","LANE_CLOSED","LATITUDE","LN_CLOSE_DIR","LOCATION_TYPE","LONGITUDE","MAX_SEVERITY_LEVEL","MCYCLE_DEATH_COUNT","MCYCLE_SUSP_SERIOUS_INJ_COUNT","MOTORCYCLE_COUNT","MUNICIPALITY","NONMOTR_COUNT","NONMOTR_DEATH_COUNT","NONMOTR_SUSP_SERIOUS_INJ_COUNT","NTFY_HIWY_MAINT","PED_COUNT","PED_DEATH_COUNT","PED_SUSP_SERIOUS_INJ_COUNT","PERSON_COUNT","POLICE_AGCY","POSSIBLE_INJ_COUNT","RDWY_SURF_TYPE_CD","RELATION_TO_ROAD","ROADWAY_CLEARED","ROAD_CONDITION","SCH_BUS_IND","SCH_ZONE_IND","SECONDARY_CRASH","SMALL_TRUCK_COUNT","SPEC_JURIS_CD","SUSP_MINOR_INJ_COUNT","SUSP_SERIOUS_INJ_COUNT","SUV_COUNT","TCD_FUNC_CD","TCD_TYPE","TFC_DETOUR_IND","TIME_OF_DAY","TOTAL_UNITS","TOT_INJ_COUNT","UNBELTED_OCC_COUNT","UNB_DEATH_COUNT","UNB_SUSP_SERIOUS_INJ_COUNT","UNK_INJ_DEG_COUNT","UNK_INJ_PER_COUNT","URBAN_RURAL","VAN_COUNT","VEHICLE_COUNT","WEATHER1","WEATHER2","WORKERS_PRES","WORK_ZONE_IND","WORK_ZONE_LOC","WORK_ZONE_TYPE","WZ_CLOSE_DETOUR","WZ_FLAGGER","WZ_LAW_OFFCR_IND","WZ_LN_CLOSURE","WZ_MOVING","WZ_OTHER","WZ_SHLDER_MDN","WZ_WORKERS_INJ_KILLED"
"2017007459","1705","1","0","0","0","0","0","0","0","0","4","0","","02","1","2017","3","40.458112","-79.908396","1702","11","0","1","0","0","0","1","0","0","2","0","0","0","","","1","","2","","40 27:29.202","7","0","79 54:30.227","4","0","0","0","2301","0","0","0","N","0","0","0","3","02301","1","","1.0","","9","N","N","","1","","0","0","0","","3","Y","","2","1","1","0","0","0","1","2","0","2","","","","N","","","","","","","","","",""
"2017009112","1837","1","0","0","0","0","0","0","0","0","7","0","","02","1","2017","6","40.416624","-80.014453","1832","11","0","0","0","0","0","0","0","0","","0","0","0","","","0","","2","","40 24:59.846","","0","80 00:52.031","0","0","0","0","2301","0","0","0","Y","0","0","0","2","02301","0","","4.0","","9","N","N","","0","","0","0","0","","2","","","1","0","0","0","0","0","0","2","0","1","","","","N","","","","","","","","","",""
"2017010199","1456","0","0","0","0","0","0","0","0","0","4","0","","02","1","2017","4","40.541836","-80.245861","1452","11","0","0","0","0","0","0","0","0","2","0","0","0","","","2","","2","","40 32:30.609","5","0","80 14:45.099","4","0","0","0","2213","0","0","0","","0","0","0","3","02213","2","","1.0","","1","N","N","","0","","0","0","2","","3","Y","","2","2","0","0","0","0","0","2","0","2","","","","N","","","","","","","","","",""
"2017008767","1720","1","0","0","0","0","0","0","0","0","4","0","","02","1","2017","6","40.499722","-79.791861","1702","11","0","0","0","0","0","1","0","0","","0","0","0","","","0","","0","","40 29:59.000","","0","79 47:30.700","0","0","0","0","2113","0","0","0","N","0","0","0","3","02113","0","","1.0","","9","N","N","","1","","0","0","0","","0","","","2","0","0","0","0","0","0","2","0","2","","","","N","","","","","","","","","",""
"2017029976","1657","0","0","0","0","0","0","0","0","0","4","0","","02","3","2017","7","40.383157","-79.827797","1655","11","0","0","0","0","0","1","0","1","2","0","0","0","","","2","","1","","40 22:59.366","1","0","79 49:40.068","4","0","0","0","2111","0","0","0","N","0","0","0","2","02111","2","","1.0","","1","N","N","","0","","0","0","2","","1","N","","2","2","0","0","0","0","0","2","0","2","","","","N","","","","","","","","","",""
"2017001964","1729","0","0","0","0","0","0","0","0","0","7","0","","02","1","2017","4","40.404134","-79.95286","1729","11","0","0","0","0","0","1","0","0","","0","0","0","","","0","","0","","40 24:14.884","","0","79 57:10.297","0","0","0","0","2403","0","0","0","N","0","0","0","1","02403","0","","2.0","","2","N","N","","0","","0","0","1","","0","","","1","0","0","0","0","0","0","2","0","1","","","","N","","","","","","","","","",""
"2017025701","2250","1","0","0","0","0","0","0","0","0","4","0","","02","3","2017","2","40.461057","-79.866331","2245","11","0","0","0","0","0","1","0","0","2","0","0","0","","","0","","1","","40 27:39.806","1","0","79 51:58.790","0","0","0","0","2113","0","0","0","N","0","0","0","3","02113","0","","1.0","","9","N","N","","0","","0","0","0","","2","Y","","2","0","0","0","0","0","0","2","1","2","","","","N","","","","","","","","","",""
"2017029984","1616","1","0","0","0","0","0","0","0","0","1","0","","02","3","2017","4","40.420925","-79.792522","1611","11","0","0","0","0","0","1","0","0","1","0","0","0","","","0","","0","","40 25:15.330","6","0","79 47:33.080","0","0","0","0","2446","0","0","0","N","0","0","0","4","02446","0","","1.0","","1","N","N","","0","","0","0","1","","0","Y","","3","0","0","0","0","0","0","2","1","3","","","","N","","","","","","","","","",""
"2017026846","1115","1","0","0","0","0","0","0","0","0","4","0","","02","3","2017","7","40.465076","-79.827999","1113","11","0","0","0","0","0","0","0","0","","0","0","0","","","0","","0","","40 27:54.274","","0","79 49:40.795","0","0","0","0","2113","0","0","0","N","0","0","0","2","02113","0","","1.0","","1","N","N","","0","","0","0","0","","0","","","2","0","0","0","0","0","0","2","1","2","","","","N","","","","","","","","","",""
"2017027015","0307","2","0","0","0","0","0","0","0","0","4","0","","02","3","2017","1","40.438999","-79.995643","0301","11","0","0","0","0","0","0","0","0","1","0","0","0","","","0","","1","","40 26:20.396","1","0","79 59:44.314","0","0","0","0","2301","0","0","0","N","0","0","0","5","02301","0","","1.0","","1","N","N","","0","","0","0","0","","2","N","","2","0","0","0","0","0","0","2","0","2","","","","N","","","","","","","","","",""
"2017027629","1603","1","0","0","0","0","0","0","0","0","1","1","","02","3","2017","2","40.502705","-79.861308","1537","11","0","0","0","0","0","1","0","0","2","0","1","0","","","1","","0","","40 30:09.737","2","0","79 51:40.708","8","0","0","0","2112","0","0","0","","0","0","0","3","68D02","0","","1.0","","1","N","N","","0","","0","0","0","","0","N","","2","1","0","0","0","1","0","2","0","2","","","","N","","","","","","","","","",""
"2017006416","1711","2","0","0","0","0","0","0","0","0","4","0","","02","1","2017","1","40.449195","-80.004952","1711","11","0","0","0","0","0","1","0","0","1","0","0","0","","","0","","1","","40 26:57.102","3","0","80 00:17.827","0","0","0","0","2301","0","0","0","N","0","0","0","2","02301","0","","1.0","","1","N","N","","0","","0","0","0","","2","N","","2","0","0","0","0","0","0","2","0","2","","","","N","","","","","","","","","",""
"2017012086","2154","2","0","0","0","0","0","0","0","0","5","0","","02","1","2017","1","40.412033","-79.990521","2151","11","0","0","0","0","0","0","0","0","","0","0","0","","","0","","0","","40 24:43.318","","0","79 59:25.875","9","0","0","0","2301","0","0","0","N","0","0","0","2","02301","0","","6.0","","9","N","N","","0","","0","0","0","","0","","","2","0","1","0","0","0","2","2","0","2","","","","N","","","","","","","","","",""
"2017028115","1702","1","0","0","0","0","0","0","0","0","1","0","","02","1","2017","2","40.420891","-80.04132","1649","11","0","0","0","0","0","1","0","0","","0","0","0","","","0","","0","","40 25:15.209","","0","80 02:28.752","0","0","0","0","2435","0","0","0","","0","0","0","2","68B03","0","","1.0","","1","N","N","","1","","0","0","0","","0","","","2","0","0","0","0","0","0","2","0","2","","","","N","","","","","","","","","",""
"2017026743","0003","1","0","0","0","0","0","0","0","0","7","0","","02","3","2017","5","40.599496","-79.947397","2357","11","0","0","0","0","0","0","0","0","2","0","0","0","","","0","","1","","40 35:58.184","3","0","79 56:50.628","0","0","0","0","2207","0","0","0","N","0","0","0","1","02207","0","","2.0","","1","N","N","","0","","0","0","0","","0","N","","1","0","0","0","0","0","0","2","0","1","","","","N","","","","","","","","","",""
"2017011012","0047","1","0","0","0","0","0","0","0","0","7","0","","02","1","2017","7","40.464606","-80.112782","0045","11","0","0","0","0","0","0","0","0","","0","0","0","","","1","","0","","40 27:52.581","","0","80 06:46.016","3","0","0","0","2115","0","0","0","","0","0","0","1","02115","0","","5.0","","9","N","N","","0","","1","0","0","","0","","","1","1","0","0","0","0","0","2","0","1","","05","","N","","","","","","","","","",""
"2017027951","1535","1","0","0","0","0","0","0","0","0","1","0","","02","3","2017","1","40.572128","-80.023504","1529","11","0","0","0","0","0","1","0","0","1","0","0","0","","","2","","1","","40 34:19.660","4","0","80 01:24.616","8","0","0","0","2108","0","0","0","","0","0","0","3","02108","0","","1.0","","1","N","N","","0","","0","0","1","","2","N","","2","2","0","0","0","2","0","2","0","2","","","","N","","","","","","","","","",""
"2017009121","1451","0","0","0","0","0","0","0","0","0","1","0","","02","1","2017","7","40.634703","-79.939679","1451","11","0","0","0","0","0","1","0","0","1","0","0","0","","","0","","1","","40 38:04.929","1","0","79 56:22.843","0","0","0","0","2217","0","0","0","N","0","0","0","2","02505","0","","1.0","","1","N","N","","0","","0","0","1","","2","N","","2","0","0","0","0","0","0","2","1","2","","","","N","","","","","","","","","",""
"2017027451","0908","2","0","0","0","0","0","0","0","0","4","0","","02","3","2017","2","40.401655","-80.000588","0904","11","0","0","0","0","0","0","0","0","2","0","0","0","","","4","","1","","40 24:05.959","2","0","80 00:02.115","8","0","0","0","2301","0","0","0","N","0","0","0","4","02301","0","","1.0","","1","N","N","","0","","0","0","0","","2","N","","2","4","1","0","0","4","0","2","0","2","","","","N","","","","","","","","","",""
"2017009429","1317","1","0","0","0","0","0","0","0","0","4","0","","02","1","2017","7","40.366465","-80.014707","1309","11","0","0","0","0","0","0","0","0","","0","0","0","","","0","","0","","40 21:59.275","","0","80 00:52.944","0","0","0","0","2416","0","0","0","","0","0","0","3","02416","0","","1.0","","1","N","N","","0","","0","0","1","","0","","","2","0","0","0","0","0","0","2","0","2","","","","N","","","","","","","","","",""
"2017016836","1035","1","0","0","0","0","0","1","0","0","5","1","","02","2","2017","7","40.455358","-79.89181","1027","11","0","0","0","0","0","1","0","0","","0","0","0","","","1","","0","","40 27:19.288","","0","79 53:30.517","8","0","0","0","2301","0","0","0","N","0","0","0","4","02503","0","","4.0","","1","N","N","","0","","0","0","0","","0","","","2","1","0","0","0","1","0","2","0","2","","","","N","","","","","","","","","",""
"2017025503","0904","0","0","0","0","0","0","0","0","0","4","0","","02","2","2017","3","40.321391","-80.058132","0904","11","0","0","0","0","0","1","0","0","","0","0","0","","","0","","3","","40 19:17.006","","0","80 03:29.274","0","0","0","0","2407","0","0","0","","0","0","0","2","02407","0","","1.0","","1","N","N","","0","","0","0","1","","3","","","2","0","0","0","0","0","0","2","1","2","","","","N","","","","","","","","","",""
"2017008765","1626","1","0","0","0","0","0","0","0","0","7","0","","02","1","2017","6","40.661111","-80.128861","1618","11","0","0","0","0","0","0","0","0","1","0","0","0","","","0","","0","","40 39:40.000","1","0","80 07:43.900","0","0","0","0","2212","0","0","0","N","0","0","0","1","02505","0","","4.0","","9","N","N","","0","","0","0","0","","0","Y","","1","0","0","0","0","0","0","1","0","1","","","","N","","","","","","","","","",""
"2017026238","0800","0","0","0","0","0","0","0","0","0","4","1","","02","3","2017","5","40.575018","-79.86424","0756","11","0","0","0","0","0","1","0","0","1","0","0","0","","","0","","0","","40 34:30.063","6","0","79 51:51.263","0","0","0","0","2208","0","0","0","N","0","0","0","2","02208","0","","1.0","","1","Y","N","","1","","0","0","0","","0","Y","","2","0","0","0","0","0","0","1","1","2","","","","N","","","","","","","","","",""
"2017008677","1350","3","0","0","0","0","0","0","0","0","1","0","","02","1","2017","5","40.453759","-79.99917","1348","11","0","0","0","0","0","1","1","0","","0","0","0","","","1","","2","","40 27:13.532","","0","79 59:57.013","8","0","0","0","2301","0","0","0","N","0","0","0","4","02301","0","","1.0","","1","N","N","","0","","0","0","0","","0","","","3","1","0","0","0","1","0","2","0","3","","","","N","","","","","","","","","",""
"2017008174","2058","1","0","0","0","0","0","0","0","0","4","0","","02","1","2017","3","40.464484","-79.930088","2058","11","0","0","0","0","0","0","1","0","2","0","0","0","","","2","","2","","40 27:52.142","2","0","79 55:48.316","8","0","0","0","2301","0","0","0","N","0","0","0","2","02301","0","","1.0","","1","N","N","","0","","0","0","0","","0","Y","","2","2","0","0","0","2","0","2","1","2","","","","N","","","","","","","","","",""
"2017011261","0524","1","0","0","0","0","0","0","0","0","7","0","","02","1","2017","4","40.423327","-80.108977","0514","11","0","0","0","0","0","0","0","0","","0","0","0","","","0","","0","","40 25:23.976","","2","80 06:32.316","0","0","0","0","2115","0","0","0","","0","0","0","1","68B03","0","","2.0","","9","N","N","","0","","0","0","0","","0","","","1","0","0","0","0","0","0","2","0","1","","","","N","","","","","","","","","",""
"2017023557","1324","0","0","0","0","0","0","0","0","0","2","0","","02","2","2017","6","40.577876","-80.220259","1322","11","0","0","0","0","0","0","0","0","1","0","0","0","","","3","","1","","40 34:40.353","7","0","80 13:12.934","8","0","0","0","2441","0","0","0","","0","0","0","4","02441","0","","2.0","","1","","","","0","","0","0","2","","3","N","","2","3","0","0","0","3","0","2","0","2","","","","N","","","","","","","","","",""
"2017008996","0702","2","0","0","0","0","0","0","0","0","1","0","","02","1","2017","5","40.633688","-80.098027","0641","11","0","0","0","0","0","1","0","0","","0","0","0","","","0","","0","","40 38:01.277","","0","80 05:52.898","0","0","0","0","2212","0","0","0","","0","0","0","3","68B03","0","","1.0","","1","N","N","","0","","0","0","1","","0","","","3","0","0","0","0","0","0","2","0","3","","","","N","","","","","","","","","",""
"2017027869","0849","0","0","0","0","0","0","0","0","0","7","0","","02","3","2017","3","40.610254","-80.068801","0843","11","0","0","0","0","0","0","0","0","1","0","0","0","","","0","","2","","40 36:36.914","3","0","80 04:07.685","0","0","0","0","2481","0","0","0","N","0","0","0","1","02481","0","","5.0","","2","N","N","","0","","0","0","1","","3","N","","1","0","0","0","0","0","0","2","0","1","","","","N","","","","","","","","","",""
"2017010079","0820","2","0","0","0","0","0","0","0","0","4","0","","02","1","2017","3","40.347988","-79.817208","0816","11","0","0","0","0","0","0","1","1","","0","0","0","","","1","","2","","40 20:52.758","","0","79 49:01.948","4","0","0","0","2477","0","0","0","N","0","0","0","3","02477","1","","1.0","","9","N","N","","0","","0","0","0","","0","","","2","1","0","0","0","0","0","2","0","2","","","","N","","","","","","","","","",""
"2017029030","2108","1","0","0","0","0","0","0","0","0","4","0","","02","3","2017","3","40.545072","-80.035987","2106","11","0","0","0","0","0","0","0","0","2","0","0","0","","","1","","5","","40 32:42.259","5","0","80 02:09.552","4","0","0","0","2108","0","0","0","","0","0","0","2","02108","1","","1.0","","9","N","N","","0","","0","0","1","","2","N","","2","1","0","0","0","0","0","2","0","2","","","","N","","","","","","","","","",""
"2017031020","1608","1","0","0","0","0","0","0","0","0","1","0","","02","3","2017","2","40.496429","-80.019966","1608","11","0","0","0","0","0","0","0","1","1","0","0","0","","","2","","2","","40 29:47.144","1","0","80 01:11.879","3","0","0","0","2116","0","0","0","N","0","0","0","3","02116","1","","1.0","","1","N","N","","1","","1","0","0","","2","N","","2","2","0","0","0","0","0","2","0","2","","","","N","","","","","","","","","",""
"2017009907","2149","1","0","0","0","0","0","0","0","0","1","0","","02","1","2017","7","40.653969","-80.082519","2142","11","0","0","1","0","0","1","0","0","","0","0","0","","","0","","1","","40 39:14.289","","0","80 04:57.068","0","0","0","0","2212","0","0","0","N","0","0","0","4","02505","0","","1.0","","9","N","N","","0","","0","0","1","","3","","","2","0","0","0","0","0","0","2","0","2","","","","N","","","","","","","","","",""
"2017017809","2003","1","0","0","0","0","0","0","0","0","5","1","","02","2","2017","2","40.436634","-79.997207","2000","11","0","0","0","0","0","1","0","0","2","0","1","0","","","0","","1","","40 26:11.884","4","1","79 59:49.946","0","0","0","0","2301","0","0","0","N","0","0","0","3","02601","0","","1.0","","1","N","N","","0","","0","0","0","","2","N","","2","0","2","0","0","0","0","2","0","2","","","","N","","","","","","","","","",""
"2017008736","1140","2","0","0","0","0","0","0","0","0","6","0","","02","1","2017","6","40.360757","-80.079493","1137","11","0","0","0","0","0","1","0","0","","0","0","0","","","1","","0","","40 21:38.725","","0","80 04:46.173","8","0","0","0","2123","0","0","0","N","0","0","0","2","02123","0","","1.0","","9","N","N","","0","","0","0","0","","0","","","2","1","0","0","0","1","0","2","0","2","","","","N","","","","","","","","","",""
"2017030746","0317","1","0","0","0","0","0","0","0","0","7","0","","02","3","2017","1","40.429984","-79.884054","0313","11","0","0","0","0","0","0","0","0","","0","0","0","","","0","","0","","40 25:47.944","","0","79 53:02.595","0","0","0","0","2426","0","0","0","","0","0","0","1","68B03","0","","2.0","","9","N","N","","0","","0","0","0","","0","","","1","0","1","0","0","0","0","2","0","1","","","","N","","","","","","","","","",""
"2017027890","0435","0","0","0","0","0","0","0","0","0","7","0","","02","3","2017","1","40.503997","-80.140737","0432","11","0","0","0","0","0","0","0","0","2","0","0","0","","","2","","2","","40 30:14.390","6","0","80 08:26.653","8","0","0","0","2115","0","0","0","","0","0","0","2","02115","0","","4.0","","1","N","N","","0","","0","0","0","","0","N","","1","2","0","0","0","2","0","2","1","1","","","","N","","","","","","","","","",""
"2017000742","2241","1","0","0","0","0","0","0","0","0","2","0","","02","1","2017","3","40.354934","-79.878867","2237","11","0","0","0","0","0","0","0","0","6","0","0","0","","","0","","9","","40 21:17.763","6","0","79 52:43.922","0","0","0","0","2423","0","0","0","N","0","0","0","0","02304","0","","1.0","","9","N","N","","0","","0","0","0","","6","Y","","2","0","0","0","0","0","0","2","0","1","","","","N","","","","","","","","","",""
"2017009489","0205","0","0","0","0","0","0","0","0","0","7","0","","02","1","2017","4","40.363849","-80.028464","0201","11","0","0","0","0","0","0","0","0","","0","0","0","","","0","","3","","40 21:49.856","","0","80 01:42.470","0","0","0","0","2416","0","0","0","N","0","0","0","1","02503","0","","4.0","","1","N","N","","0","","0","0","1","","0","","","1","0","0","0","0","0","0","2","0","1","","","","N","","","","","","","","","",""
"2017010071","0809","2","0","0","0","0","0","0","0","0","4","0","","02","1","2017","3","40.436216","-79.952816","0804","11","0","0","0","0","0","0","0","0","","0","0","0","","","0","","1","","40 26:10.377","","0","79 57:10.137","0","0","0","0","2301","0","0","0","N","0","0","0","4","02301","0","","1.0","","9","N","N","","0","","0","0","0","","3","","","2","0","0","0","0","0","0","2","0","2","","","","N","","","","","","","","","",""
"2017007202","1216","1","0","0","0","0","0","0","0","0","0","0","","02","1","2017","3","40.413833","-80.030284","1209","11","0","0","0","0","0","0","0","0","2","0","0","0","","","0","","0","","40 24:49.799","1","0","80 01:49.021","0","0","0","0","2301","0","0","0","N","0","0","0","1","02301","0","","1.0","","9","N","N","","0","","0","0","0","","0","N","","1","0","0","0","0","0","0","2","0","1","","","","N","","","","","","","","","",""
"2017008187","2338","1","0","0","0","0","0","0","0","0","7","0","","02","1","2017","4","40.448942","-80.019965","2327","11","0","0","0","0","0","0","0","0","","0","0","0","","","0","","1","","40 26:56.191","","2","80 01:11.874","0","0","0","0","2301","0","0","0","N","0","0","0","1","02301","0","","2.0","","9","N","N","","0","","0","0","0","","0","","","1","0","0","0","0","0","0","2","0","1","","","","N","","","","","","","","","",""
"2017010492","1330","2","0","0","0","0","0","0","0","0","4","0","","02","1","2017","3","40.316406","-79.833164","1327","11","0","0","0","0","0","0","0","1","","0","0","0","","","0","","2","","40 18:59.060","","0","79 49:59.390","0","0","0","0","2469","0","0","0","N","0","0","0","3","02469","0","","1.0","","1","N","N","","0","","0","0","0","","0","","","2","0","0","0","0","0","0","2","0","2","","","","N","","","","","","","","","",""
"2017010067","0745","2","0","0","0","0","0","0","0","0","2","0","","02","1","2017","3","40.427971","-80.053703","0745","11","0","0","0","0","0","1","0","0","1","0","0","0","","","2","","1","","40 25:40.696","1","0","80 03:13.329","8","0","0","0","2435","0","0","0","N","0","0","0","2","02301","0","","1.0","","9","N","N","","0","","0","0","0","","2","N","","2","2","0","0","0","2","0","2","0","2","","","","N","","","","","","","","","",""
"2017028123","1518","0","0","0","0","0","0","1","0","0","2","1","","02","3","2017","3","40.43803","-79.974277","1513","11","0","0","0","0","0","2","0","0","","0","0","0","","","0","","2","","40 26:16.908","","0","79 58:27.397","0","0","0","0","2301","0","0","0","N","0","0","0","2","02503","0","","1.0","","9","N","N","","0","","0","0","0","","3","","","2","0","0","0","0","0","0","2","1","2","","","","N","","","","","","","","","",""
"2017027111","0905","1","0","0","0","0","0","0","0","0","4","0","","02","3","2017","1","40.463614","-79.983789","0857","11","0","0","0","0","1","0","1","0","","0","0","0","","","0","","1","","40 27:49.010","","0","79 59:01.640","0","0","0","0","2301","0","0","0","","0","0","0","2","02301","0","","1.0","","1","","","","0","","0","0","1","","3","","","2","0","0","0","0","0","0","2","0","2","","","","N","","","","","","","","","",""
"2017030751","1239","0","0","0","0","0","0","0","0","0","1","0","","02","3","2017","2","40.429258","-80.028717","1230","11","0","0","0","0","0","0","0","0","1","0","0","0","","","0","","0","","40 25:45.330","3","0","80 01:43.380","0","0","0","0","2301","0","0","0","","0","0","0","3","68B03","0","","1.0","","1","N","N","","1","","0","0","0","","0","N","","2","0","0","0","0","0","0","2","1","2","","","","N","","","","","","","","","",""
"2017027359","1244","1","0","0","0","0","0","0","0","0","1","0","","02","2","2017","4","40.437093","-80.014765","1220","11","0","0","0","0","0","0","0","0","","0","0","0","","","1","","0","","40 26:13.533","","0","80 00:53.155","8","0","0","0","2301","0","0","0","","0","0","0","2","68B03","0","","1.0","","1","N","N","","0","","0","0","0","","0","","","2","1","0","0","0","1","1","2","0","2","","","","N","","","","","","","","","",""
"2017012348","1752","1","0","0","0","0","0","0","0","0","99","0","","02","1","2017","7","40.532774","-80.204147","1749","11","0","0","0","0","0","0","0","0","","0","0","0","","","0","","0","","40 31:57.987","","0","80 12:14.929","0","0","0","0","2213","0","0","0","","0","0","0","1","02213","0","","1.0","","1","N","N","","0","","0","0","0","","0","","","1","0","0","0","0","0","0","2","0","1","","","","N","","","","","","","","","",""
"2017007012","1822","1","0","0","0","0","0","0","0","0","1","0","","02","1","2017","2","40.468715","-79.825597","1822","11","0","0","0","0","0","0","0","0","1","0","0","0","","","0","","0","","40 28:07.374","2","0","79 49:32.149","0","0","0","0","2113","0","0","0","N","0","0","0","2","02113","0","","1.0","","1","N","N","","0","","0","0","1","","2","N","","2","0","0","0","0","0","0","2","0","2","","","","N","","","","","","","","","",""
"2017027575","1511","2","0","0","0","0","0","0","0","0","1","0","","02","3","2017","7","40.365738","-80.016312","1510","11","0","0","0","1","0","0","0","0","1","0","0","0","","","0","","2","","40 21:56.656","1","0","80 00:58.724","0","0","0","0","2416","0","0","0","","0","0","0","2","02416","0","","1.0","","1","N","N","","0","","0","0","0","","0","N","","2","0","0","0","0","0","0","2","0","2","","","","N","","","","","","","","","",""
"2017010198","1859","1","0","0","0","0","0","0","0","0","7","0","","02","1","2017","3","40.517525","-80.252217","1854","11","0","0","1","0","0","0","0","0","1","0","0","0","","","1","","0","","40 31:03.090","5","0","80 15:07.980","3","0","0","0","2213","0","0","0","","0","0","0","1","02213","0","","4.0","","9","N","N","","0","","1","0","0","","0","N","","1","1","1","0","0","0","0","2","0","1","","","","N","","","","","","","","","",""
"2017008732","1530","1","0","0","0","0","0","0","0","0","1","0","","02","1","2017","6","40.438464","-79.96122","1528","11","0","0","0","0","0","2","0","0","1","0","0","0","","","1","","0","","40 26:18.471","3","0","79 57:40.392","3","0","0","0","2301","0","0","0","N","0","0","0","2","02506","0","","1.0","","9","N","N","","0","","1","0","0","","2","N","","2","1","0","0","0","0","0","2","1","2","","","","N","","","","","","","","","",""
"2017027508","1056","2","0","0","0","0","0","0","0","0","1","0","","02","3","2017","2","40.350273","-79.926997","1055","11","0","0","0","0","0","1","1","0","1","0","0","0","","","3","","1","","40 21:00.984","6","0","79 55:37.188","3","0","0","0","2473","0","0","0","N","0","0","0","7","02473","0","","1.0","","1","N","N","","1","","3","0","2","","0","Y","","6","3","0","0","0","0","0","2","1","6","","","","N","","","","","","","","","",""
"2017008552","1850","1","0","0","0","0","0","0","0","0","4","0","","02","1","2017","5","40.460479","-79.873127","1845","11","0","0","0","0","0","1","0","0","2","0","0","0","","","0","","1","","40 27:37.726","7","0","79 52:23.256","0","0","0","0","2301","0","0","0","N","0","0","0","2","02301","0","","1.0","","1","N","N","","0","","0","0","1","","2","Y","","2","0","0","0","0","0","0","2","0","2","","","","N","","","","","","","","","",""
"2017008967","2021","0","0","0","0","0","0","0","0","0","7","0","","02","1","2017","6","40.37385","-80.084805","2019","11","0","0","0","0","0","1","0","0","4","0","0","0","","","0","","0","","40 22:25.860","6","0","80 05:05.298","0","0","0","0","2117","0","0","0","N","0","0","0","1","02117","0","","5.0","","1","N","N","","1","","0","0","0","","0","Y","","1","0","0","0","0","0","0","2","0","1","","","","N","","","","","","","","","",""
"2017006568","0325","3","0","0","0","0","0","0","0","0","5","0","","02","1","2017","2","40.407034","-79.991964","0325","11","0","0","0","0","0","0","0","0","","0","0","0","","","0","","0","","40 24:25.322","","0","79 59:31.070","9","0","0","0","2301","0","0","0","N","0","0","0","1","02301","0","","6.0","","1","N","N","","1","","0","0","0","","0","","","5","0","0","0","0","0","1","2","0","5","","","","N","","","","","","","","","",""
"2017024456","1254","1","0","0","0","0","0","0","0","0","4","0","","02","3","2017","2","40.595535","-79.969672","1249","11","0","0","1","0","0","0","0","0","1","0","0","0","","","0","","2","","40 35:43.926","4","0","79 58:10.819","0","0","0","0","2207","0","0","0","N","0","0","0","3","02207","0","","1.0","","1","N","N","","0","","0","0","1","","3","N","","2","0","0","0","0","0","0","2","0","2","","","","N","","","","","","","","","",""
"2017008706","1127","1","0","0","0","0","0","0","0","0","1","0","","02","1","2017","6","40.429567","-79.997488","1116","11","0","0","0","0","0","0","0","0","","0","0","0","","","0","","0","","40 25:46.442","","0","79 59:50.956","0","0","0","0","2301","0","0","0","N","0","0","0","2","02301","0","","1.0","","9","N","N","","0","","0","0","1","","0","","","2","0","0","0","0","0","0","2","0","2","","","","N","","","","","","","","","",""
"2017028101","0832","1","0","0","0","0","0","0","0","0","1","0","","02","3","2017","2","40.449816","-80.001451","0807","11","0","0","0","0","0","0","0","0","2","0","0","0","","","2","","0","","40 26:59.339","2","0","80 00:05.224","3","0","0","0","2301","0","0","0","","0","0","0","2","68B03","1","","1.0","","1","N","N","","0","","1","0","1","","0","N","","2","2","0","0","0","0","0","2","0","2","","","","N","","","","","","","","","",""
"2017012021","0932","1","0","0","0","0","0","0","0","0","1","0","","02","1","2017","3","40.490735","-79.882486","0932","11","0","0","0","0","0","3","0","0","2","0","0","0","","","0","","0","","40 29:26.645","1","0","79 52:56.951","0","0","0","0","2112","0","0","0","","0","0","0","3","68D02","0","","1.0","","9","N","N","","2","","0","0","0","","0","N","","3","0","0","0","0","0","0","2","0","3","","","","N","","","","","","","","","",""