"CRN","ARRIVAL_TM","AUTOMOBILE_COUNT","BELTED_DEATH_COUNT","BELTED_SUSP_SERIOUS_INJ_COUNT","BICYCLE_COUNT","BICYCLE_DEATH_COUNT","BICYCLE_SUSP_SERIOUS_INJ_COUNT","BUS_COUNT","CHLDPAS_DEATH_COUNT","CHLDPAS_SUSP_SERIOUS_INJ_COUNT","COLLISION_TYPE","COMM_VEH_COUNT","CONS_ZONE_SPD_LIM","COUNTY","CRASH_MONTH","CRASH_YEAR","DAY_OF_WEEK","DEC_LATITUDE","DEC_LONGITUDE","DISPATCH_TM","DISTRICT","DRIVER_COUNT_16YR","DRIVER_COUNT_17YR","DRIVER_COUNT_18YR","DRIVER_COUNT_19YR","DRIVER_COUNT_20YR","DRIVER_COUNT_50_64YR","DRIVER_COUNT_65_74YR","DRIVER_COUNT_75PLUS","EST_HRS_CLOSED","FATAL_COUNT","HEAVY_TRUCK_COUNT","HORSE_BUGGY_COUNT","HOUR_OF_DAY","ILLUMINATION","INJURY_COUNT","INTERSECTION_RELATED","INTERSECT_TYPE","LANE_CLOSED","LATITUDE","LN_CLOSE_DIR","LOCATION_TYPE","LONGITUDE","MAX_SEVERITY_LEVEL","MCYCLE_DEATH_COUNT","MCYCLE_SUSP_SERIOUS_INJ_COUNT","MOTORCYCLE_COUNT","MUNICIPALITY","NONMOTR_COUNT","NONMOTR_DEATH_COUNT","NONMOTR_SUSP_SERIOUS_INJ_COUNT","NTFY_HIWY_MAINT","PED_COUNT","PED_DEATH_COUNT","PED_SUSP_SERIOUS_INJ_COUNT","PERSON_COUNT","POLICE_AGCY","POSSIBLE_INJ_COUNT","RDWY_SURF_TYPE_CD","RELATION_TO_ROAD","ROADWAY_CLEARED","ROAD_CONDITION","SCH_BUS_IND","SCH_ZONE_IND","SECONDARY_CRASH","SMALL_TRUCK_COUNT","SPEC_JURIS_CD","SUSP_MINOR_INJ_COUNT","SUSP_SERIOUS_INJ_COUNT","SUV_COUNT","TCD_FUNC_CD","TCD_TYPE","TFC_DETOUR_IND","TIME_OF_DAY","TOTAL_UNITS","TOT_INJ_COUNT","UNBELTED_OCC_COUNT","UNB_DEATH_COUNT","UNB_SUSP_SERIOUS_INJ_COUNT","UNK_INJ_DEG_COUNT","UNK_INJ_PER_COUNT","URBAN_RURAL","VAN_COUNT","VEHICLE_COUNT","WEATHER1","WEATHER2","WORKERS_PRES","WORK_ZONE_IND","WORK_ZONE_LOC","WORK_ZONE_TYPE","WZ_CLOSE_DETOUR","WZ_FLAGGER","WZ_LAW_OFFCR_IND","WZ_LN_CLOSURE","WZ_MOVING","WZ_OTHER","WZ_SHLDER_MDN","WZ_WORKERS_INJ_KILLED"
"2017008801","0540","2","0","0","0","0","0","0","0","0","4","0","","02","1","2017","5","40.581621","-80.097879","0526","11","0","0","0","0","0","1","0","0","2","0","0","0","","","0","","0","","40 34:53.836","2","0","80 05:52.365","0","0","0","0","2481","0","0","0","","0","0","0","2","68B03","0","","1.0","","1","N","N","","0","","0","0","0","","0","N","","2","0","0","0","0","0","0","2","0","2","","","","N","","","","","","","","","",""
"2017014365","1102","2","0","0","0","0","0","0","0","0","1","0","","02","2","2017","4","40.374252","-79.795277","1102","11","0","0","0","0","0","1","0","1","2","0","0","0","","","0","","0","","40 22:27.307","4","0","79 47:42.997","0","0","0","0","2111","0","0","0","N","0","0","0","2","02111","0","","1.0","","2","N","N","","0","","0","0","0","","0","N","","2","0","0","0","0","0","0","2","0","2","","","","N","","","","","","","","","",""
"2017029461","1832","2","0","0","0","0","0","0","0","0","4","0","","02","3","2017","6","40.639974","-80.073661","1829","11","0","0","0","0","0","1","0","0","1","0","0","0","","","2","","1","","40 38:23.906","4","0","80 04:25.179","4","0","0","0","2412","0","0","0","N","0","0","0","4","02505","2","","1.0","","9","N","N","","0","","0","0","0","","3","N","","2","2","0","0","0","0","0","2","0","2","","","","N","","","","","","","","","",""
"2017009479","0625","1","0","0","0","0","0","0","0","0","1","0","","02","1","2017","5","40.667154","-80.102148","0618","11","0","0","0","0","0","0","0","0","","0","0","0","","","3","","1","","40 40:01.754","","0","80 06:07.732","8","0","0","0","2212","0","0","0","N","0","0","0","3","02505","0","","1.0","","1","N","N","","0","","0","0","1","","2","","","2","3","0","0","0","3","0","2","0","2","","","","N","","","","","","","","","",""
"2017012084","1935","1","0","0","0","0","0","0","0","0","7","0","","02","1","2017","7","40.521198","-80.033467","1927","11","0","0","0","0","0","0","0","0","1","0","0","0","","","1","","0","","40 31:16.314","2","7","80 02:00.481","8","0","0","0","2116","0","0","0","N","0","0","0","2","02116","0","","5.0","","9","N","N","","0","","0","0","0","","0","N","","1","1","0","0","0","1","0","2","0","1","","","","N","","","","","","","","","",""
"2017009048","1441","1","0","0","0","0","0","0","0","0","4","0","","02","1","2017","6","40.335893","-79.974228","1441","11","0","0","0","0","0","1","1","0","","0","0","0","","","0","","0","","40 20:09.213","","0","79 58:27.220","0","0","0","0","2403","0","0","0","N","0","0","0","2","02403","0","","1.0","","1","N","N","","0","","0","0","1","","2","","","2","0","0","0","0","0","0","2","0","2","","","","N","","","","","","","","","",""
"2017007681","0942","2","0","0","0","0","0","0","0","0","5","0","","02","1","2017","4","40.455638","-79.938522","0931","11","0","0","0","0","0","0","0","1","9","0","0","0","","","0","","0","","40 27:20.296","1","0","79 56:18.679","0","0","0","0","2301","0","0","0","N","0","0","0","2","02301","0","","1.0","","9","N","N","","0","","0","0","0","","0","N","","2","0","0","0","0","0","0","2","0","2","","","","N","","","","","","","","","",""
"2017027190","1650","1","0","0","0","0","0","0","0","0","2","0","","02","3","2017","7","40.402201","-79.823984","1648","11","0","0","0","0","0","0","1","0","2","0","0","0","","","1","","2","","40 24:07.925","5","0","79 49:26.344","4","0","0","0","2111","0","0","0","N","0","0","0","2","02111","1","","1.0","","1","N","N","","1","","0","0","0","","0","Y","","2","1","0","0","0","0","0","2","0","2","","","","N","","","","","","","","","",""
"2017025715","1620","1","0","0","0","0","0","0","0","0","4","0","","02","3","2017","3","40.239064","-79.866344","1617","11","0","0","1","0","0","1","0","0","1","0","0","0","","","1","","1","","40 14:20.630","2","0","79 51:58.837","3","0","0","0","2204","0","0","0","N","0","0","0","4","02204","0","","1.0","","9","N","N","","0","","1","0","1","","0","N","","2","1","0","0","0","0","0","1","0","2","","","","N","","","","","","","","","",""
"2017008936","2357","3","0","0","0","0","0","0","0","0","2","0","","02","1","2017","6","40.459057","-79.896935","2350","11","0","0","0","0","0","0","0","0","","0","0","0","","","0","","0","","40 27:32.605","","0","79 53:48.966","0","0","0","0","2301","0","0","0","N","0","0","0","0","02301","0","","1.0","","1","N","N","","0","","0","0","0","","0","","","3","0","0","0","0","0","0","2","0","3","","","","N","","","","","","","","","",""
"2017009400","1850","2","0","0","0","0","0","0","0","0","1","0","","02","1","2017","5","40.544128","-80.029559","1850","11","0","0","0","0","0","0","1","0","","0","0","0","","","0","","3","","40 32:38.860","","0","80 01:46.412","0","0","0","0","2116","0","0","0","N","0","0","0","3","02116","0","","1.0","","1","N","N","","0","","0","0","0","","3","","","2","0","0","0","0","0","0","2","0","2","","","","N","","","","","","","","","",""
"2017025488","1240","0","0","0","0","0","0","0","0","0","1","0","","02","3","2017","2","40.569575","-79.954096","1235","11","0","0","0","0","0","0","0","0","2","0","0","0","","","0","","0","","40 34:10.470","4","0","79 57:14.747","0","0","0","0","2207","0","0","0","N","0","0","0","2","02207","0","","1.0","","1","N","N","","0","","0","0","2","","0","Y","","2","0","0","0","0","0","0","2","0","2","","","","N","","","","","","","","","",""
"2017012389","0724","1","0","0","0","0","0","0","0","0","1","0","","02","1","2017","4","40.581184","-79.782763","0716","11","0","0","0","0","0","0","0","0","2","0","0","0","","","0","","0","","40 34:52.263","2","0","79 46:57.945","0","0","0","0","2104","0","0","0","","0","0","0","2","68D02","0","","1.0","","2","N","N","","1","","0","0","0","","0","N","","2","0","0","0","0","0","0","2","0","2","","","","N","","","","","","","","","",""
"2017023989","2210","2","0","0","0","0","0","0","0","0","4","0","","02","3","2017","6","40.481731","-79.939264","2200","11","0","0","0","0","0","0","0","0","","0","0","0","","","0","","2","","40 28:54.231","","0","79 56:21.350","0","0","0","0","2301","0","0","0","N","0","0","0","3","02301","0","","1.0","","1","N","N","","0","","0","0","0","","3","","","2","0","0","0","0","0","0","2","0","2","","","","N","","","","","","","","","",""
"2017028701","0957","1","0","0","0","0","0","1","0","0","2","1","","02","3","2017","5","40.481323","-79.97229","0953","11","0","0","1","0","0","1","0","0","","0","0","0","","","4","","0","","40 28:52.762","","0","79 58:20.245","4","0","0","0","2301","0","0","0","N","0","0","0","6","02503","4","","1.0","","9","N","N","","0","","0","0","0","","0","","","2","4","0","0","0","0","0","2","0","2","","","","N","","","","","","","","","",""
"2017027808","0309","1","0","0","0","0","0","0","0","0","99","0","","02","3","2017","2","40.657821","-80.084128","0301","11","0","0","0","0","0","0","0","0","","0","0","0","","","0","","0","","40 39:28.155","","0","80 05:02.862","0","0","0","0","2212","0","0","0","","0","0","0","1","68T02","0","","1.0","","1","N","N","","0","","0","0","0","","0","","","1","0","0","0","0","0","0","2","0","1","","","","N","","","","","","","","","",""
"2017028144","1837","0","0","0","0","0","0","0","0","0","7","0","","02","3","2017","3","40.499734","-79.980152","1827","11","0","0","0","0","0","0","0","0","1","0","0","0","","","0","","3","","40 29:59.041","3","0","79 58:48.548","0","0","0","0","2118","0","0","0","N","0","0","0","1","02118","0","","4.0","","9","N","N","","0","","0","0","1","","0","Y","","1","0","0","0","0","0","0","2","0","1","","","","N","","","","","","","","","",""
"2017028755","1601","2","0","0","0","0","0","0","0","0","5","1","","02","3","2017","3","40.475974","-80.052722","1556","11","0","0","0","0","0","1","0","0","1","0","1","0","","","0","","0","","40 28:33.506","4","3","80 03:09.798","0","0","0","0","2444","0","0","0","N","0","0","0","5","02444","0","","1.0","","9","N","N","","0","","0","0","0","","0","N","","3","0","5","0","0","0","0","2","0","3","","","","N","","","","","","","","","",""
"2017028752","1818","2","0","0","0","0","0","0","0","0","6","0","","02","3","2017","7","40.367874","-79.929597","1816","11","0","0","0","0","0","0","0","0","1","0","0","0","","","0","","2","","40 22:04.346","3","0","79 55:46.549","0","0","0","0","2473","0","0","0","N","0","0","0","4","02473","0","","1.0","","1","N","N","","0","","0","0","0","","2","N","","2","0","0","0","0","0","0","2","0","2","","","","N","","","","","","","","","",""
"2017007200","0847","3","0","0","0","0","0","0","0","0","4","0","","02","1","2017","3","40.515854","-80.144413","0845","11","0","0","0","0","0","0","0","0","1","0","0","0","","","0","","0","","40 30:57.074","1","0","80 08:39.886","9","0","0","0","2110","0","0","0","N","0","0","0","1","02215","0","","2.0","","9","N","N","","0","","0","0","0","","0","N","","3","0","0","0","0","0","1","2","0","3","","","","N","","","","","","","","","",""
"2017011247","1533","1","0","0","0","0","0","0","0","0","0","0","","02","1","2017","2","40.670037","-80.094293","1527","11","0","0","0","0","0","1","0","0","","0","0","0","","","0","","0","","40 40:12.134","","0","80 05:39.453","0","0","0","0","2212","0","0","0","","0","0","0","2","68D01","0","","4.0","","9","N","N","","0","","0","0","0","","0","","","1","0","0","0","0","0","0","2","0","1","","","","N","","","","","","","","","",""
"2017008335","0909","3","0","0","0","0","0","0","0","0","1","0","","02","1","2017","5","40.483335","-79.900797","0902","11","0","0","0","0","0","0","0","0","1","0","0","0","","","2","","0","","40 29:00.007","6","0","79 54:02.868","8","0","0","0","2301","0","0","0","N","0","0","0","3","02301","0","","1.0","","1","N","N","","0","","0","0","0","","0","N","","3","2","1","0","0","2","0","2","0","3","","","","N","","","","","","","","","",""
"2017012108","0007","1","0","0","0","0","0","0","0","0","7","0","","02","1","2017","2","40.327528","-79.839778","0002","11","0","0","0","0","0","0","0","0","2","0","0","0","","","1","","2","","40 19:39.100","6","0","79 50:23.200","8","0","0","0","2304","0","0","0","","0","0","0","1","02304","0","","9.0","","1","","","","0","","0","0","0","","0","Y","","1","1","1","0","0","1","0","2","0","1","","","","N","","","","","","","","","",""
"2017032174","2152","2","0","0","0","0","0","0","0","0","1","0","","02","3","2017","6","40.549752","-80.01849","2137","11","0","0","0","0","0","0","1","0","","0","0","0","","","0","","2","","40 32:59.106","","0","80 01:06.565","0","0","0","0","2116","0","0","0","N","0","0","0","2","02116","0","","1.0","","1","N","N","","0","","0","0","0","","4","","","2","0","0","0","0","0","0","2","0","2","","","","N","","","","","","","","","",""
"2017029245","1005","1","0","0","0","0","0","0","0","0","1","0","","02","3","2017","2","40.480212","-79.965499","0957","11","0","0","0","0","0","0","0","0","1","0","0","0","","","0","","6","","40 28:48.764","1","0","79 57:55.795","0","0","0","0","2118","0","0","0","N","0","0","0","2","02118","0","","1.0","","1","N","N","","1","","0","0","0","","3","N","","2","0","0","0","0","0","0","2","0","2","","","","N","","","","","","","","","",""
"2017027211","0430","1","0","0","0","0","0","0","0","0","7","0","","02","3","2017","6","40.623537","-80.096337","0401","11","0","0","0","0","0","0","0","0","","0","0","0","","","0","","0","","40 37:24.733","","0","80 05:46.813","0","0","0","0","2212","0","0","0","","0","0","0","1","68B03","0","","4.0","","9","N","N","","0","","0","0","0","","0","","","1","0","0","0","0","0","0","2","0","1","","","","N","","","","","","","","","",""
"2017022565","1700","3","0","0","0","0","0","0","0","0","4","0","","02","2","2017","2","40.550328","-80.019148","1656","11","0","0","0","0","0","0","0","0","1","0","0","0","","","3","","2","","40 33:01.180","2","0","80 01:08.931","8","0","0","0","2116","0","0","0","N","0","0","0","5","02116","0","","1.0","","1","N","N","","0","","0","0","0","","2","N","","3","3","0","0","0","3","0","2","0","3","","","","N","","","","","","","","","",""
"2017010830","1752","1","0","0","0","0","0","0","0","0","1","0","","02","1","2017","4","40.338612","-79.809742","1749","11","0","0","0","0","0","1","0","0","","0","0","0","","","0","","0","","40 20:19.002","","0","79 48:35.072","0","0","0","0","2477","0","0","0","N","0","0","0","2","02477","0","","1.0","","9","N","N","","1","","0","0","0","","0","","","2","0","0","0","0","0","0","2","0","2","","","","N","","","","","","","","","",""
"2017013872","2027","1","0","0","0","0","0","0","0","0","1","0","","02","1","2017","2","40.306475","-79.908617","2021","11","0","0","0","0","0","1","0","0","2","0","0","0","","","2","","0","","40 18:23.311","1","0","79 54:31.020","4","0","0","0","2440","0","0","0","N","0","0","0","2","02440","2","","4.0","","1","N","N","","1","","0","0","0","","0","N","","2","2","0","0","0","0","0","2","0","2","","","","N","","","","","","","","","",""
"2017008314","1415","0","0","0","0","0","0","0","0","0","7","0","","02","1","2017","3","40.457099","-79.877683","1404","11","0","0","0","0","0","0","0","0","1","0","0","0","","","0","","0","","40 27:25.555","3","0","79 52:39.659","0","0","0","0","2301","0","0","0","N","0","0","0","1","02301","0","","5.0","","1","N","N","","0","","0","0","0","","0","N","","1","0","0","0","0","0","0","2","1","1","","","","N","","","","","","","","","",""
"2017030269","1225","0","0","0","0","0","0","0","0","0","7","0","","02","2","2017","7","40.552875","-80.086481","1209","11","0","0","0","0","0","0","0","0","","0","0","0","","","0","","0","","40 33:10.350","","0","80 05:11.330","0","0","0","0","2215","0","0","0","","0","0","0","1","68B03","0","","2.0","","1","N","N","","0","","0","0","1","","0","","","1","0","0","0","0","0","0","2","0","1","","","","N","","","","","","","","","",""
"2017008979","1537","3","0","0","0","0","0","0","0","0","1","0","","02","1","2017","6","40.424083","-80.030553","1528","11","0","0","0","0","0","0","0","0","1","0","0","0","","","0","","0","","40 25:26.698","3","0","80 01:49.992","0","0","0","0","2301","0","0","0","","0","0","0","5","68B03","0","","1.0","","1","N","N","","0","","0","0","0","","0","N","","3","0","0","0","0","0","0","2","0","3","","","","N","","","","","","","","","",""
"2017006244","2149","1","0","0","0","0","0","0","0","0","7","0","","02","1","2017","7","40.454204","-79.823801","2145","11","0","1","0","0","0","0","0","0","4","1","0","0","","","1","","0","","40 27:15.135","5","0","79 49:25.683","1","0","0","0","2113","0","0","0","N","0","0","0","2","02113","0","2","4.0","","1","N","N","","0","0","0","0","0","","0","Y","","1","1","1","1","0","1","0","2","0","1","","","","N","","","","","","","","","",""
"2017027255","2003","1","0","0","0","0","0","0","0","0","7","0","","02","3","2017","1","40.432077","-79.789447","2001","11","0","0","0","0","0","1","0","0","1","0","0","0","","","0","","0","","40 25:55.478","1","0","79 47:22.009","0","0","0","0","2446","0","0","0","N","0","0","0","2","02446","0","","5.0","","1","N","N","","0","","0","0","0","","0","N","","1","0","0","0","0","0","0","2","0","1","","","","N","","","","","","","","","",""
"2017006776","1707","1","0","0","0","0","0","0","0","0","4","0","","02","1","2017","2","40.396905","-79.793408","1707","11","0","0","0","0","0","0","1","0","2","0","0","0","","","2","","0","","40 23:48.859","3","0","79 47:36.268","8","0","0","0","2446","0","0","0","N","0","0","0","2","02446","0","","1.0","","1","N","N","","1","","0","0","0","","0","N","","2","2","0","0","0","2","0","2","0","2","","","","N","","","","","","","","","",""
"2017017154","0714","2","0","0","0","0","0","0","0","0","1","0","","02","1","2017","6","40.396078","-80.112777","0702","11","0","0","0","0","0","0","0","0","","0","0","0","","","0","","0","","40 23:45.881","","0","80 06:45.996","0","0","0","0","2102","0","0","0","N","0","0","0","2","02102","0","","1.0","","9","N","N","","0","","0","0","0","","0","","","2","0","1","0","0","0","0","2","0","2","","","","N","","","","","","","","","",""
"2017030668","1922","1","0","0","0","0","0","0","0","0","1","0","","02","3","2017","5","40.495932","-79.912405","1859","11","0","0","0","0","0","2","0","0","","0","0","0","","","1","","0","","40 29:45.355","","0","79 54:44.659","8","0","0","0","2112","0","0","0","","0","0","0","6","68D02","0","","1.0","","1","N","N","","1","","0","0","1","","0","","","3","1","0","0","0","1","0","2","0","3","","","","N","","","","","","","","","",""
"2017010765","1417","2","0","0","0","0","0","0","0","0","1","0","","02","1","2017","3","40.425965","-79.911812","1349","11","0","0","0","0","0","0","0","0","1","0","0","0","","","2","","0","","40 25:33.473","4","0","79 54:42.523","3","0","0","0","2301","0","0","0","","0","0","0","4","68B03","1","","1.0","","1","N","N","","0","","1","0","0","","0","N","","3","2","0","0","0","0","0","2","1","3","","","","N","","","","","","","","","",""
"2017022837","1406","0","0","0","0","0","0","1","0","0","8","1","","02","2","2017","2","40.442608","-79.999236","1406","11","0","0","0","0","0","0","0","0","","0","0","0","","","1","","2","","40 26:33.388","","0","79 59:57.249","4","0","0","0","2301","1","0","0","","1","0","0","2","02503","1","","5.0","","1","","","","0","","0","0","0","","2","","","2","1","0","0","0","0","0","2","0","1","","","","N","","","","","","","","","",""
"2017013059","1536","4","0","0","0","0","0","0","0","0","1","0","","02","1","2017","2","","","1536","11","0","0","0","0","0","1","0","0","1","0","0","0","","","0","","0","","","6","3","","9","0","0","0","2475","0","0","0","","0","0","0","4","02475","0","","1.0","","98","","","","0","","0","0","0","","2","N","","4","0","0","0","0","0","1","1","0","4","","","","N","","","","","","","","","",""
"2017012697","1835","3","0","0","0","0","0","0","0","0","1","0","","02","1","2017","6","40.349013","-80.058453","1828","11","0","0","0","0","0","0","1","0","","0","0","0","","","4","","0","","40 20:56.445","","0","80 03:30.429","4","0","0","0","2407","0","0","0","","0","0","0","8","02407","1","","1.0","","1","N","N","","1","","0","0","0","","0","","","4","4","0","0","0","3","0","2","0","4","","","","N","","","","","","","","","",""
"2017012932","1629","1","0","0","0","0","0","0","0","0","1","0","","02","1","2017","2","40.396857","-79.77072","1624","11","0","0","0","0","0","0","0","0","1","0","0","0","","","3","","0","","40 23:48.686","1","3","79 46:14.593","8","0","0","0","2446","0","0","0","N","0","0","0","3","02446","0","","1.0","","1","N","N","","0","","0","0","2","","0","N","","3","3","0","0","0","3","0","2","0","3","","","","N","","","","","","","","","",""
"2017010369","0130","1","0","0","0","0","0","0","0","0","4","0","","02","1","2017","4","40.420892","-79.9639","0123","11","0","0","0","0","0","0","0","0","","0","0","0","","","0","","0","","40 25:15.211","","0","79 57:50.040","0","0","0","0","2301","0","0","0","N","0","0","0","1","02301","0","","4.0","","9","N","N","","1","","0","0","0","","0","","","2","0","0","0","0","0","0","2","0","2","","","","N","","","","","","","","","",""
"2017006675","0910","2","0","0","0","0","0","0","0","0","4","0","","02","1","2017","2","40.429713","-79.923443","0905","11","0","0","0","0","0","0","0","0","","0","0","0","","","0","","2","","40 25:46.966","","0","79 55:24.394","0","0","0","0","2301","0","0","0","N","0","0","0","2","02301","0","","1.0","","1","N","N","","0","","0","0","0","","2","","","2","0","0","0","0","0","0","2","0","2","","","","N","","","","","","","","","",""
"2017030245","1820","1","0","0","0","0","0","0","0","0","4","0","","02","3","2017","6","40.529876","-80.230886","1815","11","0","0","0","0","0","2","0","0","2","0","0","0","","","2","","0","","40 31:47.554","6","0","80 13:51.189","4","0","0","0","2213","0","0","0","","0","0","0","2","02213","2","","1.0","","7","N","N","","0","","0","0","1","","0","N","","2","2","0","0","0","0","0","2","0","2","","","","N","","","","","","","","","",""
"2017023985","1739","1","0","0","0","0","0","0","0","0","4","0","","02","3","2017","5","40.36113","-79.905733","1737","11","0","0","0","0","0","0","0","0","1","0","0","0","","","1","","3","","40 21:40.069","7","0","79 54:20.637","4","0","0","0","2473","0","0","0","N","0","0","0","2","02473","1","","1.0","","1","N","N","","0","","0","0","1","","3","Y","","2","1","1","0","0","0","0","2","0","2","","","","N","","","","","","","","","",""
"2017027100","1059","1","0","0","0","0","0","0","0","0","7","0","","02","3","2017","1","40.644749","-79.938349","1057","11","0","0","0","0","0","0","0","0","","0","0","0","","","0","","2","","40 38:41.096","","0","79 56:18.057","0","0","0","0","2217","0","0","0","N","0","0","0","1","02505","0","","5.0","","1","N","N","","0","","0","0","0","","2","","","1","0","0","0","0","0","0","2","0","1","","","","N","","","","","","","","","",""
"2017026892","1515","2","0","0","0","0","0","0","0","0","1","0","","02","3","2017","6","40.462121","-79.865966","1507","11","0","0","0","0","0","0","0","1","2","0","0","0","","","0","","0","","40 27:43.636","2","0","79 51:57.478","9","0","0","0","2113","0","0","0","N","0","0","0","3","02113","0","","1.0","","1","N","N","","0","","0","0","0","","2","N","","2","0","0","0","0","0","1","2","0","2","","","","N","","","","","","","","","",""
"2017007491","2333","1","0","0","0","0","0","0","0","0","1","0","","02","1","2017","3","40.467383","-80.035438","2326","11","0","0","0","0","0","0","0","0","1","0","0","0","","","0","","0","","40 28:02.577","2","0","80 02:07.577","0","0","0","0","2301","0","0","0","N","0","0","0","1","02301","0","","6.0","","9","N","N","","0","","0","0","1","","0","N","","2","0","0","0","0","0","0","2","0","2","","","","N","","","","","","","","","",""
"2017030246","0100","1","0","0","0","0","0","0","0","0","7","0","","02","3","2017","2","40.465131","-80.195569","0050","11","0","0","0","0","0","1","0","0","2","0","0","0","","","0","","10","","40 27:54.470","3","3","80 11:44.049","0","0","0","0","2213","0","0","0","","0","0","0","1","02213","0","","2.0","","1","N","N","","0","","0","0","0","","0","N","","1","0","0","0","0","0","0","2","0","1","","","","N","","","","","","","","","",""
"2017027274","0307","1","0","0","0","0","0","0","0","0","1","1","","02","3","2017","7","40.661586","-80.098871","0302","11","0","0","0","0","0","1","0","0","1","0","1","0","","","0","","2","","40 39:41.709","1","0","80 05:55.935","0","0","0","0","2212","0","0","0","N","0","0","0","2","02505","0","","1.0","","7","N","N","","0","","0","0","0","","2","Y","","2","0","0","0","0","0","0","2","0","2","","","","N","","","","","","","","","",""
"2017012693","1342","2","0","0","0","0","0","0","0","0","1","0","","02","1","2017","2","40.423349","-79.883197","1340","11","0","0","0","0","0","0","1","0","1","0","0","0","","","1","","0","","40 25:24.056","6","0","79 52:59.509","4","0","0","0","2463","0","0","0","N","0","0","0","1","02463","1","","2.0","","1","N","N","","0","","0","0","0","","0","Y","","2","1","0","0","0","0","0","2","0","2","","","","N","","","","","","","","","",""
"2017011062","0119","1","0","0","0","0","0","0","0","0","7","0","","02","1","2017","5","40.349934","-79.930547","0116","11","0","0","0","0","0","0","0","0","1","0","0","0","","","0","","0","","40 20:59.762","4","0","79 55:49.970","0","0","0","0","2473","0","0","0","Y","0","0","0","1","02473","0","","3.0","","1","N","N","","0","","0","0","0","","0","N","","1","0","0","0","0","0","0","2","0","1","","","","N","","","","","","","","","",""
"2017028274","0900","0","0","0","0","0","0","0","0","0","7","0","","02","3","2017","4","40.467529","-79.963743","0900","11","0","0","0","0","0","1","0","0","","0","0","0","","","0","","1","","40 28:03.104","","0","79 57:49.474","0","0","0","0","2301","0","0","0","N","0","0","0","1","02301","0","","2.0","","7","N","N","","1","","0","0","0","","0","","","1","0","0","0","0","0","0","2","0","1","","","","N","","","","","","","","","",""
"2017025855","0746","2","0","0","0","0","0","0","0","0","1","0","","02","3","2017","4","40.488926","-79.928121","0721","11","0","0","0","0","0","0","1","0","2","0","0","0","","","1","","10","","40 29:20.133","5","0","79 55:41.235","8","0","0","0","2301","0","0","0","N","0","0","0","3","02301","0","","1.0","","1","N","N","","0","","0","0","0","","0","Y","","2","1","0","0","0","1","0","2","0","2","","","","N","","","","","","","","","",""
"2017012647","1500","1","0","0","0","0","0","0","0","0","2","0","","02","1","2017","2","40.461669","-79.966125","1452","11","0","0","0","0","1","0","0","0","","0","0","0","","","0","","2","","40 27:42.008","","0","79 57:58.050","0","0","0","0","2301","0","0","0","N","0","0","0","3","02301","0","","1.0","","9","N","N","","0","","0","0","1","","0","","","2","0","0","0","0","0","0","2","0","2","","","","N","","","","","","","","","",""
"2017010996","0940","0","0","0","0","0","0","1","0","0","5","1","","02","1","2017","5","40.439925","-79.994182","0933","11","0","0","0","0","0","1","1","0","1","0","0","0","","","1","","3","","40 26:23.730","1","0","79 59:39.055","3","0","0","0","2301","0","0","0","N","0","0","0","3","02503","0","","1.0","","1","N","N","","0","","1","0","1","","2","N","","2","1","0","0","0","0","0","2","0","2","","","","N","","","","","","","","","",""
"2017012262","0936","0","0","0","0","0","0","0","0","0","7","0","","02","1","2017","2","40.420884","-80.05337","0931","11","0","0","0","0","0","0","0","0","2","0","0","0","","","0","","1","","40 25:15.184","2","0","80 03:12.132","0","0","0","0","2435","0","0","0","N","0","0","0","1","02435","0","","5.0","","9","N","N","","0","","0","0","1","","2","N","","1","0","0","0","0","0","0","2","0","1","","","","N","","","","","","","","","",""
"2017009303","1526","0","0","0","0","0","0","0","0","0","1","0","","02","1","2017","6","40.506666","-80.059545","1514","11","0","0","0","0","0","0","1","0","","0","0","0","","","0","","0","","40 30:23.998","","0","80 03:34.361","0","0","0","0","2116","0","0","0","N","0","0","0","2","02116","0","","1.0","","1","N","N","","0","","0","0","2","","0","","","2","0","0","0","0","0","0","2","0","2","","","","N","","","","","","","","","",""
"2017015760","0540","0","0","0","0","0","0","0","0","0","1","0","","02","2","2017","3","40.497915","-80.281068","0528","11","0","0","0","0","0","1","0","0","","0","0","0","","","0","","6","","40 29:52.493","","2","80 16:51.843","0","0","0","0","2203","0","0","0","","0","0","0","2","68B03","0","","1.0","","9","N","N","","1","","0","0","0","","0","","","2","0","0","0","0","0","0","1","1","2","","","","N","","","","","","","","","",""
"2017012548","0536","0","0","0","0","0","0","0","0","0","2","0","","02","1","2017","2","40.331961","-79.997429","0529","11","0","0","0","0","0","1","0","0","2","0","0","0","","","1","","0","","40 19:55.060","6","0","79 59:50.746","8","0","0","0","2219","0","0","0","N","0","0","0","2","02219","0","","1.0","","7","N","N","","1","","0","0","1","","0","N","","2","1","0","0","0","1","0","2","0","2","","","","N","","","","","","","","","",""
"2017027876","1002","1","0","0","0","0","0","0","0","0","7","0","","02","3","2017","3","40.324373","-79.795929","0957","11","0","0","1","0","0","0","0","0","","0","0","0","","","0","","0","","40 19:27.742","","0","79 47:45.344","0","0","0","0","2477","0","0","0","N","0","0","0","1","02477","0","","2.0","","9","N","N","","0","","0","0","0","","0","","","1","0","0","0","0","0","0","2","0","1","","","","N","","","","","","","","","",""