"CRN","ARRIVAL_TM","AUTOMOBILE_COUNT","BELTED_DEATH_COUNT","BELTED_SUSP_SERIOUS_INJ_COUNT","BICYCLE_COUNT","BICYCLE_DEATH_COUNT","BICYCLE_SUSP_SERIOUS_INJ_COUNT","BUS_COUNT","CHLDPAS_DEATH_COUNT","CHLDPAS_SUSP_SERIOUS_INJ_COUNT","COLLISION_TYPE","COMM_VEH_COUNT","CONS_ZONE_SPD_LIM","COUNTY","CRASH_MONTH","CRASH_YEAR","DAY_OF_WEEK","DEC_LATITUDE","DEC_LONGITUDE","DISPATCH_TM","DISTRICT","DRIVER_COUNT_16YR","DRIVER_COUNT_17YR","DRIVER_COUNT_18YR","DRIVER_COUNT_19YR","DRIVER_COUNT_20YR","DRIVER_COUNT_50_64YR","DRIVER_COUNT_65_74YR","DRIVER_COUNT_75PLUS","EST_HRS_CLOSED","FATAL_COUNT","HEAVY_TRUCK_COUNT","HORSE_BUGGY_COUNT","HOUR_OF_DAY","ILLUMINATION","INJURY_COUNT","INTERSECTION_RELATED","INTERSECT_TYPE","LANE_CLOSED","LATITUDE","LN_CLOSE_DIR","LOCATION_TYPE","LONGITUDE","MAX_SEVERITY_LEVEL","MCYCLE_DEATH_COUNT","MCYCLE_SUSP_SERIOUS_INJ_COUNT","MOTORCYCLE_COUNT","MUNICIPALITY","NONMOTR_COUNT","NONMOTR_DEATH_COUNT","NONMOTR_SUSP_SERIOUS_INJ_COUNT","NTFY_HIWY_MAINT","PED_COUNT","PED_DEATH_COUNT","PED_SUSP_SERIOUS_INJ_COUNT","PERSON_COUNT","POLICE_AGCY","POSSIBLE_INJ_COUNT","RDWY_SURF_TYPE_CD","RELATION_TO_ROAD","ROADWAY_CLEARED","ROAD_CONDITION","SCH_BUS_IND","SCH_ZONE_IND","SECONDARY_CRASH","SMALL_TRUCK_COUNT","SPEC_JURIS_CD","SUSP_MINOR_INJ_COUNT","SUSP_SERIOUS_INJ_COUNT","SUV_COUNT","TCD_FUNC_CD","TCD_TYPE","TFC_DETOUR_IND","TIME_OF_DAY","TOTAL_UNITS","TOT_INJ_COUNT","UNBELTED_OCC_COUNT","UNB_DEATH_COUNT","UNB_SUSP_SERIOUS_INJ_COUNT","UNK_INJ_DEG_COUNT","UNK_INJ_PER_COUNT","URBAN_RURAL","VAN_COUNT","VEHICLE_COUNT","WEATHER1","WEATHER2","WORKERS_PRES","WORK_ZONE_IND","WORK_ZONE_LOC","WORK_ZONE_TYPE","WZ_CLOSE_DETOUR","WZ_FLAGGER","WZ_LAW_OFFCR_IND","WZ_LN_CLOSURE","WZ_MOVING","WZ_OTHER","WZ_SHLDER_MDN","WZ_WORKERS_INJ_KILLED"
"2017010827","1751","1","0","0","0","0","0","0","0","0","4","0","","02","1","2017","4","40.633647","-79.938701","1751","11","0","1","0","0","0","0","0","0","","0","0","0","","","0","","1","","40 38:01.130","","0","79 56:19.322","0","0","0","0","2217","0","0","0","N","0","0","0","3","02505","0","","1.0","","9","N","N","","1","","0","0","0","","3","","","2","0","0","0","0","0","0","2","0","2","","","","N","","","","","","","","","",""
"2017008550","1857","1","0","0","0","0","0","0","0","0","4","0","","02","1","2017","5","40.484843","-79.85621","1852","11","0","0","0","0","0","1","0","0","","0","0","0","","","0","","0","","40 29:05.433","","7","79 51:22.357","0","0","0","0","2113","0","0","0","N","0","0","0","2","02113","0","","1.0","","1","N","N","","1","","0","0","0","","0","","","2","0","0","0","0","0","0","2","0","2","","","","N","","","","","","","","","",""
"2017006988","1655","2","0","0","0","0","0","0","0","0","1","0","","02","1","2017","2","40.377273","-79.801368","1653","11","0","0","0","0","0","0","0","0","2","0","0","0","","","2","","2","","40 22:38.184","3","0","79 48:04.924","4","0","0","0","2111","0","0","0","N","0","0","0","2","02111","2","","1.0","","9","N","N","","0","","0","0","0","","0","Y","","2","2","1","0","0","0","0","2","0","2","","","","N","","","","","","","","","",""
"2017006872","0055","1","0","0","0","0","0","0","0","0","7","0","","02","1","2017","3","40.440994","-79.835003","0041","11","0","0","0","0","0","1","0","0","2","0","0","0","","","1","","0","","40 26:27.577","3","0","79 50:06.011","3","0","0","0","2419","0","0","0","","0","0","0","2","68B03","0","","3.0","","1","N","N","","0","","1","0","0","","0","N","","1","1","1","0","0","0","0","2","0","1","","","","N","","","","","","","","","",""
"2017015500","1831","1","0","0","0","0","0","0","0","0","7","0","","02","2","2017","2","40.441406","-80.157778","1818","11","0","0","0","0","0","0","0","0","","0","0","0","","","0","","0","","40 26:29.063","","0","80 09:28.000","0","0","0","0","2115","0","0","0","","0","0","0","1","68B03","0","","3.0","","1","N","N","","0","","0","0","0","","0","","","1","0","0","0","0","0","0","2","0","1","","","","N","","","","","","","","","",""
"2017016329","0911","1","0","0","0","0","0","0","0","0","7","0","","02","1","2017","1","40.631014","-80.097703","0853","11","0","0","0","0","0","0","0","0","1","0","0","0","","","2","","0","","40 37:51.651","2","0","80 05:51.730","3","0","0","0","2212","0","0","0","","0","0","0","3","68B03","0","","4.0","","1","N","N","","0","","2","0","1","","0","N","","2","2","0","0","0","0","0","2","0","2","","","","N","","","","","","","","","",""
"2017010915","0613","1","0","0","0","0","0","0","0","0","5","0","","02","1","2017","4","40.521465","-79.813587","0558","11","0","0","0","0","0","1","0","0","","0","0","0","","","0","","0","","40 31:17.275","","0","79 48:48.913","0","0","0","0","2466","0","0","0","","0","0","0","2","68T02","0","","1.0","","1","N","N","","1","","0","0","0","","0","","","2","0","0","0","0","0","0","2","0","2","","","","N","","","","","","","","","",""
"2017005470","0544","0","0","0","0","0","0","0","0","0","4","0","","02","1","2017","5","40.356286","-80.095544","0542","11","0","0","0","0","0","0","0","0","2","0","0","0","","","1","","0","","40 21:22.629","1","0","80 05:43.958","3","0","0","0","2123","0","0","0","N","0","0","0","2","02123","0","","1.0","","9","N","N","","0","","1","0","2","","0","N","","2","1","0","0","0","0","0","2","0","2","","","","N","","","","","","","","","",""
"2017012644","0640","0","0","0","0","0","0","1","0","0","8","1","","02","1","2017","3","40.423359","-79.886777","0638","11","0","0","0","0","0","0","1","0","1","0","0","0","","","1","","2","","40 25:24.092","7","1","79 53:12.397","3","0","0","0","2463","1","0","0","N","1","0","0","2","02463","0","","1.0","","9","Y","N","","0","","1","0","0","","2","N","","2","1","0","0","0","0","0","2","0","1","","","","N","","","","","","","","","",""
"2017012152","0744","1","0","0","0","0","0","0","0","0","1","0","","02","1","2017","3","40.456025","-79.997749","0727","11","0","0","0","0","0","0","0","0","","0","0","0","","","0","","0","","40 27:21.691","","0","79 59:51.896","0","0","0","0","2301","0","0","0","","0","0","0","2","68B03","0","","1.0","","1","N","N","","0","","0","0","1","","0","","","2","0","0","0","0","0","0","2","0","2","","","","N","","","","","","","","","",""
"2017015467","0003","1","0","0","0","0","0","0","0","0","7","0","","02","2","2017","3","","","0003","11","0","0","0","0","0","0","0","0","","0","0","0","","","0","","10","","00 00:00.000","","7","00 00:00.000","0","0","0","0","2439","0","0","0","N","0","0","0","1","02439","0","","4.0","","9","N","N","","0","","0","0","0","","0","","","1","0","1","0","0","0","0","1","0","1","","","","N","","","","","","","","","",""
"2017002288","2249","1","0","0","0","0","0","0","0","0","1","0","","02","1","2017","2","40.431391","-79.751554","2248","11","0","0","0","0","0","0","1","0","","0","0","0","","","0","","0","","40 25:53.006","","0","79 45:05.594","0","0","0","0","2446","0","0","0","N","0","0","0","2","02446","0","","1.0","","1","N","N","","0","","0","0","1","","0","","","2","0","0","0","0","0","0","2","0","2","","","","N","","","","","","","","","",""
"2017013351","1235","1","0","0","0","0","0","0","0","0","1","0","","02","1","2017","7","40.531665","-79.939456","1230","11","0","0","0","0","0","0","0","1","2","0","0","0","","","0","","2","","40 31:53.994","5","0","79 56:22.041","0","0","0","0","2118","0","0","0","N","0","0","0","2","02118","0","","1.0","","1","N","N","","1","","0","0","0","","0","N","","2","0","0","0","0","0","0","2","0","2","","","","N","","","","","","","","","",""
"2017007223","2311","2","0","0","0","0","0","0","0","0","4","0","","02","1","2017","2","40.424973","-80.005087","2304","11","0","0","0","0","0","1","0","0","2","0","0","0","","","1","","2","","40 25:29.902","3","0","80 00:18.313","4","0","0","0","2301","0","0","0","N","0","0","0","2","02301","1","","1.0","","1","N","N","","0","","0","0","0","","3","N","","2","1","0","0","0","0","0","2","0","2","","","","N","","","","","","","","","",""
"2017009688","1542","1","0","0","0","0","0","0","0","0","2","1","","02","1","2017","2","40.369487","-79.911736","1511","11","0","0","0","0","0","1","0","1","1","0","1","0","","","0","","0","","40 22:10.152","4","0","79 54:42.250","0","0","0","0","2301","0","0","0","N","0","0","0","3","02301","0","","1.0","","9","N","N","","0","","0","0","0","","0","N","","2","0","0","0","0","0","0","2","0","2","","","","N","","","","","","","","","",""
"2017015427","1852","1","0","0","0","0","0","0","0","0","8","0","","02","2","2017","3","40.432061","-79.923271","1848","11","0","0","0","0","0","0","0","0","1","0","0","0","","","1","","0","","40 25:55.419","7","0","79 55:23.775","3","0","0","0","2301","1","0","0","N","1","0","0","2","02301","0","","1.0","","9","N","N","","0","","1","0","0","","0","N","","2","1","0","0","0","0","0","2","0","1","","","","N","","","","","","","","","",""
"2017016683","1820","2","0","0","0","0","0","0","0","0","1","0","","02","2","2017","6","40.334452","-79.812148","1815","11","0","0","0","0","1","0","0","0","2","0","0","0","","","1","","0","","40 20:04.026","2","0","79 48:43.733","4","0","0","0","2477","0","0","0","N","0","0","0","5","02477","1","","1.0","","9","N","N","","0","","0","0","1","","0","N","","3","1","0","0","0","0","0","2","0","3","","","","N","","","","","","","","","",""
"2017006890","0638","1","0","0","0","0","0","0","0","0","4","1","","02","1","2017","5","40.538446","-80.123543","0620","11","0","0","0","0","0","1","0","0","","0","1","0","","","1","","0","","40 32:18.405","","0","80 07:24.755","3","0","0","0","2460","0","0","0","","0","0","0","2","68B03","0","","1.0","","9","N","N","","0","","1","0","0","","0","","","2","1","0","0","0","0","0","1","0","2","","","","N","","","","","","","","","",""
"2017016670","2114","1","0","0","0","0","0","0","0","0","7","0","","02","2","2017","6","40.328193","-79.796291","2112","11","0","0","0","1","0","0","0","0","2","0","0","0","","","0","","0","","40 19:41.494","6","0","79 47:46.648","0","0","0","0","2477","0","0","0","Y","0","0","0","1","02477","0","","4.0","","1","","","","0","","0","0","0","","0","N","","1","0","0","0","0","0","0","2","0","1","","","","N","","","","","","","","","",""
"2017009823","0649","1","0","0","0","0","0","0","0","0","99","0","","02","1","2017","5","40.278258","-79.940032","0636","11","0","0","0","0","0","0","0","0","","0","0","0","","","1","","0","","40 16:41.730","","0","79 56:24.116","4","0","0","0","2440","0","0","0","","0","0","0","1","68T09","1","","1.0","","1","N","N","","0","","0","0","0","","0","","","1","1","0","0","0","0","0","2","0","1","","","","N","","","","","","","","","",""
"2017008961","0430","0","0","0","0","0","0","0","0","0","1","1","","02","1","2017","7","40.457428","-80.029776","0426","11","0","0","0","0","0","1","0","0","1","0","1","0","","","0","","3","","40 27:26.742","1","0","80 01:47.192","0","0","0","0","2301","0","0","0","N","0","0","0","2","02301","0","","1.0","","9","N","N","","0","","0","0","1","","0","N","","2","0","0","0","0","0","0","2","0","2","","","","N","","","","","","","","","",""
"2017010771","0715","0","0","0","0","0","0","0","0","0","99","0","","02","1","2017","7","40.40517","-80.107339","0715","11","0","0","0","0","0","1","0","0","","0","0","0","","","0","","0","","40 24:18.611","","0","80 06:26.420","0","0","0","0","2102","0","0","0","","0","0","0","1","68B03","0","","1.0","","1","N","N","","0","","0","0","0","","0","","","1","0","0","0","0","0","0","2","1","1","","","","N","","","","","","","","","",""
"2017011448","0701","2","0","0","0","0","0","0","0","0","1","0","","02","1","2017","4","40.515596","-80.156291","0700","11","0","0","0","0","0","1","0","0","","0","0","0","","","0","","0","","40 30:56.146","","0","80 09:22.646","0","0","0","0","2420","0","0","0","","0","0","0","1","02420","0","","6.0","","1","N","N","","0","","0","0","0","","0","","","2","0","0","0","0","0","0","2","0","2","","","","N","","","","","","","","","",""
"2017010017","1840","1","0","0","0","0","0","0","0","0","4","0","","02","1","2017","6","40.498626","-80.207815","1836","11","0","0","1","0","0","0","0","0","1","0","0","0","","","0","","1","","40 29:55.053","7","0","80 12:28.134","0","0","0","0","2213","0","0","0","","0","0","0","2","02213","0","","1.0","","1","N","N","","1","","0","0","0","","3","N","","2","0","0","0","0","0","0","2","0","2","","","","N","","","","","","","","","",""
"2017015688","1217","1","0","0","0","0","0","0","0","0","4","0","","02","2","2017","2","40.505458","-80.207549","1213","11","0","0","0","0","0","1","0","0","1","0","0","0","","","0","","1","","40 30:19.650","2","0","80 12:27.175","0","0","0","0","2213","0","0","0","","0","0","0","2","02213","0","","1.0","","1","N","N","","0","","0","0","1","","2","N","","2","0","0","0","0","0","0","2","0","2","","","","N","","","","","","","","","",""
"2017010080","0957","1","0","0","0","0","0","0","0","0","99","0","","02","1","2017","3","40.481636","-79.874194","0950","11","0","0","0","0","0","1","0","0","5","0","0","0","","","1","","0","","40 28:53.890","6","0","79 52:27.098","4","0","0","0","2113","0","0","0","N","0","0","0","1","02113","1","","1.0","","9","N","N","","0","","0","0","0","","0","Y","","1","1","0","0","0","0","0","2","0","1","","","","N","","","","","","","","","",""
"2017014278","0125","1","0","0","0","0","0","0","0","0","4","0","","02","2","2017","7","40.423268","-79.924177","0115","11","0","0","0","0","0","0","0","0","","0","0","0","","","0","","3","","40 25:23.764","","0","79 55:27.037","0","0","0","0","2301","0","0","0","N","0","0","0","1","02301","0","","1.0","","1","N","N","","0","","0","0","1","","0","","","2","0","0","0","0","0","0","2","0","2","","","","N","","","","","","","","","",""
"2017005629","1334","1","0","0","0","0","0","0","0","0","7","0","","02","1","2017","5","40.310981","-79.916173","1330","11","0","0","0","0","0","0","0","1","2","0","0","0","","","0","","0","","40 18:39.530","1","0","79 54:58.224","0","0","0","0","2440","0","0","0","N","0","0","0","2","02440","0","","5.0","","1","N","N","","0","","0","0","0","","0","N","","1","0","0","0","0","0","0","2","0","1","","","","N","","","","","","","","","",""
"2017009472","2349","1","0","0","0","0","0","1","0","0","4","1","","02","1","2017","6","40.432174","-80.003941","2349","11","0","0","0","0","0","0","0","0","","0","0","0","","","4","","1","","40 25:55.827","","0","80 00:14.188","3","0","0","0","2301","0","0","0","N","0","0","0","18","02503","0","","1.0","","1","N","N","","0","","4","0","0","","2","","","2","4","0","0","0","0","0","2","0","2","","","","N","","","","","","","","","",""
"2017008515","1912","1","0","0","0","0","0","0","0","0","1","0","","02","1","2017","5","40.434756","-80.018951","1843","11","0","0","0","0","0","0","0","0","1","0","0","0","","","0","","0","","40 26:05.121","3","4","80 01:08.222","0","0","0","0","2301","0","0","0","","0","0","0","3","68B03","0","","1.0","","1","N","N","","0","","0","0","2","","0","N","","3","0","0","0","0","0","0","2","0","3","","","","N","","","","","","","","","",""
"2017009991","1217","0","0","0","0","0","0","0","0","0","1","0","","02","1","2017","6","40.42561","-79.906245","1157","11","0","0","0","0","0","1","0","0","2","0","0","0","","","1","","0","","40 25:32.195","4","0","79 54:22.483","8","0","0","0","2301","0","0","0","","0","0","0","2","68B03","0","","1.0","","1","N","N","","0","","0","0","2","","0","N","","2","1","0","0","0","1","0","2","0","2","","","","N","","","","","","","","","",""
"2017008516","2008","0","0","0","0","0","0","0","0","0","7","0","","02","1","2017","5","40.429321","-79.943114","1953","11","0","0","0","0","1","0","0","0","2","0","0","0","","","0","","0","","40 25:45.557","4","0","79 56:35.212","0","0","0","0","2301","0","0","0","","0","0","0","1","68B03","0","","4.0","","9","N","N","","1","","0","0","0","","0","N","","1","0","0","0","0","0","0","2","0","1","","","","N","","","","","","","","","",""
"2017000144","1545","3","0","0","0","0","0","0","0","0","1","0","","02","1","2017","1","40.439521","-80.076077","1542","11","0","0","0","0","0","0","0","0","","0","0","0","","","1","","0","","40 26:22.276","","0","80 04:33.876","3","0","0","0","2301","0","0","0","N","0","0","0","1","02301","0","","4.0","","1","N","N","","0","","1","0","1","","0","","","4","1","0","0","0","0","0","2","0","4","","","","N","","","","","","","","","",""
"2017011174","1506","2","0","0","0","0","0","0","0","0","1","0","","02","1","2017","5","40.427299","-79.762231","1458","11","0","0","0","0","0","1","0","0","","0","0","0","","","0","","0","","40 25:38.276","","0","79 45:44.031","0","0","0","0","2446","0","0","0","N","0","0","0","2","02446","0","","1.0","","1","N","N","","0","","0","0","0","","0","","","2","0","0","0","0","0","0","2","0","2","","","","N","","","","","","","","","",""
"2017006523","0452","0","0","0","0","0","0","0","0","0","7","0","","02","1","2017","1","40.37715","-79.88924","0451","11","0","0","0","0","0","0","0","0","","0","0","0","","","1","","0","","40 22:37.739","","0","79 53:21.264","8","0","0","0","2473","0","0","0","N","0","0","0","1","02473","0","","5.0","","1","N","N","","0","","0","0","1","","0","","","1","1","0","0","0","1","0","2","0","1","","","","N","","","","","","","","","",""
"2017002727","2357","0","0","0","0","0","0","0","0","0","99","0","","02","1","2017","6","40.449667","-80.0183","2352","11","0","0","0","0","0","1","0","0","","0","0","0","","","0","","1","","40 26:58.800","","2","80 01:05.879","0","0","0","0","2301","0","0","0","N","0","0","0","1","02301","0","","1.0","","9","N","N","","0","","0","0","1","","0","","","1","0","0","0","0","0","0","2","0","1","","","","N","","","","","","","","","",""
"2017014566","1027","2","0","0","0","0","0","0","0","0","2","0","","02","2","2017","1","40.448809","-79.987534","1021","11","0","0","0","0","0","2","0","0","2","0","0","0","","","2","","1","","40 26:55.712","2","0","79 59:15.122","4","0","0","0","2301","0","0","0","N","0","0","0","5","02301","2","","1.0","","1","N","N","","0","","0","0","0","","2","N","","2","2","0","0","0","0","0","2","0","2","","","","N","","","","","","","","","",""
"2017006366","1927","1","0","0","0","0","0","0","0","0","1","0","","02","1","2017","7","40.34837","-79.944808","1927","11","0","0","0","0","0","0","1","0","1","0","0","0","","","2","","2","","40 20:54.133","4","0","79 56:41.310","8","0","0","0","2473","0","0","0","N","0","0","0","3","02473","0","","1.0","","9","N","N","","0","","0","0","1","","2","N","","2","2","2","0","0","2","0","2","0","2","","","","N","","","","","","","","","",""
"2017002435","1139","0","0","0","0","0","0","0","0","0","7","0","","02","1","2017","6","40.497116","-79.789412","1134","11","0","0","0","0","0","0","0","0","2","0","0","0","","","1","","0","","40 29:49.617","3","0","79 47:21.883","8","0","0","0","2113","0","0","0","Y","0","0","0","1","02113","0","","5.0","","9","N","N","","1","","0","0","0","","0","N","","1","1","0","0","0","1","0","2","0","1","","","","N","","","","","","","","","",""
"2017006489","1846","1","0","0","0","0","0","0","0","0","4","0","","02","1","2017","4","40.673408","-80.098405","1840","11","0","0","0","0","0","2","0","0","","0","0","0","","","0","","1","","40 40:24.270","","0","80 05:54.259","0","0","0","0","2212","0","0","0","N","0","0","0","2","02505","0","","1.0","","9","N","N","","1","","0","0","0","","2","","","2","0","0","0","0","0","0","2","0","2","","","","N","","","","","","","","","",""
"2017005107","0955","2","0","0","0","0","0","0","0","0","4","0","","02","1","2017","5","40.451015","-80.021614","0952","11","0","0","0","0","0","0","0","0","","0","0","0","","","2","","2","","40 27:03.655","","0","80 01:17.809","8","0","0","0","2301","0","0","0","N","0","0","0","3","02301","0","","1.0","","9","N","N","","0","","0","0","0","","0","","","2","2","2","0","0","2","0","2","0","2","","","","N","","","","","","","","","",""
"2017009084","1018","1","0","0","0","0","0","0","0","0","4","0","","02","1","2017","7","40.465382","-79.965289","1010","11","0","0","0","0","0","0","0","0","","0","0","0","","","0","","0","","40 27:55.374","","0","79 57:55.039","0","0","0","0","2301","0","0","0","N","0","0","0","2","02301","0","","1.0","","1","N","N","","1","","0","0","0","","3","","","2","0","0","0","0","0","0","2","0","2","","","","N","","","","","","","","","",""
"2017015542","1051","1","0","0","0","0","0","0","0","0","1","0","","02","2","2017","7","40.508123","-79.990236","1044","11","0","0","0","0","0","1","0","0","","0","0","0","","","0","","0","","40 30:29.241","","0","79 59:24.850","0","0","0","0","2116","0","0","0","N","0","0","0","5","02116","0","","1.0","","1","N","N","","1","","0","0","0","","0","","","2","0","0","0","0","0","0","2","0","2","","","","N","","","","","","","","","",""
"2017005464","1853","0","0","0","0","0","0","0","0","0","2","0","","02","1","2017","5","40.467027","-80.024868","1848","11","0","0","0","0","0","1","1","0","","0","0","0","","","0","","1","","40 28:01.298","","0","80 01:29.526","0","0","0","0","2301","0","0","0","N","0","0","0","2","02301","0","","1.0","","9","N","N","","0","","0","0","2","","2","","","2","0","0","0","0","0","0","2","0","2","","","","N","","","","","","","","","",""
"2017008321","1055","1","0","0","0","0","0","0","0","0","5","0","","02","1","2017","2","40.197696","-79.901003","1046","11","0","0","0","1","0","1","0","0","1","0","0","0","","","1","","0","","40 11:51.705","3","0","79 54:03.612","8","0","0","0","2204","0","0","0","Y","0","0","0","4","02204","0","","1.0","","1","N","N","","0","","0","0","0","","0","N","","2","1","0","0","0","1","0","2","1","2","","","","N","","","","","","","","","",""
"2017006339","1852","1","0","0","0","0","0","0","0","0","7","0","","02","1","2017","2","40.485876","-80.033643","1847","11","0","0","0","0","0","0","0","0","3","0","0","0","","","0","","0","","40 29:09.153","5","99","80 02:01.114","0","0","0","0","2301","0","0","0","","0","0","0","1","02301","0","","5.0","","2","N","N","","0","","0","0","0","","0","Y","","1","0","0","0","0","0","0","2","0","1","","","","N","","","","","","","","","",""
"2017015887","2310","0","0","0","0","0","0","0","0","0","7","0","","02","2","2017","2","40.594022","-80.095041","2245","11","0","0","0","0","0","0","0","0","","0","0","0","","","1","","0","","40 35:38.478","","0","80 05:42.146","3","0","0","0","2481","0","0","0","","0","0","0","1","68B03","0","","4.0","","9","N","N","","0","","1","0","1","","0","","","1","1","0","0","0","0","0","2","0","1","","","","N","","","","","","","","","",""
"2017016763","1335","1","0","0","0","0","0","0","0","0","4","0","","02","2","2017","3","40.361731","-80.064124","1328","11","0","0","0","0","0","0","1","0","","0","0","0","","","0","","0","","40 21:42.231","","0","80 03:50.847","0","0","0","0","2109","0","0","0","","0","0","0","2","02109","0","","1.0","","9","N","N","","1","","0","0","0","","0","","","2","0","0","0","0","0","0","2","0","2","","","","N","","","","","","","","","",""
"2017006499","1948","2","0","0","0","0","0","0","0","0","4","0","","02","1","2017","1","40.467027","-80.024868","1945","11","0","0","0","0","0","0","0","0","1","0","0","0","","","0","","1","","40 28:01.298","5","0","80 01:29.526","0","0","0","0","2301","0","0","0","N","0","0","0","4","02301","0","","1.0","","1","N","N","","0","","0","0","0","","2","N","","2","0","0","0","0","0","0","2","0","2","","","","N","","","","","","","","","",""
"2017012493","1452","0","0","0","0","0","0","1","0","0","4","1","","02","1","2017","2","40.554113","-79.87437","1442","11","0","0","0","0","0","0","0","0","","0","0","0","","","0","","0","","40 33:14.806","","0","79 52:27.733","0","0","0","0","2209","0","0","0","N","0","0","0","35","02209","0","","1.0","","1","Y","N","","1","","0","0","0","","0","","","2","0","0","0","0","0","0","2","0","2","","","","N","","","","","","","","","",""
"2017012720","0925","2","0","0","0","0","0","0","0","0","2","0","","02","1","2017","3","40.604295","-79.889976","0900","11","0","0","0","0","0","0","0","0","1","0","0","0","","","0","","0","","40 36:15.461","6","0","79 53:23.913","0","0","0","0","2220","0","0","0","N","0","0","0","2","02220","0","","1.0","","7","N","N","","0","","0","0","0","","0","N","","2","0","0","0","0","0","0","1","0","2","","","","N","","","","","","","","","",""
"2017004411","0520","1","0","0","0","0","0","0","0","0","7","0","","02","1","2017","3","40.609497","-79.920976","0514","11","0","0","0","0","0","1","0","0","","0","0","0","","","0","","2","","40 36:34.189","","0","79 55:15.513","0","0","0","0","2207","0","0","0","N","0","0","0","1","02207","0","","5.0","","2","N","N","","0","","0","0","0","","0","","","1","0","0","0","0","0","0","2","0","1","","","","N","","","","","","","","","",""
"2017000169","0210","1","0","0","0","0","0","0","0","0","99","0","","02","1","2017","1","40.421392","-79.982315","0205","11","0","0","0","0","0","0","0","0","","0","0","0","","","0","","10","","40 25:17.011","","0","79 58:56.334","0","0","0","0","2301","0","0","0","N","0","0","0","1","02301","0","","9.0","","1","N","N","","0","","0","0","0","","0","","","1","0","0","0","0","0","0","2","0","1","","","","N","","","","","","","","","",""
"2017009199","1417","1","0","0","0","0","0","0","0","0","7","0","","02","1","2017","7","40.668721","-80.10247","1412","11","0","0","0","0","0","0","0","0","","0","0","0","","","0","","2","","40 40:07.395","","0","80 06:08.892","0","0","0","0","2212","0","0","0","N","0","0","0","2","02505","0","","5.0","","1","N","N","","0","","0","0","0","","3","","","1","0","0","0","0","0","0","2","0","1","","","","N","","","","","","","","","",""
"2017009438","1745","1","0","0","0","0","0","0","0","0","4","0","","02","1","2017","1","40.501017","-80.114602","1741","11","0","0","0","0","0","0","1","0","1","0","0","0","","","0","","2","","40 30:03.661","5","0","80 06:52.567","0","0","0","0","2126","0","0","0","N","0","0","0","3","02126","0","","1.0","","1","N","N","","0","","0","0","1","","3","N","","2","0","0","0","0","0","0","2","0","2","","","","N","","","","","","","","","",""
"2017007180","0752","3","0","0","0","0","0","0","0","0","1","0","","02","1","2017","5","40.568399","-80.005731","0743","11","0","0","0","0","0","1","0","0","1","0","0","0","","","2","","0","","40 34:06.236","2","0","80 00:20.633","3","0","0","0","2108","0","0","0","","0","0","0","4","02108","0","","1.0","","9","N","N","","0","","2","0","1","","0","N","","4","2","0","0","0","0","1","2","0","4","","","","N","","","","","","","","","",""
"2017011046","1935","1","0","0","0","0","0","0","0","0","6","0","","02","1","2017","4","40.434213","-79.746781","1933","11","0","0","0","0","0","1","1","0","1","0","0","0","","","2","","0","","40 26:03.166","3","0","79 44:48.410","3","0","0","0","2446","0","0","0","N","0","0","0","3","02446","0","","1.0","","9","N","N","","1","","2","0","0","","0","N","","2","2","0","0","0","0","1","2","0","2","","","","N","","","","","","","","","",""
"2017009202","1820","1","0","0","0","0","0","0","0","0","7","0","","02","1","2017","7","40.671891","-79.986193","1816","11","0","0","0","0","1","0","0","0","","0","0","0","","","0","","2","","40 40:18.806","","0","79 59:10.295","0","0","0","0","2217","0","0","0","N","0","0","0","1","02505","0","","5.0","","1","N","N","","0","","0","0","0","","3","","","1","0","0","0","0","0","0","2","0","1","","","","N","","","","","","","","","",""
"2017008938","2310","1","0","0","0","0","0","0","0","0","7","0","","02","1","2017","6","40.478271","-80.044749","2300","11","0","0","0","0","0","0","0","0","2","0","0","0","","","1","","0","","40 28:41.774","3","3","80 02:41.096","8","0","0","0","2301","0","0","0","N","0","0","0","1","02301","0","","1.0","","1","N","N","","0","","0","0","0","","0","N","","1","1","1","0","0","1","0","2","0","1","","","","N","","","","","","","","","",""
"2017009184","1752","1","0","0","0","0","0","0","0","0","3","0","","02","1","2017","7","40.449893","-79.827608","1743","11","0","0","0","0","0","0","1","0","2","0","0","0","","","0","","3","","40 26:59.614","2","0","79 49:39.388","0","0","0","0","2113","0","0","0","N","0","0","0","2","02113","0","","1.0","","1","N","N","","0","","0","0","1","","3","N","","2","0","0","0","0","0","0","2","0","2","","","","N","","","","","","","","","",""
"2017012473","1848","1","0","0","0","0","0","0","0","0","1","0","","02","1","2017","1","40.429037","-79.888026","1825","11","0","0","0","0","0","0","0","0","","0","0","0","","","1","","6","","40 25:44.533","","2","79 53:16.895","8","0","0","0","2426","0","0","0","","0","0","0","5","68B03","0","","1.0","","1","N","N","","0","","0","0","0","","4","","","2","1","0","0","0","1","0","2","1","2","","","","N","","","","","","","","","",""
"2017006770","1818","2","0","0","0","0","0","0","0","0","1","0","","02","1","2017","5","40.45709","-80.176338","1808","11","0","0","0","0","0","0","0","0","","0","0","0","","","0","","1","","40 27:25.524","","0","80 10:34.818","0","0","0","0","2213","0","0","0","","0","0","0","2","02213","0","","1.0","","7","N","N","","0","","0","0","0","","2","","","2","0","0","0","0","0","0","2","0","2","","","","N","","","","","","","","","",""