"CRN","ARRIVAL_TM","AUTOMOBILE_COUNT","BELTED_DEATH_COUNT","BELTED_SUSP_SERIOUS_INJ_COUNT","BICYCLE_COUNT","BICYCLE_DEATH_COUNT","BICYCLE_SUSP_SERIOUS_INJ_COUNT","BUS_COUNT","CHLDPAS_DEATH_COUNT","CHLDPAS_SUSP_SERIOUS_INJ_COUNT","COLLISION_TYPE","COMM_VEH_COUNT","CONS_ZONE_SPD_LIM","COUNTY","CRASH_MONTH","CRASH_YEAR","DAY_OF_WEEK","DEC_LATITUDE","DEC_LONGITUDE","DISPATCH_TM","DISTRICT","DRIVER_COUNT_16YR","DRIVER_COUNT_17YR","DRIVER_COUNT_18YR","DRIVER_COUNT_19YR","DRIVER_COUNT_20YR","DRIVER_COUNT_50_64YR","DRIVER_COUNT_65_74YR","DRIVER_COUNT_75PLUS","EST_HRS_CLOSED","FATAL_COUNT","HEAVY_TRUCK_COUNT","HORSE_BUGGY_COUNT","HOUR_OF_DAY","ILLUMINATION","INJURY_COUNT","INTERSECTION_RELATED","INTERSECT_TYPE","LANE_CLOSED","LATITUDE","LN_CLOSE_DIR","LOCATION_TYPE","LONGITUDE","MAX_SEVERITY_LEVEL","MCYCLE_DEATH_COUNT","MCYCLE_SUSP_SERIOUS_INJ_COUNT","MOTORCYCLE_COUNT","MUNICIPALITY","NONMOTR_COUNT","NONMOTR_DEATH_COUNT","NONMOTR_SUSP_SERIOUS_INJ_COUNT","NTFY_HIWY_MAINT","PED_COUNT","PED_DEATH_COUNT","PED_SUSP_SERIOUS_INJ_COUNT","PERSON_COUNT","POLICE_AGCY","POSSIBLE_INJ_COUNT","RDWY_SURF_TYPE_CD","RELATION_TO_ROAD","ROADWAY_CLEARED","ROAD_CONDITION","SCH_BUS_IND","SCH_ZONE_IND","SECONDARY_CRASH","SMALL_TRUCK_COUNT","SPEC_JURIS_CD","SUSP_MINOR_INJ_COUNT","SUSP_SERIOUS_INJ_COUNT","SUV_COUNT","TCD_FUNC_CD","TCD_TYPE","TFC_DETOUR_IND","TIME_OF_DAY","TOTAL_UNITS","TOT_INJ_COUNT","UNBELTED_OCC_COUNT","UNB_DEATH_COUNT","UNB_SUSP_SERIOUS_INJ_COUNT","UNK_INJ_DEG_COUNT","UNK_INJ_PER_COUNT","URBAN_RURAL","VAN_COUNT","VEHICLE_COUNT","WEATHER1","WEATHER2","WORKERS_PRES","WORK_ZONE_IND","WORK_ZONE_LOC","WORK_ZONE_TYPE","WZ_CLOSE_DETOUR","WZ_FLAGGER","WZ_LAW_OFFCR_IND","WZ_LN_CLOSURE","WZ_MOVING","WZ_OTHER","WZ_SHLDER_MDN","WZ_WORKERS_INJ_KILLED"
"2017030341","","2","0","0","0","0","0","0","0","0","4","0","","02","3","2017","2","40.549582","-79.914118","","11","0","0","0","0","0","1","0","1","","0","0","0","","","2","","1","","40 32:58.496","","0","79 54:50.825","3","0","0","0","2209","0","0","0","N","0","0","0","4","02209","0","","1.0","","1","N","N","","0","","2","0","1","","2","","","3","2","0","0","0","0","0","2","0","3","","","","N","","","","","","","","","",""
"2017028516","","1","0","0","0","0","0","0","0","0","6","0","","02","3","2017","6","40.320344","-79.835727","","11","0","0","0","0","0","0","0","0","2","0","0","0","","","1","","0","","40 19:13.240","5","0","79 50:08.618","3","0","0","0","2469","0","0","0","N","0","0","0","2","02469","0","","1.0","","1","N","N","","1","","1","0","0","","0","Y","","2","1","0","0","0","0","0","2","0","2","","","","N","","","","","","","","","",""
"2017031017","","1","0","0","0","0","0","0","0","0","1","0","","02","3","2017","5","40.410722","-79.990194","","11","0","0","0","0","0","0","0","0","","0","0","0","","","1","","2","","40 24:38.600","","0","79 59:24.700","4","0","0","0","2447","0","0","0","N","0","0","0","3","02447","1","","1.0","","1","N","N","","1","","0","0","0","","2","","","2","1","0","0","0","0","0","2","0","2","","","","N","","","","","","","","","",""
"2017027750","","1","0","0","0","0","0","0","0","0","2","0","","02","3","2017","5","40.566278","-79.795637","","11","0","0","0","0","0","0","0","1","1","0","0","0","","","0","","2","","40 33:58.601","2","3","79 47:44.293","0","0","0","0","2206","0","0","0","N","0","0","0","2","02206","0","","1.0","","1","N","N","","1","","0","0","0","","3","N","","2","0","0","0","0","0","0","2","0","2","","","","N","","","","","","","","","",""
"2017034755","","0","0","0","0","0","0","0","0","0","7","0","","02","4","2017","1","40.467346","-79.869024","","11","0","0","0","0","0","1","0","0","1","0","0","0","","","0","","0","","40 28:02.446","6","0","79 52:08.487","0","0","0","0","2113","0","0","0","N","0","0","0","1","02113","0","","5.0","","1","N","N","","0","","0","0","1","","0","N","","1","0","0","0","0","0","0","2","0","1","","","","N","","","","","","","","","",""
"2017027949","","0","0","0","0","0","0","0","0","0","4","0","","02","3","2017","7","40.576843","-80.055865","","11","0","0","0","0","0","0","0","0","2","0","0","0","","","1","","1","","40 34:36.634","7","0","80 03:21.114","8","0","0","0","2108","0","0","0","","0","0","0","9","02108","0","","1.0","","1","N","N","","0","","0","0","2","","3","Y","","2","1","0","0","0","1","0","2","0","2","","","","N","","","","","","","","","",""
"2017041783","","1","0","0","0","0","0","0","0","0","1","0","","02","4","2017","1","40.431532","-80.024937","","11","0","0","0","0","0","0","1","0","1","0","0","0","","","2","","0","","40 25:53.515","3","4","80 01:29.773","8","0","0","0","2301","0","0","0","","0","0","0","3","68B03","0","","1.0","","1","N","N","","0","","0","0","2","","0","N","","3","2","0","0","0","2","0","2","0","3","","","","N","","","","","","","","","",""
"2017042127","","1","0","0","0","0","0","0","0","0","4","0","","02","4","2017","1","40.381738","-80.04415","","11","0","0","0","0","0","0","2","0","2","0","0","0","","","0","","0","","40 22:54.257","1","0","80 02:38.940","0","0","0","0","2109","0","0","0","","0","0","0","3","02109","0","","1.0","","1","N","N","","0","","0","0","1","","0","N","","2","0","0","0","0","0","0","2","0","2","","","","N","","","","","","","","","",""
"2017037111","","1","0","0","0","0","0","0","0","0","4","0","","02","4","2017","5","40.388657","-79.830252","","11","0","0","0","0","0","0","1","0","2","0","0","0","","","2","","1","","40 23:19.164","3","0","79 49:48.906","4","0","0","0","2111","0","0","0","N","0","0","0","3","02111","2","","1.0","","9","N","N","","0","","0","0","1","","2","Y","","2","2","0","0","0","0","0","2","0","2","","","","N","","","","","","","","","",""
"2017042071","","0","0","0","0","0","0","1","0","0","8","1","","02","4","2017","1","40.46077","-79.91592","","11","0","0","0","0","0","1","0","0","1","0","0","0","","","1","","1","","40 27:38.771","2","0","79 54:57.312","4","0","0","0","2301","1","0","0","N","1","0","0","2","02503","1","","1.0","","1","N","N","","0","","0","0","0","","2","Y","","2","1","0","0","0","0","0","2","0","1","","","","N","","","","","","","","","",""
"2017021952","","1","0","0","0","0","0","0","0","0","4","0","","02","2","2017","6","40.435839","-80.032534","","11","0","0","0","0","0","1","0","0","","0","0","0","","","0","","5","","40 26:09.020","","0","80 01:57.121","0","0","0","0","2301","0","0","0","N","0","0","0","2","02301","0","","1.0","","1","N","N","","0","","0","0","0","","2","","","2","0","0","0","0","0","0","2","0","2","","","","N","","","","","","","","","",""
"2017046752","","2","0","0","0","0","0","0","0","0","5","0","","02","5","2017","1","40.383167","-80.053631","","11","0","0","0","0","0","0","0","1","","0","0","0","","","0","","0","","40 22:59.400","","0","80 03:13.070","0","0","0","0","2109","0","0","0","","0","0","0","1","02109","0","","1.0","","1","N","N","","0","","0","0","0","","0","","","2","0","0","0","0","0","0","2","0","2","","","","N","","","","","","","","","",""
"2017033009","","1","0","0","0","0","0","0","0","0","4","0","","02","3","2017","5","40.439165","-79.960262","","11","0","0","0","1","0","0","0","0","1","0","0","0","","","0","","2","","40 26:20.993","3","0","79 57:36.942","0","0","0","0","2301","0","0","0","N","0","0","0","2","02506","0","","1.0","","1","N","N","","0","","0","0","1","","0","N","","2","0","0","0","0","0","0","2","0","2","","","","N","","","","","","","","","",""
"2017035008","","3","0","0","0","0","0","0","0","0","5","0","","02","4","2017","3","40.605403","-79.755586","","11","0","0","0","0","0","1","0","0","1","0","0","0","","","1","","0","","40 36:19.451","3","0","79 45:20.110","3","0","0","0","2464","0","0","0","N","0","0","0","4","02464","0","","1.0","","9","N","N","","1","","1","0","0","","0","Y","","4","1","1","0","0","0","0","2","0","4","","","","N","","","","","","","","","",""
"2017036502","","1","0","0","0","0","0","0","0","0","7","0","","02","4","2017","6","40.436967","-80.189746","","11","0","0","0","0","0","1","0","0","","0","0","0","","","0","","0","","40 26:13.081","","0","80 11:23.085","0","0","0","0","2214","0","0","0","N","0","0","0","1","02214","0","","5.0","","9","N","N","","0","","0","0","0","","0","","","1","0","0","0","0","0","0","2","0","1","","","","N","","","","","","","","","",""
"2017031272","","2","0","0","0","0","0","0","0","0","4","0","","02","3","2017","4","40.363812","-79.842856","","11","0","0","0","0","0","0","0","0","1","0","0","0","","","0","","1","","40 21:49.724","4","0","79 50:34.282","0","0","0","0","2303","0","0","0","N","0","0","0","2","02303","0","","1.0","","1","N","N","","0","","0","0","0","","2","Y","","2","0","1","0","0","0","0","2","0","2","","","","N","","","","","","","","","",""
"2017036765","","1","0","0","0","0","0","0","0","0","1","0","30","02","4","2017","6","40.460243","-80.030764","","11","0","0","0","0","0","1","0","0","","0","0","0","","","0","","0","","40 27:36.874","","0","80 01:50.751","0","0","0","0","2301","0","0","0","N","0","0","0","3","02301","0","","1.0","","9","N","N","","0","","0","0","2","","0","","","3","0","1","0","0","0","0","2","0","3","","","N","Y","4","1","","","N","","","","",""
"2017020528","","1","0","0","0","0","0","0","0","0","5","0","","02","2","2017","2","40.358241","-79.831798","","11","0","0","0","0","0","1","0","0","1","0","0","0","","","1","","2","","40 21:29.668","6","0","79 49:54.472","4","0","0","0","2304","0","0","0","N","0","0","0","3","02477","1","","1.0","","1","N","N","","0","","0","0","1","","0","Y","","2","1","0","0","0","0","0","2","0","2","","","","N","","","","","","","","","",""
"2017035144","","1","0","0","0","0","0","0","0","0","2","0","","02","4","2017","7","40.45558","-79.966254","","11","0","0","0","0","0","1","0","0","","0","0","0","","","0","","5","","40 27:20.089","","0","79 57:58.514","9","0","0","0","2301","0","0","0","N","0","0","0","2","02301","0","","1.0","","1","N","N","","0","","0","0","0","","2","","","2","0","0","0","0","0","1","2","0","2","","","","N","","","","","","","","","",""
"2017036703","","1","0","0","0","0","0","0","0","0","5","0","","02","4","2017","6","40.506189","-79.950584","","11","0","0","0","0","0","1","0","0","1","0","0","0","","","0","","0","","40 30:22.281","1","0","79 57:02.101","0","0","0","0","2430","0","0","0","","0","0","0","1","02430","0","","6.0","","1","N","N","","0","","0","0","0","","0","N","","2","0","1","0","0","0","0","2","1","2","","","","N","","","","","","","","","",""
"2017044951","","2","0","0","0","0","0","0","0","0","4","0","","02","5","2017","3","40.470409","-79.923084","","11","0","0","0","0","0","2","0","0","","0","0","0","","","0","","1","","40 28:13.472","","0","79 55:23.102","0","0","0","0","2301","0","0","0","N","0","0","0","3","02301","0","","1.0","","1","N","N","","0","","0","0","0","","3","","","2","0","0","0","0","0","0","2","0","2","","","","N","","","","","","","","","",""
"2017041970","","1","0","0","0","0","0","0","0","0","7","0","","02","2","2017","7","40.4482","-79.991361","","11","0","0","0","0","0","0","0","0","2","0","0","0","","","1","","0","","40 26:53.519","1","0","79 59:28.901","3","0","0","0","2301","0","0","0","","0","0","0","1","68B03","0","","4.0","","1","N","N","","0","","1","0","0","","0","N","","2","1","0","0","0","0","0","2","0","1","","","","N","","","","","","","","","",""
"2017033322","","2","0","0","0","0","0","0","0","0","1","0","","02","3","2017","3","40.448519","-80.012794","","11","0","0","0","1","0","0","0","1","2","0","0","0","","","1","","6","","40 26:54.669","1","2","80 00:46.057","3","0","0","0","2301","0","0","0","N","0","0","0","2","02301","0","","1.0","","9","N","N","","0","","1","0","0","","0","N","","2","1","0","0","0","0","0","2","0","2","","","","N","","","","","","","","","",""
"2017016225","","2","0","0","0","0","0","0","0","0","4","0","","02","2","2017","5","40.449922","-79.929329","","11","0","0","0","0","0","0","0","0","","0","0","0","","","0","","0","","40 26:59.718","","0","79 55:45.584","0","0","0","0","2301","0","0","0","N","0","0","0","2","02301","0","","1.0","","7","N","N","","0","","0","0","0","","0","","","2","0","0","0","0","0","0","2","0","2","","","","N","","","","","","","","","",""
"2017033861","","2","0","0","0","0","0","0","0","0","4","0","","02","3","2017","5","40.406058","-79.942969","","11","0","0","0","0","0","0","0","0","","0","0","0","","","0","","2","","40 24:21.809","","0","79 56:34.687","0","0","0","0","2301","0","0","0","N","0","0","0","2","02301","0","","1.0","","1","N","N","","0","","0","0","0","","0","","","2","0","0","0","0","0","0","2","0","2","","","","N","","","","","","","","","",""
"2017036643","","2","0","0","0","0","0","0","0","0","4","0","","02","4","2017","6","40.427846","-79.966266","","11","0","0","0","0","0","0","0","0","","0","0","0","","","1","","1","","40 25:40.245","","0","79 57:58.557","3","0","0","0","2301","0","0","0","N","0","0","0","2","02301","0","","1.0","","1","N","N","","0","","1","0","1","","0","","","3","1","0","0","0","0","0","2","0","3","","","","N","","","","","","","","","",""
"2017035184","","1","0","0","0","0","0","0","0","0","4","0","","02","4","2017","1","40.386079","-79.774758","","11","0","0","0","0","0","0","1","0","","0","0","0","","","1","","0","","40 23:09.885","","0","79 46:29.130","8","0","0","0","2111","0","0","0","N","0","0","0","5","02111","0","","1.0","","1","N","N","","0","","0","0","1","","0","","","2","1","0","0","0","1","0","2","0","2","","","","N","","","","","","","","","",""
"2017023870","","0","0","0","0","0","0","0","0","0","4","0","","02","3","2017","6","40.614848","-80.097055","","11","0","0","0","0","0","1","0","0","","0","0","0","","","0","","6","","40 36:53.452","","2","80 05:49.398","0","0","0","0","2481","0","0","0","N","0","0","0","2","02481","0","","1.0","","1","N","N","","0","","0","0","2","","2","","","2","0","0","0","0","0","0","2","0","2","","","","N","","","","","","","","","",""
"2017046357","","0","0","0","0","0","0","0","0","0","1","0","","02","4","2017","3","40.411037","-80.074336","","11","0","0","0","0","0","0","0","0","","0","0","0","","","0","","0","","40 24:39.733","","0","80 04:27.611","0","0","0","0","2117","0","0","0","","0","0","0","2","68B03","0","","1.0","","1","N","N","","1","","0","0","1","","0","","","2","0","0","0","0","0","0","2","0","2","","","","N","","","","","","","","","",""
"2017029647","","0","0","0","0","0","0","0","0","0","7","0","","02","3","2017","6","40.467471","-79.954246","","11","0","0","0","0","0","0","1","0","2","0","0","0","","","0","","0","","40 28:02.896","5","0","79 57:15.286","0","0","0","0","2301","0","0","0","N","0","0","0","1","02301","0","","5.0","","9","N","N","","0","","0","0","1","","1","Y","","1","0","0","0","0","0","0","2","0","1","","","","N","","","","","","","","","",""
"2017046733","","2","0","0","0","0","0","0","0","0","1","0","45","02","5","2017","3","40.51275","-80.050865","","11","0","0","0","0","0","1","0","0","","0","0","0","","","0","","6","","40 30:45.900","","2","80 03:03.115","0","0","0","0","2116","0","0","0","","0","0","0","2","68B03","0","","1.0","","1","N","N","","0","","0","0","0","","3","","","2","0","0","0","0","0","0","2","0","2","","","Y","Y","4","1","N","N","N","N","N","N","Y",""
"2017019758","","4","0","0","0","0","0","0","0","0","5","0","","02","2","2017","7","40.455196","-80.048974","","11","0","0","1","0","0","0","0","0","","0","0","0","","","4","","0","","40 27:18.705","","0","80 02:56.306","3","0","0","0","2301","0","0","0","Y","0","0","0","4","02301","0","","1.0","","1","N","N","","0","","4","0","0","","0","","","4","4","4","0","0","0","0","2","0","4","","","","N","","","","","","","","","",""
"2017036222","","1","0","0","0","0","0","0","0","0","4","0","","02","4","2017","5","40.443183","-79.896731","","11","0","0","0","0","0","1","0","0","","0","0","0","","","0","","2","","40 26:35.457","","0","79 53:48.233","0","0","0","0","2301","0","0","0","N","0","0","0","3","02301","0","","1.0","","9","N","Y","","1","","0","0","1","","3","","","3","0","0","0","0","0","0","2","0","3","","","","N","","","","","","","","","",""
"2017036556","","2","0","0","0","0","0","0","0","0","4","0","","02","4","2017","6","40.454043","-79.912443","","11","0","0","0","0","0","0","0","0","1","0","0","0","","","0","","2","","40 27:14.553","1","0","79 54:44.793","0","0","0","0","2301","0","0","0","N","0","0","0","3","02301","0","","1.0","","1","N","N","","0","","0","0","0","","2","Y","","2","0","0","0","0","0","0","2","0","2","","","","N","","","","","","","","","",""
"2017034430","","1","0","0","0","0","0","0","0","0","1","1","25","02","3","2017","6","40.448765","-80.020483","","11","0","0","0","0","0","0","0","0","","0","1","0","","","0","","6","","40 26:55.555","","0","80 01:13.738","0","0","0","0","2301","0","0","0","N","0","0","0","5","02301","0","","1.0","","9","N","N","","0","","0","0","0","","3","","","3","0","0","0","0","0","0","2","0","2","","","Y","Y","4","1","","","N","Y","","","",""
"2017034649","","2","0","0","0","0","0","0","0","0","2","0","","02","4","2017","1","40.537398","-80.186064","","11","0","1","0","0","0","0","0","1","1","0","0","0","","","3","","1","","40 32:14.634","1","0","80 11:09.830","3","0","0","0","2458","0","0","0","N","0","0","0","3","02458","0","","1.0","","1","N","N","","0","","3","0","0","","2","N","","2","3","0","0","0","0","0","2","0","2","","","","N","","","","","","","","","",""
"2017045206","","1","0","0","0","0","0","0","0","0","7","0","","02","1","2017","2","40.405227","-80.107351","","11","0","0","0","0","0","0","0","0","","0","0","0","","","0","","0","","40 24:18.818","","0","80 06:26.462","0","0","0","0","2102","0","0","0","","0","0","0","1","68B03","0","","4.0","","1","N","N","","0","","0","0","0","","0","","","1","0","0","0","0","0","0","2","0","1","","","","N","","","","","","","","","",""
"2017036665","","2","0","0","0","0","0","0","0","0","5","0","","02","4","2017","5","40.470672","-79.92669","","11","0","0","0","0","0","0","0","0","","0","0","0","","","0","","2","","40 28:14.419","","0","79 55:36.084","9","0","0","0","2301","0","0","0","N","0","0","0","7","02301","0","","1.0","","1","N","N","","0","","0","0","0","","3","","","2","0","0","0","0","0","1","2","0","2","","","","N","","","","","","","","","",""
"2017019978","","0","0","0","0","0","0","0","0","0","7","0","","02","2","2017","1","40.634626","-79.840894","","11","0","0","0","0","0","0","0","0","2","0","0","0","","","0","","0","","40 38:04.653","6","0","79 50:27.218","0","0","0","0","2220","0","0","0","N","0","0","0","1","02220","0","","5.0","","1","N","N","","1","","0","0","0","","0","Y","","1","0","0","0","0","0","0","2","0","1","","","","N","","","","","","","","","",""
"2017028798","","1","0","0","0","0","0","0","0","0","7","0","","02","3","2017","1","40.628071","-79.941879","","11","0","0","0","0","0","0","0","0","2","0","0","0","","","2","","0","","40 37:41.057","2","0","79 56:30.764","3","0","0","0","2217","0","0","0","Y","0","0","0","2","02505","1","","4.0","","1","N","N","","0","","1","0","0","","0","Y","","1","2","1","0","0","0","0","2","0","1","","","","N","","","","","","","","","",""
"2017052697","","1","0","0","0","0","0","0","0","0","1","0","","02","3","2017","3","40.425541","-79.905563","","11","0","0","0","0","0","0","1","0","1","0","0","0","","","3","","0","","40 25:31.949","3","0","79 54:20.027","4","0","0","0","2301","0","0","0","","0","0","0","12","68B03","3","","1.0","","1","N","N","","0","","0","0","3","","0","N","","4","3","1","0","0","0","0","2","0","4","","","","N","","","","","","","","","",""
"2017034780","","2","0","0","0","0","0","0","0","0","5","0","","02","4","2017","2","40.437609","-79.984223","","11","0","0","0","0","0","0","1","0","","0","0","0","","","0","","2","","40 26:15.392","","0","79 59:03.203","0","0","0","0","2301","0","0","0","N","0","0","0","3","02301","0","","1.0","","1","N","N","","0","","0","0","0","","2","","","2","0","0","0","0","0","0","2","0","2","","","","N","","","","","","","","","",""
"2017042265","","1","0","0","0","0","0","0","0","0","8","0","","02","4","2017","2","40.449701","-79.986071","","11","0","0","0","1","0","0","0","0","1","0","0","0","","","1","","1","","40 26:58.924","4","0","79 59:09.856","3","0","0","0","2301","1","0","0","N","1","0","0","2","02301","0","","1.0","","1","N","N","","0","","1","0","0","","3","N","","2","1","0","0","0","0","0","2","0","1","","","","N","","","","","","","","","",""
"2017039671","","2","0","0","0","0","0","0","0","0","2","0","","02","4","2017","2","40.438028","-79.9933","","11","0","0","0","0","0","1","0","0","2","0","0","0","","","1","","1","","40 26:16.901","3","0","79 59:35.879","3","0","0","0","2301","0","0","0","N","0","0","0","2","02301","0","","1.0","","1","N","N","","0","","1","0","0","","3","N","","2","1","0","0","0","0","0","2","0","2","","","","N","","","","","","","","","",""
"2017017102","","0","0","0","0","0","0","0","0","0","1","0","","02","2","2017","1","40.45082","-79.713563","","11","0","0","0","0","0","0","0","0","1","0","0","0","","","0","","1","","40 27:02.952","1","0","79 42:48.828","0","0","0","0","2466","0","0","0","N","0","0","0","4","02466","0","","1.0","","1","N","N","","1","","0","0","1","","2","N","","2","0","0","0","0","0","0","2","0","2","","","","N","","","","","","","","","",""
"2017039952","","1","0","0","0","0","0","0","0","0","1","0","","02","4","2017","2","40.579453","-79.957455","","11","0","0","0","0","0","0","0","0","1","0","0","0","","","0","","2","","40 34:46.032","4","0","79 57:26.837","0","0","0","0","2207","0","0","0","N","0","0","0","7","02207","0","","1.0","","1","N","N","","0","","0","0","0","","0","N","","2","0","0","0","0","0","0","2","1","2","","","","N","","","","","","","","","",""
"2017022109","","0","0","0","0","0","0","0","0","0","7","0","","02","2","2017","6","40.412989","-79.945199","","11","0","0","0","0","0","0","0","0","2","0","0","0","","","1","","2","","40 24:46.762","6","0","79 56:42.717","3","0","0","1","2301","0","0","0","N","0","0","0","1","02301","0","","5.0","","1","N","N","","0","","1","0","0","","0","Y","","1","1","0","0","0","0","0","2","0","1","","","","N","","","","","","","","","",""
"2017034930","","0","0","0","0","0","0","0","0","0","4","0","","02","4","2017","1","40.550006","-80.085619","","11","0","0","0","0","0","0","0","0","","0","0","0","","","0","","2","","40 33:00.023","","0","80 05:08.227","0","0","0","0","2215","0","0","0","N","0","0","0","6","02215","0","","1.0","","1","N","N","","0","","0","0","1","","2","","","2","0","0","0","0","0","0","2","1","2","","","","N","","","","","","","","","",""
"2017036015","","1","0","0","1","0","0","0","0","0","8","0","","02","4","2017","4","40.451015","-80.021614","","11","0","0","0","0","0","0","0","0","","0","0","0","","","1","","2","","40 27:03.655","","0","80 01:17.809","8","0","0","0","2301","1","0","0","N","0","0","0","3","02301","0","","5.0","","1","N","N","","0","","0","0","0","","0","","","2","1","0","0","0","1","0","2","0","1","","","","N","","","","","","","","","",""
"2017034184","","2","0","0","0","0","0","0","0","0","2","0","","02","3","2017","6","40.47974","-80.083778","","11","0","0","0","0","0","0","0","0","2","0","0","0","","","1","","2","","40 28:47.065","6","0","80 05:01.602","4","0","0","0","2122","0","0","0","N","0","0","0","4","02122","1","","1.0","","9","N","N","","0","","0","0","0","","0","N","","2","1","0","0","0","0","0","2","0","2","","","","N","","","","","","","","","",""
"2017037262","","0","0","0","0","0","0","0","0","0","7","1","","02","4","2017","2","40.22158","-79.962881","","11","0","0","0","0","0","0","0","0","2","0","1","0","","","0","","0","","40 13:17.688","4","0","79 57:46.371","0","0","0","0","2204","0","0","0","Y","0","0","0","1","02204","0","","2.0","","1","N","N","","0","","0","0","0","","0","N","","1","0","0","0","0","0","0","1","0","1","","","","N","","","","","","","","","",""
"2017039319","","0","0","0","0","0","0","0","0","0","4","0","","02","4","2017","1","40.437094","-79.998346","","11","0","0","0","0","0","0","0","0","2","0","0","0","","","1","","5","","40 26:13.540","6","0","79 59:54.046","8","0","0","0","2301","0","0","0","N","0","0","0","4","02301","0","","1.0","","1","N","N","","0","","0","0","1","","2","N","","2","1","0","0","0","1","0","2","0","2","","","","N","","","","","","","","","",""
"2017045644","","2","0","0","0","0","0","0","0","0","1","0","","02","5","2017","4","40.437639","-79.770058","","11","0","0","0","0","0","0","0","0","1","0","0","0","","","0","","0","","40 26:15.500","2","0","79 46:12.210","0","0","0","0","2446","0","0","0","N","0","0","0","2","02446","0","","1.0","","1","N","N","","0","","0","0","0","","0","N","","2","0","0","0","0","0","0","2","0","2","","","","N","","","","","","","","","",""
"2017031714","","1","0","0","0","0","0","0","0","0","2","0","","02","3","2017","4","40.499873","-80.012651","","11","0","0","0","0","1","0","0","1","","0","0","0","","","0","","3","","40 29:59.543","","0","80 00:45.544","0","0","0","0","2301","0","0","0","N","0","0","0","2","02301","0","","1.0","","1","N","N","","0","","0","0","1","","3","","","2","0","0","0","0","0","0","2","0","2","","","","N","","","","","","","","","",""
"2017039450","","2","0","0","0","0","0","0","0","0","5","0","","02","4","2017","1","40.529919","-79.771405","","11","0","0","0","0","0","1","1","0","1","0","0","0","","","0","","2","","40 31:47.708","4","0","79 46:17.057","0","0","0","0","2466","0","0","0","N","0","0","0","2","02466","0","","1.0","","1","N","N","","0","","0","0","0","","0","N","","2","0","0","0","0","0","0","1","0","2","","","","N","","","","","","","","","",""
"2017034426","","1","0","0","0","0","0","0","0","0","8","0","","02","3","2017","4","40.442235","-79.957883","","11","0","0","0","0","0","0","1","0","","0","0","0","","","1","","1","","40 26:32.047","","0","79 57:28.377","8","0","0","0","2301","1","0","0","N","1","0","0","3","02506","0","","1.0","","1","N","N","","0","","0","0","0","","2","","","2","1","0","0","0","1","0","2","0","1","","","","N","","","","","","","","","",""
"2017016416","","1","0","0","0","0","0","0","0","0","4","0","","02","2","2017","5","40.645286","-80.070673","","11","0","0","0","0","0","0","0","0","1","0","0","0","","","0","","0","","40 38:43.029","1","0","80 04:14.421","0","0","0","0","2212","0","0","0","N","0","0","0","2","02505","0","","1.0","","6","N","N","","0","","0","0","1","","3","N","","2","0","0","0","0","0","0","2","0","2","","","","N","","","","","","","","","",""
"2017034148","","2","0","0","0","0","0","0","0","0","1","0","","02","3","2017","6","40.456401","-79.998639","","11","0","0","0","0","0","1","1","0","","0","0","0","","","1","","1","","40 27:23.042","","0","79 59:55.100","8","0","0","0","2301","0","0","0","N","0","0","0","2","02301","0","","1.0","","9","N","N","","0","","0","0","0","","2","","","2","1","0","0","0","1","0","2","0","2","","","","N","","","","","","","","","",""
"2017046480","","1","0","0","0","0","0","0","0","0","7","0","","02","5","2017","5","40.410863","-80.073844","","11","0","0","0","0","0","0","0","0","2","0","0","0","","","0","","0","","40 24:39.106","4","0","80 04:25.838","9","0","0","0","2117","0","0","0","","0","0","0","1","68B03","0","","4.0","","1","N","N","","0","","0","0","0","","0","Y","","1","0","0","0","0","0","1","2","0","1","","","","N","","","","","","","","","",""
"2017040261","","2","0","0","0","0","0","0","0","0","7","0","","02","4","2017","1","40.439547","-79.861054","","11","0","0","0","0","0","0","1","0","1","0","0","0","","","1","","0","","40 26:22.368","4","0","79 51:39.796","8","0","0","0","2419","0","0","0","","0","0","0","5","68B03","0","","4.0","","1","N","N","","1","","0","0","1","","0","N","","4","1","1","0","0","1","0","2","0","4","","","","N","","","","","","","","","",""
"2017017826","","2","0","0","0","0","0","0","0","0","4","0","","02","2","2017","2","40.339324","-79.968056","","11","0","0","0","0","0","0","0","1","","0","0","0","","","1","","0","","40 20:21.566","","0","79 58:05.001","8","0","0","0","2454","0","0","0","N","0","0","0","2","02454","0","","1.0","","1","N","N","","0","","0","0","0","","0","","","2","1","0","0","0","1","0","2","0","2","","","","N","","","","","","","","","",""
"2017018725","","0","0","0","0","0","0","0","0","0","4","0","","02","2","2017","4","40.392731","-79.933712","","11","0","0","0","0","0","0","0","0","1","0","0","0","","","0","","6","","40 23:33.830","3","8","79 56:01.362","0","0","0","0","2301","0","0","0","N","0","0","0","2","02301","0","","1.0","","2","N","N","","0","","0","0","2","","0","Y","","2","0","0","0","0","0","0","2","0","2","","","","N","","","","","","","","","",""
"2017036688","","1","0","0","0","0","0","0","0","0","4","0","","02","4","2017","7","40.478908","-80.043019","","11","0","0","0","0","0","0","0","0","","0","0","0","","","0","","1","","40 28:44.067","","0","80 02:34.868","9","0","0","0","2301","0","0","0","N","0","0","0","2","02301","0","","1.0","","1","N","N","","1","","0","0","0","","2","","","2","0","0","0","0","0","1","2","0","2","","","","N","","","","","","","","","",""