"CRN","ARRIVAL_TM","AUTOMOBILE_COUNT","BELTED_DEATH_COUNT","BELTED_SUSP_SERIOUS_INJ_COUNT","BICYCLE_COUNT","BICYCLE_DEATH_COUNT","BICYCLE_SUSP_SERIOUS_INJ_COUNT","BUS_COUNT","CHLDPAS_DEATH_COUNT","CHLDPAS_SUSP_SERIOUS_INJ_COUNT","COLLISION_TYPE","COMM_VEH_COUNT","CONS_ZONE_SPD_LIM","COUNTY","CRASH_MONTH","CRASH_YEAR","DAY_OF_WEEK","DEC_LATITUDE","DEC_LONGITUDE","DISPATCH_TM","DISTRICT","DRIVER_COUNT_16YR","DRIVER_COUNT_17YR","DRIVER_COUNT_18YR","DRIVER_COUNT_19YR","DRIVER_COUNT_20YR","DRIVER_COUNT_50_64YR","DRIVER_COUNT_65_74YR","DRIVER_COUNT_75PLUS","EST_HRS_CLOSED","FATAL_COUNT","HEAVY_TRUCK_COUNT","HORSE_BUGGY_COUNT","HOUR_OF_DAY","ILLUMINATION","INJURY_COUNT","INTERSECTION_RELATED","INTERSECT_TYPE","LANE_CLOSED","LATITUDE","LN_CLOSE_DIR","LOCATION_TYPE","LONGITUDE","MAX_SEVERITY_LEVEL","MCYCLE_DEATH_COUNT","MCYCLE_SUSP_SERIOUS_INJ_COUNT","MOTORCYCLE_COUNT","MUNICIPALITY","NONMOTR_COUNT","NONMOTR_DEATH_COUNT","NONMOTR_SUSP_SERIOUS_INJ_COUNT","NTFY_HIWY_MAINT","PED_COUNT","PED_DEATH_COUNT","PED_SUSP_SERIOUS_INJ_COUNT","PERSON_COUNT","POLICE_AGCY","POSSIBLE_INJ_COUNT","RDWY_SURF_TYPE_CD","RELATION_TO_ROAD","ROADWAY_CLEARED","ROAD_CONDITION","SCH_BUS_IND","SCH_ZONE_IND","SECONDARY_CRASH","SMALL_TRUCK_COUNT","SPEC_JURIS_CD","SUSP_MINOR_INJ_COUNT","SUSP_SERIOUS_INJ_COUNT","SUV_COUNT","TCD_FUNC_CD","TCD_TYPE","TFC_DETOUR_IND","TIME_OF_DAY","TOTAL_UNITS","TOT_INJ_COUNT","UNBELTED_OCC_COUNT","UNB_DEATH_COUNT","UNB_SUSP_SERIOUS_INJ_COUNT","UNK_INJ_DEG_COUNT","UNK_INJ_PER_COUNT","URBAN_RURAL","VAN_COUNT","VEHICLE_COUNT","WEATHER1","WEATHER2","WORKERS_PRES","WORK_ZONE_IND","WORK_ZONE_LOC","WORK_ZONE_TYPE","WZ_CLOSE_DETOUR","WZ_FLAGGER","WZ_LAW_OFFCR_IND","WZ_LN_CLOSURE","WZ_MOVING","WZ_OTHER","WZ_SHLDER_MDN","WZ_WORKERS_INJ_KILLED"
"2017033355","","2","0","0","0","0","0","0","0","0","2","0","","02","2","2017","4","40.448476","-80.165988","","11","0","0","0","0","0","1","0","0","","0","0","0","","","1","","0","","40 26:54.512","","2","80 09:57.556","3","0","0","0","2115","0","0","0","","0","0","0","2","68B03","0","","1.0","","1","N","N","","0","","1","0","0","","0","","","2","1","1","0","0","0","0","2","0","2","","","","N","","","","","","","","","",""
"2017046479","","0","0","0","0","0","0","0","0","0","1","0","","02","5","2017","4","40.425931","-79.911581","","11","0","1","0","0","0","1","0","0","","0","0","0","","","1","","0","","40 25:33.351","","4","79 54:41.693","8","0","0","0","2301","0","0","0","","0","0","0","4","68B03","0","","1.0","","1","N","N","","0","","0","0","2","","0","","","2","1","0","0","0","1","0","2","0","2","","","","N","","","","","","","","","",""
"2017036971","","2","0","0","0","0","0","0","0","0","2","0","","02","4","2017","6","40.459214","-79.927463","","11","0","1","0","0","0","0","0","0","","0","0","0","","","3","","1","","40 27:33.170","","0","79 55:38.866","8","0","0","0","2301","0","0","0","N","0","0","0","3","02301","0","","1.0","","1","N","N","","0","","0","0","0","","2","","","2","3","0","0","0","3","0","2","0","2","","","","N","","","","","","","","","",""
"2017039156","","0","0","0","0","0","0","0","0","0","1","0","","02","4","2017","7","40.408907","-80.090469","","11","0","0","0","0","0","0","1","0","","0","0","0","","","0","","0","","40 24:32.065","","0","80 05:25.688","0","0","0","0","2415","0","0","0","N","0","0","0","2","02415","0","","2.0","","1","N","N","","0","","0","0","1","","0","","","2","0","0","0","0","0","0","2","1","2","","","","N","","","","","","","","","",""
"2017007986","","0","0","0","0","0","0","0","0","0","7","0","","02","1","2017","3","40.555333","-80.22375","","11","0","0","0","0","0","0","0","0","2","0","0","0","","","0","","0","","40 33:19.200","6","0","80 13:25.500","0","0","0","0","2103","0","0","0","N","0","0","0","1","02103","0","","2.0","","2","N","N","","1","","0","0","0","","0","N","","1","0","0","0","0","0","0","2","0","1","","","","N","","","","","","","","","",""
"2017019360","","1","0","0","0","0","0","0","0","0","4","0","","02","2","2017","5","40.447753","-80.178485","","11","0","0","0","0","0","1","0","0","","0","0","0","","","1","","2","","40 26:51.910","","0","80 10:42.546","4","0","0","0","2214","0","0","0","N","0","0","0","2","02214","1","","1.0","","1","N","N","","0","","0","0","1","","3","","","2","1","0","0","0","0","0","2","0","2","","","","N","","","","","","","","","",""
"2017027937","","2","0","0","0","0","0","0","0","0","4","0","","02","3","2017","3","40.47272","-79.935903","","11","0","0","0","0","1","0","0","0","","0","0","0","","","0","","3","","40 28:21.792","","0","79 56:09.250","0","0","0","0","2301","0","0","0","N","0","0","0","3","02301","0","","1.0","","9","N","N","","0","","0","0","1","","3","","","3","0","0","0","0","0","0","2","0","3","","","","N","","","","","","","","","",""
"2017045448","","1","0","0","0","0","0","0","0","0","4","0","","02","4","2017","5","40.439608","-79.759218","","11","0","0","0","0","0","0","0","0","","0","0","0","","","0","","0","","40 26:22.590","","0","79 45:33.183","9","0","0","0","2446","0","0","0","","0","0","0","2","68B03","0","","1.0","","1","N","N","","0","","0","0","1","","0","","","2","0","0","0","0","0","1","2","0","2","","","","N","","","","","","","","","",""
"2017043074","","1","0","0","0","0","0","0","0","0","7","0","","02","4","2017","7","40.31085","-79.875736","","11","0","0","0","0","0","0","0","0","","0","0","0","","","1","","0","","40 18:39.060","","0","79 52:32.648","4","0","0","0","2443","0","0","0","N","0","0","0","2","02443","1","","5.0","","1","N","N","","0","","0","0","0","","0","","","1","1","0","0","0","0","1","1","0","1","","","","N","","","","","","","","","",""
"2017039341","","2","0","0","0","0","0","0","0","0","4","0","","02","4","2017","6","40.552306","-80.120028","","11","0","0","0","0","0","1","0","0","","0","0","0","","","0","","3","","40 33:08.300","","0","80 07:12.100","0","0","0","0","2215","0","0","0","N","0","0","0","2","02215","0","","1.0","","1","N","N","","0","","0","0","0","","2","","","2","0","0","0","0","0","0","2","0","2","","","","N","","","","","","","","","",""
"2017037567","","1","0","0","0","0","0","0","0","0","4","0","","02","4","2017","3","40.572019","-80.016386","","11","0","0","0","0","0","2","0","0","","0","0","0","","","2","","1","","40 34:19.267","","0","80 00:58.989","8","0","0","0","2108","0","0","0","","0","0","0","2","02108","0","","1.0","","9","N","N","","0","","0","0","1","","2","","","2","2","0","0","0","2","0","2","0","2","","","","N","","","","","","","","","",""
"2017042897","","1","0","0","0","0","0","0","0","0","1","0","","02","4","2017","3","40.453849","-80.040294","","11","0","0","0","0","0","0","1","0","","0","0","0","","","1","","0","","40 27:13.856","","0","80 02:25.058","8","0","0","0","2301","0","0","0","N","0","0","0","5","02301","0","","1.0","","9","N","N","","1","","0","0","0","","2","","","3","1","0","0","0","1","0","2","1","3","","","","N","","","","","","","","","",""
"2017047123","","0","0","0","0","0","0","0","0","0","7","0","","02","4","2017","1","40.353713","-80.100492","","11","1","0","0","0","0","0","0","0","","0","0","0","","","0","","0","","40 21:13.367","","0","80 06:01.772","0","0","0","0","2414","0","0","0","","0","0","0","2","02414","0","","5.0","","1","N","N","","0","","0","0","1","","0","","","1","0","0","0","0","0","0","2","0","1","","","","N","","","","","","","","","",""
"2017019939","","0","0","0","0","0","0","0","0","0","1","0","","02","1","2017","6","40.438605","-79.953444","","11","0","0","0","0","0","2","0","0","","0","0","0","","","0","","1","","40 26:18.978","","0","79 57:12.399","0","0","0","0","2301","0","0","0","N","0","0","0","2","02506","0","","1.0","","1","N","N","","0","","0","0","1","","0","","","2","0","0","0","0","0","0","2","1","2","","","","N","","","","","","","","","",""
"2017034741","","0","0","0","0","0","0","0","0","0","1","0","","02","4","2017","2","40.34837","-79.944808","","11","0","0","0","0","0","0","0","0","1","0","0","0","","","0","","1","","40 20:54.133","1","2","79 56:41.310","0","0","0","0","2473","0","0","0","N","0","0","0","3","02473","0","","1.0","","1","N","N","","0","","0","0","3","","2","N","","3","0","0","0","0","0","0","2","0","3","","","","N","","","","","","","","","",""
"2017040934","","0","0","0","0","0","0","0","0","0","7","0","","02","4","2017","5","40.44461","-80.028792","","11","0","0","0","0","0","0","0","0","1","0","0","0","","","1","","0","","40 26:40.595","2","0","80 01:43.651","3","0","0","0","2301","0","0","0","Y","0","0","0","2","02301","0","","2.0","","1","N","N","","0","","1","0","1","","0","N","","1","1","0","0","0","0","0","2","0","1","","","","N","","","","","","","","","",""
"2017035190","","3","0","0","0","0","0","0","0","0","2","0","","02","3","2017","2","40.368323","-80.084141","","11","0","0","0","0","0","1","0","1","","0","0","0","","","1","","1","","40 22:05.961","","0","80 05:02.909","3","0","0","0","2117","0","0","0","N","0","0","0","3","02117","0","","1.0","","1","N","N","","0","","1","0","0","","2","","","3","1","0","0","0","0","0","2","0","3","","","","N","","","","","","","","","",""
"2017029137","","1","0","0","0","0","0","0","0","0","8","0","","02","3","2017","5","40.444444","-79.993722","","11","0","0","0","0","0","1","0","0","","0","0","0","","","1","","0","","40 26:40.000","","0","79 59:37.400","8","0","0","0","2301","1","0","0","N","1","0","0","2","02301","0","","1.0","","1","N","N","","0","","0","0","0","","0","","","2","1","0","0","0","1","0","2","0","1","","","","N","","","","","","","","","",""
"2017035180","","1","0","0","0","0","0","0","0","0","5","0","","02","3","2017","7","40.441639","-80.007056","","11","0","0","0","0","0","0","0","0","1","0","0","0","","","0","","0","","40 26:29.900","2","0","80 00:25.400","9","0","0","0","2301","0","0","0","N","0","0","0","1","02301","0","","4.0","","1","N","N","","1","","0","0","1","","0","N","","3","0","0","0","0","0","1","2","0","3","","","","N","","","","","","","","","",""
"2017030028","","2","0","0","0","0","0","0","0","0","4","0","","02","3","2017","2","40.449189","-79.955573","","11","0","0","0","0","0","0","0","0","","0","0","0","","","0","","1","","40 26:57.080","","0","79 57:20.063","0","0","0","0","2301","0","0","0","N","0","0","0","3","02506","0","","1.0","","1","N","N","","0","","0","0","0","","2","","","2","0","1","0","0","0","0","2","0","2","","","","N","","","","","","","","","",""
"2017041936","","1","0","0","0","0","0","0","0","0","7","0","","02","4","2017","7","40.273378","-79.886091","","11","0","0","0","0","0","0","0","0","2","0","0","0","","","1","","2","","40 16:24.160","3","1","79 53:09.929","4","0","0","0","2428","0","0","0","N","0","0","0","1","02428","1","","5.0","","1","N","N","","0","","0","0","0","","0","Y","","1","1","0","0","0","0","0","2","0","1","","","","N","","","","","","","","","",""
"2017041767","","2","0","0","0","0","0","0","0","0","1","0","","02","4","2017","7","40.406308","-80.003693","","11","0","0","0","0","0","1","0","1","1","0","0","0","","","0","","2","","40 24:22.709","3","0","80 00:13.293","0","0","0","0","2301","0","0","0","N","0","0","0","4","02301","0","","1.0","","1","N","N","","0","","0","0","1","","0","Y","","3","0","0","0","0","0","0","2","0","3","","","","N","","","","","","","","","",""
"2017015857","","1","0","0","0","0","0","0","0","0","7","0","","02","2","2017","4","40.589969","-79.956567","","11","0","0","0","0","0","0","1","0","","0","0","0","","","1","","0","","40 35:23.889","","0","79 57:23.641","4","0","0","0","2207","0","0","0","N","0","0","0","1","02207","1","","5.0","","7","N","N","","0","","0","0","0","","0","","","1","1","0","0","0","0","0","2","0","1","","","","N","","","","","","","","","",""
"2017045662","","2","0","0","0","0","0","0","0","0","4","0","","02","5","2017","3","40.438663","-79.768567","","11","0","0","0","0","0","0","0","0","2","0","0","0","","","0","","0","","40 26:19.187","7","0","79 46:06.841","0","0","0","0","2446","0","0","0","N","0","0","0","2","02446","0","","1.0","","9","N","N","","0","","0","0","0","","2","Y","","2","0","0","0","0","0","0","2","0","2","","","","N","","","","","","","","","",""
"2017043061","","6","0","0","0","0","0","0","0","0","1","0","","02","4","2017","3","40.331648","-79.986143","","11","0","0","0","0","0","5","0","0","","0","0","0","","","6","","2","","40 19:53.931","","0","79 59:10.116","8","0","0","0","2403","0","0","0","N","0","0","0","10","02403","0","","1.0","","9","N","N","","0","","0","0","1","","2","","","8","6","1","0","0","6","0","2","1","8","","","","N","","","","","","","","","",""
"2017032464","","0","0","0","0","0","0","0","0","0","7","0","","02","3","2017","1","40.369333","-79.875722","","11","0","0","0","0","0","0","0","0","","0","0","0","","","0","","2","","40 22:09.600","","0","79 52:32.600","0","0","0","0","2473","0","0","0","N","0","0","0","1","02473","0","","5.0","","1","N","N","","0","","0","0","1","","6","","","1","0","0","0","0","0","0","2","0","1","","","","N","","","","","","","","","",""
"2017029482","","0","0","0","0","0","0","0","0","0","7","0","","02","3","2017","6","40.509508","-79.878873","","11","0","0","1","0","0","0","0","0","2","0","0","0","","","0","","0","","40 30:34.229","5","0","79 52:43.944","0","0","0","0","2432","0","0","0","N","0","0","0","1","02432","0","","5.0","","9","N","N","","0","","0","0","1","","0","Y","","1","0","0","0","0","0","0","2","0","1","","","","N","","","","","","","","","",""
"2017034134","","1","0","0","0","0","0","0","0","0","8","0","","02","3","2017","6","40.44828","-80.01045","","11","0","0","0","0","0","1","0","0","","0","0","0","","","1","","1","","40 26:53.808","","0","80 00:37.621","8","0","0","0","2301","1","0","0","N","1","0","0","2","02301","0","","1.0","","9","N","N","","0","","0","0","0","","2","","","2","1","0","0","0","1","0","2","0","1","","","","N","","","","","","","","","",""
"2017020092","","2","0","0","0","0","0","0","0","0","1","0","","02","2","2017","4","40.388222","-80.089891","","11","0","0","0","0","0","0","1","0","","0","0","0","","","0","","1","","40 23:17.600","","0","80 05:23.608","0","0","0","0","2437","0","0","0","N","0","0","0","2","02437","0","","1.0","","1","N","N","","0","","0","0","0","","2","","","2","0","0","0","0","0","0","2","0","2","","","","N","","","","","","","","","",""
"2017031710","","2","0","0","0","0","0","0","0","0","1","0","","02","3","2017","5","40.430417","-80.028417","","11","0","0","0","0","0","0","0","1","","0","0","0","","","1","","6","","40 25:49.500","","2","80 01:42.300","8","0","0","0","2301","0","0","0","N","0","0","0","4","02301","0","","1.0","","1","N","N","","0","","0","0","0","","3","","","2","1","0","0","0","1","0","2","0","2","","","","N","","","","","","","","","",""
"2017040179","","2","0","0","0","0","0","0","0","0","2","0","","02","4","2017","2","40.633504","-80.003892","","11","0","1","0","0","0","0","0","0","1","0","0","0","","","0","","1","","40 38:00.616","4","0","80 00:14.012","0","0","0","0","2216","0","0","0","N","0","0","0","4","02505","0","","1.0","","1","N","N","","0","","0","0","0","","2","N","","2","0","0","0","0","0","0","2","0","2","","","","N","","","","","","","","","",""
"2017035068","","1","0","0","0","0","0","0","0","0","4","0","","02","4","2017","7","40.419254","-80.045989","","11","0","0","0","1","0","0","0","0","1","0","0","0","","","0","","2","","40 25:09.315","1","0","80 02:45.559","0","0","0","0","2435","0","0","0","N","0","0","0","3","02435","0","","1.0","","1","N","N","","0","","0","0","1","","2","N","","2","0","0","0","0","0","0","2","0","2","","","","N","","","","","","","","","",""
"2017054871","","1","0","0","0","0","0","0","0","0","1","0","","02","5","2017","2","40.49433","-79.904109","","11","0","0","0","0","0","2","0","0","2","0","0","0","","","0","","0","","40 29:39.589","2","0","79 54:14.793","0","0","0","0","2401","0","0","0","","0","0","0","3","68D02","0","","1.0","","1","N","N","","1","","0","0","1","","0","N","","3","0","0","0","0","0","0","2","0","3","","","","N","","","","","","","","","",""
"2017023303","","1","0","0","0","0","0","0","0","0","7","0","","02","2","2017","3","40.203877","-79.919086","","11","0","0","0","0","0","0","0","0","2","0","0","0","","","1","","3","","40 12:13.957","7","0","79 55:08.710","8","0","0","0","2204","0","0","0","Y","0","0","0","1","02204","0","","4.0","","1","N","N","","0","","0","0","0","","0","Y","","1","1","1","0","0","1","0","2","0","1","","","","N","","","","","","","","","",""
"2017046325","","2","0","1","0","0","0","0","0","0","1","0","","02","5","2017","7","40.38832","-79.996638","","11","0","1","0","0","0","0","0","0","1","0","0","0","","","2","","0","","40 23:17.951","1","0","79 59:47.898","2","0","0","0","2301","0","0","0","N","0","0","0","3","02301","1","","1.0","","9","N","N","","0","","0","1","0","","0","N","","2","2","0","0","0","0","0","2","0","2","","","","N","","","","","","","","","",""
"2017036685","","2","0","0","0","0","0","0","0","0","1","0","","02","4","2017","6","40.442356","-80.023369","","11","0","0","0","0","0","0","0","0","1","0","0","0","","","1","","0","","40 26:32.482","4","0","80 01:24.127","3","0","0","0","2301","0","0","0","N","0","0","0","2","02301","0","","1.0","","1","N","N","","0","","1","0","0","","0","N","","2","1","0","0","0","0","0","2","0","2","","","","N","","","","","","","","","",""
"2017047524","","1","0","0","0","0","0","0","0","0","1","0","","02","5","2017","3","40.475055","-79.849381","","11","0","0","0","0","0","0","0","0","","0","0","0","","","1","","0","","40 28:30.198","","0","79 50:57.771","4","0","0","0","2113","0","0","0","N","0","0","0","2","02113","1","","1.0","","1","N","N","","0","","0","0","0","","0","","","2","1","1","0","0","0","0","2","1","2","","","","N","","","","","","","","","",""
"2017053017","","1","0","0","0","0","0","0","0","0","99","0","","02","5","2017","6","40.492071","-79.89354","","11","0","0","0","0","0","0","0","0","1","0","0","0","","","0","","0","","40 29:31.454","2","0","79 53:36.744","0","0","0","0","2112","0","0","0","","0","0","0","1","68D02","0","","1.0","","1","N","N","","0","","0","0","0","","0","N","","1","0","0","0","0","0","0","2","0","1","","","","N","","","","","","","","","",""
"2017047121","","0","0","0","0","0","0","0","0","0","7","0","","02","4","2017","7","40.359316","-80.111854","","11","1","0","0","0","0","0","0","0","","0","0","0","","","0","","0","","40 21:33.537","","0","80 06:42.674","0","0","0","0","2414","0","0","0","","0","0","0","1","02414","0","","5.0","","1","N","N","","0","","0","0","1","","0","","","1","0","0","0","0","0","0","2","0","1","","","","N","","","","","","","","","",""
"2017039956","","1","0","0","1","0","0","0","0","0","8","0","","02","4","2017","3","40.432104","-79.935003","","11","0","0","0","0","0","0","0","0","","0","0","0","","","1","","2","","40 25:55.574","","0","79 56:06.011","8","0","0","0","2301","1","0","0","N","0","0","0","2","02301","0","","1.0","","1","N","N","","0","","0","0","0","","0","","","2","1","0","0","0","1","0","2","0","1","","","","N","","","","","","","","","",""
"2017029454","","1","0","0","0","0","0","0","0","0","6","0","","02","3","2017","6","40.370944","-79.854771","","11","0","0","0","0","0","0","0","0","1","0","0","0","","","0","","2","","40 22:15.398","7","0","79 51:17.175","0","0","0","0","2303","0","0","0","N","0","0","0","2","02303","0","","1.0","","7","N","N","","0","","0","0","0","","0","N","","2","0","0","0","0","0","0","2","1","2","","","","N","","","","","","","","","",""
"2017020531","","1","0","0","0","0","0","0","0","0","8","0","","02","2","2017","2","40.495863","-80.051695","","11","0","0","0","0","0","0","0","0","","0","0","0","","","1","","1","","40 29:45.106","","0","80 03:06.101","8","0","0","0","2404","1","0","0","N","1","0","0","3","02404","0","","1.0","","1","N","N","","0","","0","0","0","","3","","","2","1","0","0","0","1","0","2","0","1","","","","N","","","","","","","","","",""
"2017046574","","0","0","0","0","0","0","0","0","0","7","0","","02","5","2017","1","40.330479","-79.84288","","11","0","0","0","0","0","1","0","0","1","0","0","0","","","1","","0","","40 19:49.726","5","0","79 50:34.367","8","0","0","0","2304","0","0","0","N","0","0","0","1","02304","0","","2.0","","1","N","N","","0","","0","0","1","","0","Y","","1","1","0","0","0","1","0","2","0","1","","","","N","","","","","","","","","",""
"2017023719","","1","0","0","0","0","0","0","0","0","4","0","","02","3","2017","4","40.408531","-80.049978","","11","0","0","0","0","0","0","0","1","","0","0","0","","","0","","2","","40 24:30.711","","0","80 02:59.922","0","0","0","0","2435","0","0","0","N","0","0","0","2","02435","0","","1.0","","9","N","N","","0","","0","0","1","","2","","","2","0","0","0","0","0","0","2","0","2","","","","N","","","","","","","","","",""
"2017036128","","2","0","0","0","0","0","0","0","0","4","0","","02","4","2017","5","40.440245","-79.993338","","11","0","0","0","0","0","1","0","0","","0","0","0","","","0","","2","","40 26:24.882","","0","79 59:36.016","0","0","0","0","2301","0","0","0","N","0","0","0","2","02301","0","","1.0","","9","N","N","","0","","0","0","0","","3","","","2","0","0","0","0","0","0","2","0","2","","","","N","","","","","","","","","",""
"2017044251","","0","0","0","0","0","0","0","0","0","7","0","45","02","4","2017","5","40.520023","-80.059236","","11","0","0","0","0","1","0","0","0","1","0","0","0","","","1","","0","","40 31:12.082","1","0","80 03:33.251","3","0","0","0","2116","0","0","0","","0","0","0","1","68B03","0","","4.0","","1","N","N","","0","","1","0","1","","0","N","","1","1","1","0","0","0","0","2","0","1","","","N","Y","4","1","N","N","N","N","N","N","Y",""
"2017046956","","2","0","1","0","0","0","0","0","0","1","0","45","02","4","2017","5","40.507032","-80.037601","","11","0","0","0","0","0","0","0","0","2","0","0","0","","","2","","0","","40 30:25.314","2","0","80 02:15.362","2","0","0","0","2116","0","0","0","","0","0","0","2","68B03","0","","1.0","","1","N","N","","0","","0","1","0","","0","N","","2","2","0","0","0","1","0","2","0","2","","","Y","Y","4","1","N","N","Y","Y","Y","N","Y",""
"2017039993","","1","0","0","0","0","0","0","0","0","1","0","","02","4","2017","3","40.498584","-80.012892","","11","0","0","0","0","0","0","0","0","","0","0","0","","","0","","0","","40 29:54.904","","0","80 00:46.410","0","0","0","0","2301","0","0","0","N","0","0","0","4","02301","0","","1.0","","1","N","N","","0","","0","0","0","","0","","","2","0","0","0","0","0","0","2","1","2","","","","N","","","","","","","","","",""
"2017045727","","0","0","0","0","0","0","0","0","0","4","1","","02","5","2017","4","40.376688","-79.894312","","11","0","0","0","0","0","1","0","0","1","0","0","0","","","0","","1","","40 22:36.077","2","0","79 53:39.523","0","0","0","0","2473","0","0","0","N","0","0","0","2","02473","0","","1.0","","1","N","N","","1","","0","0","1","","2","N","","2","0","0","0","0","0","0","2","0","2","","","","N","","","","","","","","","",""
"2017040214","","3","0","0","0","0","0","0","0","0","1","0","","02","4","2017","3","40.38116","-80.007674","","11","0","1","0","0","0","0","0","0","1","0","0","0","","","2","","10","","40 22:52.176","6","0","80 00:27.625","3","0","0","0","2101","0","0","0","","0","0","0","6","02101","1","","1.0","","1","N","N","","0","","1","0","1","","0","N","","4","2","0","0","0","0","0","2","0","4","","","","N","","","","","","","","","",""
"2017041754","","1","0","0","0","0","0","0","0","0","2","0","","02","4","2017","7","40.528628","-79.8041","","11","0","0","0","1","0","0","0","0","2","0","0","0","","","1","","0","","40 31:43.059","6","0","79 48:14.761","3","0","0","0","2466","0","0","0","N","0","0","0","4","02466","0","","1.0","","1","N","N","","0","","1","0","1","","0","Y","","2","1","1","0","0","0","0","1","0","2","","","","N","","","","","","","","","",""
"2017035231","","2","0","0","0","0","0","0","0","0","1","0","","02","4","2017","4","40.453938","-80.040377","","11","0","0","0","0","0","1","0","0","","0","0","0","","","1","","0","","40 27:14.177","","0","80 02:25.357","8","0","0","0","2301","0","0","0","N","0","0","0","2","02301","0","","1.0","","1","N","N","","0","","0","0","0","","2","","","2","1","0","0","0","1","0","2","0","2","","","","N","","","","","","","","","",""
"2017040403","","1","0","0","1","0","1","0","0","0","8","0","","02","4","2017","4","40.425717","-79.939856","","11","0","0","0","0","0","0","0","0","","0","0","0","","","1","","0","","40 25:32.581","","0","79 56:23.482","2","0","0","0","2301","1","0","1","N","0","0","0","1","02301","0","","1.0","","1","N","N","","0","","0","1","0","","0","","","2","1","0","0","0","0","0","2","0","1","","","","N","","","","","","","","","",""
"2017036501","","2","0","0","0","0","0","0","0","0","6","0","","02","4","2017","5","40.415417","-79.87675","","11","0","0","0","0","0","0","1","1","","0","0","0","","","1","","1","","40 24:55.500","","0","79 52:36.300","3","0","0","0","2456","0","0","0","N","0","0","0","2","02456","0","","1.0","","9","N","N","","0","","1","0","0","","2","","","2","1","0","0","0","0","0","2","0","2","","","","N","","","","","","","","","",""
"2017035976","","2","0","0","0","0","0","0","0","0","4","0","","02","4","2017","4","40.534914","-80.175285","","11","0","0","0","0","1","0","0","1","1","0","0","0","","","0","","1","","40 32:05.690","2","0","80 10:31.025","0","0","0","0","2458","0","0","0","N","0","0","0","2","02458","0","","1.0","","1","N","N","","0","","0","0","0","","3","N","","2","0","0","0","0","0","0","2","0","2","","","","N","","","","","","","","","",""
"2017040233","","3","0","0","0","0","0","0","0","0","1","0","","02","4","2017","6","40.425533","-79.905725","","11","0","0","0","0","0","1","0","0","","0","0","0","","","0","","0","","40 25:31.920","","0","79 54:20.610","0","0","0","0","2301","0","0","0","","0","0","0","5","68B03","0","","1.0","","1","N","N","","0","","0","0","0","","0","","","5","0","0","0","0","0","0","2","2","5","","","","N","","","","","","","","","",""
"2017008206","","2","0","0","0","0","0","0","0","0","4","0","","02","1","2017","4","40.495246","-79.939602","","11","0","0","0","0","0","1","1","0","1","0","0","0","","","0","","10","","40 29:42.886","3","0","79 56:22.567","0","0","0","0","2430","0","0","0","","0","0","0","3","02430","0","","1.0","","1","N","N","","0","","0","0","0","","3","N","","2","0","0","0","0","0","0","2","0","2","","","","N","","","","","","","","","",""
"2017035263","","1","0","0","0","0","0","0","0","0","4","0","","02","4","2017","2","40.366269","-80.019047","","11","0","0","0","0","0","0","2","0","","0","0","0","","","0","","2","","40 21:58.568","","0","80 01:08.569","0","0","0","0","2416","0","0","0","","0","0","0","3","02416","0","","1.0","","1","N","N","","1","","0","0","0","","3","","","2","0","0","0","0","0","0","2","0","2","","","","N","","","","","","","","","",""
"2017036522","","1","0","0","0","0","0","0","0","0","1","0","","02","4","2017","6","40.388453","-79.985028","","11","0","0","0","0","0","0","1","0","1","0","0","0","","","1","","0","","40 23:18.430","3","0","79 59:06.102","8","0","0","0","2301","0","0","0","N","0","0","0","1","02301","0","","2.0","","9","N","N","","0","","0","0","1","","0","N","","2","1","0","0","0","1","0","2","0","2","","","","N","","","","","","","","","",""
"2017034631","","1","0","0","0","0","0","0","0","0","4","0","","02","4","2017","1","40.452362","-80.014301","","11","0","0","0","0","0","0","0","0","","0","0","0","","","1","","0","","40 27:08.502","","0","80 00:51.484","3","0","0","0","2301","0","0","0","N","0","0","0","3","02301","0","","1.0","","1","N","N","","0","","1","0","1","","0","","","2","1","0","0","0","0","0","2","0","2","","","","N","","","","","","","","","",""
"2017021727","","1","0","0","0","0","0","0","0","0","4","0","","02","2","2017","5","40.457318","-79.909073","","11","0","0","0","0","0","0","0","0","2","0","0","0","","","0","","1","","40 27:26.343","5","0","79 54:32.664","0","0","0","0","2301","0","0","0","N","0","0","0","2","02301","0","","1.0","","1","N","N","","0","","0","0","1","","2","N","","2","0","0","0","0","0","0","2","0","2","","","","N","","","","","","","","","",""
"2017039657","","0","0","0","0","0","0","0","0","0","7","0","","02","4","2017","1","40.367911","-79.998986","","11","0","0","0","0","0","0","0","0","3","0","0","0","","","1","","0","","40 22:04.479","5","0","79 59:56.348","4","0","0","0","2476","0","0","0","N","0","0","0","1","02476","1","","5.0","","9","N","N","","0","","0","0","0","","0","Y","","1","1","0","0","0","0","0","2","1","1","","","","N","","","","","","","","","",""
"2017045868","","2","0","0","0","0","0","1","0","0","4","1","","02","5","2017","5","40.542958","-80.191899","","11","0","0","0","0","0","0","0","0","2","0","0","0","","","1","","0","","40 32:34.650","4","99","80 11:30.837","2","0","0","0","2427","0","0","0","","0","0","0","3","02503","0","","1.0","","1","","","","0","","0","1","0","","0","Y","","3","1","1","0","1","0","0","2","0","3","","","","N","","","","","","","","","",""
"2017046753","","1","0","0","0","0","0","0","0","0","1","0","","02","4","2017","6","40.485664","-80.00847","","11","0","0","0","0","0","0","0","0","2","0","0","0","","","1","","0","","40 29:08.389","1","0","80 00:30.491","3","0","0","0","2301","0","0","0","","0","0","0","3","68B03","0","","1.0","","1","N","N","","0","","1","0","2","","0","N","","3","1","1","0","0","0","0","2","0","3","","","","N","","","","","","","","","",""