"CRN","ARRIVAL_TM","AUTOMOBILE_COUNT","BELTED_DEATH_COUNT","BELTED_SUSP_SERIOUS_INJ_COUNT","BICYCLE_COUNT","BICYCLE_DEATH_COUNT","BICYCLE_SUSP_SERIOUS_INJ_COUNT","BUS_COUNT","CHLDPAS_DEATH_COUNT","CHLDPAS_SUSP_SERIOUS_INJ_COUNT","COLLISION_TYPE","COMM_VEH_COUNT","CONS_ZONE_SPD_LIM","COUNTY","CRASH_MONTH","CRASH_YEAR","DAY_OF_WEEK","DEC_LATITUDE","DEC_LONGITUDE","DISPATCH_TM","DISTRICT","DRIVER_COUNT_16YR","DRIVER_COUNT_17YR","DRIVER_COUNT_18YR","DRIVER_COUNT_19YR","DRIVER_COUNT_20YR","DRIVER_COUNT_50_64YR","DRIVER_COUNT_65_74YR","DRIVER_COUNT_75PLUS","EST_HRS_CLOSED","FATAL_COUNT","HEAVY_TRUCK_COUNT","HORSE_BUGGY_COUNT","HOUR_OF_DAY","ILLUMINATION","INJURY_COUNT","INTERSECTION_RELATED","INTERSECT_TYPE","LANE_CLOSED","LATITUDE","LN_CLOSE_DIR","LOCATION_TYPE","LONGITUDE","MAX_SEVERITY_LEVEL","MCYCLE_DEATH_COUNT","MCYCLE_SUSP_SERIOUS_INJ_COUNT","MOTORCYCLE_COUNT","MUNICIPALITY","NONMOTR_COUNT","NONMOTR_DEATH_COUNT","NONMOTR_SUSP_SERIOUS_INJ_COUNT","NTFY_HIWY_MAINT","PED_COUNT","PED_DEATH_COUNT","PED_SUSP_SERIOUS_INJ_COUNT","PERSON_COUNT","POLICE_AGCY","POSSIBLE_INJ_COUNT","RDWY_SURF_TYPE_CD","RELATION_TO_ROAD","ROADWAY_CLEARED","ROAD_CONDITION","SCH_BUS_IND","SCH_ZONE_IND","SECONDARY_CRASH","SMALL_TRUCK_COUNT","SPEC_JURIS_CD","SUSP_MINOR_INJ_COUNT","SUSP_SERIOUS_INJ_COUNT","SUV_COUNT","TCD_FUNC_CD","TCD_TYPE","TFC_DETOUR_IND","TIME_OF_DAY","TOTAL_UNITS","TOT_INJ_COUNT","UNBELTED_OCC_COUNT","UNB_DEATH_COUNT","UNB_SUSP_SERIOUS_INJ_COUNT","UNK_INJ_DEG_COUNT","UNK_INJ_PER_COUNT","URBAN_RURAL","VAN_COUNT","VEHICLE_COUNT","WEATHER1","WEATHER2","WORKERS_PRES","WORK_ZONE_IND","WORK_ZONE_LOC","WORK_ZONE_TYPE","WZ_CLOSE_DETOUR","WZ_FLAGGER","WZ_LAW_OFFCR_IND","WZ_LN_CLOSURE","WZ_MOVING","WZ_OTHER","WZ_SHLDER_MDN","WZ_WORKERS_INJ_KILLED"
"2017028350","","2","0","0","0","0","0","0","0","0","4","0","","02","3","2017","4","40.410061","-80.080742","","11","0","0","0","0","0","0","0","0","","0","0","0","","","0","","1","","40 24:36.218","","0","80 04:50.671","0","0","0","0","2415","0","0","0","N","0","0","0","3","02415","0","","1.0","","1","N","N","","0","","0","0","0","","0","","","2","0","0","0","0","0","0","2","0","2","","","","N","","","","","","","","","",""
"2017023450","","1","0","0","0","0","0","0","0","0","7","0","","02","2","2017","7","40.589028","-79.970667","","11","0","0","0","0","1","0","0","0","1","0","0","0","","","1","","0","","40 35:20.500","2","0","79 58:14.400","8","0","0","0","2207","0","0","0","N","0","0","0","1","02207","0","","2.0","","1","N","N","","0","","0","0","0","","0","Y","","1","1","0","0","0","1","0","2","0","1","","","","N","","","","","","","","","",""
"2017032637","","2","0","0","0","0","0","0","0","0","4","0","","02","3","2017","2","40.43741","-79.979513","","11","0","0","0","0","0","0","0","0","1","0","0","0","","","0","","1","","40 26:14.677","3","0","79 58:46.247","0","0","0","0","2301","0","0","0","N","0","0","0","2","02301","0","","1.0","","1","N","N","","0","","0","0","0","","3","N","","2","0","0","0","0","0","0","2","0","2","","","","N","","","","","","","","","",""
"2017020548","","3","0","0","0","0","0","0","0","0","5","0","","02","2","2017","2","40.417417","-80.00448","","11","0","0","0","0","0","0","0","0","2","0","0","0","","","0","","0","","40 25:02.701","6","0","80 00:16.128","9","0","0","0","2301","0","0","0","N","0","0","0","1","02301","0","","1.0","","1","N","N","","0","","0","0","0","","0","Y","","4","0","0","0","0","0","1","2","1","4","","","","N","","","","","","","","","",""
"2017024089","","2","0","0","0","0","0","0","0","0","4","0","","02","3","2017","7","40.449027","-79.951897","","11","0","0","0","0","0","1","0","0","","0","0","0","","","1","","1","","40 26:56.497","","0","79 57:06.829","3","0","0","0","2301","0","0","0","N","0","0","0","2","02301","0","","1.0","","1","N","N","","0","","1","0","0","","3","","","2","1","2","0","0","0","0","2","0","2","","","","N","","","","","","","","","",""
"2017015812","","1","0","0","0","0","0","0","0","0","4","0","","02","2","2017","4","40.465706","-79.825345","","11","0","0","0","0","0","0","1","0","","0","0","0","","","1","","0","","40 27:56.540","","7","79 49:31.243","8","0","0","0","2113","0","0","0","N","0","0","0","3","02113","0","","1.0","","9","N","N","","1","","0","0","0","","3","","","2","1","0","0","0","1","0","2","0","2","","","","N","","","","","","","","","",""
"2017018607","","0","0","0","0","0","0","0","0","0","4","0","","02","2","2017","3","40.509144","-80.222986","","11","0","0","0","0","0","0","0","0","2","0","0","0","","","0","","2","","40 30:32.918","1","0","80 13:22.749","9","0","0","0","2213","0","0","0","","0","0","0","4","02213","0","","1.0","","1","N","N","","1","","0","0","1","","0","Y","","2","0","0","0","0","0","4","2","0","2","","","","N","","","","","","","","","",""
"2017048880","","0","0","0","0","0","0","0","0","0","4","0","","02","5","2017","7","40.455738","-79.910484","","11","0","0","0","0","0","1","0","0","3","0","0","0","","","0","","1","","40 27:20.655","4","0","79 54:37.741","0","0","0","0","2301","0","0","0","N","0","0","0","2","02301","0","","1.0","","1","N","N","","0","","0","0","2","","2","N","","2","0","0","0","0","0","0","2","0","2","","","","N","","","","","","","","","",""
"2017020110","","1","0","0","0","0","0","0","0","0","4","0","","02","2","2017","1","40.449203","-79.901289","","11","0","0","0","0","0","0","1","0","","0","0","0","","","0","","1","","40 26:57.130","","0","79 54:04.642","0","0","0","0","2301","0","0","0","N","0","0","0","3","02301","0","","1.0","","1","N","N","","1","","0","0","0","","2","","","2","0","0","0","0","0","0","2","0","2","","","","N","","","","","","","","","",""
"2017062428","","2","0","0","0","0","0","0","0","0","5","0","","02","6","2017","1","40.419626","-79.927168","","11","0","0","0","0","0","2","0","0","","0","0","0","","","0","","1","","40 25:10.655","","0","79 55:37.803","0","0","0","0","2301","0","0","0","N","0","0","0","3","02301","0","","1.0","","1","N","N","","0","","0","0","0","","2","","","3","0","0","0","0","0","0","2","0","2","","","","N","","","","","","","","","",""
"2017033872","","2","0","0","0","0","0","0","0","0","4","0","","02","3","2017","3","40.589106","-80.046292","","11","0","1","0","0","0","1","0","0","","0","0","0","","","1","","2","","40 35:20.782","","0","80 02:46.652","8","0","0","0","2108","0","0","0","","0","0","0","2","02108","0","","1.0","","1","N","N","","0","","0","0","0","","2","","","2","1","0","0","0","1","0","2","0","2","","","","N","","","","","","","","","",""
"2017048556","","1","0","0","0","0","0","0","0","0","4","0","","02","5","2017","6","40.383157","-79.827797","","11","0","0","0","0","0","0","0","0","2","0","0","0","","","1","","1","","40 22:59.366","3","0","79 49:40.068","4","0","0","0","2111","0","0","0","N","0","0","0","3","02111","1","","1.0","","1","N","N","","0","","0","0","1","","2","Y","","2","1","0","0","0","0","0","2","0","2","","","","N","","","","","","","","","",""
"2017040238","","1","0","0","0","0","0","0","0","0","7","0","","02","4","2017","6","40.570539","-80.116653","","11","0","0","0","0","0","0","0","0","","0","0","0","","","0","","0","","40 34:13.942","","0","80 06:59.949","0","0","0","0","2460","0","0","0","","0","0","0","1","68B03","0","","5.0","","1","N","N","","0","","0","0","0","","0","","","1","0","0","0","0","0","0","2","0","1","","","","N","","","","","","","","","",""
"2017026862","","2","0","0","0","0","0","0","0","0","5","0","","02","3","2017","7","40.461155","-79.94806","","11","0","0","0","0","0","0","0","0","","0","0","0","","","0","","1","","40 27:40.157","","0","79 56:53.016","0","0","0","0","2301","0","0","0","N","0","0","0","4","02301","0","","1.0","","1","N","N","","0","","0","0","0","","0","","","2","0","0","0","0","0","0","2","0","2","","","","N","","","","","","","","","",""
"2017027526","","1","0","0","0","0","0","0","0","0","5","0","","02","3","2017","2","40.612653","-79.964749","","11","0","0","0","0","0","1","0","0","3","0","0","0","","","0","","0","","40 36:45.550","3","0","79 57:53.097","0","0","0","0","2207","0","0","0","N","0","0","0","2","02207","0","","1.0","","1","N","N","","0","","0","0","0","","0","N","","2","0","0","0","0","0","0","2","1","2","","","","N","","","","","","","","","",""
"2017017554","","1","0","0","0","0","0","0","0","0","4","0","","02","2","2017","3","40.327942","-80.030716","","11","0","0","0","0","0","0","1","0","","0","0","0","","","1","","2","","40 19:40.590","","0","80 01:50.578","4","0","0","0","2407","0","0","0","","0","0","0","2","02407","1","","1.0","","1","N","N","","0","","0","0","1","","3","","","2","1","0","0","0","0","0","2","0","2","","","","N","","","","","","","","","",""
"2017044272","","0","0","0","0","0","0","0","0","0","1","0","","02","4","2017","6","40.447597","-80.165224","","11","0","0","0","0","0","0","0","0","","0","0","0","","","1","","0","","40 26:51.348","","2","80 09:54.806","8","0","0","0","2115","0","0","0","","0","0","0","2","68B03","0","","1.0","","1","N","N","","0","","0","0","2","","0","","","2","1","0","0","0","1","0","2","0","2","","","","N","","","","","","","","","",""
"2017031330","","1","0","0","0","0","0","0","0","0","7","0","","02","3","2017","5","40.461334","-80.208163","","11","0","0","0","0","0","0","0","0","","0","0","0","","","2","","2","","40 27:40.802","","0","80 12:29.386","4","0","0","0","2203","0","0","0","N","0","0","0","3","02203","2","","5.0","","1","N","N","","0","","0","0","0","","3","","","1","2","0","0","0","0","0","2","0","1","","","","N","","","","","","","","","",""
"2017034464","","2","0","0","0","0","0","0","0","0","4","0","","02","4","2017","7","40.411004","-79.955525","","11","0","0","0","0","0","1","0","0","1","0","0","0","","","2","","2","","40 24:39.614","7","0","79 57:19.891","8","0","0","0","2301","0","0","0","N","0","0","0","4","02301","0","","1.0","","1","N","N","","1","","0","0","0","","2","N","","3","2","1","0","0","2","0","2","0","3","","","","N","","","","","","","","","",""
"2017022780","","2","0","0","0","0","0","0","0","0","4","0","","02","2","2017","1","40.46068","-79.932399","","11","0","0","0","0","0","1","0","0","","0","0","0","","","1","","1","","40 27:38.447","","0","79 55:56.638","8","0","0","0","2301","0","0","0","N","0","0","0","3","02301","0","","4.0","","1","N","N","","0","","0","0","0","","2","","","2","1","0","0","0","1","0","2","0","2","","","","N","","","","","","","","","",""
"2017055093","","1","0","0","0","0","0","0","0","0","7","0","","02","5","2017","2","40.521878","-80.191133","","11","0","0","0","0","0","0","0","0","","0","0","0","","","0","","0","","40 31:18.760","","0","80 11:28.080","0","0","0","0","2213","0","0","0","","0","0","0","1","02213","0","","5.0","","1","N","N","","0","","0","0","0","","0","","","1","0","0","0","0","0","0","2","0","1","","","","N","","","","","","","","","",""
"2017021651","","2","0","0","0","0","0","0","0","0","1","0","","02","2","2017","5","40.340499","-79.964343","","11","0","1","0","0","0","0","0","0","1","0","0","0","","","0","","1","","40 20:25.798","2","0","79 57:51.635","0","0","0","0","2454","0","0","0","N","0","0","0","2","02454","0","","1.0","","1","N","N","","0","","0","0","0","","2","N","","2","0","0","0","0","0","0","2","0","2","","","","N","","","","","","","","","",""
"2017049838","","1","0","0","0","0","0","0","0","0","7","0","","02","5","2017","2","40.366597","-79.981056","","11","0","0","0","0","0","0","0","0","2","0","0","0","","","0","","2","","40 21:59.749","1","0","79 58:51.801","0","0","0","0","2413","0","0","0","N","0","0","0","1","02413","0","","5.0","","1","N","N","","0","","0","0","0","","2","Y","","1","0","0","0","0","0","0","2","0","1","","","","N","","","","","","","","","",""
"2017027016","","1","0","0","0","0","0","0","0","0","7","0","","02","2","2017","6","40.328713","-80.050581","","11","0","0","0","0","0","0","0","0","1","0","0","0","","","1","","1","","40 19:43.366","5","0","80 03:02.092","8","0","0","0","2407","0","0","0","","0","0","0","2","02407","0","","4.0","","1","N","N","","0","","0","0","1","","0","N","","2","1","1","0","0","1","0","2","0","2","","","","N","","","","","","","","","",""
"2017021386","","0","0","0","0","0","0","0","0","0","4","0","","02","2","2017","4","40.419254","-80.045989","","11","0","0","0","0","0","0","0","1","","0","0","0","","","0","","2","","40 25:09.315","","0","80 02:45.559","9","0","0","0","2435","0","0","0","N","0","0","0","2","02435","0","","1.0","","1","N","N","","0","","0","0","2","","2","","","2","0","0","0","0","0","1","2","0","2","","","","N","","","","","","","","","",""
"2017028674","","1","0","0","0","0","0","0","0","0","4","0","","02","3","2017","4","40.332763","-79.846588","","11","0","0","0","0","0","0","0","1","1","0","0","0","","","1","","1","","40 19:57.947","2","0","79 50:47.716","8","0","0","0","2304","0","0","0","N","0","0","0","2","02304","0","","1.0","","1","N","N","","1","","0","0","0","","2","Y","","2","1","0","0","0","1","0","2","0","2","","","","N","","","","","","","","","",""
"2017020098","","1","0","0","0","0","0","0","0","0","4","0","","02","2","2017","1","40.422399","-79.926331","","11","0","0","0","0","0","1","0","0","","0","0","0","","","1","","0","","40 25:20.636","","0","79 55:34.791","8","0","0","0","2301","0","0","0","N","0","0","0","4","02301","0","","1.0","","1","N","N","","0","","0","0","2","","0","","","3","1","0","0","0","1","0","2","0","3","","","","N","","","","","","","","","",""
"2017040762","","2","0","0","0","0","0","0","0","0","4","0","","02","4","2017","3","40.53505","-80.045114","","11","0","0","0","0","0","1","0","0","4","1","0","0","","","2","","0","","40 32:06.180","5","0","80 02:42.410","1","0","0","0","2116","1","1","0","N","1","1","0","3","02116","2","2","1.0","","1","N","N","","0","0","0","0","1","","0","Y","","4","2","0","0","0","0","0","2","0","3","","","","N","","","","","","","","","",""
"2017028636","","1","0","0","0","0","0","0","0","0","4","0","","02","3","2017","4","40.386891","-80.043665","","11","0","0","0","0","0","0","0","1","","0","0","0","","","0","","1","","40 23:12.807","","0","80 02:37.195","0","0","0","0","2109","0","0","0","","0","0","0","2","02109","0","","1.0","","1","N","N","","0","","0","0","0","","3","","","2","0","0","0","0","0","0","2","1","2","","","","N","","","","","","","","","",""
"2017018752","","0","0","0","0","0","0","0","0","0","7","0","","02","2","2017","5","40.607588","-79.968534","","11","0","0","0","0","0","0","0","0","","0","0","0","","","1","","0","","40 36:27.317","","0","79 58:06.724","3","0","0","0","2207","0","0","0","N","0","0","0","1","02207","0","","5.0","","7","N","N","","0","","1","0","1","","0","","","1","1","0","0","0","0","0","2","0","1","","","","N","","","","","","","","","",""
"2017015248","","2","0","0","0","0","0","0","0","0","4","0","","02","2","2017","3","40.473147","-79.796636","","11","0","0","0","0","0","1","0","0","2","0","0","0","","","0","","2","","40 28:23.329","1","0","79 47:47.889","0","0","0","0","2113","0","0","0","N","0","0","0","2","02113","0","","1.0","","9","N","N","","0","","0","0","0","","3","Y","","2","0","0","0","0","0","0","2","0","2","","","","N","","","","","","","","","",""
"2017026731","","1","0","0","0","0","0","0","0","0","7","0","","02","3","2017","6","40.594906","-79.978053","","11","0","0","0","0","0","0","0","0","2","0","0","0","","","0","","0","","40 35:41.661","4","0","79 58:40.990","0","0","0","0","2207","0","0","0","N","0","0","0","1","02207","0","","5.0","","2","N","N","","0","","0","0","0","","0","N","","1","0","0","0","0","0","0","2","0","1","","","","N","","","","","","","","","",""
"2017019548","","2","0","0","0","0","0","0","0","0","1","0","","02","2","2017","2","40.327822","-80.03292","","11","0","0","1","0","0","0","1","0","2","0","0","0","","","0","","2","","40 19:40.159","3","0","80 01:58.513","0","0","0","0","2407","0","0","0","","0","0","0","2","02407","0","","1.0","","1","N","N","","0","","0","0","0","","3","Y","","2","0","0","0","0","0","0","2","0","2","","","","N","","","","","","","","","",""
"2017017136","","1","0","0","0","0","0","0","0","0","7","0","","02","2","2017","1","40.412611","-79.990944","","11","0","0","0","0","0","0","0","0","","0","0","0","","","0","","0","","40 24:45.400","","0","79 59:27.400","9","0","0","0","2301","0","0","0","N","0","0","0","1","02301","0","","5.0","","1","N","N","","0","","0","0","0","","0","","","1","0","0","0","0","0","1","2","0","1","","","","N","","","","","","","","","",""
"2017042395","","1","0","0","0","0","0","0","0","0","5","0","","02","4","2017","4","40.423965","-79.737317","","11","0","0","0","0","0","1","0","0","","0","0","0","","","0","","0","","40 25:26.273","","0","79 44:14.341","0","0","0","0","2446","0","0","0","","0","0","0","2","68T09","0","","1.0","","1","N","N","","0","","0","0","1","","0","","","2","0","0","0","0","0","0","2","0","2","","","","N","","","","","","","","","",""
"2017053619","","2","0","0","0","0","0","0","0","0","4","0","","02","5","2017","4","40.345853","-80.033306","","11","0","0","0","0","0","2","0","0","","0","0","0","","","0","","1","","40 20:45.070","","0","80 01:59.901","0","0","0","0","2407","0","0","0","","0","0","0","2","02407","0","","1.0","","1","N","N","","0","","0","0","0","","3","","","2","0","0","0","0","0","0","2","0","2","","","","N","","","","","","","","","",""
"2017017226","","0","0","0","0","0","0","0","0","0","7","0","","02","2","2017","6","40.363294","-79.949851","","11","0","0","0","0","0","0","0","0","3","0","0","0","","","0","","0","","40 21:47.857","3","0","79 56:59.465","0","0","0","0","2403","0","0","0","N","0","0","0","2","02403","0","","5.0","","1","N","N","","0","","0","0","0","","0","Y","","1","0","0","0","0","0","0","2","1","1","","","","N","","","","","","","","","",""
"2017043349","","1","0","0","0","0","0","0","0","0","1","1","","02","4","2017","4","40.372823","-80.09961","","11","0","0","0","0","0","1","0","0","","0","1","0","","","0","","0","","40 22:22.162","","2","80 05:58.597","0","0","0","0","2102","0","0","0","","0","0","0","2","68B03","0","","1.0","","1","N","N","","0","","0","0","0","","4","","","2","0","0","0","0","0","0","2","0","2","","","","N","","","","","","","","","",""
"2017026899","","1","0","0","0","0","0","0","0","0","1","0","","02","3","2017","7","40.43968","-79.952335","","11","0","0","0","0","0","0","0","0","2","0","0","0","","","1","","1","","40 26:22.847","7","0","79 57:08.406","4","0","0","0","2301","0","0","0","N","0","0","0","2","02301","1","","1.0","","1","N","N","","0","","0","0","0","","3","Y","","2","1","0","0","0","0","0","2","1","2","","","","N","","","","","","","","","",""
"2017020541","","1","0","0","0","0","0","0","0","0","1","0","","02","2","2017","6","40.525072","-80.259735","","11","0","1","0","0","0","0","0","0","2","0","0","0","","","0","","0","","40 31:30.259","1","0","80 15:35.047","0","0","0","0","2203","0","0","0","N","0","0","0","2","02203","0","","1.0","","1","N","","","1","","0","0","0","","0","N","","2","0","0","0","0","0","0","2","0","2","","","","N","","","","","","","","","",""
"2017011381","","2","0","0","0","0","0","0","0","0","1","0","","02","1","2017","2","40.508639","-80.090356","","11","0","0","0","0","0","0","0","0","1","0","0","0","","","0","","2","","40 30:31.100","1","0","80 05:25.281","0","0","0","0","2429","0","0","0","N","0","0","0","2","02215","0","","1.0","","9","N","N","","0","","0","0","0","","0","N","","2","0","0","0","0","0","0","2","0","2","","","","N","","","","","","","","","",""
"2017017830","","1","0","0","0","0","0","0","0","0","6","0","","02","2","2017","2","40.401028","-80.486611","","11","0","0","0","0","0","0","0","0","","0","0","0","","","0","","0","","40 24:03.700","","7","80 29:11.800","0","0","0","0","2203","0","0","0","N","0","0","0","3","02501","0","","1.0","","2","N","N","","1","","0","0","0","","0","","","2","0","0","0","0","0","0","1","0","2","","","","N","","","","","","","","","",""
"2017027017","","0","0","0","0","0","0","0","0","0","8","0","","02","3","2017","3","40.331516","-80.022673","","11","0","0","0","0","0","1","0","0","","0","0","0","","","1","","0","","40 19:53.457","","0","80 01:21.622","3","0","0","0","2407","1","0","0","","1","0","0","2","02407","0","","1.0","","9","N","N","","0","","1","0","1","","0","","","2","1","0","0","0","0","0","2","0","1","","","","N","","","","","","","","","",""
"2017035259","","1","0","0","0","0","0","0","0","0","1","0","","02","3","2017","5","40.505458","-80.207549","","11","0","0","0","1","0","0","1","0","1","0","0","0","","","0","","10","","40 30:19.650","1","6","80 12:27.175","0","0","0","0","2213","0","0","0","","0","0","0","2","02213","0","","1.0","","1","N","N","","0","","0","0","1","","0","N","","2","0","0","0","0","0","0","2","0","2","","","","N","","","","","","","","","",""
"2017031132","","1","0","0","0","0","0","0","0","0","7","0","","02","3","2017","6","40.448148","-80.308017","","11","0","0","0","0","0","0","0","0","","0","0","0","","","1","","0","","40 26:53.332","","3","80 18:28.861","8","0","0","0","2203","0","0","0","","0","0","0","1","68B03","0","","2.0","","9","N","N","","0","","0","0","0","","0","","","1","1","0","0","0","1","0","1","0","1","","","","N","","","","","","","","","",""
"2017024362","","2","0","0","0","0","0","0","0","0","1","0","","02","3","2017","2","40.473467","-80.028625","","11","0","0","0","0","0","0","0","0","1","0","0","0","","","2","","1","","40 28:24.481","2","0","80 01:43.050","4","0","0","0","2301","0","0","0","N","0","0","0","3","02301","2","","1.0","","9","N","N","","0","","0","0","0","","2","N","","2","2","1","0","0","0","0","2","0","2","","","","N","","","","","","","","","",""
"2017048242","","0","0","0","0","0","0","0","0","0","7","0","","02","5","2017","5","40.469024","-80.014187","","11","0","0","0","0","0","0","0","0","","0","0","0","","","0","","2","","40 28:08.486","","0","80 00:51.073","0","0","0","0","2301","0","0","0","N","0","0","0","0","02301","0","","5.0","","1","N","N","","0","","0","0","0","","0","","","1","0","0","0","0","0","0","2","1","1","","","","N","","","","","","","","","",""
"2017019990","","0","0","0","0","0","0","0","0","0","0","0","","02","2","2017","7","40.631346","-79.960979","","11","0","0","0","0","0","0","0","0","1","0","0","0","","","1","","0","","40 37:52.845","6","0","79 57:39.526","8","0","0","1","2217","0","0","0","N","0","0","0","1","02505","0","","1.0","","2","N","N","","0","","0","0","0","","0","N","","1","1","0","0","0","1","0","2","0","1","","","","N","","","","","","","","","",""
"2017018954","","0","0","0","0","0","0","0","0","0","1","0","","02","2","2017","3","40.358188","-79.990617","","11","0","0","0","0","0","0","1","1","","0","0","0","","","0","","2","","40 21:29.475","","0","79 59:26.222","0","0","0","0","2476","0","0","0","N","0","0","0","3","02476","0","","1.0","","1","N","N","","0","","0","0","2","","0","","","2","0","0","0","0","0","0","2","0","2","","","","N","","","","","","","","","",""
"2017028333","","1","0","0","0","0","0","0","0","0","1","0","","02","3","2017","4","40.46465","-79.957712","","11","0","0","0","1","0","0","0","0","","0","0","0","","","1","","0","","40 27:52.740","","0","79 57:27.763","4","0","0","0","2301","0","0","0","N","0","0","0","2","02301","1","","1.0","","1","N","N","","0","","0","0","1","","0","","","2","1","0","0","0","0","0","2","0","2","","","","N","","","","","","","","","",""
"2017017072","","2","0","0","0","0","0","0","0","0","4","0","","02","2","2017","7","40.45289","-79.920715","","11","0","0","0","0","0","0","0","0","","0","0","0","","","0","","1","","40 27:10.404","","0","79 55:14.574","0","0","0","0","2301","0","0","0","N","0","0","0","2","02301","0","","1.0","","1","N","N","","0","","0","0","0","","2","","","2","0","0","0","0","0","0","2","0","2","","","","N","","","","","","","","","",""
"2017029908","","1","0","0","0","0","0","0","0","0","7","0","","02","3","2017","3","40.606778","-80.002861","","11","0","0","1","0","0","0","0","0","","0","0","0","","","0","","0","","40 36:24.400","","0","80 00:10.300","0","0","0","0","2108","0","0","0","N","0","0","0","1","02501","0","","5.0","","7","N","N","","0","","0","0","0","","0","","","1","0","0","0","0","0","0","1","0","1","","","","N","","","","","","","","","",""
"2017020246","","2","0","0","0","0","0","0","0","0","4","0","","02","2","2017","1","40.464572","-79.938622","","11","0","0","0","0","0","0","0","0","2","0","0","0","","","2","","1","","40 27:52.459","7","0","79 56:19.040","4","0","0","0","2301","0","0","0","N","0","0","0","3","02301","2","","1.0","","1","N","N","","0","","0","0","0","","1","Y","","2","2","0","0","0","0","0","2","0","2","","","","N","","","","","","","","","",""
"2017032532","","0","0","0","0","0","0","0","0","0","8","0","","02","3","2017","7","40.376341","-80.067646","","11","0","0","0","0","0","0","0","0","2","0","0","0","","","1","","2","","40 22:34.827","6","0","80 04:03.525","8","0","0","0","2109","1","0","0","","1","0","0","2","02109","0","","1.0","","1","N","N","","0","","0","0","1","","2","Y","","2","1","0","0","0","1","0","2","0","1","","","","N","","","","","","","","","",""
"2017016977","","0","0","0","0","0","0","0","0","0","4","0","","02","2","2017","1","40.411083","-80.005998","","11","0","0","1","0","0","0","0","0","2","0","0","0","","","4","","2","","40 24:39.899","7","0","80 00:21.592","3","0","0","0","2301","0","0","0","N","0","0","0","4","02301","1","","1.0","","9","N","N","","0","","3","0","1","","2","N","","2","4","0","0","0","0","0","2","1","2","","","","N","","","","","","","","","",""
"2017040241","","0","0","0","0","0","0","0","0","0","7","0","","02","4","2017","2","40.416613","-80.085791","","11","0","0","0","0","0","0","0","0","","0","0","0","","","0","","0","","40 24:59.808","","0","80 05:08.849","0","0","0","0","2415","0","0","0","","0","0","0","1","68B03","0","","4.0","","1","N","N","","0","","0","0","1","","0","","","1","0","0","0","0","0","0","2","0","1","","","","N","","","","","","","","","",""
"2017020441","","1","0","0","0","0","0","0","0","0","4","0","","02","2","2017","2","40.454367","-79.947679","","11","0","0","0","0","0","0","0","0","2","0","0","0","","","2","","1","","40 27:15.720","4","0","79 56:51.643","8","0","0","0","2301","0","0","0","N","0","0","0","2","02301","0","","1.0","","1","N","N","","0","","0","0","1","","2","Y","","2","2","0","0","0","2","0","2","0","2","","","","N","","","","","","","","","",""
"2017020103","","1","0","0","0","0","0","0","0","0","4","0","","02","2","2017","7","40.38964","-80.007947","","11","0","0","0","0","0","1","0","0","","0","0","0","","","1","","2","","40 23:22.704","","0","80 00:28.609","8","0","0","1","2301","0","0","0","N","0","0","0","2","02301","0","","1.0","","1","N","N","","0","","0","0","0","","0","","","2","1","0","0","0","1","0","2","0","2","","","","N","","","","","","","","","",""
"2017026696","","1","0","0","0","0","0","0","0","0","4","0","","02","3","2017","6","40.457511","-79.917391","","11","0","0","0","0","0","1","0","0","1","0","0","0","","","2","","1","","40 27:27.039","1","0","79 55:02.608","8","0","0","0","2301","0","0","0","N","0","0","0","2","02301","0","","1.0","","1","N","N","","0","","0","0","1","","2","Y","","2","2","0","0","0","2","0","2","0","2","","","","N","","","","","","","","","",""
"2017024123","","2","0","0","0","0","0","0","0","0","4","0","","02","3","2017","7","40.460054","-79.945995","","11","0","0","0","0","0","1","0","0","","0","0","0","","","3","","1","","40 27:36.194","","0","79 56:45.582","3","0","0","0","2301","0","0","0","N","0","0","0","3","02301","0","","1.0","","1","N","N","","0","","1","0","0","","2","","","2","3","0","0","0","2","0","2","0","2","","","","N","","","","","","","","","",""
"2017015749","","2","0","0","0","0","0","0","0","0","1","0","","02","2","2017","2","40.428151","-79.926685","","11","0","0","0","0","1","0","0","0","","0","0","0","","","2","","0","","40 25:41.342","","4","79 55:36.065","8","0","0","0","2301","0","0","0","","0","0","0","3","68B03","0","","1.0","","1","N","N","","0","","0","0","0","","0","","","2","2","0","0","0","2","0","2","0","2","","","","N","","","","","","","","","",""
"2017028633","","1","0","0","0","0","0","0","0","0","7","0","","02","3","2017","4","40.493024","-80.30814","","11","0","0","0","0","0","0","0","0","2","0","0","0","","","0","","0","","40 29:34.888","6","0","80 18:29.304","0","0","0","0","2203","0","0","0","N","0","0","0","1","02203","0","","5.0","","7","N","N","","0","","0","0","0","","0","Y","","1","0","0","0","0","0","0","2","0","1","","","","N","","","","","","","","","",""
"2017062818","","2","0","0","0","0","0","0","0","0","1","0","","02","6","2017","3","40.563739","-79.989806","","11","0","1","0","0","0","1","0","0","1","0","0","0","","","2","","0","","40 33:49.459","3","0","79 59:23.301","8","0","0","0","2108","0","0","0","","0","0","0","4","02108","0","","1.0","","1","N","N","","0","","0","0","0","","0","N","","2","2","0","0","0","2","0","2","0","2","","","","N","","","","","","","","","",""