"CRN","ARRIVAL_TM","AUTOMOBILE_COUNT","BELTED_DEATH_COUNT","BELTED_SUSP_SERIOUS_INJ_COUNT","BICYCLE_COUNT","BICYCLE_DEATH_COUNT","BICYCLE_SUSP_SERIOUS_INJ_COUNT","BUS_COUNT","CHLDPAS_DEATH_COUNT","CHLDPAS_SUSP_SERIOUS_INJ_COUNT","COLLISION_TYPE","COMM_VEH_COUNT","CONS_ZONE_SPD_LIM","COUNTY","CRASH_MONTH","CRASH_YEAR","DAY_OF_WEEK","DEC_LATITUDE","DEC_LONGITUDE","DISPATCH_TM","DISTRICT","DRIVER_COUNT_16YR","DRIVER_COUNT_17YR","DRIVER_COUNT_18YR","DRIVER_COUNT_19YR","DRIVER_COUNT_20YR","DRIVER_COUNT_50_64YR","DRIVER_COUNT_65_74YR","DRIVER_COUNT_75PLUS","EST_HRS_CLOSED","FATAL_COUNT","HEAVY_TRUCK_COUNT","HORSE_BUGGY_COUNT","HOUR_OF_DAY","ILLUMINATION","INJURY_COUNT","INTERSECTION_RELATED","INTERSECT_TYPE","LANE_CLOSED","LATITUDE","LN_CLOSE_DIR","LOCATION_TYPE","LONGITUDE","MAX_SEVERITY_LEVEL","MCYCLE_DEATH_COUNT","MCYCLE_SUSP_SERIOUS_INJ_COUNT","MOTORCYCLE_COUNT","MUNICIPALITY","NONMOTR_COUNT","NONMOTR_DEATH_COUNT","NONMOTR_SUSP_SERIOUS_INJ_COUNT","NTFY_HIWY_MAINT","PED_COUNT","PED_DEATH_COUNT","PED_SUSP_SERIOUS_INJ_COUNT","PERSON_COUNT","POLICE_AGCY","POSSIBLE_INJ_COUNT","RDWY_SURF_TYPE_CD","RELATION_TO_ROAD","ROADWAY_CLEARED","ROAD_CONDITION","SCH_BUS_IND","SCH_ZONE_IND","SECONDARY_CRASH","SMALL_TRUCK_COUNT","SPEC_JURIS_CD","SUSP_MINOR_INJ_COUNT","SUSP_SERIOUS_INJ_COUNT","SUV_COUNT","TCD_FUNC_CD","TCD_TYPE","TFC_DETOUR_IND","TIME_OF_DAY","TOTAL_UNITS","TOT_INJ_COUNT","UNBELTED_OCC_COUNT","UNB_DEATH_COUNT","UNB_SUSP_SERIOUS_INJ_COUNT","UNK_INJ_DEG_COUNT","UNK_INJ_PER_COUNT","URBAN_RURAL","VAN_COUNT","VEHICLE_COUNT","WEATHER1","WEATHER2","WORKERS_PRES","WORK_ZONE_IND","WORK_ZONE_LOC","WORK_ZONE_TYPE","WZ_CLOSE_DETOUR","WZ_FLAGGER","WZ_LAW_OFFCR_IND","WZ_LN_CLOSURE","WZ_MOVING","WZ_OTHER","WZ_SHLDER_MDN","WZ_WORKERS_INJ_KILLED"
"2017062611","","1","0","0","0","0","0","0","0","0","1","0","","02","5","2017","2","40.49088","-79.881451","","11","0","0","0","0","0","0","0","0","2","0","0","0","","","2","","0","","40 29:27.169","2","0","79 52:53.222","3","0","0","0","2112","0","0","0","","0","0","0","2","68D02","0","","1.0","","8","N","N","","0","","2","0","1","","0","N","","2","2","0","0","0","0","0","2","0","2","","","","N","","","","","","","","","",""
"2017019864","","1","0","0","0","0","0","0","0","0","8","0","","02","2","2017","7","40.427846","-79.966266","","11","0","0","0","0","0","0","0","0","","0","0","0","","","1","","1","","40 25:40.245","","0","79 57:58.557","4","0","0","0","2301","1","0","0","N","1","0","0","2","02301","1","","1.0","","1","N","N","","0","","0","0","0","","0","","","2","1","0","0","0","0","0","2","0","1","","","","N","","","","","","","","","",""
"2017045946","","0","0","0","0","0","0","0","0","0","7","0","","02","4","2017","1","40.496965","-79.920572","","11","0","0","0","0","0","0","0","0","2","0","0","0","","","0","","0","","40 29:49.074","1","0","79 55:14.059","0","0","0","0","2112","0","0","0","","0","0","0","1","68D02","0","","4.0","","1","N","N","","0","","0","0","1","","0","N","","1","0","1","0","0","0","0","2","0","1","","","","N","","","","","","","","","",""
"2017029224","","1","0","0","0","0","0","0","0","0","7","0","","02","3","2017","5","40.476556","-79.898611","","11","0","0","0","0","0","0","0","0","2","0","0","0","","","0","","3","","40 28:35.600","3","0","79 53:55.000","9","0","0","0","2301","0","0","0","N","0","0","0","2","02301","0","","2.0","","2","N","N","","0","","0","0","0","","0","N","","1","0","0","0","0","0","2","2","0","1","","","","N","","","","","","","","","",""
"2017050143","","0","0","0","0","0","0","0","0","0","7","0","","02","5","2017","1","40.508589","-79.946085","","11","0","0","0","0","0","0","0","0","1","0","0","0","","","1","","0","","40 30:30.920","1","0","79 56:45.907","4","0","0","0","2118","0","0","0","N","0","0","0","1","02118","1","","4.0","","9","N","N","","0","","0","0","1","","0","N","","1","1","0","0","0","0","0","2","0","1","","","","N","","","","","","","","","",""
"2017049357","","1","0","0","0","0","0","0","0","0","7","0","","02","5","2017","1","40.446945","-79.813778","","11","0","0","0","0","1","0","0","0","1","0","0","0","","","0","","2","","40 26:49.002","1","0","79 48:49.600","0","0","0","0","2113","0","0","0","N","0","0","0","1","02113","0","","5.0","","1","N","N","","0","","0","0","0","","0","N","","1","0","0","0","0","0","0","2","0","1","","","","N","","","","","","","","","",""
"2017035980","","1","0","0","0","0","0","0","0","0","4","1","","02","4","2017","4","40.482854","-80.036514","","11","0","0","0","1","0","1","0","0","","0","0","0","","","1","","1","","40 28:58.274","","0","80 02:11.450","8","0","0","0","2301","0","0","0","N","0","0","0","5","02301","0","","1.0","","1","Y","N","","0","","0","0","0","","3","","","2","1","0","0","0","1","0","2","1","2","","","","N","","","","","","","","","",""
"2017023732","","0","0","0","0","0","0","0","0","0","7","0","","02","3","2017","5","40.484253","-79.948434","","11","0","0","0","0","0","1","0","0","","0","0","0","","","0","","0","","40 29:03.310","","0","79 56:54.363","0","0","0","0","2301","0","0","0","N","0","0","0","1","02301","0","","5.0","","1","N","N","","0","","0","0","1","","0","","","1","0","0","0","0","0","0","2","0","1","","","","N","","","","","","","","","",""
"2017021111","","2","0","0","0","0","0","0","0","0","1","0","","02","2","2017","2","","","","11","0","0","0","0","0","0","0","0","","0","0","0","","","0","","0","","","","0","","0","0","0","0","2475","0","0","0","N","0","0","0","3","02475","0","","1.0","","1","N","N","","0","","0","0","1","","2","","","3","0","0","0","0","0","0","1","0","3","","","","N","","","","","","","","","",""
"2017018334","","3","0","0","0","0","0","0","0","0","2","0","","02","2","2017","1","40.432143","-80.004033","","11","0","0","0","0","0","0","0","0","","0","0","0","","","1","","2","","40 25:55.715","","0","80 00:14.517","3","0","0","0","2301","0","0","0","N","0","0","0","3","02301","0","","1.0","","1","N","N","","0","","1","0","0","","2","","","3","1","0","0","0","0","0","2","0","3","","","","N","","","","","","","","","",""
"2017030545","","2","0","0","0","0","0","0","0","0","6","0","","02","3","2017","3","40.273093","-79.837398","","11","0","0","0","0","0","0","1","0","","0","0","0","","","0","","5","","40 16:23.135","","0","79 50:14.634","0","0","0","0","2105","0","0","0","N","0","0","0","2","02105","0","","1.0","","1","N","N","","0","","0","0","0","","3","","","2","0","0","0","0","0","0","2","0","2","","","","N","","","","","","","","","",""
"2017032620","","0","0","0","0","0","0","0","0","0","4","0","","02","3","2017","6","40.430111","-79.799833","","11","0","0","0","0","0","1","0","0","","0","0","0","","","1","","0","","40 25:48.400","","0","79 47:59.400","3","0","0","1","2446","0","0","0","N","0","0","0","2","02446","0","","1.0","","1","N","N","","1","","1","0","0","","0","","","2","1","0","0","0","0","0","2","0","2","","","","N","","","","","","","","","",""
"2017025477","","0","0","0","0","0","0","0","0","0","7","0","","02","3","2017","6","40.474674","-80.005093","","11","0","0","0","0","0","1","0","0","","0","0","0","","","1","","0","","40 28:28.825","","0","80 00:18.333","3","0","0","0","2301","0","0","0","N","0","0","0","1","02301","0","","5.0","","1","N","N","","1","","1","0","0","","0","","","1","1","0","0","0","0","0","2","0","1","","","","N","","","","","","","","","",""
"2017026263","","1","0","0","0","0","0","0","0","0","5","0","","02","3","2017","5","40.475721","-79.864687","","11","0","0","0","0","0","1","0","0","1","0","0","0","","","0","","3","","40 28:32.595","3","0","79 51:52.873","0","0","0","0","2113","0","0","0","N","0","0","0","2","02113","0","","1.0","","1","N","N","","1","","0","0","0","","3","N","","2","0","0","0","0","0","0","2","0","2","","","","N","","","","","","","","","",""
"2017028163","","1","0","0","0","0","0","0","0","0","1","0","","02","2","2017","4","40.384861","-79.823278","","11","0","0","0","0","0","1","0","0","2","0","0","0","","","1","","0","","40 23:05.500","1","0","79 49:23.800","4","0","0","0","2111","0","0","0","N","0","0","0","8","02111","1","","1.0","","1","N","N","","0","","0","0","1","","0","Y","","3","1","0","0","0","0","0","2","1","3","","","","N","","","","","","","","","",""
"2017020680","","1","0","0","0","0","0","0","0","0","4","0","","02","2","2017","2","40.354167","-79.824389","","11","0","0","0","0","0","0","0","1","1","0","0","0","","","0","","2","","40 21:15.000","6","0","79 49:27.800","0","0","0","0","2477","0","0","0","N","0","0","0","2","02477","0","","1.0","","1","N","N","","0","","0","0","1","","0","Y","","2","0","0","0","0","0","0","2","0","2","","","","N","","","","","","","","","",""
"2017020258","","1","0","0","0","0","0","0","0","0","7","0","","02","2","2017","1","40.457139","-79.877694","","11","0","0","0","0","0","0","0","0","","0","0","0","","","0","","0","","40 27:25.700","","0","79 52:39.700","0","0","0","0","2301","0","0","0","N","0","0","0","0","02301","0","","5.0","","1","N","N","","0","","0","0","0","","0","","","1","0","0","0","0","0","0","2","0","1","","","","N","","","","","","","","","",""
"2017015039","","1","0","0","0","0","0","0","0","0","7","0","","02","2","2017","1","40.439666","-79.925377","","11","0","0","0","0","0","0","0","0","","0","0","0","","","0","","2","","40 26:22.797","","0","79 55:31.357","0","0","0","0","2301","0","0","0","N","0","0","0","1","02301","0","","4.0","","1","N","N","","0","","0","0","0","","3","","","1","0","0","0","0","0","0","2","0","1","","","","N","","","","","","","","","",""
"2017034782","","2","0","0","0","0","0","0","0","0","7","0","","02","3","2017","1","40.410428","-79.846015","","11","0","0","0","0","0","0","0","0","","0","0","0","","","0","","2","","40 24:37.540","","0","79 50:45.654","0","0","0","0","2449","0","0","0","","0","0","0","0","02449","0","","5.0","","1","","","","0","","0","0","0","","0","","","2","0","0","0","0","0","0","2","0","2","","","","N","","","","","","","","","",""
"2017034324","","0","0","0","0","0","0","0","0","0","0","0","","02","3","2017","6","40.440873","-79.835413","","11","0","0","0","0","0","0","0","0","2","0","0","0","","","0","","2","","40 26:27.141","3","0","79 50:07.488","0","0","0","0","2419","0","0","0","N","0","0","0","1","02419","0","","5.0","","9","N","N","","0","","0","0","1","","0","N","","1","0","0","0","0","0","0","2","0","1","","","","N","","","","","","","","","",""
"2017064247","","1","0","0","0","0","0","0","0","0","1","1","","02","6","2017","2","40.603571","-80.094141","","11","0","0","0","0","0","1","0","0","","0","1","0","","","3","","0","","40 36:12.856","","0","80 05:38.908","8","0","0","0","2481","0","0","0","","0","0","0","4","68B03","0","","1.0","","9","N","N","","0","","0","0","0","","0","","","2","3","0","0","0","3","0","2","0","2","","","","N","","","","","","","","","",""
"2017027075","","1","0","0","0","0","0","0","0","0","4","0","","02","3","2017","4","40.633652","-80.056958","","11","0","0","0","0","0","0","1","0","","0","0","0","","","1","","1","","40 38:01.147","","0","80 03:25.048","4","0","0","0","2216","0","0","0","N","0","0","0","2","02505","1","","1.0","","1","N","N","","1","","0","0","0","","3","","","2","1","0","0","0","0","0","2","0","2","","","","N","","","","","","","","","",""
"2017031433","","1","0","0","0","0","0","0","0","0","2","0","","02","3","2017","5","40.443049","-80.147278","","11","0","1","0","0","0","0","0","0","2","0","0","0","","","1","N","0","","40 26:34.977","6","7","80 08:50.199","8","0","0","0","2115","0","0","0","N","0","0","0","5","02115","0","","1.0","","1","N","N","","0","","0","0","1","","0","Y","","2","1","0","0","0","1","0","2","0","2","","","","N","","","","","","","","","",""
"2017050078","","1","0","0","0","0","0","0","0","0","8","0","","02","5","2017","3","40.442473","-79.995807","","11","0","0","0","0","0","1","0","0","","0","0","0","","","1","","1","","40 26:32.904","","0","79 59:44.905","2","0","0","0","2301","1","0","1","N","1","0","1","3","02301","0","","1.0","","1","N","N","","0","","0","1","0","","2","","","2","1","0","0","0","0","0","2","0","1","","","","N","","","","","","","","","",""
"2017026493","","1","0","0","0","0","0","0","0","0","4","0","","02","3","2017","3","40.433991","-79.753167","","11","0","0","0","0","0","1","0","0","","0","0","0","","","0","","1","","40 26:02.366","","0","79 45:11.401","0","0","0","0","2446","0","0","0","N","0","0","0","2","02446","0","","1.0","","1","N","N","","0","","0","0","1","","0","","","2","0","0","0","0","0","0","2","0","2","","","","N","","","","","","","","","",""
"2017049483","","1","0","0","0","0","0","0","0","0","4","0","","02","5","2017","2","40.436691","-79.836671","","11","0","0","0","0","0","0","0","0","","0","0","0","","","0","","1","","40 26:12.087","","0","79 50:12.015","0","0","0","0","2419","0","0","0","N","0","0","0","3","02419","0","","1.0","","1","N","N","","0","","0","0","1","","3","","","2","0","0","0","0","0","0","2","0","2","","","","N","","","","","","","","","",""
"2017037845","","2","0","0","0","0","0","0","0","0","4","0","","02","4","2017","5","40.586853","-80.041629","","11","0","0","0","0","0","0","0","0","","0","0","0","","","2","","2","","40 35:12.669","","0","80 02:29.866","4","0","0","0","2108","0","0","0","","0","0","0","3","02108","1","","1.0","","1","N","N","","0","","0","0","0","","3","","","2","2","0","0","0","1","0","2","0","2","","","","N","","","","","","","","","",""
"2017029449","","0","0","0","0","0","0","0","0","0","4","0","","02","3","2017","6","40.479843","-80.042771","","11","0","0","0","0","0","0","0","0","","0","0","0","","","0","","0","","40 28:47.434","","0","80 02:33.975","0","0","0","0","2301","0","0","0","N","0","0","0","4","02301","0","","1.0","","7","N","N","","1","","0","0","1","","0","","","2","0","1","0","0","0","0","2","0","2","","","","N","","","","","","","","","",""
"2017016543","","0","0","0","0","0","0","0","0","0","1","0","55","02","2","2017","5","40.513962","-80.278355","","11","0","0","0","0","0","1","0","0","","0","0","0","","","0","","0","","40 30:50.263","","0","80 16:42.078","0","0","0","0","2203","0","0","0","","0","0","0","2","68B03","0","","1.0","","7","N","N","","0","","0","0","2","","0","","","2","0","0","0","0","0","0","1","0","2","","","N","Y","4","1","N","N","N","N","Y","N","Y",""
"2017031390","","2","0","0","0","0","0","0","0","0","1","0","","02","3","2017","5","40.411984","-79.920209","","11","0","0","0","0","0","1","0","0","1","0","0","0","","","1","","10","","40 24:43.143","1","0","79 55:12.754","8","0","0","0","2301","0","0","0","N","0","0","0","2","02301","0","","1.0","","1","N","N","","0","","0","0","0","","0","N","","2","1","0","0","0","1","1","2","0","2","","","","N","","","","","","","","","",""
"2017064218","","0","0","0","0","0","0","0","0","0","1","0","","02","6","2017","5","40.443406","-80.009006","","11","0","0","0","0","2","0","0","0","","0","0","0","","","1","","0","","40 26:36.261","","3","80 00:32.423","3","0","0","0","2301","0","0","0","","0","0","0","2","68B03","0","","1.0","","9","N","N","","0","","1","0","1","","0","","","2","1","0","0","0","0","0","2","1","2","","","","N","","","","","","","","","",""
"2017062176","","2","0","0","0","0","0","0","0","0","2","0","","02","6","2017","5","40.507939","-79.989966","","11","0","0","0","0","0","1","0","1","","0","0","0","","","0","","3","","40 30:28.581","","0","79 59:23.879","0","0","0","0","2116","0","0","0","N","0","0","0","2","02116","0","","1.0","","1","N","N","","0","","0","0","0","","0","","","2","0","0","0","0","0","0","2","0","2","","","","N","","","","","","","","","",""
"2017034616","","1","0","0","0","0","0","0","0","0","4","0","","02","4","2017","1","40.407094","-79.943276","","11","0","0","0","0","0","1","0","0","","0","0","0","","","0","","1","","40 24:25.540","","0","79 56:35.795","0","0","0","0","2301","0","0","0","N","0","0","0","2","02301","0","","1.0","","1","N","N","","0","","0","0","0","","2","","","2","0","0","0","0","0","0","2","1","2","","","","N","","","","","","","","","",""
"2017034056","","2","0","0","0","0","0","0","0","0","5","0","","02","3","2017","6","40.461795","-79.866074","","11","0","0","0","0","0","0","0","0","","0","0","0","","","0","","0","","40 27:42.463","","0","79 51:57.868","0","0","0","0","2113","0","0","0","N","0","0","0","2","02113","0","","1.0","","9","N","N","","0","","0","0","0","","0","","","2","0","0","0","0","0","0","2","0","2","","","","N","","","","","","","","","",""
"2017026979","","1","0","0","0","0","0","0","0","0","1","0","","02","3","2017","6","40.37725","-79.801303","","11","0","0","0","0","0","0","0","0","","0","0","0","","","1","","2","","40 22:38.099","","0","79 48:04.692","4","0","0","0","2111","0","0","0","N","0","0","0","5","02111","1","","1.0","","1","N","N","","0","","0","0","1","","0","","","2","1","0","0","0","0","0","2","0","2","","","","N","","","","","","","","","",""
"2017020216","","2","0","0","0","0","0","0","0","0","4","0","","02","2","2017","2","40.450556","-80.174333","","11","0","0","0","0","0","0","0","0","1","0","0","0","","","0","","1","","40 27:02.000","4","0","80 10:27.600","0","0","0","0","2214","0","0","0","N","0","0","0","3","02214","0","","1.0","","1","N","N","","0","","0","0","0","","2","N","","2","0","0","0","0","0","0","2","0","2","","","","N","","","","","","","","","",""
"2017031787","","2","0","0","0","0","0","0","0","0","4","0","","02","3","2017","6","40.495956","-80.09523","","11","0","0","0","0","0","1","1","0","","0","0","0","","","0","","2","","40 29:45.440","","0","80 05:42.827","0","0","0","0","2122","0","0","0","N","0","0","0","2","02122","0","","1.0","","1","N","N","","0","","0","0","0","","3","","","2","0","0","0","0","0","0","2","0","2","","","","N","","","","","","","","","",""
"2017018878","","1","0","0","0","0","0","0","0","0","7","0","","02","2","2017","4","40.435194","-79.945028","","11","0","0","0","0","0","0","0","0","","0","0","0","","","0","","0","","40 26:06.700","","0","79 56:42.100","0","0","0","0","2301","0","0","0","N","0","0","0","1","02301","0","","4.0","","1","N","N","","0","","0","0","0","","0","","","1","0","0","0","0","0","0","2","0","1","","","","N","","","","","","","","","",""
"2017029609","","1","0","0","0","0","0","0","0","0","4","0","","02","3","2017","7","40.536793","-80.185042","","11","0","0","0","0","0","0","0","0","2","0","0","0","","","1","","1","","40 32:12.456","2","0","80 11:06.151","4","0","0","0","2458","0","0","0","N","0","0","0","3","02458","1","","1.0","","9","N","N","","0","","0","0","1","","2","N","","2","1","0","0","0","0","0","2","0","2","","","","N","","","","","","","","","",""
"2017021860","","1","0","0","0","0","0","0","0","0","1","0","","02","2","2017","6","40.484722","-79.816836","","11","0","0","0","0","0","0","0","0","","0","0","0","","","1","","0","","40 29:04.999","","0","79 49:00.609","4","0","0","0","2113","0","0","0","N","0","0","0","2","02113","1","","1.0","","1","N","N","","0","","0","0","1","","0","","","2","1","0","0","0","0","0","2","0","2","","","","N","","","","","","","","","",""
"2017027546","","3","0","0","0","0","0","0","0","0","1","0","","02","3","2017","2","40.435385","-79.984655","","11","0","0","0","0","0","1","1","0","","0","0","0","","","2","","0","","40 26:07.385","","0","79 59:04.757","4","0","0","0","2301","0","0","0","N","0","0","0","3","02301","2","","1.0","","1","N","N","","0","","0","0","0","","0","","","3","2","0","0","0","0","0","2","0","3","","","","N","","","","","","","","","",""
"2017026841","","1","0","0","0","0","0","0","0","0","7","0","","02","3","2017","7","40.632085","-79.959791","","11","0","0","0","0","0","1","0","0","1","0","0","0","","","0","","0","","40 37:55.507","3","0","79 57:35.246","0","0","0","0","2217","0","0","0","N","0","0","0","1","02505","0","","5.0","","2","N","N","","0","","0","0","0","","0","N","","1","0","0","0","0","0","0","2","0","1","","","","N","","","","","","","","","",""
"2017045053","","1","0","0","0","0","0","0","0","0","7","0","","02","3","2017","6","40.520761","-80.064137","","11","0","1","0","0","0","0","0","0","2","0","0","0","","","2","","0","","40 31:14.740","2","0","80 03:50.893","3","0","0","0","2215","0","0","0","","0","0","0","2","68B03","0","","3.0","","9","N","N","","0","","2","0","0","","0","N","","1","2","1","0","0","0","0","2","0","1","","05","","N","","","","","","","","","",""
"2017051962","","2","0","0","0","0","0","0","0","0","4","0","","02","5","2017","3","40.488951","-79.935625","","11","0","0","0","0","0","1","1","0","1","0","0","0","","","0","","0","","40 29:20.224","6","0","79 56:08.249","0","0","0","0","2301","0","0","0","N","0","0","0","5","02301","0","","1.0","","1","N","N","","1","","0","0","0","","8","N","","5","0","0","0","0","0","0","2","2","5","","","","N","","","","","","","","","",""
"2017031591","","2","0","0","0","0","0","0","0","0","1","0","","02","3","2017","5","40.430417","-80.028417","","11","0","0","0","1","1","0","0","0","","0","0","0","","","0","","6","","40 25:49.500","","2","80 01:42.300","0","0","0","0","2301","0","0","0","N","0","0","0","2","02301","0","","7.0","","1","N","N","","0","","0","0","0","","4","","","2","0","0","0","0","0","0","2","0","2","","","","N","","","","","","","","","",""
"2017018899","","0","0","0","0","0","0","0","0","0","7","0","","02","2","2017","5","40.410917","-80.083361","","11","0","0","0","0","0","0","0","0","1","0","0","0","","","0","","1","","40 24:39.300","1","0","80 05:00.101","0","0","0","0","2415","0","0","0","N","0","0","0","1","02415","0","","5.0","","9","N","N","","0","","0","0","1","","2","N","","1","0","0","0","0","0","0","2","0","1","","","","N","","","","","","","","","",""
"2017015799","","1","0","0","0","0","0","0","0","0","1","0","","02","2","2017","4","40.652069","-80.055114","","11","0","0","0","0","0","0","0","0","","0","0","0","","","1","","0","","40 39:07.450","","0","80 03:18.409","8","0","0","0","2216","0","0","0","N","0","0","0","2","02505","0","","1.0","","9","N","N","","1","","0","0","0","","0","","","2","1","0","0","0","1","0","2","0","2","","","","N","","","","","","","","","",""
"2017049562","","1","0","0","0","0","0","0","0","0","6","0","","02","5","2017","2","40.419194","-79.899523","","11","0","0","0","0","0","1","0","0","2","0","0","0","","","0","","0","","40 25:09.099","1","0","79 53:58.281","0","0","0","0","2301","0","0","0","N","0","0","0","1","02301","0","","6.0","","1","N","N","","1","","0","0","0","","0","N","","2","0","0","0","0","0","0","2","0","2","","","","N","","","","","","","","","",""
"2017019984","","1","0","0","0","0","0","0","0","0","7","0","","02","2","2017","1","40.464285","-79.900569","","11","0","0","0","0","0","0","0","0","","0","0","0","","","0","","1","","40 27:51.426","","0","79 54:02.048","0","0","0","0","2301","0","0","0","N","0","0","0","1","02301","0","","5.0","","1","N","N","","0","","0","0","0","","1","","","1","0","0","0","0","0","0","2","0","1","","","","N","","","","","","","","","",""
"2017049890","","1","0","0","0","0","0","0","0","0","1","0","","02","5","2017","2","40.364736","-80.048104","","11","0","0","1","0","0","0","0","0","2","0","0","0","","","1","","1","","40 21:53.048","1","0","80 02:53.175","3","0","0","0","2109","0","0","0","","0","0","0","2","02109","0","","1.0","","1","N","N","","0","","1","0","1","","2","N","","2","1","1","0","0","0","0","2","0","2","","","","N","","","","","","","","","",""
"2017043432","","1","0","0","0","0","0","0","0","0","4","0","","02","4","2017","2","40.572128","-80.023673","","11","0","0","0","0","0","0","0","1","1","0","0","0","","","1","","1","","40 34:19.660","2","0","80 01:25.221","8","0","0","0","2108","0","0","0","","0","0","0","4","02108","0","","1.0","","9","N","N","","0","","0","0","1","","2","N","","2","1","0","0","0","1","0","2","0","2","","","","N","","","","","","","","","",""
"2017040228","","1","0","0","0","0","0","0","0","0","5","1","","02","3","2017","5","40.434659","-79.987114","","11","0","0","0","0","0","0","0","0","","0","1","0","","","0","","0","","40 26:04.773","","0","79 59:13.611","0","0","0","0","2301","0","0","0","","0","0","0","3","68B03","0","","1.0","","1","N","N","","0","","0","0","0","","0","","","2","0","0","0","0","0","0","2","0","2","","","","N","","","","","","","","","",""
"2017020560","","2","0","0","0","0","0","0","0","0","4","0","","02","2","2017","1","40.454503","-79.888051","","11","0","0","0","0","0","0","0","0","","0","0","0","","","0","","0","","40 27:16.209","","0","79 53:16.984","9","0","0","0","2301","0","0","0","N","0","0","0","1","02301","0","","6.0","","1","N","N","","0","","0","0","0","","0","","","2","0","0","0","0","0","1","2","0","2","","","","N","","","","","","","","","",""
"2017031027","","1","0","0","0","0","0","0","0","0","2","0","","02","3","2017","4","40.398976","-80.025222","","11","0","0","0","0","0","1","0","0","","0","0","0","","","0","","0","","40 23:56.315","","0","80 01:30.799","0","0","0","0","2301","0","0","0","N","0","0","0","2","02301","0","","1.0","","1","N","N","","1","","0","0","0","","0","","","2","0","0","0","0","0","0","2","0","2","","","","N","","","","","","","","","",""
"2017034345","","0","0","0","0","0","0","0","0","0","7","0","","02","3","2017","3","40.228158","-79.93092","","11","0","0","0","0","0","0","0","0","1","0","0","0","","","0","","0","","40 13:41.368","1","0","79 55:51.312","0","0","0","0","2204","0","0","0","N","0","0","0","1","02204","0","","5.0","","1","N","N","","0","","0","0","1","","0","N","","1","0","0","0","0","0","0","1","0","1","","","","N","","","","","","","","","",""
"2017049822","","3","0","0","0","0","0","0","0","0","1","0","","02","5","2017","5","40.615661","-80.0942","","11","0","1","0","0","0","1","0","0","","0","0","0","","","0","","0","","40 36:56.381","","0","80 05:39.119","0","0","0","0","2481","0","0","0","N","0","0","0","4","02481","0","","1.0","","1","N","N","","0","","0","0","0","","0","","","3","0","0","0","0","0","0","2","0","3","","","","N","","","","","","","","","",""
"2017027891","","1","0","0","0","0","0","0","0","0","4","0","","02","3","2017","2","40.447556","-80.164354","","11","0","0","0","0","0","1","0","0","","0","0","0","","","0","","2","","40 26:51.202","","0","80 09:51.673","0","0","0","0","2115","0","0","0","","0","0","0","3","02115","0","","1.0","","1","N","N","","0","","0","0","1","","2","","","2","0","0","0","0","0","0","2","0","2","","","","N","","","","","","","","","",""
"2017025366","","1","0","0","0","0","0","0","0","0","1","0","","02","2","2017","6","40.435671","-79.977524","","11","0","0","0","0","0","2","0","0","2","0","0","0","","","4","","0","","40 26:08.417","3","0","79 58:39.086","3","0","0","0","2301","0","0","0","","0","0","0","6","68B03","0","","1.0","","1","N","N","","1","","3","0","3","","0","N","","6","4","0","0","0","1","1","2","0","6","","","","N","","","","","","","","","",""
"2017059310","","1","0","0","0","0","0","0","0","0","1","0","","02","5","2017","4","40.384307","-80.044781","","11","0","0","0","0","0","0","0","0","","0","0","0","","","1","","1","","40 23:03.505","","0","80 02:41.211","3","0","0","0","2109","0","0","0","","0","0","0","3","02109","0","","1.0","","1","N","N","","0","","1","0","1","","0","","","2","1","0","0","0","0","0","2","0","2","","","","N","","","","","","","","","",""
"2017018727","","1","0","0","0","0","0","0","0","0","7","0","","02","2","2017","3","40.244207","-79.811616","","11","0","0","0","0","0","0","0","0","","0","0","0","","","0","","10","","40 14:39.144","","0","79 48:41.819","0","0","0","0","2105","0","0","0","N","0","0","0","2","02105","0","","5.0","","1","N","N","","0","","0","0","0","","0","","","1","0","0","0","0","0","0","1","0","1","","","","N","","","","","","","","","",""
"2017031042","","2","0","0","0","0","0","0","0","0","1","0","","02","3","2017","4","40.521155","-80.005146","","11","0","0","0","0","0","0","0","0","","0","0","0","","","1","","0","","40 31:16.158","","0","80 00:18.527","8","0","0","0","2116","0","0","0","N","0","0","0","2","02116","0","","1.0","","1","N","N","","0","","0","0","0","","2","","","2","1","0","0","0","1","0","2","0","2","","","","N","","","","","","","","","",""
"2017037143","","1","0","0","0","0","0","0","0","0","1","0","","02","4","2017","3","40.387347","-79.828323","","11","0","0","0","0","0","0","0","0","2","0","0","0","","","2","","0","","40 23:14.450","6","0","79 49:41.962","4","0","0","0","2111","0","0","0","N","0","0","0","2","02111","2","","1.0","","1","N","N","","0","","0","0","1","","0","Y","","2","2","0","0","0","0","0","2","0","2","","","","N","","","","","","","","","",""
"2017026884","","2","0","0","0","0","0","0","0","0","1","0","","02","3","2017","6","40.417283","-79.848534","","11","0","0","0","0","0","1","0","0","1","0","0","0","","","1","","0","","40 25:02.220","3","0","79 50:54.723","3","0","0","0","2431","0","0","0","N","0","0","0","4","02431","0","","1.0","","1","N","N","","0","","1","0","0","","0","N","","2","1","0","0","0","0","0","2","0","2","","","","N","","","","","","","","","",""