"CRN","ARRIVAL_TM","AUTOMOBILE_COUNT","BELTED_DEATH_COUNT","BELTED_SUSP_SERIOUS_INJ_COUNT","BICYCLE_COUNT","BICYCLE_DEATH_COUNT","BICYCLE_SUSP_SERIOUS_INJ_COUNT","BUS_COUNT","CHLDPAS_DEATH_COUNT","CHLDPAS_SUSP_SERIOUS_INJ_COUNT","COLLISION_TYPE","COMM_VEH_COUNT","CONS_ZONE_SPD_LIM","COUNTY","CRASH_MONTH","CRASH_YEAR","DAY_OF_WEEK","DEC_LATITUDE","DEC_LONGITUDE","DISPATCH_TM","DISTRICT","DRIVER_COUNT_16YR","DRIVER_COUNT_17YR","DRIVER_COUNT_18YR","DRIVER_COUNT_19YR","DRIVER_COUNT_20YR","DRIVER_COUNT_50_64YR","DRIVER_COUNT_65_74YR","DRIVER_COUNT_75PLUS","EST_HRS_CLOSED","FATAL_COUNT","HEAVY_TRUCK_COUNT","HORSE_BUGGY_COUNT","HOUR_OF_DAY","ILLUMINATION","INJURY_COUNT","INTERSECTION_RELATED","INTERSECT_TYPE","LANE_CLOSED","LATITUDE","LN_CLOSE_DIR","LOCATION_TYPE","LONGITUDE","MAX_SEVERITY_LEVEL","MCYCLE_DEATH_COUNT","MCYCLE_SUSP_SERIOUS_INJ_COUNT","MOTORCYCLE_COUNT","MUNICIPALITY","NONMOTR_COUNT","NONMOTR_DEATH_COUNT","NONMOTR_SUSP_SERIOUS_INJ_COUNT","NTFY_HIWY_MAINT","PED_COUNT","PED_DEATH_COUNT","PED_SUSP_SERIOUS_INJ_COUNT","PERSON_COUNT","POLICE_AGCY","POSSIBLE_INJ_COUNT","RDWY_SURF_TYPE_CD","RELATION_TO_ROAD","ROADWAY_CLEARED","ROAD_CONDITION","SCH_BUS_IND","SCH_ZONE_IND","SECONDARY_CRASH","SMALL_TRUCK_COUNT","SPEC_JURIS_CD","SUSP_MINOR_INJ_COUNT","SUSP_SERIOUS_INJ_COUNT","SUV_COUNT","TCD_FUNC_CD","TCD_TYPE","TFC_DETOUR_IND","TIME_OF_DAY","TOTAL_UNITS","TOT_INJ_COUNT","UNBELTED_OCC_COUNT","UNB_DEATH_COUNT","UNB_SUSP_SERIOUS_INJ_COUNT","UNK_INJ_DEG_COUNT","UNK_INJ_PER_COUNT","URBAN_RURAL","VAN_COUNT","VEHICLE_COUNT","WEATHER1","WEATHER2","WORKERS_PRES","WORK_ZONE_IND","WORK_ZONE_LOC","WORK_ZONE_TYPE","WZ_CLOSE_DETOUR","WZ_FLAGGER","WZ_LAW_OFFCR_IND","WZ_LN_CLOSURE","WZ_MOVING","WZ_OTHER","WZ_SHLDER_MDN","WZ_WORKERS_INJ_KILLED"
"2017026379","1550","0","0","0","0","0","0","0","0","0","4","0","","02","3","2017","5","40.583925","-79.881773","1545","11","0","0","0","0","0","0","0","0","","0","0","0","","","1","","1","","40 35:02.131","","0","79 52:54.381","3","0","0","0","2209","0","0","0","N","0","0","0","3","02209","0","","1.0","","1","N","N","","1","","1","0","1","","2","","","2","1","0","0","0","0","0","2","0","2","","","","N","","","","","","","","","",""
"2017040076","0636","1","0","0","0","0","0","0","0","0","4","0","","02","4","2017","2","40.387119","-80.054728","0634","11","0","0","0","0","0","0","1","0","1","0","0","0","","","0","","3","","40 23:13.630","2","0","80 03:17.019","0","0","0","0","2109","0","0","0","","0","0","0","2","02109","0","","1.0","","9","N","N","","1","","0","0","0","","2","N","","2","0","0","0","0","0","0","2","0","2","","","","N","","","","","","","","","",""
"2017026995","1755","2","0","0","0","0","0","0","0","0","6","0","","02","3","2017","7","40.452233","-79.767531","1751","11","0","0","0","0","0","2","0","0","1","0","0","0","","","0","","3","","40 27:08.038","1","0","79 46:03.111","0","0","0","0","2446","0","0","0","N","0","0","0","2","02446","0","","1.0","","1","N","N","","0","","0","0","0","","0","N","","2","0","0","0","0","0","0","2","0","2","","","","N","","","","","","","","","",""
"2017017536","1218","2","0","0","0","0","0","0","0","0","5","0","","02","2","2017","2","40.351407","-79.850532","1215","11","0","0","0","0","0","1","0","1","","0","0","0","","","0","","0","","40 21:05.065","","0","79 51:01.915","0","0","0","0","2304","0","0","0","N","0","0","0","2","02304","0","","1.0","","1","N","N","","0","","0","0","0","","0","","","2","0","1","0","0","0","0","2","0","2","","","","N","","","","","","","","","",""
"2017027882","1022","1","0","0","0","0","0","0","0","0","4","0","","02","3","2017","3","40.440088","-80.227345","1018","11","0","0","0","0","0","1","0","0","","0","0","0","","","1","","2","","40 26:24.315","","0","80 13:38.441","3","0","0","0","2214","0","0","0","N","0","0","0","2","02214","0","","1.0","","1","N","N","","0","","1","0","1","","3","","","2","1","0","0","0","0","0","2","0","2","","","","N","","","","","","","","","",""
"2017027696","1755","2","0","0","0","0","0","0","0","0","4","0","","02","3","2017","2","40.497939","-79.854806","1755","11","0","0","0","0","0","2","0","0","1","0","0","0","","","1","","1","","40 29:52.581","5","0","79 51:17.303","8","0","0","0","2112","0","0","0","N","0","0","0","2","02112","0","","1.0","","1","N","N","","0","","0","0","0","","3","Y","","2","1","0","0","0","1","0","2","0","2","","","","N","","","","","","","","","",""
"2017041551","2000","1","0","0","0","0","0","0","0","0","4","0","","02","4","2017","6","40.452743","-79.86657","1947","11","0","0","0","0","0","0","0","0","1","0","0","0","","","0","","2","","40 27:09.873","2","0","79 51:59.651","0","0","0","0","2301","0","0","0","N","0","0","0","5","02301","0","","1.0","","1","N","N","","0","","0","0","1","","3","N","","2","0","0","0","0","0","0","2","0","2","","","","N","","","","","","","","","",""
"2017032033","1434","1","0","0","0","0","0","0","0","0","6","0","","02","3","2017","5","40.466442","-80.066496","1430","11","0","0","1","0","0","0","0","0","1","0","0","0","","","0","","0","","40 27:59.192","7","0","80 03:59.384","0","0","0","0","2444","0","0","0","N","0","0","0","1","02444","0","","1.0","","1","N","N","","1","","0","0","0","","0","Y","","2","0","0","0","0","0","0","2","0","2","","","","N","","","","","","","","","",""
"2017033592","1620","2","0","0","0","0","0","0","0","0","1","0","","02","3","2017","4","40.424215","-79.860718","1618","11","0","0","0","0","0","0","0","1","","0","0","0","","","2","","1","","40 25:27.174","","0","79 51:38.586","4","0","0","0","2431","0","0","0","N","0","0","0","3","02431","2","","1.0","","1","N","N","","0","","0","0","0","","3","","","2","2","0","0","0","0","0","2","0","2","","","","N","","","","","","","","","",""
"2017014722","1312","0","0","0","0","0","0","0","0","0","4","0","","02","2","2017","1","40.40656","-79.867699","1310","11","0","0","0","0","0","1","1","0","2","0","0","0","","","0","","1","","40 24:23.616","5","0","79 52:03.716","9","0","0","0","2410","0","0","0","N","0","0","0","3","02410","0","","1.0","","1","N","N","","0","","0","0","1","","3","Y","","2","0","1","0","0","0","1","2","1","2","","","","N","","","","","","","","","",""
"2017029488","1825","1","0","0","0","0","0","0","0","0","2","0","","02","3","2017","6","40.452359","-79.877724","1822","11","0","0","0","0","0","1","0","0","","0","0","0","","","0","","3","","40 27:08.492","","0","79 52:39.806","0","0","0","0","2301","0","0","0","N","0","0","0","2","02301","0","","1.0","","6","N","N","","0","","0","0","1","","0","","","2","0","0","0","0","0","0","2","0","2","","","","N","","","","","","","","","",""
"2017023577","2128","1","0","0","0","0","0","0","0","0","0","0","","02","3","2017","4","40.487889","-79.920286","2122","11","0","0","0","0","0","1","0","0","3","0","0","0","","","0","","3","","40 29:16.401","7","0","79 55:13.029","0","0","0","0","2301","0","0","0","N","0","0","0","1","02301","0","","1.0","","1","N","N","","0","","0","0","0","","0","Y","","1","0","0","0","0","0","0","2","0","1","","","","N","","","","","","","","","",""
"2017033870","1034","2","0","0","0","0","0","0","0","0","5","0","","02","3","2017","5","40.451222","-79.995528","1023","11","0","0","0","0","0","0","0","0","2","0","0","0","","","0","","0","","40 27:04.400","3","0","79 59:43.900","0","0","0","0","2301","0","0","0","N","0","0","0","1","02301","0","","1.0","","1","N","N","","0","","0","0","0","","0","Y","","2","0","0","0","0","0","0","2","0","2","","","","N","","","","","","","","","",""
"2017033926","1759","2","0","0","0","0","0","0","0","0","1","0","","02","3","2017","4","40.25645","-79.846213","1752","11","0","0","0","0","0","0","1","0","2","0","0","0","","","1","","2","","40 15:23.220","5","0","79 50:46.367","8","0","0","0","2105","0","0","0","N","0","0","0","4","02105","0","","1.0","","1","N","N","","0","","0","0","1","","0","Y","","3","1","0","0","0","1","0","2","0","3","","","","N","","","","","","","","","",""
"2017034086","1609","1","0","0","0","0","0","0","0","0","1","0","","02","3","2017","5","40.42587","-79.899188","1609","11","0","0","0","0","0","0","0","0","","0","0","0","","","0","","0","","40 25:33.132","","0","79 53:57.077","0","0","0","0","2301","0","0","0","","0","0","0","4","68B03","0","","1.0","","1","N","N","","1","","0","0","1","","0","","","3","0","0","0","0","0","0","2","0","3","","","","N","","","","","","","","","",""
"2017020256","0406","1","0","0","0","0","0","0","0","0","4","0","","02","2","2017","2","40.427141","-79.976396","0402","11","0","0","1","0","0","1","0","0","1","0","0","0","","","0","","1","","40 25:37.707","2","0","79 58:35.027","0","0","0","0","2301","0","0","0","N","0","0","0","5","02301","0","","1.0","","9","N","N","","1","","0","0","0","","0","N","","2","0","1","0","0","0","0","2","0","2","","","","N","","","","","","","","","",""
"2017034041","1754","1","0","0","0","0","0","0","0","0","4","0","","02","3","2017","3","40.490434","-79.783118","1753","11","0","0","0","0","0","2","0","0","","0","0","0","","","0","","2","","40 29:25.561","","0","79 46:59.226","0","0","0","0","2466","0","0","0","N","0","0","0","2","02466","0","","1.0","","1","N","N","","1","","0","0","0","","3","","","2","0","1","0","0","0","0","2","0","2","","","","N","","","","","","","","","",""
"2017016368","1434","1","0","0","0","0","0","0","0","0","1","0","","02","2","2017","4","40.343092","-79.963957","1432","11","0","0","0","0","0","1","0","0","1","0","0","0","","","0","","2","","40 20:35.130","3","0","79 57:50.244","0","0","0","0","2454","0","0","0","N","0","0","0","3","02454","0","","1.0","","1","N","","","0","","0","0","1","","0","N","","3","0","0","0","0","0","0","2","0","2","","","","N","","","","","","","","","",""
"2017027572","1705","2","0","0","0","0","0","0","0","0","4","0","","02","3","2017","2","40.457173","-79.937666","1651","11","0","0","0","0","0","0","0","0","","0","0","0","","","1","","0","","40 27:25.821","","0","79 56:15.597","8","0","0","0","2301","0","0","0","N","0","0","0","3","02301","0","","1.0","","1","N","N","","0","","0","0","0","","0","","","2","1","0","0","0","1","0","2","0","2","","","","N","","","","","","","","","",""
"2017038280","1345","2","0","0","0","0","0","0","0","0","5","0","","02","4","2017","4","40.463493","-79.927209","1345","11","0","0","0","0","0","0","0","0","","0","0","0","","","0","","2","","40 27:48.576","","0","79 55:37.952","0","0","0","0","2301","0","0","0","N","0","0","0","3","02301","0","","1.0","","1","N","N","","0","","0","0","0","","2","","","2","0","0","0","0","0","0","2","0","2","","","","N","","","","","","","","","",""
"2017019563","0814","0","0","0","0","0","0","0","0","0","7","0","","02","2","2017","6","","","0805","11","0","0","0","0","0","1","0","0","2","0","0","0","","","0","","0","","","3","0","","0","0","0","0","2207","0","0","0","N","0","0","0","1","02207","0","","2.0","","2","N","N","","1","","0","0","0","","0","Y","","1","0","0","0","0","0","0","1","0","1","","","","N","","","","","","","","","",""
"2017037829","1047","2","0","0","0","0","0","0","0","0","5","0","","02","4","2017","7","40.484242","-79.907891","1035","11","0","0","0","0","0","1","1","0","","0","0","0","","","0","","2","","40 29:03.272","","0","79 54:28.407","0","0","0","0","2301","0","0","0","N","0","0","0","3","02301","0","","1.0","","1","N","N","","0","","0","0","0","","2","","","2","0","0","0","0","0","0","2","0","2","","","","N","","","","","","","","","",""
"2017031038","1557","1","0","0","0","0","0","0","0","0","4","0","","02","3","2017","4","40.449839","-79.929647","1557","11","0","0","0","0","0","0","1","0","","0","0","0","","","1","","1","","40 26:59.420","","0","79 55:46.729","4","0","0","0","2301","0","0","0","N","0","0","0","5","02301","1","","1.0","","1","Y","N","","1","","0","0","0","","2","","","2","1","0","0","0","0","0","2","0","2","","","","N","","","","","","","","","",""
"2017020909","1910","1","0","0","0","0","0","0","0","0","2","0","","02","2","2017","1","","","1900","11","0","0","0","0","0","1","0","0","","0","0","0","","","0","","0","","","","7","","0","0","0","0","2203","0","0","0","N","0","0","0","5","02501","0","","1.0","","1","N","N","","0","","0","0","0","","3","","","2","0","0","0","0","0","0","1","1","2","","","","N","","","","","","","","","",""
"2017016806","2114","1","0","0","0","0","0","0","0","0","1","0","","02","2","2017","3","40.467708","-79.825361","2111","11","0","0","0","0","0","0","0","0","","0","0","0","","","0","","0","","40 28:03.750","","0","79 49:31.301","0","0","0","0","2113","0","0","0","N","0","0","0","4","02113","0","","1.0","","9","N","N","","0","","0","0","1","","0","","","2","0","0","0","0","0","0","2","0","2","","","","N","","","","","","","","","",""
"2017021917","0930","1","0","0","0","0","0","0","0","0","1","0","","02","2","2017","6","40.441605","-79.992085","0930","11","0","0","0","1","0","1","0","0","1","0","0","0","","","2","","3","","40 26:29.779","1","0","79 59:31.507","4","0","0","0","2301","0","0","0","N","0","0","0","4","02301","2","","1.0","","1","N","N","","0","","0","0","0","","4","N","","2","2","0","0","0","0","0","2","1","2","","","","N","","","","","","","","","",""
"2017031043","1511","1","0","0","0","0","0","0","0","0","4","0","","02","3","2017","4","40.425868","-79.861619","1509","11","0","0","1","0","0","0","1","0","2","0","0","0","","","3","","2","","40 25:33.124","4","0","79 51:41.829","4","0","0","0","2431","0","0","0","N","0","0","0","5","02431","3","","1.0","","1","N","N","","0","","0","0","0","","3","N","","2","3","0","0","0","0","0","2","1","2","","","","N","","","","","","","","","",""
"2017030817","1530","0","0","0","0","0","0","0","0","0","8","0","90","02","3","2017","3","40.501796","-80.069043","1528","11","0","0","0","0","0","0","0","0","4","0","0","0","","","1","","2","","40 30:06.465","1","0","80 04:08.555","8","0","0","0","2402","1","0","0","N","1","0","0","2","02402","0","","5.0","","1","N","N","","1","","0","0","0","","7","N","","2","1","0","0","0","1","0","2","0","1","","","Y","Y","4","1","","Y","N","","Y","","Y",""
"2017016494","1413","1","0","0","0","0","0","0","0","0","1","0","","02","2","2017","6","40.410966","-80.006048","1407","11","0","0","0","0","0","0","0","0","2","0","0","0","","","1","","1","","40 24:39.476","2","0","80 00:21.772","4","0","0","0","2301","0","0","0","N","0","0","0","2","02301","1","","1.0","","1","N","N","","0","","0","0","1","","2","N","","2","1","0","0","0","0","0","2","0","2","","","","N","","","","","","","","","",""
"2017024155","2144","2","0","0","0","0","0","0","0","0","1","0","","02","3","2017","7","40.461057","-79.866331","2139","11","0","0","0","0","0","0","1","0","2","0","0","0","","","1","","1","","40 27:39.806","6","0","79 51:58.790","8","0","0","0","2113","0","0","0","N","0","0","0","5","02113","0","","1.0","","1","N","N","","1","","0","0","1","","2","Y","","4","1","2","0","0","1","1","2","0","4","","","","N","","","","","","","","","",""
"2017031687","1901","2","0","0","0","0","0","0","0","0","1","0","","02","2","2017","7","40.415544","-80.060122","1844","11","0","0","0","0","0","0","0","0","1","0","0","0","","","1","","0","","40 24:55.957","3","0","80 03:36.438","3","0","0","0","2435","0","0","0","","0","0","0","6","68B03","0","","1.0","","1","N","N","","0","","1","0","0","","0","N","","2","1","0","0","0","0","0","2","0","2","","","","N","","","","","","","","","",""
"2017023800","0032","1","0","0","0","0","0","0","0","0","7","0","","02","3","2017","6","40.408459","-80.017797","0028","11","0","0","0","0","0","0","0","0","","0","0","0","","","0","","2","","40 24:30.452","","0","80 01:04.069","0","0","0","0","2301","0","0","0","N","0","0","0","1","02301","0","","5.0","","9","N","N","","0","","0","0","0","","2","","","1","0","0","0","0","0","0","2","0","1","","","","N","","","","","","","","","",""
"2017040392","2220","0","0","0","0","0","0","0","0","0","7","0","","02","4","2017","7","40.428507","-79.764595","2216","11","0","0","0","0","0","1","0","0","","0","0","0","","","0","","2","","40 25:42.626","","0","79 45:52.543","9","0","0","1","2446","0","0","0","Y","0","0","0","1","02446","0","","2.0","","1","N","N","","0","","0","0","0","","0","","","1","0","0","0","0","0","1","2","0","1","","","","N","","","","","","","","","",""
"2017023275","1847","0","0","0","0","0","0","0","0","0","4","0","","02","2","2017","3","40.450375","-80.025099","1842","11","0","0","0","0","0","0","1","1","","0","0","0","","","1","","3","","40 27:01.351","","0","80 01:30.358","8","0","0","0","2301","0","0","0","N","0","0","0","3","02301","0","","1.0","","1","N","N","","0","","0","0","1","","0","","","2","1","0","0","0","1","0","2","1","2","","","","N","","","","","","","","","",""
"2017018951","1245","1","0","0","0","0","0","0","0","0","4","0","","02","2","2017","5","40.409722","-80.08125","1241","11","0","0","0","0","0","1","1","0","1","0","0","0","","","1","","1","","40 24:35.000","4","0","80 04:52.500","8","0","0","0","2412","0","0","0","N","0","0","0","2","02415","0","","1.0","","1","N","N","","0","","0","0","1","","0","N","","2","1","1","0","0","1","1","2","0","2","","","","N","","","","","","","","","",""
"2017025301","1915","2","0","0","0","0","0","0","0","0","6","0","","02","3","2017","2","40.43055","-79.980376","1907","11","0","0","0","0","0","1","0","0","","0","0","0","","","0","","1","","40 25:49.981","","0","79 58:49.355","0","0","0","0","2301","0","0","0","N","0","0","0","2","02301","0","","1.0","","9","N","N","","0","","0","0","0","","3","","","2","0","0","0","0","0","0","2","0","2","","","","N","","","","","","","","","",""
"2017026234","1006","1","0","0","0","0","0","0","0","0","8","0","","02","3","2017","5","40.42819","-79.971169","1004","11","0","0","0","0","0","0","0","0","","0","0","0","","","1","","1","","40 25:41.485","","0","79 58:16.210","3","0","0","0","2301","1","0","0","N","1","0","0","2","02301","0","","1.0","","1","N","N","","0","","1","0","0","","2","","","2","1","0","0","0","0","0","2","0","1","","","","N","","","","","","","","","",""
"2017018874","0844","2","0","0","0","0","0","0","0","0","6","0","","02","2","2017","3","40.563288","-80.207982","0842","11","0","0","0","0","0","1","0","0","1","0","0","0","","","3","","2","","40 33:47.836","2","0","80 12:28.734","3","0","0","0","2441","0","0","0","N","0","0","0","5","02441","0","","1.0","","1","N","N","","0","","3","0","0","","2","N","","2","3","0","0","0","0","0","2","0","2","","","","N","","","","","","","","","",""
"2017034310","1805","0","0","0","0","0","0","0","0","0","4","0","","02","3","2017","6","40.347472","-79.950583","1803","11","0","0","0","0","0","1","1","0","2","0","0","0","","","0","","2","","40 20:50.900","1","0","79 57:02.100","0","0","0","0","2473","0","0","0","N","0","0","0","2","02473","0","","1.0","","9","N","N","","0","","0","0","2","","2","N","","2","0","0","0","0","0","0","2","0","2","","","","N","","","","","","","","","",""
"2017044864","1012","1","0","0","0","0","0","0","0","0","5","1","","02","5","2017","2","40.421897","-80.030838","1003","11","0","0","0","0","0","1","0","0","2","0","1","0","","","1","","0","","40 25:18.829","4","0","80 01:51.017","3","0","0","0","2301","0","0","0","","0","0","0","4","68B03","0","","1.0","","1","N","N","","0","","1","0","0","","0","N","","2","1","0","0","0","0","0","2","0","2","","","","N","","","","","","","","","",""
"2017022428","1110","2","0","0","0","0","0","0","0","0","1","0","","02","2","2017","1","40.429163","-79.999324","1106","11","0","0","0","0","0","0","1","0","1","0","0","0","","","0","","0","","40 25:44.986","1","4","79 59:57.567","0","0","0","0","2301","0","0","0","N","0","0","0","2","02301","0","","1.0","","1","N","N","","0","","0","0","0","","0","N","","2","0","0","0","0","0","0","2","0","2","","","","N","","","","","","","","","",""
"2017043530","1443","1","0","0","0","0","0","0","0","0","4","0","","02","4","2017","4","40.388494","-80.050241","1441","11","0","0","0","0","0","0","1","0","1","0","0","0","","","1","","1","","40 23:18.578","4","0","80 03:00.867","3","0","0","1","2109","0","0","0","","0","0","0","2","02109","0","","1.0","","1","N","N","","0","","1","0","0","","2","N","","2","1","0","0","0","0","0","2","0","2","","","","N","","","","","","","","","",""
"2017014892","1716","1","0","0","0","0","0","0","0","0","4","0","","02","2","2017","2","40.397375","-79.99919","1703","11","0","0","0","0","0","1","0","0","","0","0","0","","","3","","0","","40 23:50.550","","0","79 59:57.084","8","0","0","0","2301","0","0","0","N","0","0","0","6","02301","0","","1.0","","1","N","N","","0","","0","0","1","","0","","","2","3","0","0","0","3","0","2","0","2","","","","N","","","","","","","","","",""
"2017028267","0740","1","0","0","0","0","0","0","0","0","4","0","","02","3","2017","4","40.361279","-79.982506","0734","11","0","1","0","0","0","0","0","0","1","0","0","0","","","0","","3","","40 21:40.605","1","0","79 58:57.022","0","0","0","0","2413","0","0","0","N","0","0","0","2","02413","0","","1.0","","9","N","N","","0","","0","0","1","","0","N","","2","0","0","0","0","0","0","2","0","2","","","","N","","","","","","","","","",""
"2017032856","0640","1","0","0","0","0","0","0","0","0","8","0","","02","3","2017","2","40.42819","-79.971169","0629","11","0","0","0","0","0","0","0","0","1","0","0","0","","","1","","1","","40 25:41.485","7","0","79 58:16.210","3","0","0","0","2301","1","0","0","Y","1","0","0","2","02301","0","","1.0","","1","N","N","","0","","1","0","0","","2","Y","","2","1","0","0","0","0","0","2","0","1","","","","N","","","","","","","","","",""
"2017044433","1740","1","0","0","0","0","0","0","0","0","4","0","","02","4","2017","1","40.434388","-79.748621","1735","11","0","0","0","0","0","0","0","1","","0","0","0","","","2","","2","","40 26:03.795","","0","79 44:55.037","8","0","0","0","2446","0","0","0","N","0","0","0","2","02446","0","","1.0","","1","N","N","","0","","0","0","1","","0","","","2","2","0","0","0","2","0","2","0","2","","","","N","","","","","","","","","",""
"2017022795","1720","2","0","0","0","0","0","0","0","0","1","0","","02","2","2017","2","40.292162","-79.915371","1713","11","0","0","0","0","0","1","0","0","","0","0","0","","","0","","0","","40 17:31.783","","0","79 54:55.334","0","0","0","0","2440","0","0","0","N","0","0","0","2","02440","0","","1.0","","9","N","N","","0","","0","0","0","","0","","","2","0","1","0","0","0","0","2","0","2","","","","N","","","","","","","","","",""
"2017016692","2248","1","0","0","0","0","0","0","0","0","7","0","","02","2","2017","4","40.218803","-79.844901","2244","11","0","0","0","0","0","0","0","0","","0","0","0","","","0","","0","","40 13:07.692","","0","79 50:41.642","0","0","0","0","2204","0","0","0","N","0","0","0","1","02204","0","","3.0","","7","N","N","","0","","0","0","0","","0","","","1","0","0","0","0","0","0","2","0","1","","","","N","","","","","","","","","",""
"2017017492","1225","1","0","1","0","0","0","0","0","0","4","0","","02","2","2017","2","40.417357","-80.001505","1221","11","0","0","0","0","0","0","0","1","","0","0","0","","","2","","0","","40 25:02.485","","0","80 00:05.418","2","0","0","0","2301","0","0","0","N","0","0","0","2","02301","1","","1.0","","1","N","N","","0","","0","1","1","","3","","","2","2","0","0","0","0","0","2","0","2","","","","N","","","","","","","","","",""
"2017042879","1057","2","0","0","0","0","0","0","0","0","1","0","","02","4","2017","1","40.470397","-80.003656","1042","11","0","0","0","0","0","0","1","0","","0","0","0","","","0","","0","","40 28:13.428","","0","80 00:13.163","0","0","0","0","2301","0","0","0","","0","0","0","5","68B03","0","","1.0","","1","N","N","","0","","0","0","0","","0","","","2","0","0","0","0","0","0","2","0","2","","","","N","","","","","","","","","",""
"2017024136","1931","2","0","0","0","0","0","0","0","0","1","0","","02","3","2017","7","40.362366","-79.931995","1929","11","0","0","0","0","0","1","0","0","","0","0","0","","","1","","1","","40 21:44.516","","0","79 55:55.181","8","0","0","0","2473","0","0","0","N","0","0","0","5","02473","0","","1.0","","1","N","N","","0","","0","0","1","","2","","","3","1","0","0","0","1","0","2","0","3","","","","N","","","","","","","","","",""
"2017044258","1303","1","0","0","0","0","0","0","0","0","7","1","","02","4","2017","2","40.483406","-80.263335","1248","11","0","0","0","0","0","1","0","0","2","0","1","0","","","0","","0","","40 29:00.262","3","0","80 15:48.007","0","0","0","0","2203","0","0","0","","0","0","0","2","68B03","0","","1.0","","1","N","N","","0","","0","0","0","","0","N","","2","0","0","0","0","0","0","2","0","2","","","","N","","","","","","","","","",""
"2017027005","2147","0","0","0","0","0","0","0","0","0","99","0","","02","3","2017","5","40.650964","-79.833424","2139","11","0","0","1","0","0","0","0","0","4","0","0","0","","","0","","0","","40 39:03.469","5","0","79 50:00.327","0","0","0","0","2220","0","0","0","N","0","0","0","1","02220","0","","5.0","","9","N","N","","1","","0","0","0","","0","Y","","1","0","0","0","0","0","0","1","0","1","","","","N","","","","","","","","","",""
"2017030578","1258","1","0","0","0","0","0","0","0","0","4","0","","02","3","2017","3","40.45588","-79.977036","1254","11","0","0","0","0","0","1","0","0","1","0","0","0","","","0","","1","","40 27:21.169","4","0","79 58:37.329","0","0","0","0","2301","0","0","0","N","0","0","0","3","02301","0","","1.0","","1","N","N","","0","","0","0","1","","3","N","","2","0","1","0","0","0","0","2","0","2","","","","N","","","","","","","","","",""
"2017043723","1228","2","0","0","0","0","0","0","0","0","4","0","","02","4","2017","2","40.321391","-80.058132","1223","11","0","0","0","1","0","1","0","0","","0","0","0","","","1","","2","","40 19:17.006","","0","80 03:29.274","4","0","0","0","2407","0","0","0","","0","0","0","2","02407","1","","1.0","","1","N","N","","0","","0","0","0","","3","","","2","1","0","0","0","0","0","2","0","2","","","","N","","","","","","","","","",""
"2017022602","0118","1","0","0","0","0","0","0","0","0","7","0","35","02","2","2017","1","40.501434","-79.806276","0113","11","0","0","0","0","0","0","0","0","2","0","0","0","","","2","","0","","40 30:05.162","5","0","79 48:22.593","8","0","0","0","2113","0","0","0","N","0","0","0","2","02113","0","","1.0","","1","N","N","","0","","0","0","0","","3","Y","","1","2","0","0","0","2","0","2","0","1","","","N","Y","4","1","","","N","Y","","","Y",""
"2017031404","0852","1","0","0","0","0","0","0","0","0","1","0","","02","3","2017","4","40.445568","-79.989964","0837","11","0","0","0","0","1","0","0","0","2","0","0","0","","","0","","0","","40 26:44.044","4","2","79 59:23.872","0","0","0","0","2301","0","0","0","N","0","0","0","2","02301","0","","1.0","","1","N","N","","0","","0","0","1","","0","N","","2","0","0","0","0","0","0","2","0","2","","","","N","","","","","","","","","",""
"2017022683","0934","2","0","0","0","0","0","0","0","0","1","0","","02","2","2017","6","40.280979","-79.883629","0925","11","0","0","0","0","0","0","0","0","2","0","0","0","","","0","","0","","40 16:51.524","1","0","79 53:01.063","0","0","0","0","2440","0","0","0","N","0","0","0","3","02440","0","","1.0","","1","N","N","","0","","0","0","1","","0","Y","","3","0","0","0","0","0","0","2","0","3","","","","N","","","","","","","","","",""
"2017017759","2023","1","0","0","0","0","0","0","0","0","7","0","","02","2","2017","7","40.511125","-80.21369","2021","11","0","0","0","0","0","0","0","0","","0","0","0","","","0","","0","","40 30:40.049","","0","80 12:49.284","0","0","0","0","2213","0","0","0","","0","0","0","1","02213","0","","4.0","","1","N","N","","0","","0","0","0","","0","","","1","0","0","0","0","0","0","2","0","1","","","","N","","","","","","","","","",""
"2017026708","0558","2","0","0","0","0","0","0","0","0","4","0","","02","3","2017","6","40.339414","-79.967997","0555","11","0","0","0","0","0","0","1","0","1","0","0","0","","","0","","2","","40 20:21.892","6","0","79 58:04.788","0","0","0","0","2454","0","0","0","N","0","0","0","2","02454","0","","1.0","","9","N","N","","0","","0","0","0","","3","N","","2","0","1","0","0","0","0","2","0","2","","","","N","","","","","","","","","",""
"2017021142","2054","2","0","0","0","0","0","0","0","0","1","0","","02","2","2017","6","40.454694","-80.170667","2046","11","0","0","0","1","0","0","0","0","1","0","0","0","","","0","","0","","40 27:16.900","4","0","80 10:14.400","0","0","0","0","2115","0","0","0","","0","0","0","2","02115","0","","1.0","","1","N","N","","0","","0","0","0","","0","N","","2","0","0","0","0","0","0","2","0","2","","","","N","","","","","","","","","",""
"2017016263","0630","0","0","0","0","0","0","0","0","0","8","0","","02","2","2017","5","40.392989","-79.886007","0629","11","0","0","0","0","0","0","0","0","1","0","0","0","","","1","","0","","40 23:34.759","1","0","79 53:09.624","4","0","0","0","2473","1","0","0","N","1","0","0","3","02473","1","","2.0","","7","N","N","","0","","0","0","1","","0","N","","2","1","0","0","0","0","0","2","0","1","","","","N","","","","","","","","","",""