"CRN","ARRIVAL_TM","AUTOMOBILE_COUNT","BELTED_DEATH_COUNT","BELTED_SUSP_SERIOUS_INJ_COUNT","BICYCLE_COUNT","BICYCLE_DEATH_COUNT","BICYCLE_SUSP_SERIOUS_INJ_COUNT","BUS_COUNT","CHLDPAS_DEATH_COUNT","CHLDPAS_SUSP_SERIOUS_INJ_COUNT","COLLISION_TYPE","COMM_VEH_COUNT","CONS_ZONE_SPD_LIM","COUNTY","CRASH_MONTH","CRASH_YEAR","DAY_OF_WEEK","DEC_LATITUDE","DEC_LONGITUDE","DISPATCH_TM","DISTRICT","DRIVER_COUNT_16YR","DRIVER_COUNT_17YR","DRIVER_COUNT_18YR","DRIVER_COUNT_19YR","DRIVER_COUNT_20YR","DRIVER_COUNT_50_64YR","DRIVER_COUNT_65_74YR","DRIVER_COUNT_75PLUS","EST_HRS_CLOSED","FATAL_COUNT","HEAVY_TRUCK_COUNT","HORSE_BUGGY_COUNT","HOUR_OF_DAY","ILLUMINATION","INJURY_COUNT","INTERSECTION_RELATED","INTERSECT_TYPE","LANE_CLOSED","LATITUDE","LN_CLOSE_DIR","LOCATION_TYPE","LONGITUDE","MAX_SEVERITY_LEVEL","MCYCLE_DEATH_COUNT","MCYCLE_SUSP_SERIOUS_INJ_COUNT","MOTORCYCLE_COUNT","MUNICIPALITY","NONMOTR_COUNT","NONMOTR_DEATH_COUNT","NONMOTR_SUSP_SERIOUS_INJ_COUNT","NTFY_HIWY_MAINT","PED_COUNT","PED_DEATH_COUNT","PED_SUSP_SERIOUS_INJ_COUNT","PERSON_COUNT","POLICE_AGCY","POSSIBLE_INJ_COUNT","RDWY_SURF_TYPE_CD","RELATION_TO_ROAD","ROADWAY_CLEARED","ROAD_CONDITION","SCH_BUS_IND","SCH_ZONE_IND","SECONDARY_CRASH","SMALL_TRUCK_COUNT","SPEC_JURIS_CD","SUSP_MINOR_INJ_COUNT","SUSP_SERIOUS_INJ_COUNT","SUV_COUNT","TCD_FUNC_CD","TCD_TYPE","TFC_DETOUR_IND","TIME_OF_DAY","TOTAL_UNITS","TOT_INJ_COUNT","UNBELTED_OCC_COUNT","UNB_DEATH_COUNT","UNB_SUSP_SERIOUS_INJ_COUNT","UNK_INJ_DEG_COUNT","UNK_INJ_PER_COUNT","URBAN_RURAL","VAN_COUNT","VEHICLE_COUNT","WEATHER1","WEATHER2","WORKERS_PRES","WORK_ZONE_IND","WORK_ZONE_LOC","WORK_ZONE_TYPE","WZ_CLOSE_DETOUR","WZ_FLAGGER","WZ_LAW_OFFCR_IND","WZ_LN_CLOSURE","WZ_MOVING","WZ_OTHER","WZ_SHLDER_MDN","WZ_WORKERS_INJ_KILLED"
"2017019668","1330","0","0","0","0","0","0","0","0","0","1","0","","02","2","2017","4","40.532365","-80.188549","1328","11","0","0","0","0","0","0","0","0","2","0","0","0","","","0","","0","","40 31:56.515","2","3","80 11:18.777","0","0","0","0","2213","0","0","0","","0","0","0","3","02213","0","","1.0","","1","N","N","","0","","0","0","2","","2","N","","2","0","0","0","0","0","0","2","0","2","","","","N","","","","","","","","","",""
"2017019669","1555","1","0","0","0","0","0","0","0","0","7","0","","02","2","2017","4","40.523084","-80.177503","1542","11","0","0","0","0","0","0","1","0","","0","0","0","","","0","","1","","40 31:23.102","","0","80 10:39.011","0","0","0","0","2213","0","0","0","","0","0","0","2","02213","0","","4.0","","1","N","N","","0","","0","0","0","","0","","","1","0","0","0","0","0","0","2","0","1","","","","N","","","","","","","","","",""
"2017016048","1530","0","0","0","0","0","0","0","0","0","4","0","","02","2","2017","3","40.374167","-79.912472","1510","11","0","1","0","0","0","0","0","0","","0","0","0","","","0","","2","","40 22:27.000","","0","79 54:44.900","0","0","0","0","2473","0","0","0","N","0","0","0","2","02501","0","","1.0","","1","N","N","","0","","0","0","1","","3","","","2","0","0","0","0","0","0","2","1","2","","","","N","","","","","","","","","",""
"2017016699","0249","0","0","0","0","0","0","0","0","0","4","0","","02","2","2017","7","40.45419","-79.948702","0240","11","0","0","0","0","0","0","0","0","","0","0","0","","","0","","0","","40 27:15.085","","0","79 56:55.327","0","0","0","0","2301","0","0","0","N","0","0","0","3","02301","0","","1.0","","9","N","N","","0","","0","0","3","","0","","","3","0","1","0","0","0","0","2","0","3","","","","N","","","","","","","","","",""
"2017033005","1401","0","0","0","0","0","0","0","0","0","1","0","","02","3","2017","3","40.428758","-79.999514","1340","11","0","0","0","0","0","0","0","0","","0","0","0","","","0","","0","","40 25:43.529","","4","79 59:58.250","0","0","0","0","2301","0","0","0","N","0","0","0","3","02301","0","","1.0","","1","N","N","","0","","0","0","0","","2","","","2","0","0","0","0","0","0","2","2","2","","","","N","","","","","","","","","",""
"2017020072","0112","1","0","0","0","0","0","0","0","0","7","0","","02","2","2017","1","40.57531","-80.157696","0053","11","0","0","0","0","0","0","0","0","2","0","0","0","","","1","","0","","40 34:31.116","4","0","80 09:27.707","8","0","0","0","2459","0","0","0","N","0","0","0","1","02459","0","","2.0","","1","N","N","","0","","0","0","0","","0","N","","1","1","0","0","0","1","0","1","0","1","","","","N","","","","","","","","","",""
"2017017261","2035","2","0","0","0","0","0","0","0","0","4","0","","02","2","2017","1","40.419701","-80.015139","2029","11","0","0","0","0","0","0","0","1","1","0","0","0","","","0","","0","","40 25:10.924","1","0","80 00:54.499","0","0","0","0","2301","0","0","0","N","0","0","0","5","02301","0","","1.0","","9","Y","N","","0","","0","0","1","","0","N","","3","0","0","0","0","0","0","2","0","3","","","","N","","","","","","","","","",""
"2017027893","1158","1","0","0","0","0","0","0","0","0","4","0","","02","3","2017","2","40.346671","-80.031773","1151","11","0","0","0","0","0","0","1","0","","0","0","0","","","3","","1","","40 20:48.015","","0","80 01:54.382","3","0","0","0","2407","0","0","0","","0","0","0","4","02407","0","","1.0","","1","N","N","","0","","3","0","1","","3","","","2","3","0","0","0","0","0","2","0","2","","","","N","","","","","","","","","",""
"2017035398","1942","1","0","0","0","0","0","0","0","0","7","0","","02","3","2017","6","40.442634","-79.809823","1942","11","0","0","0","0","0","0","0","0","","0","0","0","","","0","","0","","40 26:33.482","","0","79 48:35.364","0","0","0","0","2113","0","0","0","","0","0","0","5","68B03","0","","2.0","","7","N","N","","0","","0","0","0","","0","","","1","0","0","0","0","0","0","2","0","1","","","","N","","","","","","","","","",""
"2017016493","1437","1","0","0","0","0","0","0","0","0","2","0","","02","2","2017","6","40.452823","-79.980008","1429","11","0","0","0","0","0","0","1","1","1","0","0","0","","","0","","2","","40 27:10.162","3","0","79 58:48.028","0","0","0","0","2301","0","0","0","N","0","0","0","2","02301","0","","1.0","","9","N","N","","0","","0","0","1","","3","N","","2","0","0","0","0","0","0","2","0","2","","","","N","","","","","","","","","",""
"2017045252","0802","2","0","0","0","0","0","0","0","0","4","0","","02","5","2017","3","40.355326","-80.050192","0757","11","0","0","0","0","0","1","0","0","","0","0","0","","","0","","2","","40 21:19.172","","0","80 03:00.691","0","0","0","0","2109","0","0","0","","0","0","0","2","02109","0","","1.0","","1","N","N","","0","","0","0","0","","0","","","2","0","0","0","0","0","0","2","0","2","","","","N","","","","","","","","","",""
"2017024090","1453","1","0","0","0","0","0","0","0","0","4","0","","02","3","2017","7","40.452821","-79.825989","1452","11","0","0","1","0","0","0","0","0","","0","0","0","","","0","","2","","40 27:10.157","","0","79 49:33.562","0","0","0","0","2113","0","0","0","N","0","0","0","2","02113","0","","1.0","","1","N","N","","0","","0","0","1","","0","","","2","0","0","0","0","0","0","2","0","2","","","","N","","","","","","","","","",""
"2017021996","1615","1","0","0","0","0","0","0","0","0","5","0","","02","2","2017","6","40.478349","-79.955681","1605","11","0","0","0","0","0","0","0","0","1","0","0","0","","","0","","10","","40 28:42.055","2","0","79 57:20.452","0","0","0","0","2301","0","0","0","N","0","0","0","4","02301","0","","1.0","","1","N","N","","0","","0","0","1","","0","Y","","2","0","0","0","0","0","0","2","0","2","","","","N","","","","","","","","","",""
"2017020081","1952","1","0","0","0","0","0","0","0","0","1","0","","02","2","2017","7","40.393828","-79.766431","1950","11","0","0","0","0","0","2","0","0","","0","0","0","","","0","","0","","40 23:37.782","","0","79 45:59.151","0","0","0","0","2446","0","0","0","N","0","0","0","2","02446","0","","1.0","","1","N","N","","1","","0","0","0","","0","","","2","0","0","0","0","0","0","2","0","2","","","","N","","","","","","","","","",""
"2017032051","0813","2","0","0","0","0","0","0","0","0","4","0","","02","3","2017","7","40.441592","-80.021138","0802","11","0","0","0","0","0","0","0","0","","0","0","0","","","0","","0","","40 26:29.730","","0","80 01:16.096","0","0","0","0","2301","0","0","0","N","0","0","0","2","02301","0","","1.0","","1","N","N","","0","","0","0","0","","2","","","2","0","0","0","0","0","0","2","0","2","","","","N","","","","","","","","","",""
"2017043444","1110","1","0","0","0","0","0","0","0","0","1","1","","02","4","2017","5","40.35634","-80.118969","1110","11","0","0","0","0","0","0","0","0","","0","1","0","","","1","","2","","40 21:22.825","","2","80 07:08.290","8","0","0","0","2119","0","0","0","N","0","0","0","2","02119","0","","1.0","","1","N","N","","0","","0","0","0","","0","","","2","1","0","0","0","1","0","2","0","2","","","","N","","","","","","","","","",""
"2017021277","1957","2","0","0","0","0","0","0","0","0","1","0","","02","2","2017","4","40.490681","-80.33229","1952","11","0","0","0","1","0","0","0","0","","0","0","0","","","1","","0","","40 29:26.450","","0","80 19:56.244","4","0","0","0","2203","0","0","0","N","0","0","0","4","02203","1","","1.0","","1","N","N","","0","","0","0","0","","0","","","2","1","0","0","0","0","0","1","0","2","","","","N","","","","","","","","","",""
"2017036559","1353","1","0","0","0","0","0","0","0","0","1","0","","02","3","2017","3","40.376819","-80.066875","1349","11","0","0","0","0","0","0","0","1","","0","0","0","","","0","","0","","40 22:36.550","","0","80 04:00.750","0","0","0","0","2109","0","0","0","","0","0","0","3","02109","0","","1.0","","1","N","N","","0","","0","0","1","","0","","","2","0","0","0","0","0","0","2","0","2","","","","N","","","","","","","","","",""
"2017019464","1040","2","0","0","0","0","0","0","0","0","1","0","","02","2","2017","5","40.425991","-79.898923","1030","11","0","0","0","0","0","0","1","0","","0","0","0","","","1","","0","","40 25:33.569","","0","79 53:56.122","8","0","0","0","2301","0","0","0","","0","0","0","3","68B03","0","","1.0","","1","N","N","","1","","0","0","0","","0","","","3","1","0","0","0","1","0","2","0","3","","","","N","","","","","","","","","",""
"2017034559","0625","1","0","0","0","0","0","0","0","0","1","0","","02","3","2017","2","40.491847","-79.950633","0625","11","0","0","0","0","0","1","0","0","","0","0","0","","","2","","6","","40 29:30.648","","0","79 57:02.279","4","0","0","0","2430","0","0","0","","0","0","0","2","02430","2","","1.0","","1","N","N","","0","","0","0","1","","0","","","2","2","0","0","0","0","0","2","0","2","","","","N","","","","","","","","","",""
"2017030991","0930","1","0","0","0","0","0","0","0","0","1","0","","02","3","2017","4","40.45407","-79.951642","0925","11","0","0","0","0","0","0","0","0","","0","0","0","","","2","","0","","40 27:14.652","","0","79 57:05.911","4","0","0","0","2301","0","0","0","N","0","0","0","2","02301","2","","1.0","","1","N","N","","1","","0","0","0","","0","","","2","2","0","0","0","0","0","2","0","2","","","","N","","","","","","","","","",""
"2017035167","1430","1","0","0","0","0","0","0","0","0","4","0","","02","3","2017","3","40.379405","-79.807027","1422","11","0","0","0","0","0","0","0","0","1","0","0","0","","","1","","1","","40 22:45.859","4","0","79 48:25.296","3","0","0","0","2424","0","0","0","N","0","0","0","2","02424","0","","1.0","","9","N","N","","0","","1","0","1","","3","N","","2","1","0","0","0","0","0","2","0","2","","","","N","","","","","","","","","",""
"2017035431","2037","0","0","0","0","0","0","0","0","0","7","0","","02","3","2017","1","40.426654","-79.917664","2033","11","0","0","0","0","0","0","0","0","1","0","0","0","","","0","","0","","40 25:35.955","3","4","79 55:03.591","9","0","0","0","2301","0","0","0","","0","0","0","1","68B03","0","","4.0","","9","N","N","","0","","0","0","1","","0","N","","1","0","0","0","0","0","1","2","0","1","","","","N","","","","","","","","","",""
"2017043912","2225","2","0","0","0","0","0","0","0","0","5","0","50","02","3","2017","3","40.439611","-80.009688","2219","11","0","0","0","0","0","0","0","0","1","0","0","0","","","0","","3","","40 26:22.601","4","3","80 00:34.876","0","0","0","0","2301","0","0","0","","0","0","0","3","68B03","0","","1.0","","7","N","N","","0","","0","0","1","","0","N","","3","0","0","0","0","0","0","2","0","3","","","Y","Y","4","2","N","N","N","Y","N","N","N",""
"2017021114","1259","3","0","0","0","0","0","0","0","0","1","0","","02","2","2017","4","40.421818","-79.927618","1252","11","0","0","0","0","0","0","0","0","2","0","0","0","","","2","","0","","40 25:18.544","5","0","79 55:39.424","4","0","0","0","2301","0","0","0","N","0","0","0","3","02301","2","","6.0","","1","N","N","","0","","0","0","0","","0","N","","3","2","0","0","0","0","0","2","0","3","","","","N","","","","","","","","","",""
"2017028135","1929","1","0","0","0","0","0","0","0","0","2","0","","02","3","2017","3","40.438034","-79.913079","1923","11","0","0","0","0","0","1","0","0","1","0","0","0","","","2","","1","","40 26:16.922","3","0","79 54:47.084","4","0","0","0","2301","0","0","0","N","0","0","0","3","02301","2","","1.0","","9","N","N","","1","","0","0","0","","2","N","","2","2","0","0","0","0","0","2","0","2","","","","N","","","","","","","","","",""
"2017023503","1303","2","0","0","0","0","0","0","0","0","4","0","","02","3","2017","4","40.459208","-79.931042","1254","11","0","0","0","0","0","1","0","0","","0","0","0","","","0","","2","","40 27:33.148","","0","79 55:51.750","0","0","0","0","2301","0","0","0","N","0","0","0","3","02301","0","","1.0","","9","N","N","","0","","0","0","0","","0","","","2","0","0","0","0","0","0","2","0","2","","","","N","","","","","","","","","",""
"2017028643","0658","0","0","0","0","0","0","0","0","0","4","0","","02","3","2017","5","40.456551","-79.823081","0656","11","0","0","0","0","0","1","0","1","2","0","0","0","","","0","","2","","40 27:23.584","7","0","79 49:23.091","0","0","0","0","2113","0","0","0","N","0","0","0","3","02113","0","","1.0","","1","N","N","","0","","0","0","2","","0","Y","","2","0","0","0","0","0","0","2","0","2","","","","N","","","","","","","","","",""
"2017025711","1715","1","0","0","0","0","0","0","0","0","1","0","","02","3","2017","5","40.429622","-79.7151","1710","11","0","0","0","0","0","1","0","0","1","0","0","0","","","0","","0","","40 25:46.640","3","0","79 42:54.360","0","0","0","0","2446","0","0","0","N","0","0","0","2","02446","0","","1.0","","1","N","N","","0","","0","0","1","","0","N","","2","0","0","0","0","0","0","2","0","2","","","","N","","","","","","","","","",""
"2017031626","1708","1","0","0","0","0","0","0","0","0","1","0","","02","3","2017","5","40.331317","-80.052747","1659","11","0","0","0","0","0","1","0","0","1","0","0","0","","","1","","0","","40 19:52.742","3","0","80 03:09.888","8","0","0","0","2407","0","0","0","","0","0","0","2","02407","0","","1.0","","1","N","N","","0","","0","0","1","","0","N","","2","1","0","0","0","1","0","2","0","2","","","","N","","","","","","","","","",""
"2017033729","0712","1","0","0","0","0","0","0","0","0","99","0","","02","3","2017","4","40.463311","-79.914877","0702","11","0","0","0","0","0","2","0","0","","0","0","0","","","1","","1","","40 27:47.919","","0","79 54:53.557","3","0","0","0","2301","0","0","0","N","0","0","0","2","02301","0","","1.0","","1","N","N","","0","","1","0","1","","3","","","2","1","0","0","0","0","0","2","0","2","","","","N","","","","","","","","","",""
"2017020525","2009","1","0","0","0","0","0","0","0","0","0","0","","02","2","2017","2","40.451641","-79.835651","2007","11","0","0","0","0","0","0","0","0","2","0","0","0","","","0","","2","","40 27:05.907","7","0","79 50:08.343","0","0","0","0","2113","0","0","0","N","0","0","0","1","02113","0","","1.0","","1","N","N","","0","","0","0","0","","0","Y","","1","0","1","0","0","0","0","2","0","1","","","","N","","","","","","","","","",""
"2017021898","1620","2","0","0","0","0","0","0","0","0","1","0","","02","2","2017","4","40.44238","-80.031076","1620","11","0","0","0","0","0","0","1","0","","0","0","0","","","0","","0","","40 26:32.567","","0","80 01:51.875","0","0","0","0","2115","0","0","0","","0","0","0","3","02115","0","","1.0","","1","N","N","","1","","0","0","0","","0","","","3","0","0","0","0","0","0","2","0","3","","","","N","","","","","","","","","",""
"2017026968","1611","1","0","0","0","0","0","0","0","0","1","0","","02","3","2017","7","40.464805","-79.979738","1605","11","0","0","0","0","0","1","0","0","","0","0","0","","","0","","0","","40 27:53.299","","0","79 58:47.055","0","0","0","0","2301","0","0","0","N","0","0","0","3","02301","0","","1.0","","1","N","N","","0","","0","0","1","","0","","","2","0","0","0","0","0","0","2","0","2","","","","N","","","","","","","","","",""
"2017023601","0108","1","0","0","0","0","0","0","0","0","7","0","","02","2","2017","1","40.432028","-80.144889","0104","11","0","0","0","0","0","0","0","0","2","0","0","0","","","1","","10","","40 25:55.300","1","0","80 08:41.600","3","0","0","0","2102","0","0","0","N","0","0","0","1","02501","0","","2.0","","1","N","N","","0","","1","0","0","","0","N","","1","1","0","0","0","0","0","2","0","1","","","","N","","","","","","","","","",""
"2017020985","0305","1","0","0","0","0","0","0","0","0","4","0","","02","2","2017","1","40.425951","-79.897779","0249","11","0","0","0","0","0","0","0","0","1","0","0","0","","","0","","0","","40 25:33.424","3","0","79 53:52.004","0","0","0","0","2463","0","0","0","","0","0","0","1","68B03","0","","1.0","","1","N","N","","0","","0","0","1","","0","Y","","2","0","0","0","0","0","0","2","0","2","","","","N","","","","","","","","","",""
"2017021185","1605","0","0","0","0","0","0","0","0","0","5","0","","02","2","2017","4","40.390313","-79.76602","1600","11","0","0","0","0","0","0","0","0","","0","0","0","","","1","","0","","40 23:25.126","","0","79 45:57.672","4","0","0","0","2446","0","0","0","N","0","0","0","4","02446","1","","1.0","","1","N","N","","2","","0","0","0","","0","","","2","1","0","0","0","0","0","2","0","2","","","","N","","","","","","","","","",""
"2017016937","1824","0","0","0","0","0","0","0","0","0","8","0","","02","2","2017","7","40.441925","-79.956445","1832","11","0","0","0","0","0","1","0","0","1","0","0","0","","","1","","1","","40 26:30.929","3","0","79 57:23.203","3","0","0","0","2301","1","0","0","N","1","0","0","3","02506","0","","1.0","","1","N","N","","0","","1","0","1","","2","N","","2","1","0","0","0","0","0","2","0","1","","","","N","","","","","","","","","",""
"2017032310","1324","3","0","0","0","0","0","0","0","0","5","0","","02","3","2017","7","40.392892","-79.986527","1319","11","0","0","0","0","0","0","0","1","1","0","0","0","","","0","","0","","40 23:34.411","1","0","79 59:11.497","0","0","0","0","2301","0","0","0","N","0","0","0","1","02301","0","","6.0","","1","N","N","","0","","0","0","0","","0","N","","3","0","0","0","0","0","0","2","0","3","","","","N","","","","","","","","","",""
"2017032436","2358","2","0","0","0","0","0","0","0","0","1","0","","02","3","2017","6","40.405565","-79.88572","2354","11","0","0","0","0","0","0","0","1","","0","0","0","","","0","","0","","40 24:20.035","","0","79 53:08.591","0","0","0","0","2475","0","0","0","N","0","0","0","3","02475","0","","1.0","","1","N","N","","1","","0","0","0","","8","","","3","0","2","0","0","0","0","2","0","3","","","","N","","","","","","","","","",""
"2017044806","0224","1","0","0","0","0","0","0","0","0","2","0","45","02","3","2017","5","40.432056","-80.023997","0221","11","0","0","0","0","0","0","0","0","2","0","0","0","","","1","","0","","40 25:55.401","4","4","80 01:26.390","3","0","0","0","2301","0","0","0","","0","0","0","5","68B03","0","","1.0","","9","N","N","","0","","1","0","0","","8","N","","2","1","0","0","0","0","0","2","1","2","","","Y","Y","4","2","N","N","N","Y","N","N","N",""
"2017024275","1751","1","0","0","0","0","0","0","0","0","4","0","","02","3","2017","1","40.370717","-79.851588","1750","11","0","0","0","0","0","2","0","0","","0","0","0","","","0","","1","","40 22:14.581","","0","79 51:05.716","0","0","0","0","2303","0","0","0","N","0","0","0","2","02303","0","","1.0","","1","N","N","","0","","0","0","1","","3","","","2","0","0","0","0","0","0","2","0","2","","","","N","","","","","","","","","",""
"2017019474","1540","2","0","0","0","0","0","0","0","0","3","0","","02","2","2017","5","40.367967","-80.056475","1540","11","0","0","1","0","0","1","0","0","1","0","0","0","","","0","","0","","40 22:04.680","4","7","80 03:23.310","0","0","0","0","2109","0","0","0","","0","0","0","2","02109","0","","1.0","","1","N","N","","0","","0","0","0","","0","N","","2","0","0","0","0","0","0","2","0","2","","","","N","","","","","","","","","",""
"2017016213","1821","2","0","0","0","0","0","0","0","0","1","0","","02","2","2017","5","40.478829","-80.04312","1816","11","0","0","0","0","0","0","0","0","1","0","0","0","","","0","","1","","40 28:43.784","2","0","80 02:35.231","0","0","0","0","2301","0","0","0","N","0","0","0","5","02301","0","","1.0","","2","N","N","","0","","0","0","1","","2","N","","3","0","0","0","0","0","0","2","0","3","","","","N","","","","","","","","","",""
"2017032085","1135","1","0","0","0","0","0","0","0","0","7","0","","02","3","2017","7","40.421474","-80.029627","1128","11","0","0","0","0","0","0","0","0","","0","0","0","","","0","","6","","40 25:17.305","","2","80 01:46.656","0","0","0","0","2301","0","0","0","","0","0","0","2","02301","0","","3.0","","1","","","","0","","0","0","0","","4","","","1","0","0","0","0","0","0","2","0","1","","","","N","","","","","","","","","",""
"2017028355","1607","1","0","0","0","0","0","0","0","0","8","0","","02","3","2017","4","40.484334","-80.035812","1559","11","0","0","0","0","0","1","0","0","1","0","0","0","","","1","","1","","40 29:03.602","2","0","80 02:08.923","8","0","0","0","2301","1","0","0","N","1","0","0","2","02301","0","","1.0","","1","N","N","","0","","0","0","1","","2","N","","3","1","0","0","0","1","0","2","0","2","","","","N","","","","","","","","","",""
"2017022330","2107","2","0","0","0","0","0","0","0","0","4","0","","02","2","2017","6","40.65884","-80.008193","2103","11","0","0","0","0","0","0","0","0","2","0","0","0","","","0","","0","","40 39:31.823","5","0","80 00:29.495","0","0","0","0","2216","0","0","0","N","0","0","0","5","02505","0","","1.0","","1","N","N","","0","","0","0","0","","0","N","","2","0","0","0","0","0","0","2","0","2","","","","N","","","","","","","","","",""
"2017024323","0227","2","0","0","0","0","0","0","0","0","6","0","","02","3","2017","1","40.484182","-79.945209","0219","11","0","0","0","0","0","0","0","0","2","0","0","0","","","0","","0","","40 29:03.056","6","0","79 56:42.751","0","0","0","0","2301","0","0","0","N","0","0","0","1","02301","0","","4.0","","1","N","N","","0","","0","0","1","","0","Y","","3","0","0","0","0","0","0","2","0","3","","","","N","","","","","","","","","",""
"2017016273","2334","0","0","0","0","0","0","0","0","0","7","0","","02","2","2017","5","40.419276","-79.969174","2325","11","0","0","0","0","0","0","0","0","1","0","0","0","","","0","","1","","40 25:09.393","5","0","79 58:09.026","0","0","0","0","2301","0","0","0","N","0","0","0","1","02301","0","","2.0","","2","N","N","","0","","0","0","1","","0","Y","","1","0","0","0","0","0","0","2","0","1","","","","N","","","","","","","","","",""
"2017023574","0220","1","0","0","0","0","0","0","0","0","1","0","","02","3","2017","4","40.407327","-79.890172","0214","11","0","0","0","0","1","0","0","0","1","0","0","0","","","0","","2","","40 24:26.378","3","0","79 53:24.619","0","0","0","0","2448","0","0","0","N","0","0","0","5","02448","0","","1.0","","1","N","N","","0","","0","0","1","","2","N","","2","0","0","0","0","0","0","2","0","2","","","","N","","","","","","","","","",""
"2017023967","1715","1","0","0","0","0","0","0","0","0","7","0","","02","3","2017","6","40.324589","-79.834554","1715","11","0","0","0","0","0","1","0","0","4","0","0","0","","","1","","0","","40 19:28.519","6","0","79 50:04.394","2","0","0","0","2304","0","0","0","N","0","0","0","1","02304","0","","5.0","","1","N","N","","0","","0","1","0","","0","Y","","1","1","0","0","0","0","0","2","0","1","","","","N","","","","","","","","","",""
"2017022260","1539","0","0","0","0","0","0","0","0","0","8","0","","02","2","2017","7","40.473481","-79.958279","1529","11","0","0","0","0","0","0","0","0","","0","0","0","","","1","","2","","40 28:24.532","","0","79 57:29.805","3","0","0","0","2301","1","0","0","N","1","0","0","2","02301","0","","1.0","","1","N","N","","1","","1","0","0","","0","","","2","1","0","0","0","0","0","2","0","1","","","","N","","","","","","","","","",""
"2017018712","2148","0","0","0","0","0","0","0","0","0","7","0","","02","2","2017","4","40.458763","-80.227076","2147","11","1","0","0","0","0","0","0","0","1","0","0","0","","","0","","0","","40 27:31.546","6","0","80 13:37.473","0","0","0","0","2203","0","0","0","N","0","0","0","1","02203","0","","5.0","","7","N","N","","0","","0","0","1","","0","N","","1","0","0","0","0","0","0","2","0","1","","","","N","","","","","","","","","",""
"2017019848","0805","1","0","0","0","0","0","0","0","0","6","0","","02","2","2017","7","40.568345","-79.8591","0759","11","0","0","0","0","0","0","0","0","1","0","0","0","","","0","","0","","40 34:06.042","3","0","79 51:32.761","0","0","0","0","2209","0","0","0","Y","0","0","0","2","02209","0","","1.0","","1","N","N","","0","","0","0","1","","0","N","","2","0","0","0","0","0","0","2","0","2","","","","N","","","","","","","","","",""
"2017016117","1616","2","0","0","0","0","0","0","0","0","4","0","","02","2","2017","5","40.4345","-79.989778","1614","11","0","0","0","0","0","1","1","0","","0","0","0","","","2","","1","","40 26:04.200","","0","79 59:23.200","3","0","0","0","2301","0","0","0","N","0","0","0","3","02301","0","","1.0","","7","N","N","","0","","2","0","1","","2","","","3","2","0","0","0","0","0","2","0","3","","","","N","","","","","","","","","",""
"2017027008","2343","1","0","0","0","0","0","0","0","0","1","0","","02","3","2017","7","40.430114","-79.999069","2340","11","0","0","0","0","0","0","0","0","1","0","0","0","","","0","","0","","40 25:48.412","4","0","79 59:56.650","0","0","0","0","2301","0","0","0","N","0","0","0","1","02301","0","","1.0","","1","N","N","","1","","0","0","0","","0","N","","2","0","0","0","0","0","0","2","0","2","","","","N","","","","","","","","","",""
"2017029953","1646","2","0","0","0","0","0","0","0","0","4","0","","02","3","2017","1","40.446944","-80.012083","1643","11","0","0","0","0","0","0","0","0","2","0","0","0","","","2","","1","","40 26:49.000","4","0","80 00:43.500","8","0","0","0","2301","0","0","0","N","0","0","0","4","02301","0","","1.0","","1","N","N","","0","","0","0","0","","3","N","","2","2","0","0","0","2","0","2","0","2","","","","N","","","","","","","","","",""
"2017015959","0841","1","0","0","0","0","0","0","0","0","7","0","","02","2","2017","5","40.477421","-79.799331","0833","11","0","0","0","0","0","1","0","0","","0","0","0","","","0","","0","","40 28:38.715","","0","79 47:57.590","0","0","0","0","2113","0","0","0","N","0","0","0","2","02113","0","","5.0","","9","N","N","","0","","0","0","0","","0","","","1","0","0","0","0","0","0","2","0","1","","","","N","","","","","","","","","",""
"2017047885","1159","2","0","0","0","0","0","0","0","0","4","0","","02","5","2017","4","40.406379","-79.826847","1122","11","0","0","0","0","0","0","1","1","2","0","0","0","","","0","","1","","40 24:22.965","4","0","79 49:36.649","0","0","0","0","2467","0","0","0","N","0","0","0","4","02467","0","","1.0","","1","N","N","","0","","0","0","1","","2","N","","3","0","0","0","0","0","0","2","0","3","","","","N","","","","","","","","","",""
"2017032587","0816","1","0","0","0","0","0","0","0","0","1","0","","02","3","2017","5","40.591639","-79.950639","0812","11","0","0","0","0","0","0","0","1","","0","0","0","","","0","","0","","40 35:29.900","","0","79 57:02.300","0","0","0","0","2207","0","0","0","N","0","0","0","2","02207","0","","1.0","","1","N","N","","0","","0","0","1","","0","","","2","0","0","0","0","0","0","2","0","2","","","","N","","","","","","","","","",""
"2017040255","1941","1","0","0","0","0","0","0","0","0","1","0","","02","2","2017","2","40.41736","-80.056283","1926","11","0","0","0","0","0","0","0","0","3","0","0","0","","","1","","0","","40 25:02.496","3","0","80 03:22.618","8","0","0","0","2435","0","0","0","","0","0","0","2","68B03","0","","1.0","","1","N","N","","0","","0","0","1","","0","N","","2","1","0","0","0","1","1","2","0","2","","","","N","","","","","","","","","",""
"2017021016","0551","0","0","0","0","0","0","0","0","0","7","0","","02","2","2017","7","40.439286","-80.008496","0537","11","0","0","0","0","0","0","0","0","2","0","0","0","","","2","","0","","40 26:21.429","3","8","80 00:30.585","3","0","0","0","2301","0","0","0","","0","0","0","2","68B03","0","","3.0","","1","N","N","","0","","2","0","1","","0","N","","1","2","1","0","0","0","0","2","0","1","","","","N","","","","","","","","","",""