"CRN","ARRIVAL_TM","AUTOMOBILE_COUNT","BELTED_DEATH_COUNT","BELTED_SUSP_SERIOUS_INJ_COUNT","BICYCLE_COUNT","BICYCLE_DEATH_COUNT","BICYCLE_SUSP_SERIOUS_INJ_COUNT","BUS_COUNT","CHLDPAS_DEATH_COUNT","CHLDPAS_SUSP_SERIOUS_INJ_COUNT","COLLISION_TYPE","COMM_VEH_COUNT","CONS_ZONE_SPD_LIM","COUNTY","CRASH_MONTH","CRASH_YEAR","DAY_OF_WEEK","DEC_LATITUDE","DEC_LONGITUDE","DISPATCH_TM","DISTRICT","DRIVER_COUNT_16YR","DRIVER_COUNT_17YR","DRIVER_COUNT_18YR","DRIVER_COUNT_19YR","DRIVER_COUNT_20YR","DRIVER_COUNT_50_64YR","DRIVER_COUNT_65_74YR","DRIVER_COUNT_75PLUS","EST_HRS_CLOSED","FATAL_COUNT","HEAVY_TRUCK_COUNT","HORSE_BUGGY_COUNT","HOUR_OF_DAY","ILLUMINATION","INJURY_COUNT","INTERSECTION_RELATED","INTERSECT_TYPE","LANE_CLOSED","LATITUDE","LN_CLOSE_DIR","LOCATION_TYPE","LONGITUDE","MAX_SEVERITY_LEVEL","MCYCLE_DEATH_COUNT","MCYCLE_SUSP_SERIOUS_INJ_COUNT","MOTORCYCLE_COUNT","MUNICIPALITY","NONMOTR_COUNT","NONMOTR_DEATH_COUNT","NONMOTR_SUSP_SERIOUS_INJ_COUNT","NTFY_HIWY_MAINT","PED_COUNT","PED_DEATH_COUNT","PED_SUSP_SERIOUS_INJ_COUNT","PERSON_COUNT","POLICE_AGCY","POSSIBLE_INJ_COUNT","RDWY_SURF_TYPE_CD","RELATION_TO_ROAD","ROADWAY_CLEARED","ROAD_CONDITION","SCH_BUS_IND","SCH_ZONE_IND","SECONDARY_CRASH","SMALL_TRUCK_COUNT","SPEC_JURIS_CD","SUSP_MINOR_INJ_COUNT","SUSP_SERIOUS_INJ_COUNT","SUV_COUNT","TCD_FUNC_CD","TCD_TYPE","TFC_DETOUR_IND","TIME_OF_DAY","TOTAL_UNITS","TOT_INJ_COUNT","UNBELTED_OCC_COUNT","UNB_DEATH_COUNT","UNB_SUSP_SERIOUS_INJ_COUNT","UNK_INJ_DEG_COUNT","UNK_INJ_PER_COUNT","URBAN_RURAL","VAN_COUNT","VEHICLE_COUNT","WEATHER1","WEATHER2","WORKERS_PRES","WORK_ZONE_IND","WORK_ZONE_LOC","WORK_ZONE_TYPE","WZ_CLOSE_DETOUR","WZ_FLAGGER","WZ_LAW_OFFCR_IND","WZ_LN_CLOSURE","WZ_MOVING","WZ_OTHER","WZ_SHLDER_MDN","WZ_WORKERS_INJ_KILLED"
"2017025943","1552","1","0","0","0","0","0","0","0","0","1","0","","02","3","2017","4","40.452554","-79.954265","1550","11","0","0","0","0","0","1","0","0","","0","0","0","","","1","","0","","40 27:09.194","","0","79 57:15.354","8","0","0","0","2301","0","0","0","N","0","0","0","3","02301","0","","1.0","","1","N","N","","0","","0","0","1","","0","","","2","1","0","0","0","1","0","2","0","2","","","","N","","","","","","","","","",""
"2017030145","1023","1","0","0","0","0","0","0","0","0","8","0","","02","3","2017","2","40.448781","-79.910103","1015","11","0","0","0","0","0","1","0","0","1","0","0","0","","","1","","1","","40 26:55.610","2","0","79 54:36.372","8","0","0","0","2301","1","0","0","N","1","0","0","2","02301","0","","1.0","","1","N","N","","0","","0","0","0","","2","Y","","2","1","0","0","0","1","0","2","0","1","","","","N","","","","","","","","","",""
"2017022588","0638","2","0","0","0","0","0","0","0","0","4","0","","02","2","2017","6","40.537398","-80.186064","0636","11","0","0","0","0","0","1","0","1","1","0","0","0","","","0","","1","","40 32:14.634","1","0","80 11:09.830","0","0","0","0","2458","0","0","0","N","0","0","0","2","02458","0","","1.0","","1","N","N","","0","","0","0","0","","2","N","","2","0","0","0","0","0","0","2","0","2","","","","N","","","","","","","","","",""
"2017028684","0850","3","0","0","0","0","0","0","0","0","1","0","","02","3","2017","5","40.447995","-80.01784","0845","11","0","0","0","0","0","1","0","0","","0","0","0","","","3","","1","","40 26:52.781","","0","80 01:04.225","8","0","0","0","2301","0","0","0","N","0","0","0","4","02301","0","","1.0","","1","N","N","","0","","0","0","0","","2","","","4","3","0","0","0","3","0","2","1","4","","","","N","","","","","","","","","",""
"2017039551","1653","1","0","0","0","0","0","0","0","0","99","0","","02","4","2017","6","40.649413","-80.037766","1641","11","0","0","0","0","0","0","1","0","","0","0","0","","","0","","0","","40 38:57.887","","0","80 02:15.959","0","0","0","0","2216","0","0","0","","0","0","0","1","68T02","0","","1.0","","1","N","N","","0","","0","0","0","","0","","","1","0","0","0","0","0","0","2","0","1","","","","N","","","","","","","","","",""
"2017022393","1414","1","0","0","0","0","0","0","0","0","1","0","","02","2","2017","2","40.376687","-79.827666","1412","11","0","0","0","0","0","0","0","0","","0","0","0","","","0","","2","","40 22:36.074","","0","79 49:39.599","0","0","0","0","2111","0","0","0","N","0","0","0","3","02111","0","","1.0","","1","N","N","","0","","0","0","1","","0","","","2","0","0","0","0","0","0","2","0","2","","","","N","","","","","","","","","",""
"2017027848","0732","1","0","0","0","0","0","0","0","0","8","0","","02","3","2017","3","40.381306","-79.976111","0715","11","0","0","0","0","0","0","0","0","","0","0","0","","","1","","2","","40 22:52.700","","0","79 58:34.000","8","0","0","0","2301","1","0","0","N","1","0","0","2","02301","0","","1.0","","1","N","N","","0","","0","0","0","","3","","","2","1","1","0","0","1","0","2","0","1","","","","N","","","","","","","","","",""
"2017027453","1315","1","0","0","0","0","0","0","0","0","4","0","","02","3","2017","5","40.452471","-79.891375","1306","11","0","0","0","0","0","1","0","0","","0","0","0","","","2","","0","","40 27:08.894","","0","79 53:28.951","3","0","0","0","2301","0","0","0","N","0","0","0","4","02301","1","","1.0","","1","N","N","","0","","1","0","1","","0","","","3","2","0","0","0","0","0","2","0","2","","","","N","","","","","","","","","",""
"2017015689","2014","2","0","0","0","0","0","0","0","0","4","0","","02","2","2017","2","40.367269","-80.033206","2009","11","0","0","0","0","0","0","0","0","","0","0","0","","","0","","0","","40 22:02.170","","0","80 01:59.540","0","0","0","0","2416","0","0","0","","0","0","0","0","02416","0","","4.0","","1","N","N","","0","","0","0","0","","0","","","3","0","0","0","0","0","0","2","0","2","","","","N","","","","","","","","","",""
"2017020384","1535","2","0","0","0","0","0","0","0","0","4","0","","02","2","2017","2","40.456468","-79.896669","1520","11","0","0","0","0","0","0","0","0","2","0","0","0","","","1","","1","","40 27:23.285","1","0","79 53:48.009","8","0","0","0","2301","0","0","0","N","0","0","0","3","02301","0","","1.0","","1","N","N","","0","","0","0","0","","2","Y","","2","1","0","0","0","1","0","2","0","2","","","","N","","","","","","","","","",""
"2017016944","2033","1","0","0","0","0","0","0","0","0","8","0","","02","2","2017","7","40.48111","-80.032862","2027","11","0","0","0","0","0","0","0","0","1","0","0","0","","","1","","2","","40 28:51.996","1","0","80 01:58.303","8","0","0","0","2301","1","0","0","N","1","0","0","3","02301","0","","1.0","","1","N","N","","0","","0","0","0","","0","N","","2","1","0","0","0","1","0","2","0","1","","","","N","","","","","","","","","",""
"2017015451","2251","1","0","0","0","0","0","0","0","0","7","0","","02","2","2017","3","40.454465","-80.028776","2249","11","0","0","0","0","0","0","0","0","","0","0","0","","","0","","1","","40 27:16.075","","0","80 01:43.595","0","0","0","0","2301","0","0","0","N","0","0","0","1","02301","0","","2.0","","9","N","N","","0","","0","0","0","","2","","","1","0","0","0","0","0","0","2","0","1","","","","N","","","","","","","","","",""
"2017015014","1531","1","0","0","0","0","0","0","0","0","1","0","","02","2","2017","1","40.437145","-79.779698","1526","11","0","0","0","0","1","1","0","0","2","0","0","0","","","0","","0","","40 26:13.723","3","0","79 46:46.914","0","0","0","0","2446","0","0","0","N","0","0","0","5","02446","0","","1.0","","1","N","N","","1","","0","0","0","","0","N","","2","0","0","0","0","0","0","2","0","2","","","","N","","","","","","","","","",""
"2017020653","1556","0","0","0","0","0","0","0","0","0","1","0","","02","2","2017","7","40.417825","-80.055317","1556","11","0","0","0","1","0","1","0","0","2","0","0","0","","","1","","0","","40 25:04.169","3","0","80 03:19.140","8","0","0","1","2435","0","0","0","","0","0","0","2","68B03","0","","1.0","","1","N","N","","0","","0","0","1","","0","N","","2","1","0","0","0","1","0","2","0","2","","","","N","","","","","","","","","",""
"2017016472","1230","1","0","0","0","0","0","0","0","0","2","0","","02","2","2017","6","40.342454","-80.118241","1150","11","0","0","0","0","0","2","0","0","","0","0","0","","","0","","2","","40 20:32.836","","0","80 07:05.669","0","0","0","0","2119","0","0","0","N","0","0","0","2","02119","0","","1.0","","1","N","N","","0","","0","0","1","","0","","","2","0","0","0","0","0","0","2","0","2","","","","N","","","","","","","","","",""
"2017039662","1423","1","0","0","0","0","0","0","0","0","4","1","","02","4","2017","2","40.26851","-79.952588","1414","11","1","0","0","0","0","1","0","0","2","0","1","0","","","0","","0","","40 16:06.635","2","0","79 57:09.317","0","0","0","0","2440","0","0","0","N","0","0","0","3","02440","0","","1.0","","1","N","N","","0","","0","0","0","","0","N","","2","0","0","0","0","0","0","1","0","2","","","","N","","","","","","","","","",""
"2017015847","2320","0","0","0","0","0","0","0","0","0","7","0","","02","2","2017","4","40.424696","-79.98476","2310","11","0","0","0","0","0","0","0","0","3","0","0","0","","","0","","0","","40 25:28.905","3","0","79 59:05.136","0","0","0","0","2301","0","0","0","N","0","0","0","2","02301","0","","4.0","","7","N","N","","0","","0","0","1","","0","Y","","1","0","0","0","0","0","0","2","0","1","","","","N","","","","","","","","","",""
"2017008925","0215","3","0","0","0","0","0","0","0","0","5","0","","02","1","2017","6","40.402461","-79.77873","0215","11","0","0","0","0","0","0","0","0","","0","0","0","","","0","","0","","40 24:08.859","","0","79 46:43.428","0","0","0","0","2453","0","0","0","N","0","0","0","1","02453","0","","6.0","","1","N","N","","0","","0","0","0","","0","","","3","0","0","0","0","0","0","2","0","3","","","","N","","","","","","","","","",""
"2017018288","1710","0","0","0","0","0","0","0","0","0","7","0","","02","2","2017","2","40.368459","-79.876168","1706","11","0","0","0","0","0","1","0","0","","0","0","0","","","0","","0","","40 22:06.452","","0","79 52:34.204","0","0","0","0","2473","0","0","0","N","0","0","0","1","02473","0","","2.0","","1","N","N","","0","","0","0","1","","0","","","1","0","0","0","0","0","0","2","0","1","","","","N","","","","","","","","","",""
"2017034191","1339","1","0","0","0","0","0","0","0","0","4","0","","02","3","2017","6","40.399748","-79.989027","1334","11","0","0","0","0","0","1","0","0","","0","0","0","","","0","","0","","40 23:59.092","","0","79 59:20.497","0","0","0","0","2301","0","0","0","N","0","0","0","2","02301","0","","1.0","","9","N","N","","0","","0","0","1","","0","","","2","0","0","0","0","0","0","2","0","2","","","","N","","","","","","","","","",""
"2017032164","1810","0","0","0","0","0","0","0","0","0","7","0","","02","3","2017","5","40.499772","-79.734716","1803","11","0","0","0","0","0","0","0","0","1","0","0","0","","","0","","0","","40 29:59.179","4","0","79 44:04.977","0","0","0","0","2466","0","0","0","N","0","0","0","1","02466","0","","5.0","","1","N","N","","1","","0","0","0","","0","Y","","1","0","0","0","0","0","0","2","0","1","","","","N","","","","","","","","","",""
"2017032815","1551","2","0","0","0","0","0","0","0","0","4","0","","02","3","2017","2","40.518089","-80.090881","1545","11","0","1","0","0","0","1","0","0","","0","0","0","","","0","","0","","40 31:05.120","","0","80 05:27.171","0","0","0","0","2211","0","0","0","N","0","0","0","2","02215","0","","1.0","","1","N","N","","0","","0","0","0","","0","","","2","0","0","0","0","0","0","2","0","2","","","","N","","","","","","","","","",""
"2017027119","0651","1","0","0","0","0","0","0","0","0","7","0","","02","3","2017","6","40.429226","-79.863714","0649","11","0","0","0","0","0","0","0","0","1","0","0","0","","","0","","0","","40 25:45.212","3","0","79 51:49.371","0","0","0","0","2431","0","0","0","N","0","0","0","1","02431","0","","3.0","","9","N","N","","0","","0","0","0","","2","N","","1","0","0","0","0","0","0","2","0","1","","","","N","","","","","","","","","",""
"2017026198","0840","0","0","0","0","0","0","0","0","0","1","0","","02","3","2017","5","40.454551","-79.953722","0820","11","0","0","0","0","0","0","0","0","2","0","0","0","","","0","","0","","40 27:16.382","2","0","79 57:13.400","0","0","0","0","2301","0","0","0","N","0","0","0","2","02301","0","","1.0","","1","N","N","","0","","0","0","2","","0","N","","2","0","0","0","0","0","0","2","0","2","","","","N","","","","","","","","","",""
"2017019472","0258","0","0","0","0","0","0","0","0","0","7","0","","02","2","2017","6","40.453556","-80.072194","0253","11","0","0","0","0","0","0","0","0","2","0","0","0","","","0","","0","","40 27:12.800","5","0","80 04:19.900","0","0","0","0","2301","0","0","0","N","0","0","0","1","02301","0","","5.0","","1","N","N","","1","","0","0","0","","0","N","","1","0","1","0","0","0","0","2","0","1","","","","N","","","","","","","","","",""
"2017031717","0716","2","0","0","0","0","0","0","0","0","1","0","","02","3","2017","6","40.437974","-79.992009","0711","11","0","0","0","0","0","1","0","0","","0","0","0","","","0","","2","","40 26:16.706","","4","79 59:31.234","0","0","0","0","2301","0","0","0","N","0","0","0","3","02301","0","","1.0","","9","N","N","","1","","0","0","0","","2","","","3","0","0","0","0","0","0","2","0","3","","","","N","","","","","","","","","",""
"2017031749","1520","1","0","0","0","0","0","0","0","0","1","0","","02","3","2017","4","40.291552","-79.833956","1515","11","0","0","0","0","0","1","1","0","1","0","0","0","","","2","","2","","40 17:29.587","7","0","79 50:02.241","8","0","0","0","2443","0","0","0","N","0","0","0","3","02443","0","","1.0","","1","N","N","","1","","0","0","0","","0","Y","","2","2","0","0","0","2","1","2","0","2","","","","N","","","","","","","","","",""
"2017030115","0930","1","0","0","0","0","0","0","0","0","8","0","","02","3","2017","2","40.462609","-79.95081","0930","11","0","0","0","0","0","0","0","0","1","0","0","0","","","1","","2","","40 27:45.391","2","0","79 57:02.916","8","0","0","0","2301","1","0","0","N","1","0","0","3","02301","0","","1.0","","1","N","N","","0","","0","0","0","","0","N","","2","1","1","0","0","1","0","2","0","1","","","","N","","","","","","","","","",""
"2017019228","0910","1","0","0","0","0","0","0","0","0","7","0","","02","2","2017","6","40.525075","-80.241611","0902","11","0","0","0","0","0","0","0","0","","0","0","0","","","0","","0","","40 31:30.270","","0","80 14:29.800","0","0","0","0","2213","0","0","0","","0","0","0","1","02213","0","","9.0","","6","N","N","","0","","0","0","0","","0","","","1","0","0","0","0","0","0","2","0","1","","","","N","","","","","","","","","",""
"2017015819","1542","1","0","0","0","0","0","0","0","0","4","0","","02","2","2017","4","40.309772","-79.914992","1538","11","0","0","0","0","0","0","0","0","1","0","0","0","","","1","","2","","40 18:35.179","5","0","79 54:53.971","8","0","0","0","2440","0","0","0","N","0","0","0","2","02440","0","","1.0","","1","N","N","","0","","0","0","1","","0","N","","2","1","0","0","0","1","0","2","0","2","","","","N","","","","","","","","","",""
"2017037730","1658","0","0","0","0","0","0","0","0","0","1","0","","02","3","2017","5","40.42482","-80.114232","1632","11","0","0","0","0","0","0","0","0","2","0","0","0","","","0","","0","","40 25:29.351","3","0","80 06:51.234","0","0","0","0","2115","0","0","0","","0","0","0","2","68B03","0","","1.0","","1","N","N","","2","","0","0","0","","0","N","","2","0","0","0","0","0","0","2","0","2","","","","N","","","","","","","","","",""
"2017026280","2008","0","0","0","0","0","0","0","0","0","2","0","","02","3","2017","4","40.477847","-79.736007","2006","11","0","0","0","0","0","0","1","0","","0","0","0","","","1","","1","","40 28:40.250","","0","79 44:09.624","3","0","0","0","2466","0","0","0","N","0","0","0","3","02466","0","","1.0","","1","N","N","","1","","1","0","1","","3","","","2","1","1","0","0","0","0","2","0","2","","","","N","","","","","","","","","",""
"2017045287","0807","1","0","0","0","0","0","0","0","0","4","0","","02","5","2017","4","40.538184","-79.832596","0806","11","0","0","0","0","0","0","0","0","1","0","0","0","","","1","","0","","40 32:17.464","5","0","79 49:57.344","4","0","0","0","2208","0","0","0","N","0","0","0","2","02208","1","","1.0","","1","N","N","","1","","0","0","0","","0","N","","2","1","0","0","0","0","0","2","0","2","","","","N","","","","","","","","","",""
"2017032597","0035","1","0","0","0","0","0","0","0","0","7","0","","02","3","2017","6","40.327346","-80.041926","0033","11","0","0","0","0","0","0","0","0","5","0","0","0","","","0","","0","","40 19:38.447","6","0","80 02:30.932","0","0","0","0","2407","0","0","0","","0","0","0","1","02407","0","","2.0","","9","N","N","","0","","0","0","0","","0","Y","","1","0","0","0","0","0","0","2","0","1","","","","N","","","","","","","","","",""
"2017020279","1243","1","0","0","0","0","0","0","0","0","7","0","","02","2","2017","6","40.411861","-80.068057","1235","11","0","0","0","0","0","0","0","0","","0","0","0","","","0","","0","","40 24:42.698","","0","80 04:05.006","0","0","0","0","2435","0","0","0","","0","0","0","1","68B03","0","","4.0","","1","N","N","","0","","0","0","0","","0","","","1","0","0","0","0","0","0","2","0","1","","","","N","","","","","","","","","",""
"2017025292","1719","1","0","0","0","0","0","0","0","0","4","0","","02","3","2017","2","40.44981","-79.935042","1712","11","0","0","0","0","0","0","0","0","2","0","0","0","","","1","","2","","40 26:59.316","2","0","79 56:06.151","3","0","0","0","2301","0","0","0","N","0","0","0","4","02301","0","","1.0","","9","N","N","","1","","1","0","0","","3","N","","2","1","0","0","0","0","0","2","0","2","","","","N","","","","","","","","","",""
"2017026222","2116","1","0","0","0","0","0","0","0","0","2","0","","02","3","2017","3","40.447556","-80.164354","2112","11","0","0","0","0","0","0","0","0","1","0","0","0","","","4","","2","","40 26:51.202","4","0","80 09:51.673","3","0","0","0","2115","0","0","0","","0","0","0","5","02115","1","","1.0","","9","N","N","","0","","3","0","1","","2","N","","2","4","0","0","0","0","0","2","0","2","","","","N","","","","","","","","","",""
"2017032345","1628","1","0","0","0","0","0","0","0","0","4","0","","02","3","2017","1","40.464159","-79.923568","1628","11","0","0","0","0","0","0","0","0","1","0","0","0","","","1","","0","","40 27:50.974","1","0","79 55:24.844","2","0","1","1","2301","0","0","0","N","0","0","0","1","02301","0","","6.0","","9","N","N","","0","","0","1","1","","0","N","","3","1","0","0","0","0","0","2","0","3","","","","N","","","","","","","","","",""
"2017028666","0830","2","0","0","0","0","0","0","0","0","4","0","","02","3","2017","5","40.445991","-79.981084","0821","11","0","0","0","0","0","0","0","0","2","0","0","0","","","0","","1","","40 26:45.569","3","0","79 58:51.901","0","0","0","0","2301","0","0","0","N","0","0","0","4","02301","0","","1.0","","2","N","N","","0","","0","0","0","","3","N","","2","0","0","0","0","0","0","2","0","2","","","","N","","","","","","","","","",""
"2017035264","1408","1","0","0","0","0","0","0","0","0","4","0","","02","3","2017","6","40.358306","-80.003823","1403","11","0","0","0","0","0","1","0","0","2","0","0","0","","","0","","2","","40 21:29.901","3","0","80 00:13.762","0","0","0","0","2476","0","0","0","","0","0","0","2","02476","0","","1.0","","1","N","N","","1","","0","0","0","","3","N","","2","0","0","0","0","0","0","2","0","2","","","","N","","","","","","","","","",""
"2017018855","1200","1","0","0","0","0","0","0","0","0","7","0","","02","2","2017","4","40.601916","-79.979956","1154","11","0","0","1","0","0","0","0","0","1","0","0","0","","","0","","0","","40 36:06.898","1","0","79 58:47.840","0","0","0","0","2207","0","0","0","N","0","0","0","1","02207","0","","5.0","","1","N","N","","0","","0","0","0","","0","Y","","1","0","0","0","0","0","0","2","0","1","","","","N","","","","","","","","","",""
"2017021940","1059","1","0","0","0","0","0","0","0","0","4","0","","02","2","2017","6","40.474433","-80.068755","1057","11","0","0","1","0","0","1","0","0","","0","0","0","","","1","","1","","40 28:27.958","","0","80 04:07.518","2","0","1","1","2122","0","0","0","N","0","0","0","2","02122","0","","1.0","","1","N","N","","0","","0","1","0","","0","","","2","1","0","0","0","0","0","2","0","2","","","","N","","","","","","","","","",""
"2017018335","0608","0","0","0","0","0","0","0","0","0","7","0","","02","2","2017","7","40.278472","-79.684556","0603","11","0","0","0","0","0","0","0","0","1","0","0","0","","","1","","0","","40 16:42.500","2","0","79 41:04.400","3","0","0","0","2446","0","0","0","N","0","0","0","1","02446","0","","5.0","","1","N","N","","0","","1","0","1","","0","N","","1","1","0","0","0","0","0","1","0","1","","","","N","","","","","","","","","",""
"2017029839","1056","1","0","0","0","0","0","0","0","0","4","0","","02","3","2017","7","40.449185","-79.762249","1052","11","0","0","0","0","0","1","0","0","","0","0","0","","","0","","1","","40 26:57.065","","0","79 45:44.095","0","0","0","0","2446","0","0","0","N","0","0","0","2","02446","0","","1.0","","9","N","N","","0","","0","0","1","","3","","","2","0","0","0","0","0","0","2","0","2","","","","N","","","","","","","","","",""
"2017029894","1450","0","0","0","0","0","0","0","0","0","6","0","","02","3","2017","6","40.477154","-79.798535","1440","11","0","0","0","0","0","0","0","0","2","0","0","0","","","0","","0","","40 28:37.753","4","0","79 47:54.725","0","0","0","0","2113","0","0","0","N","0","0","0","2","02113","0","","1.0","","1","N","N","","1","","0","0","1","","0","N","","2","0","1","0","0","0","0","2","0","2","","","","N","","","","","","","","","",""
"2017031428","1612","1","0","0","0","0","0","0","0","0","1","0","","02","3","2017","5","40.443922","-79.950518","1608","11","0","0","0","0","0","1","0","0","","0","0","0","","","0","","0","","40 26:38.120","","0","79 57:01.866","0","0","0","0","2301","0","0","0","N","0","0","0","2","02301","0","","1.0","","1","N","N","","0","","0","0","1","","0","","","2","0","0","0","0","0","0","2","0","2","","","","N","","","","","","","","","",""
"2017020237","0327","1","0","0","0","0","0","0","0","0","7","0","","02","2","2017","1","40.455783","-79.96586","0320","11","0","1","0","0","0","0","0","0","2","0","0","0","","","1","","2","","40 27:20.818","7","0","79 57:57.097","3","0","0","0","2301","0","0","0","N","0","0","0","3","02301","0","","4.0","","1","N","N","","0","","1","0","0","","0","N","","1","1","1","0","0","0","2","2","0","1","","","","N","","","","","","","","","",""
"2017041580","0306","1","0","0","0","0","0","0","0","0","7","0","","02","4","2017","6","40.424762","-79.985317","0302","11","0","0","0","0","0","0","0","0","","0","0","0","","","0","","0","","40 25:29.143","","0","79 59:07.141","0","0","0","0","2301","0","0","0","N","0","0","0","0","02301","0","","4.0","","1","N","N","","0","","0","0","0","","0","","","1","0","0","0","0","0","0","2","0","1","","","","N","","","","","","","","","",""
"2017025816","1612","1","0","0","0","0","0","0","0","0","4","0","","02","3","2017","3","40.386839","-80.044675","1609","11","0","0","0","0","0","0","0","0","2","0","0","0","","","0","","1","","40 23:12.620","4","0","80 02:40.830","0","0","0","0","2109","0","0","0","","0","0","0","2","02109","0","","1.0","","9","N","N","","1","","0","0","0","","3","N","","2","0","0","0","0","0","0","2","0","2","","","","N","","","","","","","","","",""
"2017016037","0441","1","0","0","0","0","0","0","0","0","7","0","","02","2","2017","5","40.445208","-80.158923","0437","11","0","0","0","0","0","0","0","0","1","0","0","0","","","0","","0","","40 26:42.748","6","0","80 09:32.122","0","0","0","0","2115","0","0","0","","0","0","0","1","02115","0","","2.0","","6","N","N","","0","","0","0","0","","0","N","","1","0","0","0","0","0","0","2","0","1","","","","N","","","","","","","","","",""
"2017037733","2349","1","0","0","0","0","0","0","0","0","7","0","","02","3","2017","2","40.50079","-80.282908","2335","11","0","0","0","0","0","0","0","0","","0","0","0","","","1","","0","","40 30:02.843","","0","80 16:58.470","3","0","0","0","2203","0","0","0","","0","0","0","1","68B03","0","","4.0","","1","N","N","","0","","1","0","0","","0","","","1","1","0","0","0","0","0","1","0","1","","","","N","","","","","","","","","",""
"2017029151","0028","1","0","0","0","0","0","0","0","0","7","0","","02","3","2017","6","40.455755","-79.942755","0023","11","0","0","0","0","0","0","0","0","1","0","0","0","","","0","","2","","40 27:20.718","4","0","79 56:33.917","0","0","0","0","2301","0","0","0","Y","0","0","0","1","02301","0","","5.0","","1","N","N","","0","","0","0","0","","0","N","","1","0","0","0","0","0","0","2","0","1","","","","N","","","","","","","","","",""
"2017034968","0608","1","0","0","0","0","0","0","0","0","4","1","","02","4","2017","2","40.45567","-79.914703","0605","11","0","0","0","0","0","1","0","0","2","0","0","0","","","0","","0","","40 27:20.412","6","0","79 54:52.929","0","0","0","0","2301","0","0","0","N","0","0","0","2","02301","0","","1.0","","1","N","N","","1","","0","0","0","","0","N","","2","0","0","0","0","0","0","2","0","2","","","","N","","","","","","","","","",""
"2017025114","1523","2","0","0","0","0","0","0","0","0","5","0","","02","3","2017","2","40.4423","-80.023205","1518","11","0","0","0","1","0","0","1","0","","0","0","0","","","0","","0","","40 26:32.281","","0","80 01:23.539","0","0","0","0","2301","0","0","0","N","0","0","0","4","02301","0","","1.0","","1","N","N","","0","","0","0","0","","0","","","2","0","0","0","0","0","0","2","0","2","","","","N","","","","","","","","","",""
"2017022317","1801","2","0","0","0","0","0","0","0","0","1","0","","02","2","2017","3","40.493364","-79.90047","1753","11","0","0","0","0","0","0","1","0","2","0","0","0","","","1","","10","","40 29:36.109","2","0","79 54:01.691","3","0","0","0","2401","0","0","0","N","0","0","0","4","02401","0","","1.0","","9","N","N","","0","","1","0","0","","0","N","","2","1","0","0","0","0","0","2","0","2","","","","N","","","","","","","","","",""
"2017022475","1024","1","0","0","0","0","0","0","0","0","5","0","","02","2","2017","7","40.383436","-80.013668","1021","11","0","0","0","0","0","1","1","0","1","0","0","0","","","0","","0","","40 23:00.369","4","0","80 00:49.204","0","0","0","0","2101","0","0","0","","0","0","0","2","02101","0","","1.0","","1","N","N","","0","","0","0","1","","2","Y","","2","0","0","0","0","0","0","2","0","2","","","","N","","","","","","","","","",""
"2017015187","0951","1","0","0","0","0","0","0","0","0","4","0","","02","2","2017","3","40.438757","-79.753414","0950","11","0","0","0","0","0","1","1","0","1","0","0","0","","","0","","1","","40 26:19.526","3","0","79 45:12.292","0","0","0","0","2446","0","0","0","N","0","0","0","2","02446","0","","1.0","","9","N","N","","0","","0","0","1","","2","N","","2","0","0","0","0","0","0","2","0","2","","","","N","","","","","","","","","",""
"2017025453","1305","0","0","0","0","0","0","0","0","0","7","0","","02","3","2017","2","40.379769","-79.808243","1303","11","0","0","0","0","0","0","0","0","","0","0","0","","","0","","2","","40 22:47.169","","0","79 48:29.675","0","0","0","0","2424","0","0","0","","0","0","0","1","02424","0","","5.0","","1","","","","0","","0","0","1","","2","","","1","0","0","0","0","0","0","2","0","1","","","","N","","","","","","","","","",""
"2017030952","0835","1","0","0","0","0","0","0","0","0","7","0","","02","3","2017","4","40.452059","-80.075981","0823","11","0","0","0","0","0","0","1","0","3","0","0","0","","","1","","0","","40 27:07.412","4","0","80 04:33.531","8","0","0","0","2301","0","0","0","N","0","0","0","1","02301","0","","2.0","","1","N","N","","0","","0","0","0","","0","N","","1","1","0","0","0","1","0","2","0","1","","","","N","","","","","","","","","",""
"2017010299","1648","0","0","0","0","0","0","0","0","0","2","0","","02","1","2017","3","40.613035","-79.757073","1640","11","0","0","0","0","0","0","0","0","2","0","0","0","","","0","","1","","40 36:46.927","4","0","79 45:25.464","0","0","0","0","2464","0","0","0","N","0","0","0","4","02464","0","","1.0","","1","N","N","","0","","0","0","1","","3","N","","2","0","0","0","0","0","0","2","1","2","","","","N","","","","","","","","","",""
"2017034481","1645","1","0","0","0","0","0","0","0","0","7","0","","02","3","2017","6","40.293421","-79.970037","1636","11","0","0","0","0","0","0","0","1","","0","0","0","","","0","","10","","40 17:36.315","","7","79 58:12.133","0","0","0","0","2440","0","0","0","N","0","0","0","1","02440","0","","4.0","","3","N","N","","0","","0","0","0","","0","","","1","0","0","0","0","0","0","2","0","1","","","","N","","","","","","","","","",""
"2017014774","0233","1","0","0","0","0","0","0","0","0","2","0","","02","2","2017","2","40.469444","-79.866389","0225","11","0","0","0","0","0","1","0","0","","0","0","0","","","0","","0","","40 28:10.000","","0","79 51:59.000","0","0","0","0","2113","0","0","0","N","0","0","0","2","02113","0","","5.0","","9","N","N","","0","","0","0","2","","0","","","3","0","0","0","0","0","0","2","0","3","","","","N","","","","","","","","","",""