"CRN","ARRIVAL_TM","AUTOMOBILE_COUNT","BELTED_DEATH_COUNT","BELTED_SUSP_SERIOUS_INJ_COUNT","BICYCLE_COUNT","BICYCLE_DEATH_COUNT","BICYCLE_SUSP_SERIOUS_INJ_COUNT","BUS_COUNT","CHLDPAS_DEATH_COUNT","CHLDPAS_SUSP_SERIOUS_INJ_COUNT","COLLISION_TYPE","COMM_VEH_COUNT","CONS_ZONE_SPD_LIM","COUNTY","CRASH_MONTH","CRASH_YEAR","DAY_OF_WEEK","DEC_LATITUDE","DEC_LONGITUDE","DISPATCH_TM","DISTRICT","DRIVER_COUNT_16YR","DRIVER_COUNT_17YR","DRIVER_COUNT_18YR","DRIVER_COUNT_19YR","DRIVER_COUNT_20YR","DRIVER_COUNT_50_64YR","DRIVER_COUNT_65_74YR","DRIVER_COUNT_75PLUS","EST_HRS_CLOSED","FATAL_COUNT","HEAVY_TRUCK_COUNT","HORSE_BUGGY_COUNT","HOUR_OF_DAY","ILLUMINATION","INJURY_COUNT","INTERSECTION_RELATED","INTERSECT_TYPE","LANE_CLOSED","LATITUDE","LN_CLOSE_DIR","LOCATION_TYPE","LONGITUDE","MAX_SEVERITY_LEVEL","MCYCLE_DEATH_COUNT","MCYCLE_SUSP_SERIOUS_INJ_COUNT","MOTORCYCLE_COUNT","MUNICIPALITY","NONMOTR_COUNT","NONMOTR_DEATH_COUNT","NONMOTR_SUSP_SERIOUS_INJ_COUNT","NTFY_HIWY_MAINT","PED_COUNT","PED_DEATH_COUNT","PED_SUSP_SERIOUS_INJ_COUNT","PERSON_COUNT","POLICE_AGCY","POSSIBLE_INJ_COUNT","RDWY_SURF_TYPE_CD","RELATION_TO_ROAD","ROADWAY_CLEARED","ROAD_CONDITION","SCH_BUS_IND","SCH_ZONE_IND","SECONDARY_CRASH","SMALL_TRUCK_COUNT","SPEC_JURIS_CD","SUSP_MINOR_INJ_COUNT","SUSP_SERIOUS_INJ_COUNT","SUV_COUNT","TCD_FUNC_CD","TCD_TYPE","TFC_DETOUR_IND","TIME_OF_DAY","TOTAL_UNITS","TOT_INJ_COUNT","UNBELTED_OCC_COUNT","UNB_DEATH_COUNT","UNB_SUSP_SERIOUS_INJ_COUNT","UNK_INJ_DEG_COUNT","UNK_INJ_PER_COUNT","URBAN_RURAL","VAN_COUNT","VEHICLE_COUNT","WEATHER1","WEATHER2","WORKERS_PRES","WORK_ZONE_IND","WORK_ZONE_LOC","WORK_ZONE_TYPE","WZ_CLOSE_DETOUR","WZ_FLAGGER","WZ_LAW_OFFCR_IND","WZ_LN_CLOSURE","WZ_MOVING","WZ_OTHER","WZ_SHLDER_MDN","WZ_WORKERS_INJ_KILLED"
"2017050065","1634","1","0","1","0","0","0","0","0","0","2","0","","02","5","2017","3","40.455738","-79.910484","1607","11","0","0","0","0","0","0","0","0","2","0","0","0","","","1","","1","","40 27:20.655","1","0","79 54:37.741","2","0","0","0","2301","0","0","0","N","0","0","0","3","02301","0","","1.0","","1","N","N","","1","","0","1","0","","2","N","","2","1","0","0","0","0","0","2","0","2","","","","N","","","","","","","","","",""
"2017048792","0256","2","0","0","0","0","0","0","0","0","2","0","","02","5","2017","7","40.516556","-79.838083","0255","11","0","0","0","0","0","0","0","0","","0","0","0","","","0","","0","","40 30:59.600","","0","79 50:17.100","9","0","0","0","2451","0","0","0","N","0","0","0","1","02451","0","","6.0","","1","N","N","","0","","0","0","1","","0","","","3","0","0","0","0","0","1","2","0","3","","","","N","","","","","","","","","",""
"2017063918","1747","0","0","0","0","0","0","0","0","0","7","0","","02","6","2017","4","40.55058","-80.086458","1716","11","0","0","0","0","0","0","0","0","","0","0","0","","","0","","0","","40 33:02.087","","6","80 05:11.249","0","0","0","0","2215","0","0","0","","0","0","0","1","68B03","0","","3.0","","9","N","N","","0","","0","0","1","","0","","","1","0","0","0","0","0","0","2","0","1","","","","N","","","","","","","","","",""
"2017041064","0958","1","0","0","0","0","0","0","0","0","4","0","","02","4","2017","5","40.566415","-80.037976","0958","11","0","0","0","0","1","0","0","0","2","0","0","0","","","0","","1","","40 33:59.093","6","0","80 02:16.714","0","0","0","0","2108","0","0","0","","0","0","0","3","02108","0","","1.0","","1","N","N","","1","","0","0","1","","2","N","","3","0","0","0","0","0","0","2","0","3","","","","N","","","","","","","","","",""
"2017015460","1751","1","0","0","0","0","0","0","0","0","4","0","","02","2","2017","3","40.50365","-80.081079","1751","11","0","0","0","0","0","0","1","0","1","0","0","0","","","0","","2","","40 30:13.139","1","0","80 04:51.885","0","0","0","0","2405","0","0","0","N","0","0","0","2","02215","0","","1.0","","9","N","N","","1","","0","0","0","","0","N","","2","0","0","0","0","0","0","2","0","2","","","","N","","","","","","","","","",""
"2017024291","2038","2","0","0","0","0","0","0","0","0","1","0","","02","3","2017","7","40.519109","-80.004954","2038","11","0","0","0","0","0","0","0","0","1","0","0","0","","","0","","0","","40 31:08.792","2","0","80 00:17.835","0","0","0","0","2116","0","0","0","N","0","0","0","3","02116","0","","1.0","","1","N","N","","0","","0","0","0","","2","N","","2","0","0","0","0","0","0","2","0","2","","","","N","","","","","","","","","",""
"2017027763","1907","1","0","0","0","0","0","0","0","0","7","0","","02","3","2017","1","40.590806","-79.791865","1856","11","0","0","0","0","0","0","0","0","1","0","0","0","","","0","","0","","40 35:26.901","5","0","79 47:30.714","0","0","0","0","2206","0","0","0","N","0","0","0","1","02206","0","","5.0","","2","N","N","","0","","0","0","0","","0","Y","","1","0","0","0","0","0","0","1","0","1","","","","N","","","","","","","","","",""
"2017047521","0508","1","0","0","0","0","0","0","0","0","7","0","","02","5","2017","6","40.559458","-79.959267","0500","11","0","0","0","1","0","0","0","0","1","0","0","0","","","0","","2","","40 33:34.047","2","0","79 57:33.361","0","0","0","0","2207","0","0","0","N","0","0","0","1","02207","0","","4.0","","9","N","N","","0","","0","0","0","","0","N","","1","0","0","0","0","0","0","2","0","1","","","","N","","","","","","","","","",""
"2017062998","0129","0","0","0","0","0","0","0","0","0","7","0","","02","6","2017","1","40.384887","-79.873786","0126","11","0","0","0","0","0","0","0","0","3","0","0","0","","","0","","2","","40 23:05.592","7","0","79 52:25.629","0","0","0","0","2473","0","0","0","N","0","0","0","1","02473","0","","5.0","","9","N","N","","0","","0","0","1","","0","Y","","1","0","0","0","0","0","0","2","0","1","","","","N","","","","","","","","","",""
"2017025295","1741","1","0","0","0","0","0","0","0","0","4","0","","02","3","2017","2","40.458024","-79.888395","1730","11","0","0","0","0","0","1","0","0","1","0","0","0","","","0","","0","","40 27:28.886","1","0","79 53:18.222","0","0","0","0","2301","0","0","0","N","0","0","0","2","02301","0","","1.0","","9","N","N","","1","","0","0","0","","0","N","","2","0","0","0","0","0","0","2","0","2","","","","N","","","","","","","","","",""
"2017048944","1610","1","0","0","0","0","0","0","0","0","4","0","","02","5","2017","6","40.456468","-79.896669","1600","11","0","0","0","0","0","2","0","0","1","0","0","0","","","2","","1","","40 27:23.285","7","0","79 53:48.009","8","0","0","0","2301","0","0","0","N","0","0","0","3","02301","0","","1.0","","1","N","N","","0","","0","0","1","","2","N","","2","2","0","0","0","2","0","2","0","2","","","","N","","","","","","","","","",""
"2017022542","1619","4","0","0","0","0","0","0","0","0","1","0","","02","2","2017","7","40.50992","-80.093092","1617","11","0","0","1","0","0","1","0","0","1","0","0","0","","","0","","2","","40 30:35.713","2","0","80 05:35.132","0","0","0","0","2429","0","0","0","N","0","0","0","5","02215","0","","1.0","","1","N","N","","0","","0","0","0","","0","N","","4","0","0","0","0","0","0","2","0","4","","","","N","","","","","","","","","",""
"2017062354","1319","0","0","0","0","0","0","0","0","0","2","1","","02","6","2017","5","40.52412","-79.830241","1315","11","0","0","0","0","0","0","0","0","2","0","1","0","","","2","","2","","40 31:26.832","6","0","79 49:48.868","2","0","0","0","2451","0","0","0","N","0","0","0","2","02451","0","","1.0","","1","N","N","","0","","0","2","1","","0","Y","","2","2","2","0","2","0","0","2","0","2","","","","N","","","","","","","","","",""
"2017025132","1641","2","0","0","0","0","0","0","0","0","4","0","","02","3","2017","2","40.508993","-79.888212","1638","11","0","0","0","0","0","0","0","1","2","0","0","0","","","2","","1","","40 30:32.375","4","0","79 53:17.564","4","0","0","0","2432","0","0","0","N","0","0","0","2","02432","2","","1.0","","9","N","N","","0","","0","0","0","","3","Y","","2","2","0","0","0","0","0","2","0","2","","","","N","","","","","","","","","",""
"2017049298","2109","1","0","0","0","0","0","0","0","0","99","0","","02","5","2017","5","40.483554","-80.275973","2103","11","0","0","0","0","0","0","0","0","","0","0","0","","","1","","0","","40 29:00.795","","0","80 16:33.503","3","0","0","0","2203","0","0","0","","0","0","0","2","68B03","0","","1.0","","1","N","N","","0","","1","0","0","","0","","","1","1","0","0","0","0","0","1","0","1","","","","N","","","","","","","","","",""
"2017036701","0353","0","0","0","0","0","0","0","0","0","7","0","","02","4","2017","7","40.354336","-79.880643","0349","11","0","0","0","0","0","0","0","0","1","0","0","0","","","1","","0","","40 21:15.608","3","0","79 52:50.316","8","0","0","0","2423","0","0","0","N","0","0","0","5","02304","0","","2.0","","2","N","N","","0","","0","0","1","","0","N","","1","1","0","0","0","1","0","2","0","1","","","","N","","","","","","","","","",""
"2017062762","1600","1","0","0","0","0","0","0","0","0","6","1","","02","6","2017","4","40.505079","-80.020918","1552","11","0","0","0","0","0","0","0","1","1","0","1","0","","","1","","0","","40 30:18.284","7","0","80 01:15.304","3","0","0","0","2116","0","0","0","N","0","0","0","2","02116","0","","1.0","","9","N","N","","0","","1","0","0","","0","N","","2","1","0","0","0","0","0","2","0","2","","","","N","","","","","","","","","",""
"2017064190","0151","1","0","0","0","0","0","0","0","0","7","0","","02","4","2017","3","40.445691","-79.845858","0128","11","0","0","0","0","0","0","0","0","","0","0","0","","","0","","0","","40 26:44.487","","0","79 50:45.090","9","0","0","0","2419","0","0","0","","0","0","0","1","68B03","0","","3.0","","1","N","N","","0","","0","0","0","","0","","","1","0","0","0","0","0","1","2","0","1","","","","N","","","","","","","","","",""
"2017015418","1520","1","0","0","0","0","0","0","0","0","5","0","","02","2","2017","3","40.448031","-79.894553","1510","11","0","0","0","0","0","0","1","0","","0","0","0","","","0","","1","","40 26:52.911","","0","79 53:40.390","0","0","0","0","2301","0","0","0","N","0","0","0","2","02301","0","","1.0","","9","N","N","","1","","0","0","0","","0","","","2","0","0","0","0","0","0","2","0","2","","","","N","","","","","","","","","",""
"2017063773","1653","0","0","0","0","0","0","0","0","0","1","0","","02","6","2017","4","40.532376","-79.964943","1653","11","0","0","0","0","0","1","0","0","","0","0","0","","","0","","1","","40 31:56.553","","0","79 57:53.795","0","0","0","0","2118","0","0","0","N","0","0","0","2","02118","0","","1.0","","1","N","N","","1","","0","0","1","","0","","","2","0","0","0","0","0","0","2","0","2","","","","N","","","","","","","","","",""
"2017018740","0113","1","0","0","0","0","0","0","0","0","7","0","","02","2","2017","5","40.472444","-80.068917","0110","11","0","0","0","0","0","0","0","0","","0","0","0","","","0","","0","","40 28:20.800","","0","80 04:08.100","9","0","0","0","2122","0","0","0","N","0","0","0","1","02122","0","","1.0","","9","N","N","","1","","0","0","0","","0","","","2","0","0","0","0","0","1","2","0","2","","","","N","","","","","","","","","",""
"2017064198","0533","1","0","0","0","0","0","0","0","0","7","0","","02","5","2017","2","40.460045","-80.191161","0530","11","0","0","0","0","0","0","0","0","","0","0","0","","","0","","0","","40 27:36.161","","0","80 11:28.180","0","0","0","0","2213","0","0","0","","0","0","0","1","68B03","0","","4.0","","1","N","N","","0","","0","0","0","","0","","","1","0","0","0","0","0","0","2","0","1","","","","N","","","","","","","","","",""
"2017049551","1552","1","0","0","0","0","0","0","0","0","1","0","","02","5","2017","2","40.340675","-79.964437","1551","11","0","0","0","0","0","1","0","0","1","0","0","0","","","1","","1","","40 20:26.431","1","0","79 57:51.974","4","0","0","0","2454","0","0","0","N","0","0","0","3","02454","1","","1.0","","1","N","N","","1","","0","0","0","","2","N","","2","1","0","0","0","0","0","2","0","2","","","","N","","","","","","","","","",""
"2017063917","1308","0","0","0","0","0","0","0","0","0","0","0","","02","6","2017","4","40.654221","-80.066631","1255","11","0","0","0","0","0","1","0","0","1","0","0","0","","","1","","0","","40 39:15.197","3","0","80 03:59.873","2","0","1","1","2216","0","0","0","","0","0","0","1","68T02","0","","1.0","","1","N","N","","0","","0","1","0","","0","N","","1","1","0","0","0","0","0","2","0","1","","","","N","","","","","","","","","",""
"2017048444","0657","1","0","0","0","0","0","0","0","0","4","0","","02","5","2017","5","40.3706","-79.786774","0652","11","0","1","0","0","0","1","0","0","2","0","0","0","","","2","","0","","40 22:14.161","6","0","79 47:12.387","4","0","0","0","2111","0","0","0","N","0","0","0","2","02111","2","","1.0","","9","N","N","","0","","0","0","0","","0","Y","","2","2","0","0","0","0","0","2","1","2","","","","N","","","","","","","","","",""
"2017050289","1410","1","0","0","0","0","0","0","0","0","1","0","","02","5","2017","3","40.651049","-79.93024","1402","11","0","0","0","1","0","1","0","0","","0","0","0","","","1","","0","","40 39:03.777","","0","79 55:48.865","8","0","0","0","2217","0","0","0","N","0","0","0","2","02505","0","","1.0","","1","N","N","","0","","0","0","1","","0","","","2","1","0","0","0","1","0","2","0","2","","","","N","","","","","","","","","",""
"2017048912","1202","1","0","0","0","0","0","0","0","0","7","0","","02","5","2017","5","40.276033","-79.890977","1200","11","0","0","0","0","0","1","0","0","3","0","0","0","","","0","","0","","40 16:33.717","4","6","79 53:27.516","0","0","0","0","2440","0","0","0","N","0","0","0","1","02440","0","","2.0","","9","N","N","","0","","0","0","0","","0","Y","","1","0","0","0","0","0","0","2","0","1","","","","N","","","","","","","","","",""
"2017032993","1148","1","0","0","0","0","0","0","0","0","4","0","","02","3","2017","3","40.478727","-79.970992","1146","11","0","0","0","0","0","0","1","0","1","0","0","0","","","0","","1","","40 28:43.417","2","0","79 58:15.571","0","0","0","0","2445","0","0","0","N","0","0","0","2","02445","0","","1.0","","9","N","N","","1","","0","0","0","","3","N","","2","0","0","0","0","0","0","2","0","2","","","","N","","","","","","","","","",""
"2017063869","1530","1","0","0","0","0","0","0","0","0","1","0","","02","6","2017","6","40.436119","-79.866263","1458","11","0","0","0","0","0","1","1","0","","0","0","0","","","1","","0","","40 26:10.027","","0","79 51:58.547","8","0","0","0","2478","0","0","0","","0","0","0","3","68B03","0","","1.0","","9","N","N","","0","","0","0","1","","0","","","2","1","0","0","0","1","0","2","0","2","","","","N","","","","","","","","","",""
"2017048962","1552","2","0","0","0","0","0","0","0","0","5","0","","02","5","2017","7","40.438599","-79.946639","1539","11","0","0","0","0","0","0","0","1","","0","0","0","","","0","","0","","40 26:18.956","","0","79 56:47.900","0","0","0","0","2301","0","0","0","N","0","0","0","3","02301","0","","1.0","","1","N","N","","0","","0","0","0","","0","","","2","0","0","0","0","0","0","2","0","2","","","","N","","","","","","","","","",""
"2017047740","0050","2","0","0","0","0","0","0","0","0","5","0","","02","5","2017","4","40.446744","-79.927703","0049","11","0","0","0","0","0","0","0","0","2","0","0","0","","","0","","0","","40 26:48.277","2","0","79 55:39.729","0","0","0","0","2301","0","0","0","N","0","0","0","1","02301","0","","1.0","","1","N","N","","0","","0","0","0","","0","N","","2","0","0","0","0","0","0","2","0","2","","","","N","","","","","","","","","",""
"2017047931","1547","2","0","0","0","0","0","0","0","0","4","0","","02","5","2017","4","40.459513","-79.971022","1545","11","0","0","0","0","0","1","0","0","","0","0","0","","","1","","1","","40 27:34.247","","0","79 58:15.679","4","0","0","0","2301","0","0","0","N","0","0","0","2","02301","1","","1.0","","1","N","N","","0","","0","0","0","","0","","","2","1","0","0","0","0","0","2","0","2","","","","N","","","","","","","","","",""
"2017063840","1720","2","0","0","0","0","0","0","0","0","1","0","","02","6","2017","2","40.323426","-80.026235","1716","11","0","0","0","0","1","0","0","0","","0","0","0","","","0","","0","","40 19:24.334","","0","80 01:34.447","0","0","0","0","2407","0","0","0","","0","0","0","2","02407","0","","1.0","","1","N","N","","0","","0","0","0","","0","","","2","0","0","0","0","0","0","2","0","2","","","","N","","","","","","","","","",""
"2017023479","1105","2","0","0","0","0","0","0","0","0","5","0","","02","3","2017","4","40.479057","-80.043345","1058","11","0","0","0","0","0","0","0","0","1","0","0","0","","","2","","0","","40 28:44.606","2","0","80 02:36.041","8","0","0","0","2301","0","0","0","N","0","0","0","3","02301","0","","1.0","","9","N","N","","0","","0","0","0","","0","N","","2","2","0","0","0","2","0","2","0","2","","","","N","","","","","","","","","",""
"2017021478","1523","0","0","0","0","0","0","0","0","0","8","0","","02","2","2017","5","40.459167","-79.922","1520","11","0","0","0","0","0","1","0","0","","0","0","0","","","1","","1","","40 27:33.000","","0","79 55:19.200","4","0","0","0","2301","1","0","0","N","1","0","0","3","02301","1","","1.0","","1","N","N","","0","","0","0","1","","2","","","2","1","0","0","0","0","0","2","0","1","","","","N","","","","","","","","","",""
"2017034327","1544","1","0","0","0","0","0","0","0","0","8","0","","02","3","2017","6","40.459987","-79.925013","1534","11","0","0","0","0","0","0","0","0","","0","0","0","","","1","","1","","40 27:35.954","","0","79 55:30.047","8","0","0","0","2301","1","0","0","N","1","0","0","2","02301","0","","1.0","","98","N","N","","0","","0","0","0","","2","","","2","1","0","0","0","1","0","2","0","1","","","","N","","","","","","","","","",""
"2017061448","1046","1","0","0","0","0","0","0","0","0","1","0","","02","6","2017","7","40.539521","-80.036263","1042","11","0","1","0","0","0","0","0","0","1","0","0","0","","","0","","0","","40 32:22.275","1","0","80 02:10.547","0","0","0","0","2116","0","0","0","N","0","0","0","3","02116","0","","1.0","","1","N","N","","0","","0","0","1","","0","N","","2","0","0","0","0","0","0","2","0","2","","","","N","","","","","","","","","",""
"2017021465","1445","0","0","0","0","0","0","0","0","0","7","0","","02","2","2017","5","40.468674","-80.019415","1443","11","0","0","0","0","0","0","0","0","","0","0","0","","","0","","0","","40 28:07.225","","0","80 01:09.894","0","0","0","0","2301","0","0","0","","0","0","0","1","02301","0","","2.0","","1","","","","0","","0","0","1","","0","","","1","0","0","0","0","0","0","2","0","1","","","","N","","","","","","","","","",""
"2017048070","2000","1","0","0","0","0","0","0","0","0","2","0","","02","5","2017","4","40.466249","-79.946274","1944","11","0","0","0","0","0","1","0","0","","0","0","0","","","0","","2","","40 27:58.495","","0","79 56:46.588","0","0","0","0","2301","0","0","0","N","0","0","0","2","02301","0","","1.0","","1","N","N","","1","","0","0","0","","3","","","2","0","0","0","0","0","0","2","0","2","","","","N","","","","","","","","","",""
"2017048185","1333","1","0","0","0","0","0","0","0","0","4","0","","02","5","2017","4","40.349222","-79.892167","1332","11","0","0","0","0","0","0","0","0","1","0","0","0","","","1","","2","","40 20:57.200","1","0","79 53:31.800","3","0","0","0","2304","0","0","0","N","0","0","0","3","02304","0","","1.0","","1","N","N","","0","","1","0","0","","0","N","","2","1","0","0","0","0","0","2","1","2","","","","N","","","","","","","","","",""
"2017016401","0705","1","0","0","0","0","0","0","0","0","4","0","","02","2","2017","6","40.402123","-80.094618","0659","11","0","0","0","0","0","0","1","0","","0","0","0","","","0","","2","","40 24:07.642","","0","80 05:40.623","0","0","0","0","2415","0","0","0","N","0","0","0","2","02415","0","","1.0","","1","N","N","","0","","0","0","1","","2","","","2","0","0","0","0","0","0","2","0","2","","","","N","","","","","","","","","",""
"2017036551","1552","4","0","0","0","0","0","0","0","0","1","0","","02","4","2017","6","40.352997","-79.917268","1550","11","0","0","0","0","0","3","0","0","","0","0","0","","","2","","2","","40 21:10.788","","0","79 55:02.166","4","0","0","0","2473","0","0","0","N","0","0","0","4","02473","2","","1.0","","9","N","N","","0","","0","0","0","","2","","","4","2","0","0","0","0","0","2","0","4","","","","N","","","","","","","","","",""
"2017049777","1824","1","0","0","0","0","0","0","0","0","4","0","","02","5","2017","2","40.614388","-79.901627","1816","11","1","0","0","0","0","0","0","0","","0","0","0","","","0","","0","","40 36:51.797","","0","79 54:05.856","0","0","0","0","2220","0","0","0","N","0","0","0","2","02220","0","","1.0","","1","N","N","","0","","0","0","1","","0","","","2","0","0","0","0","0","0","2","0","2","","","","N","","","","","","","","","",""
"2017031961","1730","1","0","0","0","0","0","0","0","0","7","0","","02","3","2017","6","40.42599","-79.916892","1723","11","0","0","0","0","0","0","0","0","","0","0","0","","","0","","2","","40 25:33.564","","0","79 55:00.811","0","0","0","0","2301","0","0","0","Y","0","0","0","1","02301","0","","3.0","","1","N","N","","0","","0","0","0","","3","","","1","0","0","0","0","0","0","2","0","1","","","","N","","","","","","","","","",""
"2017048236","1119","1","0","0","0","0","0","0","0","0","1","0","","02","5","2017","7","40.496362","-79.856928","0118","11","0","0","0","0","0","0","0","0","","0","0","0","","","0","","0","","40 29:46.904","","0","79 51:24.940","9","0","0","0","2408","0","0","0","N","0","0","0","1","02408","0","","6.0","","9","N","N","","0","","0","0","1","","0","","","2","0","0","0","0","0","1","2","0","2","","","","N","","","","","","","","","",""
"2017048056","1558","2","0","0","0","0","0","0","0","0","4","0","","02","5","2017","4","40.403265","-79.988951","1555","11","0","0","0","0","0","0","0","0","3","0","0","0","","","6","","1","","40 24:11.753","7","0","79 59:20.223","4","0","0","0","2301","0","0","0","N","0","0","0","6","02301","6","","1.0","","1","N","N","","1","","0","0","0","","3","Y","","3","6","0","0","0","0","0","2","0","3","","","","N","","","","","","","","","",""
"2017048875","0822","0","0","0","0","0","0","0","0","0","3","0","","02","5","2017","7","40.46681","-79.958424","0818","11","0","0","0","0","0","0","0","0","","0","0","0","","","0","","2","","40 28:00.516","","0","79 57:30.326","0","0","0","0","2301","0","0","0","N","0","0","0","1","02301","0","","1.0","","1","N","N","","2","","0","0","0","","0","","","2","0","0","0","0","0","0","2","0","2","","","","N","","","","","","","","","",""
"2017027730","2245","0","0","0","0","0","0","0","0","0","2","0","","02","3","2017","6","40.316406","-79.833164","2240","11","0","0","0","0","0","0","0","0","2","0","0","0","","","5","","1","","40 18:59.060","5","0","79 49:59.390","3","0","0","0","2469","0","0","0","N","0","0","0","5","02469","2","","1.0","","1","N","N","","0","","3","0","2","","0","Y","","2","5","2","0","0","0","0","2","0","2","","","","N","","","","","","","","","",""
"2017053139","1250","2","0","0","0","0","0","0","0","0","1","0","","02","5","2017","7","40.636895","-79.939089","1245","11","0","0","0","0","0","0","1","0","1","0","0","0","","","0","","0","","40 38:12.822","2","7","79 56:20.720","0","0","0","0","2217","0","0","0","N","0","0","0","3","02505","0","","1.0","","1","N","N","","0","","0","0","0","","2","N","","2","0","0","0","0","0","0","2","0","2","","","","N","","","","","","","","","",""
"2017050271","1850","1","0","0","0","0","0","0","0","0","6","0","","02","5","2017","3","40.479332","-79.972028","1849","11","0","0","0","0","0","1","1","0","","0","0","0","","","0","","1","","40 28:45.595","","0","79 58:19.300","0","0","0","0","2445","0","0","0","N","0","0","0","2","02445","0","","1.0","","1","N","N","","0","","0","0","1","","2","","","2","0","0","0","0","0","0","2","0","2","","","","N","","","","","","","","","",""
"2017049479","1209","1","0","0","0","0","0","0","0","0","7","0","","02","5","2017","1","40.34889","-79.939012","1206","11","0","0","0","0","1","0","0","0","2","0","0","0","","","0","","2","","40 20:56.003","4","0","79 56:20.443","0","0","0","0","2473","0","0","0","Y","0","0","0","1","02473","0","","2.0","","1","N","N","","0","","0","0","0","","2","N","","1","0","0","0","0","0","0","2","0","1","","","","N","","","","","","","","","",""
"2017049533","1315","0","0","0","0","0","0","0","0","0","4","0","","02","5","2017","2","40.283433","-79.837209","1312","11","0","0","0","0","0","0","2","0","2","0","0","0","","","0","","2","","40 17:00.360","1","0","79 50:13.954","0","0","0","0","2105","0","0","0","N","0","0","0","3","02105","0","","1.0","","1","N","N","","2","","0","0","0","","3","N","","2","0","0","0","0","0","0","1","0","2","","","","N","","","","","","","","","",""
"2017062662","1639","1","0","0","0","0","0","0","0","0","1","1","","02","5","2017","3","40.442201","-80.008929","1626","11","0","0","0","0","0","1","0","0","2","0","1","0","","","1","","3","","40 26:31.925","2","3","80 00:32.144","8","0","0","0","2301","0","0","0","","0","0","0","2","68B03","0","","1.0","","1","N","N","","0","","0","0","0","","0","N","","2","1","0","0","0","1","0","2","0","2","","","","N","","","","","","","","","",""
"2017018715","2135","1","0","0","0","0","0","0","0","0","7","0","","02","2","2017","4","40.412348","-79.992902","2129","11","0","0","0","0","0","0","0","0","1","0","0","0","","","0","","2","","40 24:44.452","3","0","79 59:34.447","0","0","0","0","2301","0","0","0","N","0","0","0","1","02301","0","","5.0","","2","N","N","","0","","0","0","0","","3","N","","1","0","0","0","0","0","0","2","0","1","","","","N","","","","","","","","","",""
"2017030502","0721","0","0","0","0","0","0","0","0","0","1","0","","02","3","2017","3","40.449123","-80.024766","0714","11","0","0","0","0","0","0","0","0","","0","0","0","","","1","","6","","40 26:56.843","","8","80 01:29.159","8","0","0","0","2301","0","0","0","N","0","0","0","2","02301","0","","1.0","","1","N","N","","0","","0","0","2","","4","","","2","1","1","0","0","1","0","2","0","2","","","","N","","","","","","","","","",""
"2017033597","1753","0","0","0","0","0","0","0","0","0","8","0","","02","3","2017","4","40.415044","-80.011295","1750","11","0","0","0","0","0","0","0","0","","0","0","0","","","1","","1","","40 24:54.159","","0","80 00:40.662","8","0","0","0","2301","1","0","0","N","1","0","0","3","02301","0","","1.0","","1","N","N","","0","","0","0","1","","2","","","2","1","0","0","0","1","0","2","0","1","","","","N","","","","","","","","","",""
"2017048666","1620","1","0","0","0","0","0","0","0","0","1","0","","02","5","2017","6","40.433511","-80.028982","1610","11","0","0","0","0","0","0","0","0","","0","0","0","","","0","","0","","40 26:00.640","","0","80 01:44.334","0","0","0","0","2301","0","0","0","N","0","0","0","2","02301","0","","1.0","","1","N","N","","0","","0","0","1","","0","","","2","0","0","0","0","0","0","2","0","2","","","","N","","","","","","","","","",""
"2017048605","1522","1","0","0","0","0","0","0","0","0","4","0","","02","5","2017","6","40.451476","-79.908173","1515","11","0","0","0","0","0","0","0","0","1","0","0","0","","","0","","1","","40 27:05.312","3","0","79 54:29.421","0","0","0","0","2301","0","0","0","N","0","0","0","3","02301","0","","1.0","","1","N","N","","0","","0","0","1","","2","Y","","2","0","0","0","0","0","0","2","0","2","","","","N","","","","","","","","","",""
"2017030200","1829","0","0","0","0","0","0","0","0","0","7","0","","02","3","2017","6","40.471329","-79.981541","1805","11","0","0","0","0","0","0","0","0","1","0","0","0","","","1","","0","","40 28:16.785","6","0","79 58:53.547","8","0","0","0","2108","0","0","0","","0","0","0","1","02108","0","","2.0","","2","N","N","","0","","0","0","1","","0","Y","","1","1","0","0","0","1","0","2","0","1","","","","N","","","","","","","","","",""
"2017050026","1457","3","0","0","0","0","0","0","0","0","1","0","","02","5","2017","2","40.627025","-80.030318","1452","11","0","0","0","0","1","1","0","0","2","0","0","0","","","2","","2","","40 37:37.290","6","0","80 01:49.146","3","0","0","0","2216","0","0","0","N","0","0","0","5","02505","0","","1.0","","1","N","N","","0","","2","0","0","","3","N","","3","2","0","0","0","0","0","1","0","3","","","","N","","","","","","","","","",""
"2017036644","2159","0","0","0","0","0","0","0","0","0","8","0","","02","3","2017","6","40.334385","-79.891121","2159","11","0","0","0","0","0","0","0","0","2","0","0","0","","","1","","1","","40 20:03.785","5","99","79 53:28.035","2","0","0","0","2433","1","0","1","N","1","0","1","1","02433","0","","1.0","","9","N","N","","0","","0","1","0","","0","Y","","2","1","0","0","0","0","0","2","0","1","","","","N","","","","","","","","","",""
"2017045313","1330","0","0","0","0","0","0","0","0","0","1","1","","02","5","2017","3","40.435848","-79.973205","1320","11","0","0","0","0","0","0","0","0","2","0","1","0","","","1","","2","","40 26:09.051","4","0","79 58:23.538","8","0","0","0","2301","0","0","0","","0","0","0","2","02301","0","","1.0","","1","","","","0","","0","0","0","","2","N","","2","1","0","0","0","1","0","2","1","2","","","","N","","","","","","","","","",""