"CRN","ARRIVAL_TM","AUTOMOBILE_COUNT","BELTED_DEATH_COUNT","BELTED_SUSP_SERIOUS_INJ_COUNT","BICYCLE_COUNT","BICYCLE_DEATH_COUNT","BICYCLE_SUSP_SERIOUS_INJ_COUNT","BUS_COUNT","CHLDPAS_DEATH_COUNT","CHLDPAS_SUSP_SERIOUS_INJ_COUNT","COLLISION_TYPE","COMM_VEH_COUNT","CONS_ZONE_SPD_LIM","COUNTY","CRASH_MONTH","CRASH_YEAR","DAY_OF_WEEK","DEC_LATITUDE","DEC_LONGITUDE","DISPATCH_TM","DISTRICT","DRIVER_COUNT_16YR","DRIVER_COUNT_17YR","DRIVER_COUNT_18YR","DRIVER_COUNT_19YR","DRIVER_COUNT_20YR","DRIVER_COUNT_50_64YR","DRIVER_COUNT_65_74YR","DRIVER_COUNT_75PLUS","EST_HRS_CLOSED","FATAL_COUNT","HEAVY_TRUCK_COUNT","HORSE_BUGGY_COUNT","HOUR_OF_DAY","ILLUMINATION","INJURY_COUNT","INTERSECTION_RELATED","INTERSECT_TYPE","LANE_CLOSED","LATITUDE","LN_CLOSE_DIR","LOCATION_TYPE","LONGITUDE","MAX_SEVERITY_LEVEL","MCYCLE_DEATH_COUNT","MCYCLE_SUSP_SERIOUS_INJ_COUNT","MOTORCYCLE_COUNT","MUNICIPALITY","NONMOTR_COUNT","NONMOTR_DEATH_COUNT","NONMOTR_SUSP_SERIOUS_INJ_COUNT","NTFY_HIWY_MAINT","PED_COUNT","PED_DEATH_COUNT","PED_SUSP_SERIOUS_INJ_COUNT","PERSON_COUNT","POLICE_AGCY","POSSIBLE_INJ_COUNT","RDWY_SURF_TYPE_CD","RELATION_TO_ROAD","ROADWAY_CLEARED","ROAD_CONDITION","SCH_BUS_IND","SCH_ZONE_IND","SECONDARY_CRASH","SMALL_TRUCK_COUNT","SPEC_JURIS_CD","SUSP_MINOR_INJ_COUNT","SUSP_SERIOUS_INJ_COUNT","SUV_COUNT","TCD_FUNC_CD","TCD_TYPE","TFC_DETOUR_IND","TIME_OF_DAY","TOTAL_UNITS","TOT_INJ_COUNT","UNBELTED_OCC_COUNT","UNB_DEATH_COUNT","UNB_SUSP_SERIOUS_INJ_COUNT","UNK_INJ_DEG_COUNT","UNK_INJ_PER_COUNT","URBAN_RURAL","VAN_COUNT","VEHICLE_COUNT","WEATHER1","WEATHER2","WORKERS_PRES","WORK_ZONE_IND","WORK_ZONE_LOC","WORK_ZONE_TYPE","WZ_CLOSE_DETOUR","WZ_FLAGGER","WZ_LAW_OFFCR_IND","WZ_LN_CLOSURE","WZ_MOVING","WZ_OTHER","WZ_SHLDER_MDN","WZ_WORKERS_INJ_KILLED"
"2017069627","0005","0","0","0","0","0","0","0","0","0","7","0","","02","7","2017","6","40.316886","-79.918947","0001","11","0","0","1","0","0","0","0","0","2","0","0","0","","","0","","0","","40 19:00.789","1","0","79 55:08.208","0","0","0","0","2440","0","0","0","N","0","0","0","1","02440","0","","2.0","","1","N","N","","0","","0","0","1","","0","N","","1","0","0","0","0","0","0","2","0","1","","","","N","","","","","","","","","",""
"2017048268","0946","0","0","0","0","0","0","0","0","0","7","0","","02","5","2017","5","40.659305","-79.835113","0939","11","0","0","0","0","0","0","0","0","1","0","0","0","","","1","","0","","40 39:33.498","5","0","79 50:06.407","8","0","0","0","2220","0","0","0","Y","0","0","0","1","02220","0","","5.0","","9","N","N","","1","","0","0","0","","0","Y","","1","1","0","0","0","1","0","1","0","1","","","","N","","","","","","","","","",""
"2017063885","0847","2","0","0","0","0","0","0","0","0","1","0","","02","6","2017","3","40.613522","-79.962571","0843","11","0","0","0","0","0","0","0","0","","0","0","0","","","0","","0","","40 36:48.679","","0","79 57:45.255","0","0","0","0","2207","0","0","0","","0","0","0","4","68T02","0","","1.0","","1","N","N","","1","","0","0","0","","0","","","3","0","0","0","0","0","0","2","0","3","","","","N","","","","","","","","","",""
"2017053146","1345","0","0","0","0","0","0","0","0","0","4","0","","02","5","2017","3","40.483333","-79.852448","1340","11","0","0","0","0","0","0","0","0","","0","0","0","","","0","","0","","40 29:00.000","","0","79 51:08.811","0","0","0","0","2113","0","0","0","N","0","0","0","3","02113","0","","1.0","","1","N","N","","1","","0","0","0","","0","","","2","0","0","0","0","0","0","2","1","2","","","","N","","","","","","","","","",""
"2017049050","2130","2","0","0","0","0","0","0","0","0","4","0","","02","5","2017","7","40.391141","-80.072849","2128","11","0","0","0","0","1","1","0","0","","0","0","0","","","0","","0","","40 23:28.109","","0","80 04:22.255","0","0","0","0","2117","0","0","0","N","0","0","0","8","02117","0","","1.0","","1","N","N","","0","","0","0","0","","0","","","2","0","0","0","0","0","0","2","0","2","","","","N","","","","","","","","","",""
"2017049835","0318","1","0","0","0","0","0","0","0","0","7","0","","02","5","2017","3","40.490158","-80.021403","0313","11","0","0","0","0","0","0","0","0","2","0","0","0","","","0","","0","","40 29:24.568","2","0","80 01:17.050","0","0","0","0","2301","0","0","0","N","0","0","0","2","02301","0","","5.0","","1","N","N","","0","","0","0","0","","0","N","","1","0","0","0","0","0","0","2","0","1","","","","N","","","","","","","","","",""
"2017054139","1610","0","0","0","0","0","0","0","0","0","4","0","","02","5","2017","6","40.448964","-80.162739","1607","11","0","0","0","0","0","0","0","1","","0","0","0","","","1","","1","","40 26:56.270","","0","80 09:45.860","4","0","0","0","2115","0","0","0","N","0","0","0","2","02115","1","","1.0","","1","N","N","","0","","0","0","2","","0","","","2","1","0","0","0","0","0","2","0","2","","","","N","","","","","","","","","",""
"2017063849","1357","2","0","0","0","0","0","0","0","0","1","0","","02","4","2017","7","40.436127","-79.866249","1330","11","0","0","0","0","0","2","0","0","2","0","0","0","","","0","","0","","40 26:10.058","4","0","79 51:58.497","0","0","0","0","2478","0","0","0","","0","0","0","11","68B03","0","","1.0","","1","N","N","","0","","0","0","3","","0","N","","5","0","0","0","0","0","0","2","0","5","","","","N","","","","","","","","","",""
"2017049817","1225","1","0","0","0","0","0","0","0","0","1","0","","02","5","2017","7","40.518156","-80.028405","1225","11","0","0","0","0","0","1","1","0","1","0","0","0","","","0","","0","","40 31:05.362","1","0","80 01:42.259","0","0","0","0","2474","0","0","0","N","0","0","0","3","02474","0","","1.0","","1","N","N","","1","","0","0","1","","0","Y","","3","0","1","0","0","0","0","2","0","3","","","","N","","","","","","","","","",""
"2017040926","0636","1","0","0","0","0","0","0","0","0","5","0","","02","4","2017","5","40.524957","-79.820109","0628","11","0","0","0","0","0","0","0","0","1","0","0","0","","","0","","0","","40 31:29.846","4","0","79 49:12.394","0","0","0","0","2466","0","0","0","","0","0","0","2","68T02","0","","1.0","","9","N","N","","1","","0","0","0","","0","N","","2","0","0","0","0","0","0","2","0","2","","","","N","","","","","","","","","",""
"2017053984","0941","2","0","0","0","0","0","0","0","0","1","0","","02","5","2017","6","40.478626","-80.043622","0929","11","0","0","0","0","0","0","1","0","1","0","0","0","","","0","","0","","40 28:43.054","3","3","80 02:37.040","0","0","0","0","2301","0","0","0","N","0","0","0","2","02301","0","","1.0","","9","N","N","","0","","0","0","0","","0","N","","2","0","0","0","0","0","0","2","0","2","","","","N","","","","","","","","","",""
"2017047170","0347","0","0","0","0","0","0","0","0","0","7","0","","02","5","2017","3","40.448633","-80.034014","0342","11","0","0","0","0","0","0","0","0","","0","0","0","","","1","","0","","40 26:55.079","","0","80 02:02.449","8","0","0","0","2301","0","0","0","N","0","0","0","2","02301","0","","2.0","","1","N","N","","0","","0","0","1","","0","","","1","1","2","0","0","1","0","2","0","1","","","","N","","","","","","","","","",""
"2017070227","1756","1","0","0","0","0","0","0","0","0","1","0","","02","5","2017","2","40.426125","-79.912903","1747","11","0","0","0","0","0","0","1","1","","0","0","0","","","1","","0","","40 25:34.051","","4","79 54:46.452","3","0","0","0","2301","0","0","0","","0","0","0","7","68B03","0","","1.0","","1","N","N","","0","","1","0","2","","0","","","3","1","0","0","0","0","0","2","0","3","","","","N","","","","","","","","","",""
"2017050048","1813","1","0","0","0","0","0","0","0","0","7","0","","02","5","2017","1","40.582348","-80.060803","1811","11","0","0","0","0","0","0","1","0","4","0","0","0","","","0","","2","","40 34:56.451","6","0","80 03:38.890","0","0","0","0","2108","0","0","0","","0","0","0","2","02108","0","","4.0","","1","N","N","","0","","0","0","0","","3","Y","","1","0","0","0","0","0","0","2","0","1","","","","N","","","","","","","","","",""
"2017049932","1639","1","0","0","0","0","0","0","0","0","4","0","","02","5","2017","2","40.496668","-80.068431","1637","11","0","0","0","0","0","0","0","1","1","0","0","0","","","1","","0","","40 29:48.005","2","0","80 04:06.350","8","0","0","0","2402","0","0","0","N","0","0","0","3","02402","0","","2.0","","1","N","N","","1","","0","0","0","","8","N","","2","1","0","0","0","1","0","2","0","2","","","","N","","","","","","","","","",""
"2017054237","0911","1","0","0","0","0","0","0","0","0","1","0","","02","5","2017","7","40.457251","-79.975178","0907","11","0","0","0","0","0","0","0","0","","0","0","0","","","0","","0","","40 27:26.103","","0","79 58:30.640","0","0","0","0","2301","0","0","0","N","0","0","0","1","02301","0","","6.0","","9","N","N","","0","","0","0","1","","0","","","2","0","0","0","0","0","0","2","0","2","","","","N","","","","","","","","","",""
"2017057192","1247","0","0","0","0","0","0","0","0","0","7","1","","02","6","2017","1","40.449219","-80.025196","1240","11","0","0","0","0","0","1","0","0","2","0","1","0","","","0","","0","","40 26:57.188","2","0","80 01:30.707","0","0","0","0","2301","0","0","0","N","0","0","0","1","02301","0","","2.0","","1","N","N","","0","","0","0","0","","0","N","","1","0","0","0","0","0","0","2","0","1","","","","N","","","","","","","","","",""
"2017049193","1340","0","0","0","0","0","0","0","0","0","1","0","","02","5","2017","7","40.463303","-79.850829","1336","11","0","0","0","0","0","0","0","0","2","0","0","0","","","0","","0","","40 27:47.889","4","0","79 51:02.983","0","0","0","0","2113","0","0","0","N","0","0","0","4","02113","0","","1.0","","1","N","N","","1","","0","0","1","","0","Y","","2","0","0","0","0","0","0","2","0","2","","","","N","","","","","","","","","",""
"2017047701","1815","1","0","0","0","0","0","0","0","0","4","0","","02","5","2017","3","40.443421","-80.030778","1807","11","0","0","1","0","0","0","0","0","","0","0","0","","","0","","0","","40 26:36.314","","0","80 01:50.802","0","0","0","0","2301","0","0","0","N","0","0","0","6","02301","0","","1.0","","1","N","N","","0","","0","0","1","","0","","","2","0","0","0","0","0","0","2","0","2","","","","N","","","","","","","","","",""
"2017048837","0804","1","0","0","1","0","0","0","0","0","8","0","","02","5","2017","5","40.386663","-80.046159","0804","11","0","0","0","0","0","0","0","0","2","0","0","0","","","1","","2","","40 23:11.986","4","0","80 02:46.172","8","0","0","0","2109","1","0","0","","0","0","0","2","02109","0","","1.0","","9","N","N","","0","","0","0","0","","0","Y","","2","1","0","0","0","1","0","2","0","1","","","","N","","","","","","","","","",""
"2017062463","2345","1","0","0","0","0","0","0","0","0","1","0","","02","6","2017","2","40.426123","-79.896366","2342","11","0","0","0","0","0","0","0","0","1","0","0","0","","","2","","0","","40 25:34.042","4","0","79 53:46.919","3","0","0","0","2301","0","0","0","","0","0","0","2","68B03","0","","1.0","","1","N","N","","0","","2","0","1","","0","N","","2","2","0","0","0","0","0","2","0","2","","","","N","","","","","","","","","",""
"2017048536","0752","1","0","0","0","0","0","0","0","0","1","0","","02","5","2017","6","40.472612","-79.972684","0749","11","0","0","0","0","0","0","1","0","1","0","0","0","","","0","","2","","40 28:21.403","3","3","79 58:21.664","0","0","0","0","2445","0","0","0","N","0","0","0","2","02445","0","","1.0","","1","N","N","","1","","0","0","0","","2","N","","2","0","0","0","0","0","0","2","0","2","","","","N","","","","","","","","","",""
"2017050084","2000","2","0","0","0","0","0","0","0","0","1","0","","02","5","2017","2","40.436091","-79.772119","2000","11","0","0","0","1","0","1","0","0","1","0","0","0","","","0","","0","","40 26:09.928","4","0","79 46:19.627","0","0","0","0","2446","0","0","0","N","0","0","0","2","02446","0","","1.0","","1","N","N","","0","","0","0","0","","0","N","","2","0","0","0","0","0","0","2","0","2","","","","N","","","","","","","","","",""
"2017042614","1458","2","0","0","0","0","0","0","0","0","2","0","","02","4","2017","2","40.552828","-80.022553","1453","11","0","0","0","0","0","1","0","0","","0","0","0","","","1","","0","","40 33:10.180","","0","80 01:21.190","4","0","0","0","2116","0","0","0","N","0","0","0","2","02116","1","","1.0","","1","N","N","","0","","0","0","0","","0","","","2","1","0","0","0","0","0","2","0","2","","","","N","","","","","","","","","",""
"2017048949","1645","3","0","0","0","0","0","0","0","0","1","0","","02","5","2017","6","40.570251","-79.954222","1640","11","0","0","0","0","0","0","0","0","1","0","0","0","","","1","","0","","40 34:12.904","1","0","79 57:15.200","4","0","0","0","2207","0","0","0","N","0","0","0","4","02207","1","","1.0","","1","N","N","","1","","0","0","0","","0","N","","4","1","0","0","0","0","0","2","0","4","","","","N","","","","","","","","","",""
"2017048095","2256","0","0","0","0","0","0","0","0","0","2","0","","02","5","2017","4","40.5034","-80.025118","2252","11","0","0","0","0","0","0","1","0","2","0","0","0","","","0","","1","","40 30:12.241","2","0","80 01:30.426","0","0","0","0","2116","0","0","0","N","0","0","0","4","02116","0","","1.0","","1","N","N","","0","","0","0","1","","2","Y","","2","0","3","0","0","0","0","2","1","2","","","","N","","","","","","","","","",""
"2017041603","0945","2","0","0","0","0","0","0","0","0","1","0","","02","4","2017","7","40.331276","-80.052771","0941","11","0","0","0","0","0","0","0","0","","0","0","0","","","1","","2","","40 19:52.594","","0","80 03:09.976","3","0","0","0","2407","0","0","0","","0","0","0","4","02407","0","","1.0","","1","N","N","","0","","1","0","0","","0","","","2","1","0","0","0","0","0","2","0","2","","","","N","","","","","","","","","",""
"2017034852","1722","2","0","0","0","0","0","0","0","0","4","0","","02","3","2017","2","40.519723","-80.217801","1718","11","0","0","0","0","0","0","0","0","1","0","0","0","","","2","","1","","40 31:11.001","1","0","80 13:04.082","3","0","0","0","2213","0","0","0","","0","0","0","2","02213","1","","1.0","","1","N","N","","0","","1","0","0","","2","N","","2","2","0","0","0","0","0","2","0","2","","","","N","","","","","","","","","",""
"2017018730","2033","1","0","0","0","0","0","0","0","0","7","0","","02","2","2017","2","40.385786","-79.880124","2031","11","0","0","0","0","0","1","0","0","","0","0","0","","","0","","2","","40 23:08.829","","0","79 52:48.446","0","0","0","0","2473","0","0","0","N","0","0","0","1","02473","0","","2.0","","1","N","N","","0","","0","0","0","","0","","","1","0","0","0","0","0","0","2","0","1","","","","N","","","","","","","","","",""
"2017029267","0815","2","0","0","0","0","0","0","0","0","4","0","","02","3","2017","6","40.464681","-80.074362","0813","11","0","0","0","0","0","0","0","0","1","0","0","0","","","1","","1","","40 27:52.851","2","3","80 04:27.703","8","0","0","0","2444","0","0","0","N","0","0","0","3","02444","0","","1.0","","1","N","N","","0","","0","0","1","","2","N","","3","1","0","0","0","1","0","2","0","3","","","","N","","","","","","","","","",""
"2017027018","1630","1","0","0","0","0","0","0","0","0","4","0","","02","3","2017","7","40.397667","-80.032639","1628","11","0","0","0","0","0","0","0","0","","0","0","0","","","0","","1","","40 23:51.600","","0","80 01:57.500","0","0","0","0","2422","0","0","0","","0","0","0","3","02422","0","","1.0","","1","N","N","","0","","0","0","1","","3","","","2","0","1","0","0","0","0","2","0","2","","","","N","","","","","","","","","",""
"2017048045","0607","0","0","0","0","0","0","0","0","0","99","0","","02","5","2017","3","40.505764","-79.858691","0541","11","0","0","0","0","0","0","0","0","2","0","0","0","","","1","","0","","40 30:20.751","2","0","79 51:31.286","3","0","0","0","2112","0","0","0","","0","0","0","1","68D02","0","","1.0","","1","N","N","","0","","1","0","1","","0","N","","1","1","0","0","0","0","0","2","0","1","","","","N","","","","","","","","","",""
"2017021293","2054","2","0","0","0","0","0","0","0","0","7","0","","02","2","2017","4","","","2054","11","0","0","0","1","0","0","0","0","1","0","0","0","","","0","","2","","","5","0","","0","0","0","0","2304","0","0","0","N","0","0","0","4","02304","0","","5.0","","1","N","N","","0","","0","0","0","","0","Y","","2","0","2","0","0","0","0","1","0","2","","","","N","","","","","","","","","",""
"2017035241","1142","2","0","0","0","0","0","0","0","0","4","0","","02","4","2017","4","40.326006","-79.793457","1141","11","0","0","0","0","0","0","1","1","","0","0","0","","","1","","2","","40 19:33.622","","0","79 47:36.446","3","0","0","0","2477","0","0","0","N","0","0","0","3","02477","0","","1.0","","1","N","N","","0","","1","0","0","","0","","","2","1","0","0","0","0","0","2","0","2","","","","N","","","","","","","","","",""
"2017062481","1834","1","0","0","0","0","0","0","0","0","1","0","","02","6","2017","5","40.427482","-80.030692","1808","11","0","0","0","0","0","0","0","0","","0","0","0","","","0","","0","","40 25:38.936","","0","80 01:50.490","0","0","0","0","2301","0","0","0","","0","0","0","2","68B03","0","","1.0","","1","N","N","","0","","0","0","0","","0","","","2","0","0","0","0","0","0","2","1","2","","","","N","","","","","","","","","",""
"2017031074","1755","1","0","0","0","0","0","0","0","0","0","0","","02","3","2017","4","40.449839","-79.929647","1745","11","0","0","0","0","0","0","0","0","1","0","0","0","","","0","","1","","40 26:59.420","3","0","79 55:46.729","0","0","0","0","2301","0","0","0","N","0","0","0","1","02301","0","","1.0","","1","N","N","","0","","0","0","0","","0","N","","1","0","0","0","0","0","0","2","0","1","","","","N","","","","","","","","","",""
"2017023291","2052","2","0","0","0","0","0","0","0","0","4","0","","02","2","2017","3","40.442434","-79.999888","2048","11","0","0","0","0","0","1","0","0","2","0","0","0","","","1","","1","","40 26:32.763","2","0","79 59:59.595","8","0","0","0","2301","0","0","0","N","0","0","0","2","02301","0","","1.0","","1","N","N","","0","","0","0","0","","2","N","","2","1","0","0","0","1","0","2","0","2","","","","N","","","","","","","","","",""
"2017043310","2320","2","0","0","0","0","0","0","0","0","4","0","","02","4","2017","4","40.455448","-79.892203","2315","11","0","0","0","0","0","0","0","0","","0","0","0","","","0","","1","","40 27:19.611","","0","79 53:31.929","0","0","0","0","2301","0","0","0","N","0","0","0","2","02301","0","","1.0","","1","N","N","","0","","0","0","0","","3","","","2","0","0","0","0","0","0","2","0","2","","","","N","","","","","","","","","",""
"2017034181","1159","0","0","0","0","0","0","0","0","0","6","0","","02","3","2017","6","40.519799","-79.80706","1156","11","0","0","0","0","0","0","1","0","2","0","0","0","","","2","","0","","40 31:11.275","6","0","79 48:25.417","4","0","0","0","2466","0","0","0","N","0","0","0","3","02466","1","","1.0","","9","N","N","","1","","0","0","1","","0","N","","2","2","1","0","0","1","0","2","0","2","","","","N","","","","","","","","","",""
"2017025907","1125","0","0","0","0","0","0","0","0","0","8","0","","02","3","2017","4","40.438914","-80.001678","1114","11","0","0","0","0","0","0","0","0","1","0","0","0","","","1","","0","","40 26:20.090","4","0","80 00:06.040","8","0","0","0","2301","1","0","0","N","1","0","0","3","02301","0","","4.0","","1","N","N","","1","","0","0","0","","0","N","","2","1","0","0","0","1","0","2","0","1","","","","N","","","","","","","","","",""
"2017034049","2241","1","0","0","0","0","0","0","0","0","4","0","","02","3","2017","5","40.461735","-79.89463","2236","11","0","0","0","0","0","0","0","0","","0","0","0","","","0","","3","","40 27:42.246","","0","79 53:40.667","0","0","0","0","2301","0","0","0","N","0","0","0","1","02301","0","","2.0","","1","N","N","","0","","0","0","1","","0","","","2","0","0","0","0","0","0","2","0","2","","","","N","","","","","","","","","",""
"2017022927","2010","1","0","0","0","0","0","0","0","0","7","0","","02","2","2017","2","40.418239","-80.090965","2003","11","0","0","0","0","0","0","0","1","2","0","0","0","","","1","","1","","40 25:05.660","7","0","80 05:27.473","4","0","0","0","2415","0","0","0","N","0","0","0","1","02415","1","","5.0","","1","N","N","","0","","0","0","0","","0","N","","1","1","0","0","0","0","0","2","0","1","","","","N","","","","","","","","","",""
"2017034019","1715","0","0","0","0","0","0","0","0","0","2","0","","02","3","2017","5","40.396136","-79.906321","1713","11","0","0","0","0","0","0","0","0","1","0","0","0","","","1","","0","","40 23:46.089","1","0","79 54:22.757","3","0","0","0","2448","0","0","0","N","0","0","0","1","02448","0","","5.0","","1","N","N","","2","","1","0","0","","3","N","","2","1","0","0","0","0","0","2","0","2","","","","N","","","","","","","","","",""
"2017032409","2143","2","0","0","0","0","0","0","0","0","8","0","","02","3","2017","7","40.422472","-80.010105","2136","11","0","0","0","0","0","1","0","0","1","0","0","0","","","1","","2","","40 25:20.899","2","0","80 00:36.377","2","0","0","0","2301","0","0","0","N","0","0","0","2","02301","0","","1.0","","1","N","N","","0","","0","1","0","","3","Y","","2","1","0","0","0","0","0","2","0","2","","","","N","","","","","","","","","",""
"2017041582","0145","0","0","0","0","0","0","0","0","0","7","0","","02","4","2017","6","40.360289","-79.933315","0143","11","0","0","0","0","0","0","0","0","2","0","0","0","","","1","","0","","40 21:37.039","2","0","79 55:59.935","3","0","0","0","2473","0","0","0","N","0","0","0","1","02473","0","","2.0","","1","N","N","","0","","1","0","1","","0","N","","1","1","1","0","0","0","0","2","0","1","","","","N","","","","","","","","","",""
"2017031398","1219","1","0","0","0","0","0","0","0","0","1","0","","02","3","2017","5","40.349655","-79.932248","1217","11","0","0","0","0","0","0","0","1","1","0","0","0","","","0","","0","","40 20:58.757","3","0","79 55:56.094","0","0","0","0","2473","0","0","0","N","0","0","0","3","02473","0","","1.0","","1","N","N","","0","","0","0","1","","0","N","","2","0","0","0","0","0","0","2","0","2","","","","N","","","","","","","","","",""
"2017040266","1430","1","0","0","0","0","0","0","0","0","1","0","","02","4","2017","3","40.357581","-80.118853","1423","11","0","0","0","0","0","0","1","0","","0","0","0","","","0","","0","","40 21:27.290","","0","80 07:07.872","0","0","0","0","2119","0","0","0","","0","0","0","3","68B03","0","","1.0","","1","N","N","","0","","0","0","1","","0","","","3","0","0","0","0","0","0","2","1","3","","","","N","","","","","","","","","",""
"2017034085","0904","1","0","0","0","0","0","0","0","0","7","0","","02","3","2017","5","40.612038","-79.759198","0904","11","0","0","0","0","0","2","0","0","2","0","0","0","","","0","","0","","40 36:43.337","1","0","79 45:33.112","0","0","0","0","2464","0","0","0","","0","0","0","2","68D02","0","","5.0","","1","N","N","","1","","0","0","0","","0","N","","2","0","0","0","0","0","0","2","0","2","","","","N","","","","","","","","","",""
"2017033713","1707","2","0","0","0","0","0","0","0","0","1","0","","02","3","2017","4","40.450383","-80.027633","1703","11","0","0","0","0","0","0","0","0","2","0","0","0","","","1","","6","","40 27:01.379","2","2","80 01:39.477","8","0","0","0","2301","0","0","0","N","0","0","0","4","02301","0","","7.0","","1","N","N","","0","","0","0","1","","0","N","","3","1","2","0","0","1","0","2","0","3","","","","N","","","","","","","","","",""
"2017017587","1740","1","0","0","0","0","0","0","0","0","7","0","","02","2","2017","5","40.523022","-80.192397","1733","11","0","0","0","0","0","0","0","0","","0","0","0","","","1","","0","","40 31:22.880","","0","80 11:32.630","8","0","0","0","2213","0","0","0","","0","0","0","1","02213","0","","4.0","","6","N","N","","0","","0","0","0","","0","","","1","1","0","0","0","1","0","2","0","1","","","","N","","","","","","","","","",""
"2017040954","1840","1","0","0","0","0","0","0","0","0","4","0","","02","4","2017","4","40.365877","-79.77689","1835","11","0","0","0","1","0","0","0","1","2","0","0","0","","","1","","2","","40 21:57.158","6","0","79 46:36.803","4","0","0","0","2111","0","0","0","N","0","0","0","2","02111","1","","1.0","","1","N","N","","1","","0","0","0","","3","N","","2","1","0","0","0","0","0","2","0","2","","","","N","","","","","","","","","",""
"2017026722","2200","0","0","0","0","0","0","0","0","0","4","0","","02","3","2017","6","40.356538","-80.119405","2159","11","0","1","0","0","0","0","1","0","","0","0","0","","","0","","2","","40 21:23.538","","0","80 07:09.858","0","0","0","0","2119","0","0","0","N","0","0","0","2","02119","0","","1.0","","1","N","N","","0","","0","0","2","","2","","","2","0","0","0","0","0","0","2","0","2","","","","N","","","","","","","","","",""
"2017036115","0400","1","1","0","0","0","0","0","0","0","2","0","","02","4","2017","5","40.45661","-79.990071","0345","11","0","0","0","0","0","0","0","0","4","2","0","0","","","0","","0","","40 27:23.796","2","0","79 59:24.257","1","0","0","0","2301","0","0","0","N","0","0","0","2","02301","0","2","1.0","","9","N","N","","0","0","0","0","1","","0","Y","","2","0","0","0","0","0","0","2","0","2","","","","N","","","","","","","","","",""
"2017025002","0804","1","0","0","0","0","0","0","0","0","4","0","","02","3","2017","2","40.614136","-80.144235","0750","11","0","0","0","0","0","0","0","0","","0","0","0","","","1","","2","","40 36:50.888","","0","80 08:39.246","8","0","0","0","2481","0","0","0","N","0","0","0","2","02481","0","","1.0","","1","N","N","","0","","0","0","0","","3","","","2","1","0","0","0","1","0","1","1","2","","","","N","","","","","","","","","",""
"2017039055","0218","0","0","0","0","0","0","0","0","0","99","0","","02","4","2017","7","40.478349","-79.955681","0215","11","0","0","0","0","0","0","0","0","1","0","0","0","","","0","","1","","40 28:42.055","1","0","79 57:20.452","0","0","0","0","2301","0","0","0","N","0","0","0","1","02301","0","","2.0","","1","N","N","","0","","0","0","1","","2","N","","1","0","0","0","0","0","0","2","0","1","","","","N","","","","","","","","","",""
"2017031596","1317","2","0","0","0","0","0","0","0","0","1","0","","02","3","2017","4","40.336124","-79.984798","1314","11","0","0","0","0","0","0","0","1","","0","0","0","","","0","","2","","40 20:10.046","","0","79 59:05.272","0","0","0","0","2403","0","0","0","N","0","0","0","3","02403","0","","1.0","","1","N","N","","0","","0","0","0","","0","","","3","0","0","0","0","0","0","2","1","3","","","","N","","","","","","","","","",""
"2017044259","1539","0","0","0","0","0","0","0","0","0","1","1","","02","4","2017","2","40.427295","-79.920861","1512","11","0","0","0","0","0","0","0","0","","0","1","0","","","1","","0","","40 25:38.262","","4","79 55:15.101","4","0","0","0","2301","0","0","0","","0","0","0","3","68B03","1","","1.0","","1","N","N","","0","","0","0","0","","0","","","2","1","0","0","0","0","0","2","1","2","","","","N","","","","","","","","","",""
"2017046738","1520","2","0","0","0","0","0","0","0","0","1","0","45","02","5","2017","5","40.439324","-80.240429","1515","11","0","0","0","0","0","1","0","0","","0","0","0","","","1","","0","","40 26:21.566","","0","80 14:25.544","8","0","0","0","2214","0","0","0","","0","0","0","2","68B03","0","","1.0","","1","N","N","","0","","0","0","0","","0","","","2","1","0","0","0","1","0","2","0","2","","","Y","Y","4","1","N","N","N","Y","N","N","N",""
"2017033301","1825","2","0","0","0","0","0","0","0","0","1","0","","02","3","2017","2","40.519458","-79.924661","1820","11","0","0","0","0","0","0","1","0","1","0","0","0","","","2","","0","","40 31:10.048","2","0","79 55:28.778","8","0","0","0","2112","0","0","0","N","0","0","0","3","02112","0","","1.0","","1","N","N","","0","","0","0","0","","0","N","","2","2","0","0","0","2","0","2","0","2","","","","N","","","","","","","","","",""
"2017032490","1140","3","0","0","0","0","0","0","0","0","1","0","","02","3","2017","1","40.436935","-80.01482","1123","11","0","0","1","0","1","0","0","0","1","0","0","0","","","0","","0","","40 26:12.965","3","4","80 00:53.351","0","0","0","0","2301","0","0","0","","0","0","0","6","68B03","0","","1.0","","1","N","N","","0","","0","0","0","","0","N","","3","0","2","0","0","0","0","2","0","3","","","","N","","","","","","","","","",""
"2017029159","0650","0","0","0","0","0","0","0","0","0","1","0","","02","3","2017","5","40.412612","-80.045738","0650","11","0","0","0","0","0","0","0","0","","0","0","0","","","1","","0","","40 24:45.404","","0","80 02:44.658","3","0","0","0","2435","0","0","0","N","0","0","0","2","02435","0","","1.0","","9","N","N","","0","","1","0","1","","0","","","2","1","0","0","0","0","0","2","1","2","","","","N","","","","","","","","","",""
"2017043014","1825","1","0","0","0","0","0","0","0","0","1","0","","02","2","2017","4","40.423386","-80.106146","1817","11","0","0","0","0","0","1","0","0","","0","0","0","","","0","","0","","40 25:24.191","","1","80 06:22.126","0","0","0","0","2115","0","0","0","","0","0","0","2","68B03","0","","1.0","","1","N","N","","0","","0","0","1","","0","","","2","0","0","0","0","0","0","2","0","2","","","","N","","","","","","","","","",""