"CRN","ARRIVAL_TM","AUTOMOBILE_COUNT","BELTED_DEATH_COUNT","BELTED_SUSP_SERIOUS_INJ_COUNT","BICYCLE_COUNT","BICYCLE_DEATH_COUNT","BICYCLE_SUSP_SERIOUS_INJ_COUNT","BUS_COUNT","CHLDPAS_DEATH_COUNT","CHLDPAS_SUSP_SERIOUS_INJ_COUNT","COLLISION_TYPE","COMM_VEH_COUNT","CONS_ZONE_SPD_LIM","COUNTY","CRASH_MONTH","CRASH_YEAR","DAY_OF_WEEK","DEC_LATITUDE","DEC_LONGITUDE","DISPATCH_TM","DISTRICT","DRIVER_COUNT_16YR","DRIVER_COUNT_17YR","DRIVER_COUNT_18YR","DRIVER_COUNT_19YR","DRIVER_COUNT_20YR","DRIVER_COUNT_50_64YR","DRIVER_COUNT_65_74YR","DRIVER_COUNT_75PLUS","EST_HRS_CLOSED","FATAL_COUNT","HEAVY_TRUCK_COUNT","HORSE_BUGGY_COUNT","HOUR_OF_DAY","ILLUMINATION","INJURY_COUNT","INTERSECTION_RELATED","INTERSECT_TYPE","LANE_CLOSED","LATITUDE","LN_CLOSE_DIR","LOCATION_TYPE","LONGITUDE","MAX_SEVERITY_LEVEL","MCYCLE_DEATH_COUNT","MCYCLE_SUSP_SERIOUS_INJ_COUNT","MOTORCYCLE_COUNT","MUNICIPALITY","NONMOTR_COUNT","NONMOTR_DEATH_COUNT","NONMOTR_SUSP_SERIOUS_INJ_COUNT","NTFY_HIWY_MAINT","PED_COUNT","PED_DEATH_COUNT","PED_SUSP_SERIOUS_INJ_COUNT","PERSON_COUNT","POLICE_AGCY","POSSIBLE_INJ_COUNT","RDWY_SURF_TYPE_CD","RELATION_TO_ROAD","ROADWAY_CLEARED","ROAD_CONDITION","SCH_BUS_IND","SCH_ZONE_IND","SECONDARY_CRASH","SMALL_TRUCK_COUNT","SPEC_JURIS_CD","SUSP_MINOR_INJ_COUNT","SUSP_SERIOUS_INJ_COUNT","SUV_COUNT","TCD_FUNC_CD","TCD_TYPE","TFC_DETOUR_IND","TIME_OF_DAY","TOTAL_UNITS","TOT_INJ_COUNT","UNBELTED_OCC_COUNT","UNB_DEATH_COUNT","UNB_SUSP_SERIOUS_INJ_COUNT","UNK_INJ_DEG_COUNT","UNK_INJ_PER_COUNT","URBAN_RURAL","VAN_COUNT","VEHICLE_COUNT","WEATHER1","WEATHER2","WORKERS_PRES","WORK_ZONE_IND","WORK_ZONE_LOC","WORK_ZONE_TYPE","WZ_CLOSE_DETOUR","WZ_FLAGGER","WZ_LAW_OFFCR_IND","WZ_LN_CLOSURE","WZ_MOVING","WZ_OTHER","WZ_SHLDER_MDN","WZ_WORKERS_INJ_KILLED"
"2017045048","1440","1","0","0","0","0","0","0","0","0","7","0","","02","5","2017","2","40.469799","-80.207038","1433","11","0","0","0","0","0","0","0","0","","0","0","0","","","0","","7","","40 28:11.275","","0","80 12:25.335","0","0","0","0","2213","0","0","0","","0","0","0","1","02213","0","","4.0","","8","N","N","","0","","0","0","0","","0","","","1","0","0","0","0","0","0","2","0","1","","","","N","","","","","","","","","",""
"2017038872","1245","2","0","0","0","0","0","0","0","0","4","0","","02","4","2017","6","40.462469","-79.924405","1230","11","0","0","0","0","0","0","0","0","","0","0","0","","","0","","1","","40 27:44.888","","0","79 55:27.858","0","0","0","0","2301","0","0","0","N","0","0","0","3","02301","0","","1.0","","1","N","N","","0","","0","0","0","","3","","","2","0","0","0","0","0","0","2","0","2","","","","N","","","","","","","","","",""
"2017034198","1613","1","0","0","0","0","0","0","0","0","99","0","","02","3","2017","5","40.42819","-79.971169","1611","11","0","0","0","0","0","1","0","0","","0","0","0","","","0","","1","","40 25:41.485","","0","79 58:16.210","0","0","0","0","2301","0","0","0","N","0","0","0","2","02301","0","","1.0","","1","N","N","","0","","0","0","1","","0","","","2","0","0","0","0","0","0","2","0","2","","","","N","","","","","","","","","",""
"2017034695","0145","1","0","0","0","0","0","0","0","0","4","0","","02","4","2017","1","40.448934","-80.000728","0145","11","0","0","0","0","0","0","0","0","2","0","0","0","","","3","","1","","40 26:56.164","2","0","80 00:02.622","8","0","0","0","2301","0","0","0","N","0","0","0","3","02301","0","","1.0","","1","N","N","","0","","0","0","1","","2","N","","2","3","2","0","0","3","0","2","0","2","","","","N","","","","","","","","","",""
"2017030605","1707","1","0","0","0","0","0","0","0","0","1","0","","02","3","2017","3","40.329301","-79.958997","1705","11","0","0","0","0","0","0","0","0","1","0","0","0","","","0","","2","","40 19:45.485","2","0","79 57:32.390","0","0","0","0","2454","0","0","0","N","0","0","0","3","02454","0","","1.0","","1","N","N","","1","","0","0","1","","3","N","","3","0","0","0","0","0","0","2","0","3","","","","N","","","","","","","","","",""
"2017019746","0220","1","0","0","0","0","0","0","0","0","7","0","","02","2","2017","6","40.466655","-80.034671","0215","11","0","0","0","0","0","0","0","0","1","0","0","0","","","0","","0","","40 27:59.958","2","0","80 02:04.817","0","0","0","0","2301","0","0","0","N","0","0","0","1","02301","0","","1.0","","1","N","N","","0","","0","0","0","","0","N","","1","0","0","0","0","0","0","2","0","1","","","","N","","","","","","","","","",""
"2017027107","1047","0","0","0","0","0","0","0","0","0","7","0","","02","3","2017","1","40.383533","-79.981021","1038","11","0","0","0","0","0","0","0","0","1","0","0","0","","","0","","0","","40 23:00.718","7","0","79 58:51.675","9","0","0","0","2301","0","0","0","N","0","0","0","1","02301","0","","5.0","","1","N","N","","0","","0","0","0","","0","Y","","1","0","0","0","0","0","1","2","1","1","","","","N","","","","","","","","","",""
"2017036952","1650","0","0","0","0","0","0","0","0","0","4","0","","02","4","2017","5","40.615175","-79.759227","1639","11","0","0","0","0","0","0","0","0","1","0","0","0","","","0","","2","","40 36:54.630","7","0","79 45:33.217","0","0","0","0","2202","0","0","0","","0","0","0","2","68D02","0","","1.0","","9","N","N","","1","","0","0","1","","0","N","","2","0","0","0","0","0","0","2","0","2","","","","N","","","","","","","","","",""
"2017029463","1649","2","0","0","0","0","0","0","0","0","1","0","","02","3","2017","6","40.624294","-80.053786","1640","11","0","0","0","1","0","0","0","0","","0","0","0","","","0","","0","","40 37:27.459","","0","80 03:13.630","0","0","0","0","2216","0","0","0","N","0","0","0","2","02505","0","","1.0","","9","N","N","","0","","0","0","0","","0","","","2","0","0","0","0","0","0","1","0","2","","","","N","","","","","","","","","",""
"2017019362","2018","1","0","0","0","0","0","0","0","0","7","0","","02","2","2017","5","40.596463","-80.113804","2016","11","0","0","0","0","0","0","0","0","","0","0","0","","","0","","0","","40 35:47.267","","0","80 06:49.695","0","0","0","0","2481","0","0","0","Y","0","0","0","1","02481","0","","5.0","","1","N","N","","0","","0","0","0","","0","","","1","0","0","0","0","0","0","2","0","1","","","","N","","","","","","","","","",""
"2017026730","0340","1","0","0","0","0","0","0","0","0","7","0","","02","3","2017","7","40.460938","-79.871971","0331","11","0","0","0","0","0","0","0","0","2","0","0","0","","","1","","0","","40 27:39.377","4","0","79 52:19.095","3","0","0","0","2113","0","0","0","N","0","0","0","1","02113","0","","2.0","","7","N","N","","0","","1","0","0","","0","N","","1","1","0","0","0","0","0","2","0","1","","","","N","","","","","","","","","",""
"2017016036","1437","1","0","0","0","0","0","0","0","0","1","0","","02","2","2017","4","40.465987","-80.135474","1433","11","1","0","0","0","0","0","0","0","2","0","0","0","","","1","","2","","40 27:57.553","3","0","80 08:07.706","8","0","0","0","2115","0","0","0","","0","0","0","2","02115","0","","1.0","","1","N","N","","0","","0","0","1","","0","N","","2","1","0","0","0","1","0","2","0","2","","","","N","","","","","","","","","",""
"2017044240","0715","0","0","0","0","0","0","0","0","0","7","0","","02","4","2017","5","40.440349","-79.758804","0651","11","0","0","0","0","0","0","0","0","","0","0","0","","","1","","10","","40 26:25.257","","3","79 45:31.695","8","0","0","0","2446","0","0","0","","0","0","0","1","68B03","0","","4.0","","9","N","N","","0","","0","0","1","","0","","","1","1","0","0","0","1","0","2","0","1","","","","N","","","","","","","","","",""
"2017034033","2025","1","0","0","0","0","0","0","0","0","1","0","","02","3","2017","5","40.330036","-79.842187","2024","11","0","0","0","0","0","2","0","0","","0","0","0","","","1","","2","","40 19:48.129","","0","79 50:31.874","8","0","0","0","2304","0","0","0","N","0","0","0","3","02304","0","","1.0","","1","N","N","","1","","0","0","0","","0","","","2","1","1","0","0","1","0","2","0","2","","","","N","","","","","","","","","",""
"2017015813","1703","1","0","0","0","0","0","0","0","0","1","0","","02","2","2017","6","40.653387","-80.066066","1659","11","1","0","0","0","0","0","0","0","2","0","0","0","","","1","","0","","40 39:12.192","4","0","80 03:57.838","4","0","0","0","2216","0","0","0","N","0","0","0","2","02505","1","","1.0","","1","N","N","","0","","0","0","1","","0","N","","2","1","0","0","0","0","0","2","0","2","","","","N","","","","","","","","","",""
"2017031052","1535","2","0","0","0","0","0","0","0","0","1","0","","02","3","2017","1","40.337536","-80.051403","1520","11","0","0","0","0","0","0","0","0","","0","0","0","","","5","","0","","40 20:15.129","","0","80 03:05.050","4","0","0","0","2407","0","0","0","","0","0","0","5","02407","5","","1.0","","1","N","N","","0","","0","0","0","","0","","","2","5","0","0","0","0","0","2","0","2","","","","N","","","","","","","","","",""
"2017015228","1444","1","0","0","0","0","0","0","0","0","7","0","","02","2","2017","3","40.487261","-79.762543","1434","11","1","0","0","0","0","0","0","0","","0","0","0","","","0","","0","","40 29:14.140","","0","79 45:45.153","0","0","0","0","2466","0","0","0","N","0","0","0","2","02466","0","","5.0","","9","N","N","","0","","0","0","0","","0","","","1","0","0","0","0","0","0","2","0","1","","","","N","","","","","","","","","",""
"2017034987","0424","1","0","0","0","0","0","0","0","0","7","0","","02","4","2017","3","40.430668","-80.02619","0422","11","0","0","0","0","0","0","0","0","2","0","0","0","","","0","","0","","40 25:50.406","2","0","80 01:34.283","9","0","0","0","2301","0","0","0","Y","0","0","0","1","02301","0","","3.0","","9","N","N","","0","","0","0","0","","0","N","","1","0","0","0","0","0","1","2","0","1","","","","N","","","","","","","","","",""
"2017028122","1708","0","0","0","0","0","0","0","0","0","1","0","","02","3","2017","3","40.438116","-80.068176","1702","11","0","0","0","0","0","1","1","0","","0","0","0","","","1","","0","","40 26:17.217","","0","80 04:05.435","4","0","0","0","2421","0","0","0","N","0","0","0","2","02421","1","","1.0","","9","N","N","","1","","0","0","1","","0","","","2","1","0","0","0","0","0","2","0","2","","","","N","","","","","","","","","",""
"2017018877","0852","1","0","0","0","0","0","0","0","0","4","0","","02","2","2017","5","40.451178","-79.86831","0837","11","0","0","0","0","0","0","0","0","","0","0","0","","","1","","2","","40 27:04.242","","0","79 52:05.916","4","0","0","0","2301","0","0","0","N","0","0","0","3","02301","1","","1.0","","9","N","N","","0","","0","0","1","","3","","","2","1","0","0","0","0","0","2","0","2","","","","N","","","","","","","","","",""
"2017025748","0335","1","0","0","0","0","0","0","0","0","0","0","","02","3","2017","1","40.430476","-79.978954","0329","11","0","0","0","0","0","0","0","0","","0","0","0","","","0","","10","","40 25:49.713","","99","79 58:44.234","0","0","0","0","2301","0","0","0","N","0","0","0","1","02301","0","","5.0","","1","N","N","","0","","0","0","0","","0","","","1","0","0","0","0","0","0","2","0","1","","","","N","","","","","","","","","",""
"2017024217","0920","0","0","0","0","0","0","0","0","0","7","0","","02","2","2017","1","40.494401","-79.920149","0916","11","0","0","0","0","0","0","0","0","2","0","0","0","","","0","","0","","40 29:39.844","6","0","79 55:12.537","9","0","0","0","2461","0","0","0","N","0","0","0","1","02461","0","","2.0","","1","N","N","","0","","0","0","1","","0","Y","","1","0","0","0","0","0","1","2","0","1","","","","N","","","","","","","","","",""
"2017050614","2050","1","0","0","0","0","0","0","0","0","6","0","","02","5","2017","6","40.414111","-79.903444","2047","11","0","1","0","0","0","0","0","0","1","0","0","0","","","1","","0","","40 24:50.800","3","0","79 54:12.400","3","0","0","0","2448","0","0","0","N","0","0","0","6","02448","0","","1.0","","1","N","N","","0","","1","0","1","","0","N","","2","1","0","0","0","0","0","2","0","2","","","","N","","","","","","","","","",""
"2017021752","0512","1","0","0","0","0","0","0","0","0","7","0","","02","2","2017","3","40.40885","-79.895704","0510","11","0","0","0","0","0","0","0","0","2","0","0","0","","","1","","0","","40 24:31.859","3","0","79 53:44.533","8","0","0","0","2448","0","0","0","N","0","0","0","2","02448","0","","5.0","","1","N","N","","0","","0","0","0","","2","Y","","1","1","1","0","0","1","0","2","0","1","","","","N","","","","","","","","","",""
"2017034263","1758","2","0","0","0","0","0","0","0","0","1","0","","02","3","2017","6","40.330902","-79.84354","1754","11","0","0","0","0","0","1","0","0","","0","0","0","","","0","","0","","40 19:51.246","","0","79 50:36.743","0","0","0","0","2304","0","0","0","N","0","0","0","4","02304","0","","1.0","","9","N","N","","1","","0","0","0","","0","","","3","0","0","0","0","0","0","2","0","3","","","","N","","","","","","","","","",""
"2017026792","1149","1","0","0","0","0","0","0","0","0","4","0","","02","3","2017","7","40.362035","-80.011224","1508","11","0","0","0","0","0","0","0","0","2","0","0","0","","","0","","1","","40 21:43.327","3","0","80 00:40.407","0","0","0","0","2416","0","0","0","","0","0","0","2","02416","0","","1.0","","1","N","N","","0","","0","0","1","","3","N","","2","0","0","0","0","0","0","2","0","2","","","","N","","","","","","","","","",""
"2017032612","0949","2","0","0","0","0","0","0","0","0","1","0","","02","3","2017","2","40.412458","-80.030732","0944","11","0","0","0","0","0","1","0","0","1","0","0","0","","","0","","0","","40 24:44.847","1","0","80 01:50.636","0","0","0","0","2301","0","0","0","N","0","0","0","2","02301","0","","1.0","","1","N","N","","0","","0","0","0","","0","N","","2","0","0","0","0","0","0","2","0","2","","","","N","","","","","","","","","",""
"2017033589","0228","1","0","1","0","0","0","0","0","0","7","0","","02","3","2017","1","40.333612","-79.814742","0227","11","0","0","0","0","0","0","0","0","2","0","0","0","","","1","","0","","40 20:01.003","4","0","79 48:53.071","2","0","0","0","2477","0","0","0","N","0","0","0","1","02477","0","","5.0","","1","N","N","","0","","0","1","0","","0","N","","1","1","0","0","0","0","0","2","0","1","","","","N","","","","","","","","","",""
"2017045663","0740","0","0","0","0","0","0","0","0","0","4","0","","02","4","2017","6","40.433447","-79.797778","0733","11","0","0","0","0","0","1","1","0","2","0","0","0","","","1","","1","","40 26:00.410","4","0","79 47:52.000","8","0","0","0","2446","0","0","0","N","0","0","0","3","02446","0","","2.0","","1","N","N","","0","","0","0","2","","2","Y","","2","1","0","0","0","1","0","2","0","2","","","","N","","","","","","","","","",""
"2017031014","2055","1","0","0","0","0","0","0","0","0","2","0","","02","3","2017","3","40.457104","-79.877675","2045","11","0","0","0","0","0","0","1","0","2","0","0","0","","","1","","2","","40 27:25.574","1","0","79 52:39.630","3","0","0","0","2301","0","0","0","N","0","0","0","1","02301","0","","1.0","","1","N","N","","0","","1","0","0","","1","N","","2","1","0","0","0","0","0","2","0","2","","","","N","","","","","","","","","",""
"2017033898","1222","2","0","0","0","0","0","0","0","0","4","0","","02","3","2017","5","40.35634","-80.118969","1222","11","0","0","0","0","0","0","1","0","","0","0","0","","","0","","2","","40 21:22.825","","0","80 07:08.290","0","0","0","0","2119","0","0","0","N","0","0","0","4","02119","0","","1.0","","9","N","N","","0","","0","0","0","","2","","","2","0","0","0","0","0","0","2","0","2","","","","N","","","","","","","","","",""
"2017021308","2006","1","0","0","0","0","0","0","0","0","7","0","","02","2","2017","4","40.354934","-79.878867","2004","11","0","0","0","0","0","1","0","0","1","0","0","0","","","0","","9","","40 21:17.763","6","0","79 52:43.922","0","0","0","0","2423","0","0","0","N","0","0","0","1","02304","0","","5.0","","1","N","N","","0","","0","0","0","","0","N","","1","0","0","0","0","0","0","2","0","1","","","","N","","","","","","","","","",""
"2017032761","0912","2","0","0","0","0","0","0","0","0","1","0","","02","3","2017","5","40.489017","-79.911982","0837","11","0","0","0","0","0","0","0","0","","0","0","0","","","1","","0","","40 29:20.461","","3","79 54:43.135","8","0","0","0","2301","0","0","0","","0","0","0","3","68D02","0","","1.0","","1","N","N","","1","","0","0","0","","0","","","3","1","0","0","0","1","1","2","0","3","","","","N","","","","","","","","","",""
"2017040639","0222","1","0","0","0","0","0","0","0","0","7","0","","02","4","2017","7","40.434067","-79.837011","0222","11","0","0","0","0","0","0","0","0","","0","0","0","","","0","","0","","40 26:02.641","","0","79 50:13.239","9","0","0","0","2419","0","0","0","N","0","0","0","1","02419","0","","5.0","","1","N","N","","0","","0","0","0","","3","","","1","0","1","0","0","0","1","2","0","1","","","","N","","","","","","","","","",""
"2017041107","1405","0","0","0","0","0","0","0","0","0","4","0","","02","4","2017","6","40.46148","-79.934591","1405","11","0","1","0","0","0","0","0","0","2","0","0","0","","","1","","2","","40 27:41.328","6","0","79 56:04.527","2","0","1","1","2301","0","0","0","N","0","0","0","2","02301","0","","1.0","","1","N","N","","0","","0","1","1","","0","Y","","2","1","0","0","0","0","1","2","0","2","","","","N","","","","","","","","","",""
"2017038620","1835","2","0","0","0","0","0","0","0","0","2","0","","02","3","2017","3","40.552109","-80.023334","1831","11","0","0","0","0","0","1","0","0","1","0","0","0","","","1","","2","","40 33:07.592","3","0","80 01:24.002","8","0","0","0","2116","0","0","0","N","0","0","0","3","02116","0","","1.0","","1","N","N","","0","","0","0","0","","2","N","","2","1","0","0","0","1","0","2","0","2","","","","N","","","","","","","","","",""
"2017020376","0848","1","0","0","0","0","0","0","0","0","6","0","","02","2","2017","2","40.338757","-80.066095","0848","11","0","0","0","0","0","0","0","0","1","0","0","0","","","2","","1","","40 20:19.524","5","0","80 03:57.942","3","0","0","0","2123","0","0","0","N","0","0","0","3","02123","0","","1.0","","1","N","N","","0","","2","0","1","","2","N","","2","2","0","0","0","0","0","2","0","2","","","","N","","","","","","","","","",""
"2017047014","2321","4","0","0","0","0","0","0","0","0","1","0","","02","5","2017","6","40.428562","-79.92847","2321","11","0","0","0","0","0","0","0","0","2","0","0","0","","","0","","0","","40 25:42.822","4","0","79 55:42.493","0","0","0","0","2301","0","0","0","","0","0","0","6","68B03","0","","1.0","","9","N","N","","0","","0","0","1","","0","Y","","5","0","0","0","0","0","0","2","0","5","","","","N","","","","","","","","","",""
"2017026099","0227","1","0","0","0","0","0","0","0","0","8","0","","02","3","2017","1","40.446645","-80.007345","0226","11","0","0","0","0","0","1","0","0","1","0","0","0","","","1","","2","","40 26:47.921","3","0","80 00:26.443","8","0","0","0","2301","1","0","0","N","1","0","0","4","02301","0","","1.0","","1","N","N","","0","","0","0","0","","0","N","","2","1","2","0","0","1","0","2","0","1","","","","N","","","","","","","","","",""
"2017029362","1712","1","0","0","0","0","0","0","0","0","1","0","","02","3","2017","6","40.448476","-79.847916","1710","11","0","0","0","0","0","1","0","0","","0","0","0","","","0","","0","","40 26:54.513","","0","79 50:52.496","0","0","0","0","2419","0","0","0","N","0","0","0","3","02419","0","","1.0","","9","N","N","","1","","0","0","1","","0","","","3","0","0","0","0","0","0","2","0","3","","","","N","","","","","","","","","",""
"2017015560","0750","1","0","0","0","0","0","0","0","0","4","0","","02","2","2017","4","40.462819","-79.957327","0730","11","0","0","0","0","0","0","0","0","","0","0","0","","","2","","1","","40 27:46.148","","0","79 57:26.377","3","0","0","0","2301","0","0","0","N","0","0","0","2","02301","0","","1.0","","1","N","N","","0","","1","0","1","","2","","","2","2","0","0","0","1","0","2","0","2","","","","N","","","","","","","","","",""
"2017023651","0828","1","0","0","0","0","0","0","0","0","1","0","","02","3","2017","5","40.430769","-80.028253","0807","11","0","0","0","0","0","1","0","0","","0","0","0","","","1","","6","","40 25:50.768","","2","80 01:41.709","8","0","0","0","2301","0","0","0","N","0","0","0","2","02301","0","","7.0","","1","N","N","","0","","0","0","0","","4","","","2","1","1","0","0","1","0","2","1","2","","","","N","","","","","","","","","",""
"2017040957","0731","4","0","0","0","0","0","0","0","0","4","1","","02","4","2017","5","40.514469","-79.952164","0727","11","0","0","0","0","0","2","0","0","2","0","1","0","","","1","","2","","40 30:52.090","5","0","79 57:07.790","3","0","0","0","2118","0","0","0","N","0","0","0","6","02118","0","","1.0","","1","N","N","","1","","1","0","0","","2","N","","6","1","0","0","0","0","0","2","0","6","","","","N","","","","","","","","","",""
"2017063542","1308","1","0","0","0","0","0","0","0","0","5","1","","02","6","2017","4","40.489486","-79.90355","1259","11","0","0","0","0","0","1","0","1","2","0","1","0","","","1","","2","","40 29:22.151","4","0","79 54:12.781","3","0","0","0","2401","0","0","0","N","0","0","0","3","02401","0","","1.0","","1","N","N","","0","","1","0","0","","3","N","","2","1","2","0","0","0","0","2","0","2","","","","N","","","","","","","","","",""
"2017029625","1319","1","0","0","0","0","0","0","0","0","4","0","","02","3","2017","6","40.498578","-80.061861","1317","11","0","0","0","0","0","0","1","1","1","0","0","0","","","2","","1","","40 29:54.880","6","0","80 03:42.699","8","0","0","0","2402","0","0","0","N","0","0","0","2","02402","0","","1.0","","1","N","N","","0","","0","0","1","","2","Y","","2","2","0","0","0","2","0","2","0","2","","","","N","","","","","","","","","",""
"2017027865","0911","1","0","0","0","0","0","0","0","0","1","0","","02","3","2017","3","40.452873","-79.964887","0909","11","0","0","0","0","0","0","0","0","","0","0","0","","","1","","2","","40 27:10.342","","0","79 57:53.593","3","0","0","0","2301","0","0","0","N","0","0","0","3","02301","0","","1.0","","9","N","N","","0","","1","0","1","","2","","","2","1","1","0","0","0","0","2","0","2","","","","N","","","","","","","","","",""
"2017047718","2035","0","0","0","0","0","0","0","0","0","4","0","","02","5","2017","3","40.42793","-79.916129","2029","11","0","0","0","0","0","1","0","0","1","0","0","0","","","1","","1","","40 25:40.547","1","0","79 54:58.064","4","0","0","1","2301","0","0","0","N","0","0","0","2","02301","1","","1.0","","1","N","N","","0","","0","0","1","","2","Y","","2","1","0","0","0","0","0","2","0","2","","","","N","","","","","","","","","",""
"2017024211","0940","1","0","0","0","0","0","0","0","0","4","0","","02","3","2017","1","40.489535","-79.836484","0932","11","0","0","0","0","0","1","0","0","2","0","0","0","","","1","","0","","40 29:22.326","6","0","79 50:11.342","8","0","0","0","2113","0","0","0","N","0","0","0","1","02113","0","","6.0","","1","N","N","","0","","0","0","1","","0","Y","","2","1","0","0","0","1","0","2","0","2","","","","N","","","","","","","","","",""
"2017031989","0218","0","0","0","0","0","0","0","0","0","7","0","","02","3","2017","7","40.414138","-80.0095","0209","11","0","0","0","0","0","1","0","0","","0","0","0","","","0","","6","","40 24:50.897","","0","80 00:34.199","0","0","0","0","2301","0","0","0","N","0","0","0","1","02301","0","","3.0","","1","N","N","","0","","0","0","1","","0","","","1","0","0","0","0","0","0","2","0","1","","","","N","","","","","","","","","",""
"2017029949","2354","1","0","0","0","0","0","0","0","0","1","0","","02","3","2017","6","40.411651","-80.076291","2345","11","0","0","0","0","0","1","0","0","","0","0","0","","","1","","6","","40 24:41.945","","2","80 04:34.647","3","0","0","0","2117","0","0","0","","0","0","0","2","68B03","0","","1.0","","9","N","N","","0","","1","0","1","","4","","","2","1","0","0","0","0","0","2","0","2","","","","N","","","","","","","","","",""
"2017021101","1233","2","0","0","0","0","0","0","0","0","1","0","","02","2","2017","4","40.440531","-80.031699","1228","11","0","0","0","0","0","0","0","0","2","0","0","0","","","0","","0","","40 26:25.913","2","3","80 01:54.117","0","0","0","0","2301","0","0","0","N","0","0","0","2","02301","0","","1.0","","1","N","N","","0","","0","0","0","","0","Y","","2","0","0","0","0","0","0","2","0","2","","","","N","","","","","","","","","",""
"2017018719","0049","1","0","0","0","0","0","0","0","0","7","0","","02","2","2017","5","40.371334","-79.865581","0049","11","0","0","0","0","0","0","0","0","1","0","0","0","","","0","","0","","40 22:16.801","1","0","79 51:56.091","0","0","0","0","2473","0","0","0","N","0","0","0","1","02473","0","","2.0","","2","N","N","","0","","0","0","0","","0","N","","1","0","0","0","0","0","0","2","0","1","","","","N","","","","","","","","","",""
"2017043268","1907","3","0","0","0","0","0","0","0","0","1","0","","02","4","2017","4","40.408324","-80.032523","1859","11","0","0","0","0","0","1","0","0","1","0","0","0","","","0","","2","","40 24:29.965","2","0","80 01:57.082","0","0","0","0","2301","0","0","0","N","0","0","0","4","02301","0","","1.0","","1","N","N","","0","","0","0","0","","2","N","","3","0","0","0","0","0","0","2","0","3","","","","N","","","","","","","","","",""
"2017018290","1739","1","0","0","0","0","0","0","0","0","99","0","","02","2","2017","6","40.478356","-79.968731","1735","11","0","0","0","0","0","1","0","0","2","0","0","0","","","0","","3","","40 28:42.083","6","1","79 58:07.432","0","0","0","0","2445","0","0","0","N","0","0","0","1","02445","0","","1.0","","1","N","N","","0","","0","0","0","","0","N","","1","0","0","0","0","0","0","2","0","1","","","","N","","","","","","","","","",""
"2017015828","2200","4","0","0","0","0","0","0","0","0","6","0","","02","2","2017","3","40.468508","-80.030099","2200","11","0","0","0","0","0","0","0","0","2","0","0","0","","","1","","0","","40 28:06.628","1","0","80 01:48.356","4","0","0","0","2301","0","0","0","N","0","0","0","2","02301","1","","6.0","","9","N","N","","0","","0","0","0","","0","Y","","4","1","1","0","0","0","1","2","0","4","","","","N","","","","","","","","","",""
"2017015296","0455","1","0","0","0","0","0","0","0","0","1","0","","02","2","2017","2","40.370267","-80.037197","0450","11","0","0","0","0","0","0","0","0","3","0","0","0","","","0","","0","","40 22:12.960","2","0","80 02:13.910","0","0","0","0","2109","0","0","0","","0","0","0","1","02109","0","","1.0","","1","N","N","","1","","0","0","0","","0","N","","2","0","0","0","0","0","0","2","0","2","","","","N","","","","","","","","","",""
"2017019829","0904","0","0","0","0","0","0","0","0","0","7","0","","02","2","2017","5","40.481903","-79.7379","0900","11","0","1","0","0","0","0","0","0","","0","0","0","","","0","","0","","40 28:54.851","","0","79 44:16.439","0","0","0","0","2466","0","0","0","Y","0","0","0","2","02466","0","","5.0","","7","N","N","","1","","0","0","0","","0","","","1","0","0","0","0","0","0","2","0","1","","","","N","","","","","","","","","",""
"2017028165","0420","1","0","0","0","0","0","0","0","0","5","0","","02","3","2017","1","40.466053","-79.97886","0415","11","0","0","0","0","0","0","0","0","1","0","0","0","","","0","","7","","40 27:57.790","2","0","79 58:43.897","0","0","0","0","2301","0","0","0","N","0","0","0","3","02301","0","","1.0","","1","N","N","","0","","0","0","1","","0","N","","2","0","0","0","0","0","0","2","0","2","","","","N","","","","","","","","","",""
"2017017389","1115","1","0","0","0","0","0","0","0","0","7","0","","02","2","2017","1","40.386056","-80.1805","1115","11","0","0","1","0","0","0","0","0","","0","0","0","","","1","","0","","40 23:09.800","","0","80 10:49.800","3","0","0","0","2119","0","0","0","N","0","0","0","1","02119","0","","5.0","","1","N","N","","0","","1","0","0","","0","","","1","1","0","0","0","0","0","1","0","1","","","","N","","","","","","","","","",""
"2017025760","0535","2","0","0","0","0","0","0","0","0","4","0","","02","3","2017","3","40.339414","-79.967997","0531","11","0","0","0","0","0","1","0","0","2","0","0","0","","","1","","2","","40 20:21.892","4","0","79 58:04.788","8","0","0","0","2454","0","0","0","N","0","0","0","2","02454","0","","1.0","","1","N","N","","1","","0","0","0","","3","N","","3","1","0","0","0","1","0","2","0","3","","","","N","","","","","","","","","",""
"2017043498","1718","1","0","0","0","0","0","0","0","0","1","0","","02","4","2017","6","40.489787","-79.911724","1654","11","0","0","0","0","0","1","0","0","2","0","0","0","","","0","","0","","40 29:23.234","2","3","79 54:42.208","0","0","0","0","2112","0","0","0","","0","0","0","2","68D02","0","","1.0","","1","N","N","","0","","0","0","1","","0","N","","2","0","0","0","0","0","0","2","0","2","","","","N","","","","","","","","","",""
"2017029258","0922","4","0","0","0","0","0","0","0","0","1","0","","02","3","2017","6","40.429765","-79.998816","0916","11","0","0","0","0","0","1","0","0","1","0","0","0","","","0","","0","","40 25:47.153","1","4","79 59:55.736","9","0","0","0","2301","0","0","0","N","0","0","0","7","02301","0","","1.0","","1","N","N","","0","","0","0","0","","0","N","","4","0","0","0","0","0","1","2","0","4","","","","N","","","","","","","","","",""