"CRN","ARRIVAL_TM","AUTOMOBILE_COUNT","BELTED_DEATH_COUNT","BELTED_SUSP_SERIOUS_INJ_COUNT","BICYCLE_COUNT","BICYCLE_DEATH_COUNT","BICYCLE_SUSP_SERIOUS_INJ_COUNT","BUS_COUNT","CHLDPAS_DEATH_COUNT","CHLDPAS_SUSP_SERIOUS_INJ_COUNT","COLLISION_TYPE","COMM_VEH_COUNT","CONS_ZONE_SPD_LIM","COUNTY","CRASH_MONTH","CRASH_YEAR","DAY_OF_WEEK","DEC_LATITUDE","DEC_LONGITUDE","DISPATCH_TM","DISTRICT","DRIVER_COUNT_16YR","DRIVER_COUNT_17YR","DRIVER_COUNT_18YR","DRIVER_COUNT_19YR","DRIVER_COUNT_20YR","DRIVER_COUNT_50_64YR","DRIVER_COUNT_65_74YR","DRIVER_COUNT_75PLUS","EST_HRS_CLOSED","FATAL_COUNT","HEAVY_TRUCK_COUNT","HORSE_BUGGY_COUNT","HOUR_OF_DAY","ILLUMINATION","INJURY_COUNT","INTERSECTION_RELATED","INTERSECT_TYPE","LANE_CLOSED","LATITUDE","LN_CLOSE_DIR","LOCATION_TYPE","LONGITUDE","MAX_SEVERITY_LEVEL","MCYCLE_DEATH_COUNT","MCYCLE_SUSP_SERIOUS_INJ_COUNT","MOTORCYCLE_COUNT","MUNICIPALITY","NONMOTR_COUNT","NONMOTR_DEATH_COUNT","NONMOTR_SUSP_SERIOUS_INJ_COUNT","NTFY_HIWY_MAINT","PED_COUNT","PED_DEATH_COUNT","PED_SUSP_SERIOUS_INJ_COUNT","PERSON_COUNT","POLICE_AGCY","POSSIBLE_INJ_COUNT","RDWY_SURF_TYPE_CD","RELATION_TO_ROAD","ROADWAY_CLEARED","ROAD_CONDITION","SCH_BUS_IND","SCH_ZONE_IND","SECONDARY_CRASH","SMALL_TRUCK_COUNT","SPEC_JURIS_CD","SUSP_MINOR_INJ_COUNT","SUSP_SERIOUS_INJ_COUNT","SUV_COUNT","TCD_FUNC_CD","TCD_TYPE","TFC_DETOUR_IND","TIME_OF_DAY","TOTAL_UNITS","TOT_INJ_COUNT","UNBELTED_OCC_COUNT","UNB_DEATH_COUNT","UNB_SUSP_SERIOUS_INJ_COUNT","UNK_INJ_DEG_COUNT","UNK_INJ_PER_COUNT","URBAN_RURAL","VAN_COUNT","VEHICLE_COUNT","WEATHER1","WEATHER2","WORKERS_PRES","WORK_ZONE_IND","WORK_ZONE_LOC","WORK_ZONE_TYPE","WZ_CLOSE_DETOUR","WZ_FLAGGER","WZ_LAW_OFFCR_IND","WZ_LN_CLOSURE","WZ_MOVING","WZ_OTHER","WZ_SHLDER_MDN","WZ_WORKERS_INJ_KILLED"
"2017032167","0317","1","0","0","0","0","0","0","0","0","99","0","","02","3","2017","7","40.402642","-80.031045","0306","11","0","0","0","0","0","0","0","0","","0","0","0","","","0","","2","","40 24:09.511","","8","80 01:51.762","0","0","0","0","2301","0","0","0","N","0","0","0","1","02503","0","","1.0","","1","N","N","","0","","0","0","0","","5","","","1","0","1","0","0","0","0","2","0","1","","","","N","","","","","","","","","",""
"2017024159","0222","1","0","0","0","0","0","0","0","0","2","0","","02","3","2017","7","40.501388","-80.063821","0219","11","0","0","0","0","1","0","0","0","","0","0","0","","","0","","0","","40 30:04.996","","0","80 03:49.755","0","0","0","0","2402","0","0","0","N","0","0","0","1","02402","0","","6.0","","1","N","N","","0","","0","0","1","","0","","","2","0","0","0","0","0","0","2","0","2","","","","N","","","","","","","","","",""
"2017016666","1942","2","0","0","0","0","0","0","0","0","4","0","","02","2","2017","6","40.320933","-79.942174","1940","11","0","0","0","0","0","0","0","0","1","0","0","0","","","0","","1","","40 19:15.357","2","0","79 56:31.825","0","0","0","0","2454","0","0","0","N","0","0","0","5","02454","0","","1.0","","1","N","N","","0","","0","0","0","","2","N","","2","0","0","0","0","0","0","2","0","2","","","","N","","","","","","","","","",""
"2017016843","1825","3","0","0","0","0","0","0","0","0","1","0","","02","2","2017","6","40.429426","-79.999059","1820","11","0","0","0","0","0","0","0","0","","0","0","0","","","1","","0","","40 25:45.934","","3","79 59:56.611","4","0","0","0","2301","0","0","0","N","0","0","0","5","02301","1","","1.0","","2","N","N","","0","","0","0","0","","0","","","3","1","0","0","0","0","0","2","0","3","","","","N","","","","","","","","","",""
"2017040794","0750","2","0","0","0","0","0","0","0","0","7","0","","02","4","2017","3","40.415526","-79.719691","0746","11","0","0","0","1","0","0","0","0","3","0","0","0","","","1","","0","","40 24:55.893","7","0","79 43:10.887","8","0","0","0","2446","0","0","0","N","0","0","0","1","02446","0","","5.0","","1","N","N","","0","","0","0","0","","0","Y","","2","1","0","0","0","1","0","2","0","2","","","","N","","","","","","","","","",""
"2017032929","0706","2","0","0","0","0","0","0","0","0","1","0","","02","3","2017","3","40.436605","-79.736619","0650","11","0","0","0","0","0","1","1","0","","0","0","0","","","0","","0","","40 26:11.778","","0","79 44:11.828","0","0","0","0","2446","0","0","0","N","0","0","0","3","02446","0","","1.0","","9","N","N","","1","","0","0","0","","0","","","3","0","0","0","0","0","0","2","0","3","","","","N","","","","","","","","","",""
"2017040026","1505","2","0","0","0","0","0","0","0","0","99","0","","02","4","2017","3","40.327923","-79.840564","1500","11","0","0","0","0","0","1","0","0","","0","0","0","","","0","","1","","40 19:40.523","","0","79 50:26.031","9","0","0","0","2304","0","0","0","N","0","0","0","5","02304","0","","1.0","","1","N","N","","0","","0","0","0","","3","","","3","0","0","0","0","0","1","2","1","3","","","","N","","","","","","","","","",""
"2017033305","1822","2","0","0","0","0","0","0","0","0","4","0","","02","3","2017","7","40.633147","-80.059428","1821","11","0","0","0","0","0","0","1","0","2","0","0","0","","","1","","1","","40 37:59.328","5","0","80 03:33.942","4","0","0","0","2216","0","0","0","N","0","0","0","6","02505","1","","1.0","","1","N","N","","0","","0","0","1","","2","N","","3","1","0","0","0","0","0","2","0","3","","","","N","","","","","","","","","",""
"2017023666","0912","0","0","0","0","0","0","1","0","0","4","1","","02","3","2017","5","40.449496","-80.000931","0910","11","0","0","0","0","0","0","0","0","2","0","0","0","","","1","","5","","40 26:58.185","4","0","80 00:03.353","4","0","0","0","2301","0","0","0","N","0","0","0","2","02503","1","","1.0","","1","N","N","","0","","0","0","1","","2","N","","2","1","0","0","0","0","0","2","0","2","","","","N","","","","","","","","","",""
"2017036220","1350","2","0","0","0","0","0","0","0","0","5","0","","02","4","2017","5","40.44013","-79.993288","1315","11","0","0","0","0","0","0","0","0","1","0","0","0","","","0","","0","","40 26:24.467","2","0","79 59:35.837","0","0","0","0","2301","0","0","0","N","0","0","0","2","02301","0","","1.0","","1","N","N","","0","","0","0","0","","0","N","","2","0","0","0","0","0","0","2","0","2","","","","N","","","","","","","","","",""
"2017014833","1306","1","0","0","0","0","0","0","0","0","7","0","","02","2","2017","2","40.457222","-79.887194","1245","11","0","0","0","0","0","0","0","0","","0","0","0","","","0","","2","","40 27:26.000","","0","79 53:13.900","0","0","0","0","2301","0","0","0","Y","0","0","0","1","02301","0","","5.0","","1","N","N","","0","","0","0","0","","3","","","1","0","0","0","0","0","0","2","0","1","","","","N","","","","","","","","","",""
"2017030582","1534","0","0","0","0","0","0","0","0","0","1","0","","02","3","2017","3","40.335088","-79.811431","1533","11","0","0","0","0","0","0","0","1","1","0","0","0","","","1","","0","","40 20:06.315","1","0","79 48:41.152","4","0","0","0","2477","0","0","0","N","0","0","0","3","02477","1","","1.0","","1","N","N","","1","","0","0","2","","0","N","","3","1","0","0","0","0","0","2","0","3","","","","N","","","","","","","","","",""
"2017026584","1356","1","0","0","0","0","0","0","0","0","4","0","","02","3","2017","5","40.43541","-80.231181","1348","11","0","0","0","0","0","2","0","0","","0","0","0","","","0","","2","","40 26:07.476","","0","80 13:52.253","0","0","0","0","2214","0","0","0","N","0","0","0","2","02214","0","","1.0","","1","N","N","","1","","0","0","0","","3","","","2","0","0","0","0","0","0","2","0","2","","","","N","","","","","","","","","",""
"2017016484","1402","1","0","0","0","0","0","0","0","0","6","0","","02","2","2017","6","40.455679","-80.022739","1359","11","0","0","0","0","0","1","0","1","","0","0","0","","","0","","1","","40 27:20.444","","0","80 01:21.860","0","0","0","0","2301","0","0","0","N","0","0","0","4","02301","0","","1.0","","1","N","N","","1","","0","0","0","","0","","","2","0","1","0","0","0","0","2","0","2","","","","N","","","","","","","","","",""
"2017020667","1253","2","0","0","0","0","0","0","0","0","1","0","","02","2","2017","1","40.455028","-79.710841","1248","11","0","0","0","0","0","0","0","0","","0","0","0","","","0","","0","","40 27:18.101","","0","79 42:39.028","0","0","0","0","2466","0","0","0","N","0","0","0","9","02466","0","","1.0","","1","N","N","","0","","0","0","1","","0","","","4","0","0","0","0","0","0","2","1","4","","","","N","","","","","","","","","",""
"2017025434","1317","1","0","0","0","0","0","0","0","0","4","0","","02","3","2017","2","40.43939","-80.189673","1314","11","0","0","0","1","0","0","0","0","","0","0","0","","","1","","3","","40 26:21.805","","0","80 11:22.824","8","0","0","0","2214","0","0","0","","0","0","0","3","68B03","0","","1.0","","1","N","N","","1","","0","0","0","","0","","","2","1","0","0","0","1","0","2","0","2","","","","N","","","","","","","","","",""
"2017029234","1843","2","0","0","0","0","0","0","0","0","4","0","","02","3","2017","5","40.469637","-80.02733","1839","11","0","0","0","0","0","0","0","0","2","0","0","0","","","2","","1","","40 28:10.693","2","0","80 01:38.387","4","0","0","0","2301","0","0","0","N","0","0","0","3","02301","2","","1.0","","1","N","N","","0","","0","0","0","","3","Y","","2","2","2","0","0","0","0","2","0","2","","","","N","","","","","","","","","",""
"2017023339","0618","1","0","0","0","0","0","0","0","0","2","0","","02","2","2017","2","40.402093","-80.000627","0611","11","0","0","0","0","0","0","0","0","2","0","0","0","","","3","","1","","40 24:07.536","5","0","80 00:02.256","3","0","0","0","2301","0","0","0","N","0","0","0","3","02301","2","","1.0","","1","N","N","","1","","1","0","0","","2","N","","2","3","2","0","0","0","0","2","0","2","","","","N","","","","","","","","","",""
"2017044241","0910","1","0","0","0","0","0","0","0","0","7","0","","02","4","2017","5","40.429228","-79.942005","0907","11","0","0","0","0","0","0","0","0","1","0","0","0","","","0","","0","","40 25:45.220","3","0","79 56:31.219","0","0","0","0","2301","0","0","0","","0","0","0","1","68B03","0","","4.0","","9","N","N","","0","","0","0","0","","0","N","","1","0","0","0","0","0","0","2","0","1","","","","N","","","","","","","","","",""
"2017021745","2104","0","0","0","0","0","0","0","0","0","4","0","","02","2","2017","5","40.535882","-80.183119","2102","11","0","0","0","0","0","0","0","0","1","0","0","0","","","0","","1","","40 32:09.175","2","0","80 10:59.227","0","0","0","0","2458","0","0","0","N","0","0","0","4","02458","0","","1.0","","1","N","N","","1","","0","0","1","","2","N","","2","0","0","0","0","0","0","2","0","2","","","","N","","","","","","","","","",""
"2017036205","1105","2","0","0","0","0","0","0","0","0","1","0","","02","4","2017","3","40.468396","-79.705907","1105","11","0","0","0","1","0","1","1","0","1","0","0","0","","","2","","0","","40 28:06.226","2","0","79 42:21.266","4","0","0","0","2466","0","0","0","N","0","0","0","8","02466","2","","1.0","","1","N","N","","1","","0","0","0","","0","N","","5","2","0","0","0","0","0","2","2","5","","","","N","","","","","","","","","",""
"2017018861","0828","0","0","0","0","0","0","0","0","0","1","0","","02","2","2017","5","40.453861","-79.995468","0818","11","0","0","0","0","0","1","0","0","","0","0","0","","","0","","0","","40 27:13.901","","0","79 59:43.683","0","0","0","0","2301","0","0","0","N","0","0","0","2","02301","0","","1.0","","1","N","N","","1","","0","0","1","","0","","","2","0","0","0","0","0","0","2","0","2","","","","N","","","","","","","","","",""
"2017019568","0710","1","0","0","0","0","0","0","0","0","6","0","","02","2","2017","6","40.396909","-79.854311","0655","11","0","0","0","0","0","0","0","0","1","0","0","0","","","0","","0","","40 23:48.873","3","0","79 51:15.520","0","0","0","0","2449","0","0","0","","0","0","0","2","02449","0","","1.0","","1","","","","1","","0","0","0","","0","Y","","2","0","0","0","0","0","0","2","0","2","","","","N","","","","","","","","","",""
"2017032186","2349","2","0","0","0","0","0","0","0","0","2","0","","02","3","2017","7","40.486993","-79.886737","2344","11","0","0","0","0","0","1","0","0","","0","0","0","","","3","","2","","40 29:13.175","","0","79 53:12.252","2","0","0","0","2301","0","0","0","N","0","0","0","4","02301","0","","1.0","","1","N","N","","0","","0","1","0","","0","","","2","3","0","0","0","2","0","2","0","2","","","","N","","","","","","","","","",""
"2017017447","1300","1","0","0","0","0","0","0","0","0","4","0","","02","2","2017","3","40.33875","-80.051483","1255","11","0","0","0","0","0","1","0","0","","0","0","0","","","1","","1","","40 20:19.500","","0","80 03:05.338","3","0","0","0","2407","0","0","0","","0","0","0","2","02407","0","","1.0","","1","N","N","","0","","1","0","0","","2","","","2","1","0","0","0","0","0","2","1","2","","","","N","","","","","","","","","",""
"2017035139","1657","1","0","0","0","0","0","0","0","0","2","0","","02","4","2017","3","40.400664","-80.064079","1654","11","0","0","0","0","0","0","0","0","2","0","0","0","","","2","","0","","40 24:02.389","5","0","80 03:50.683","8","0","0","0","2117","0","0","0","N","0","0","0","3","02117","0","","1.0","","1","N","N","","0","","0","0","0","","0","N","","2","2","0","0","0","2","0","2","1","2","","","","N","","","","","","","","","",""
"2017032933","1325","1","0","0","0","0","0","0","0","0","3","0","","02","3","2017","2","40.463218","-80.00934","1318","11","0","0","1","0","0","0","0","0","","0","0","0","","","1","N","0","","40 27:47.585","","0","80 00:33.624","8","0","0","0","2301","0","0","0","N","0","0","0","1","02301","0","","4.0","","1","N","N","","0","","0","0","1","","0","","","2","1","0","0","0","1","0","2","0","2","","","","N","","","","","","","","","",""
"2017045209","0140","0","0","0","0","0","0","0","0","0","7","0","","02","3","2017","7","40.442097","-79.794761","0131","11","0","0","0","0","0","0","0","0","2","0","0","0","","","0","","0","","40 26:31.549","3","0","79 47:41.139","0","0","0","0","2446","0","0","0","","0","0","0","2","68B03","0","","4.0","","9","N","N","","0","","0","0","0","","0","N","","1","0","0","0","0","0","0","2","1","1","","05","","N","","","","","","","","","",""
"2017024402","1431","1","0","0","0","0","0","0","0","0","4","0","","02","3","2017","5","40.573723","-80.036992","1426","11","0","1","0","0","0","0","0","1","1","0","0","0","","","0","","1","","40 34:25.401","1","0","80 02:13.171","0","0","0","0","2108","0","0","0","","0","0","0","3","02108","0","","1.0","","1","N","N","","0","","0","0","0","","2","N","","2","0","0","0","0","0","0","2","1","2","","","","N","","","","","","","","","",""
"2017025470","1309","2","0","0","0","0","0","0","0","0","1","0","","02","3","2017","1","40.430798","-79.729073","1301","11","0","0","0","0","0","1","0","0","1","0","0","0","","","0","","0","","40 25:50.872","4","0","79 43:44.662","0","0","0","0","2446","0","0","0","N","0","0","0","6","02446","0","","1.0","","1","N","N","","0","","0","0","0","","0","N","","2","0","0","0","0","0","0","2","0","2","","","","N","","","","","","","","","",""
"2017018700","1927","2","0","0","0","0","0","0","0","0","4","0","","02","2","2017","4","40.601883","-79.757257","1925","11","0","0","0","0","0","0","0","0","1","0","0","0","","","3","","1","","40 36:06.777","3","3","79 45:26.125","3","0","0","0","2464","0","0","0","N","0","0","0","3","02464","2","","1.0","","9","N","N","","0","","1","0","0","","2","Y","","2","3","0","0","0","0","0","2","0","2","","","","N","","","","","","","","","",""
"2017034044","1122","2","0","0","0","0","0","0","0","0","4","0","","02","3","2017","5","40.368329","-79.816621","1120","11","0","0","0","0","0","0","0","0","2","0","0","0","","","1","","3","","40 22:05.985","5","0","79 48:59.836","3","0","0","0","2111","0","0","0","N","0","0","0","2","02111","0","","1.0","","1","N","N","","0","","1","0","0","","3","N","","2","1","0","0","0","0","0","2","0","2","","","","N","","","","","","","","","",""
"2017036346","1711","2","0","0","0","0","0","0","0","0","1","0","","02","4","2017","5","40.672426","-80.113383","1707","11","0","0","0","0","0","0","0","0","","0","0","0","","","1","","0","","40 40:20.732","","0","80 06:48.177","4","0","0","0","2212","0","0","0","N","0","0","0","3","02505","1","","1.0","","9","N","N","","0","","0","0","1","","0","","","3","1","0","0","0","0","0","2","0","3","","","","N","","","","","","","","","",""
"2017044249","0242","1","0","0","0","0","0","0","0","0","7","0","","02","4","2017","2","40.444195","-79.777088","0218","11","0","0","0","0","0","0","0","0","","0","0","0","","","1","","0","","40 26:39.103","","0","79 46:37.518","3","0","0","0","2446","0","0","0","","0","0","0","1","68B03","0","","2.0","","9","N","N","","0","","1","0","0","","0","","","1","1","0","0","0","0","0","2","0","1","","","","N","","","","","","","","","",""
"2017038312","0650","1","0","0","0","0","0","0","0","0","4","0","","02","4","2017","2","40.334176","-80.002683","0648","11","0","0","0","0","0","1","0","0","","0","0","0","","","0","","1","","40 20:03.035","","0","80 00:09.657","0","0","0","0","2407","0","0","0","","0","0","0","2","02407","0","","1.0","","1","N","N","","0","","0","0","1","","3","","","2","0","0","0","0","0","0","2","0","2","","","","N","","","","","","","","","",""
"2017025736","0319","1","0","0","0","0","0","0","0","0","7","0","","02","3","2017","1","40.348452","-79.943082","0319","11","0","0","0","0","0","0","0","0","","0","0","0","","","0","","0","","40 20:54.426","","0","79 56:35.096","0","0","0","0","2473","0","0","0","Y","0","0","0","1","02473","0","","2.0","","1","N","N","","0","","0","0","0","","0","","","1","0","0","0","0","0","0","2","0","1","","","","N","","","","","","","","","",""
"2017018432","0609","0","0","0","0","0","0","0","0","0","7","0","","02","2","2017","5","40.391596","-79.883729","0609","11","0","0","0","0","0","0","0","0","","0","0","0","","","1","","0","","40 23:29.745","","0","79 53:01.425","3","0","0","0","2473","0","0","0","N","0","0","0","1","02473","0","","2.0","","2","N","N","","1","","1","0","0","","0","","","1","1","0","0","0","0","0","2","0","1","","","","N","","","","","","","","","",""
"2017023434","0706","1","0","0","0","0","0","0","0","0","1","0","","02","3","2017","4","40.65208","-80.055155","0706","11","0","1","1","0","0","0","0","0","","0","0","0","","","0","","0","","40 39:07.488","","0","80 03:18.557","0","0","0","0","2216","0","0","0","N","0","0","0","4","02505","0","","1.0","","9","N","N","","0","","0","0","1","","0","","","2","0","0","0","0","0","0","2","0","2","","","","N","","","","","","","","","",""
"2017033332","0258","1","0","0","0","0","0","0","0","0","7","0","","02","3","2017","1","40.6619","-79.964536","0251","11","0","0","0","0","0","0","0","0","2","0","0","0","","","0","","0","","40 39:42.839","2","0","79 57:52.329","0","0","0","0","2217","0","0","0","N","0","0","0","1","02505","0","","5.0","","1","N","N","","0","","0","0","0","","0","N","","1","0","0","0","0","0","0","1","0","1","","","","N","","","","","","","","","",""
"2017029492","0341","1","0","0","0","0","0","0","0","0","7","0","","02","3","2017","7","40.481502","-79.879928","0331","11","0","0","0","0","0","1","0","0","2","0","0","0","","","0","","0","","40 28:53.406","3","0","79 52:47.740","9","0","0","0","2113","0","0","0","N","0","0","0","2","02113","0","","2.0","","9","N","N","","0","","0","0","0","","0","N","","1","0","0","0","0","0","2","2","0","1","","","","N","","","","","","","","","",""
"2017034505","1653","2","0","0","0","0","0","0","0","0","5","0","","02","4","2017","7","40.365107","-79.908512","1650","11","0","0","0","0","0","0","0","0","2","0","0","0","","","3","","3","","40 21:54.384","1","0","79 54:30.643","4","0","0","0","2301","0","0","0","N","0","0","0","5","02301","2","","1.0","","1","N","N","","0","","0","0","0","","3","N","","2","3","0","0","0","1","0","2","0","2","","","","N","","","","","","","","","",""
"2017031723","1249","0","0","0","0","0","0","0","0","0","5","1","","02","3","2017","6","40.44203","-79.991824","1245","11","0","0","0","0","0","0","0","0","3","0","1","0","","","1","","0","","40 26:31.307","1","0","79 59:30.566","8","0","0","0","2301","0","0","0","Y","0","0","0","2","02301","0","","1.0","","1","N","N","","0","","0","0","1","","2","Y","","2","1","0","0","0","1","0","2","0","2","","","","N","","","","","","","","","",""
"2017015835","2321","0","0","0","0","0","0","0","0","0","7","0","","02","2","2017","4","40.428729","-80.047096","2311","11","0","0","0","0","0","0","0","0","","0","0","0","","","0","","0","","40 25:43.423","","0","80 02:49.547","0","0","0","0","2301","0","0","0","N","0","0","0","1","02301","0","","4.0","","7","N","N","","0","","0","0","1","","0","","","1","0","0","0","0","0","0","2","0","1","","","","N","","","","","","","","","",""
"2017038474","2151","0","0","0","0","0","0","0","0","0","7","1","","02","4","2017","4","40.457859","-79.904133","2151","11","0","0","0","0","0","1","0","0","4","0","1","0","","","0","","0","","40 27:28.292","5","1","79 54:14.879","0","0","0","0","2301","0","0","0","N","0","0","0","1","02301","0","","5.0","","1","N","N","","0","","0","0","0","","0","Y","","1","0","0","0","0","0","0","2","0","1","","","","N","","","","","","","","","",""
"2017039935","0756","1","0","0","0","0","0","0","0","0","4","0","","02","4","2017","3","40.475785","-80.034043","0750","11","0","0","0","0","0","0","0","0","1","0","0","0","","","1","","0","","40 28:32.826","6","0","80 02:02.554","3","0","0","0","2301","0","0","0","N","0","0","0","4","02301","0","","1.0","","1","N","N","","0","","1","0","1","","0","N","","2","1","0","0","0","0","0","2","0","2","","","","N","","","","","","","","","",""
"2017017448","1945","1","0","0","0","0","0","0","0","0","4","0","","02","2","2017","4","40.328053","-80.03045","1941","11","0","0","0","0","0","0","1","0","","0","0","0","","","2","","1","","40 19:40.991","","0","80 01:49.620","3","0","0","0","2407","0","0","0","","0","0","0","3","02407","1","","1.0","","1","N","N","","1","","1","0","0","","1","","","2","2","0","0","0","0","0","2","0","2","","","","N","","","","","","","","","",""
"2017034126","0808","2","0","0","0","0","0","0","0","0","1","0","","02","3","2017","6","40.355885","-79.834213","0806","11","0","0","0","0","0","0","0","0","1","0","0","0","","","1","","0","","40 21:21.185","4","0","79 50:03.167","3","0","0","0","2304","0","0","0","N","0","0","0","3","02304","0","","1.0","","9","N","N","","0","","1","0","0","","0","Y","","2","1","1","0","0","0","0","2","0","2","","","","N","","","","","","","","","",""
"2017017804","2235","1","0","0","0","0","0","0","0","0","7","0","","02","2","2017","6","40.455376","-80.029682","2230","11","0","0","0","0","0","0","0","0","","0","0","0","","","0","","7","","40 27:19.352","","1","80 01:46.854","0","0","0","0","2301","0","0","0","N","0","0","0","1","02301","0","","2.0","","6","N","N","","0","","0","0","0","","0","","","1","0","0","0","0","0","0","2","0","1","","","","N","","","","","","","","","",""
"2017029741","2245","2","0","0","0","0","0","0","0","0","6","0","","02","3","2017","7","40.444763","-80.000196","2236","11","0","0","0","0","0","0","1","0","","0","0","0","","","0","","0","","40 26:41.146","","0","80 00:00.705","0","0","0","0","2301","0","0","0","N","0","0","0","5","02301","0","","1.0","","9","N","N","","0","","0","0","0","","0","","","2","0","0","0","0","0","0","2","0","2","","","","N","","","","","","","","","",""
"2017032572","0934","0","0","0","0","0","0","0","0","0","8","0","","02","3","2017","2","40.440508","-79.999982","0929","11","0","0","0","0","0","1","0","0","","0","0","0","","","1","","0","","40 26:25.828","","0","79 59:59.935","3","0","0","0","2301","1","0","0","N","1","0","0","2","02301","0","","1.0","","1","N","N","","0","","1","0","0","","0","","","2","1","0","0","0","0","0","2","1","1","","","","N","","","","","","","","","",""
"2017031735","0855","3","0","0","0","0","0","0","0","0","1","0","","02","3","2017","3","40.500269","-79.980567","0849","11","0","0","0","0","0","0","0","0","1","0","0","0","","","1","","2","","40 30:00.968","5","0","79 58:50.042","8","0","0","0","2118","0","0","0","N","0","0","0","3","02118","0","","1.0","","1","N","N","","0","","0","0","0","","3","N","","3","1","0","0","0","1","0","2","0","3","","","","N","","","","","","","","","",""
"2017025850","0737","2","0","0","0","0","0","0","0","0","4","0","","02","3","2017","4","40.425326","-79.923862","0721","11","0","0","0","0","0","0","0","0","","0","0","0","","","0","","1","","40 25:31.173","","0","79 55:25.903","0","0","0","0","2301","0","0","0","N","0","0","0","2","02301","0","","1.0","","1","N","N","","0","","0","0","0","","2","","","2","0","0","0","0","0","0","2","0","2","","","","N","","","","","","","","","",""
"2017015619","1230","0","0","0","0","0","0","0","0","0","4","0","","02","2","2017","3","40.552226","-80.082298","1220","11","0","0","0","0","0","1","0","0","","0","0","0","","","0","","2","","40 33:08.013","","7","80 04:56.272","0","0","0","0","2215","0","0","0","N","0","0","0","1","02215","0","","4.0","","9","N","N","","1","","0","0","1","","0","","","2","0","0","0","0","0","0","2","0","2","","","","N","","","","","","","","","",""
"2017044734","1456","1","0","0","0","0","0","0","0","0","1","0","","02","5","2017","2","40.348058","-79.94961","1453","11","0","1","0","0","0","0","0","0","2","0","0","0","","","0","","0","","40 20:53.007","4","0","79 56:58.597","0","0","0","0","2473","0","0","0","N","0","0","0","2","02473","0","","1.0","","1","N","N","","0","","0","0","0","","0","Y","","2","0","0","0","0","0","0","2","1","2","","","","N","","","","","","","","","",""
"2017031940","1853","2","0","0","0","0","0","0","0","0","4","0","","02","3","2017","6","40.443489","-79.980536","1848","11","0","0","0","1","0","0","0","0","2","0","0","0","","","0","","10","","40 26:36.560","3","0","79 58:49.929","0","0","0","0","2301","0","0","0","N","0","0","0","1","02301","0","","4.0","","1","N","N","","0","","0","0","0","","2","N","","2","0","0","0","0","0","0","2","0","2","","","","N","","","","","","","","","",""
"2017014826","1115","3","0","0","0","0","0","0","0","0","1","0","","02","2","2017","2","40.398336","-79.999826","1105","11","0","0","0","0","0","1","0","0","1","0","0","0","","","0","","2","","40 23:54.008","1","0","79 59:59.373","0","0","0","0","2301","0","0","0","N","0","0","0","3","02301","0","","1.0","","1","N","N","","0","","0","0","0","","0","N","","3","0","0","0","0","0","0","2","0","3","","","","N","","","","","","","","","",""
"2017031942","1610","2","0","0","0","0","0","0","0","0","1","0","","02","3","2017","5","40.540102","-80.025137","1607","11","0","0","0","0","0","1","1","0","","0","0","0","","","1","","2","","40 32:24.367","","0","80 01:30.493","4","0","0","0","2116","0","0","0","N","0","0","0","2","02116","1","","1.0","","1","N","N","","0","","0","0","0","","0","","","2","1","0","0","0","0","0","2","0","2","","","","N","","","","","","","","","",""
"2017034101","1400","2","0","0","0","0","0","0","0","0","4","0","","02","3","2017","6","40.393202","-80.063925","1349","11","0","0","0","0","0","1","0","0","","0","0","0","","","0","","0","","40 23:35.526","","0","80 03:50.129","0","0","0","0","2109","0","0","0","","0","0","0","2","02109","0","","1.0","","1","N","N","","0","","0","0","0","","8","","","2","0","0","0","0","0","0","2","0","2","","","","N","","","","","","","","","",""
"2017018038","0832","1","0","0","0","0","0","0","0","0","4","0","","02","2","2017","2","40.396149","-79.881278","0829","11","0","0","0","0","0","0","0","0","1","0","0","0","","","0","","0","","40 23:46.136","4","0","79 52:52.602","0","0","0","0","2473","0","0","0","N","0","0","0","1","02473","0","","5.0","","9","N","N","","0","","0","0","1","","0","N","","2","0","0","0","0","0","0","2","0","2","","","","N","","","","","","","","","",""
"2017045208","0804","3","0","0","0","0","0","0","0","0","1","0","","02","3","2017","3","40.425959","-79.912982","0804","11","0","0","0","0","1","1","0","0","1","0","0","0","","","0","","0","","40 25:33.454","3","4","79 54:46.734","0","0","0","0","2301","0","0","0","","0","0","0","3","68B03","0","","1.0","","1","N","N","","0","","0","0","0","","0","N","","3","0","0","0","0","0","0","2","0","3","","","","N","","","","","","","","","",""
"2017028353","1541","1","0","0","0","0","0","0","0","0","1","0","","02","3","2017","4","40.396114","-79.998106","1538","11","0","0","1","0","0","0","0","0","","0","0","0","","","0","","1","","40 23:46.012","","0","79 59:53.183","0","0","0","0","2301","0","0","0","N","0","0","0","2","02301","0","","1.0","","1","N","N","","0","","0","0","1","","2","","","2","0","0","0","0","0","0","2","0","2","","","","N","","","","","","","","","",""
"2017040747","0734","0","0","0","0","0","0","1","0","0","4","1","","02","4","2017","5","40.28639","-80.023006","0726","11","0","0","0","0","1","0","0","1","","0","0","0","","","0","","2","","40 17:11.005","","0","80 01:22.820","0","0","0","0","2219","0","0","0","N","0","0","0","4","02219","0","","1.0","","1","Y","N","","0","","0","0","0","","2","","","2","0","0","0","0","0","0","2","1","2","","","","N","","","","","","","","","",""