"CRN","ARRIVAL_TM","AUTOMOBILE_COUNT","BELTED_DEATH_COUNT","BELTED_SUSP_SERIOUS_INJ_COUNT","BICYCLE_COUNT","BICYCLE_DEATH_COUNT","BICYCLE_SUSP_SERIOUS_INJ_COUNT","BUS_COUNT","CHLDPAS_DEATH_COUNT","CHLDPAS_SUSP_SERIOUS_INJ_COUNT","COLLISION_TYPE","COMM_VEH_COUNT","CONS_ZONE_SPD_LIM","COUNTY","CRASH_MONTH","CRASH_YEAR","DAY_OF_WEEK","DEC_LATITUDE","DEC_LONGITUDE","DISPATCH_TM","DISTRICT","DRIVER_COUNT_16YR","DRIVER_COUNT_17YR","DRIVER_COUNT_18YR","DRIVER_COUNT_19YR","DRIVER_COUNT_20YR","DRIVER_COUNT_50_64YR","DRIVER_COUNT_65_74YR","DRIVER_COUNT_75PLUS","EST_HRS_CLOSED","FATAL_COUNT","HEAVY_TRUCK_COUNT","HORSE_BUGGY_COUNT","HOUR_OF_DAY","ILLUMINATION","INJURY_COUNT","INTERSECTION_RELATED","INTERSECT_TYPE","LANE_CLOSED","LATITUDE","LN_CLOSE_DIR","LOCATION_TYPE","LONGITUDE","MAX_SEVERITY_LEVEL","MCYCLE_DEATH_COUNT","MCYCLE_SUSP_SERIOUS_INJ_COUNT","MOTORCYCLE_COUNT","MUNICIPALITY","NONMOTR_COUNT","NONMOTR_DEATH_COUNT","NONMOTR_SUSP_SERIOUS_INJ_COUNT","NTFY_HIWY_MAINT","PED_COUNT","PED_DEATH_COUNT","PED_SUSP_SERIOUS_INJ_COUNT","PERSON_COUNT","POLICE_AGCY","POSSIBLE_INJ_COUNT","RDWY_SURF_TYPE_CD","RELATION_TO_ROAD","ROADWAY_CLEARED","ROAD_CONDITION","SCH_BUS_IND","SCH_ZONE_IND","SECONDARY_CRASH","SMALL_TRUCK_COUNT","SPEC_JURIS_CD","SUSP_MINOR_INJ_COUNT","SUSP_SERIOUS_INJ_COUNT","SUV_COUNT","TCD_FUNC_CD","TCD_TYPE","TFC_DETOUR_IND","TIME_OF_DAY","TOTAL_UNITS","TOT_INJ_COUNT","UNBELTED_OCC_COUNT","UNB_DEATH_COUNT","UNB_SUSP_SERIOUS_INJ_COUNT","UNK_INJ_DEG_COUNT","UNK_INJ_PER_COUNT","URBAN_RURAL","VAN_COUNT","VEHICLE_COUNT","WEATHER1","WEATHER2","WORKERS_PRES","WORK_ZONE_IND","WORK_ZONE_LOC","WORK_ZONE_TYPE","WZ_CLOSE_DETOUR","WZ_FLAGGER","WZ_LAW_OFFCR_IND","WZ_LN_CLOSURE","WZ_MOVING","WZ_OTHER","WZ_SHLDER_MDN","WZ_WORKERS_INJ_KILLED"
"2017034461","0706","1","0","0","0","0","0","0","0","0","4","0","","02","3","2017","6","40.508979","-79.763064","0702","11","1","0","0","0","0","1","0","0","1","0","0","0","","","0","","2","","40 30:32.326","2","0","79 45:47.029","0","0","0","0","2466","0","0","0","N","0","0","0","3","02466","0","","1.0","","9","N","N","","1","","0","0","0","","3","N","","2","0","0","0","0","0","0","1","0","2","","","","N","","","","","","","","","",""
"2017019991","1120","1","0","0","0","0","0","0","0","0","1","0","","02","2","2017","7","40.331174","-79.945559","1119","11","0","0","0","0","1","0","0","0","1","0","0","0","","","0","","0","","40 19:52.228","1","0","79 56:44.012","0","0","0","0","2454","0","0","0","N","0","0","0","3","02454","0","","1.0","","1","N","N","","1","","0","0","0","","0","N","","2","0","0","0","0","0","0","2","0","2","","","","N","","","","","","","","","",""
"2017028658","1234","1","0","0","0","0","0","0","0","0","4","0","","02","3","2017","4","40.465238","-79.957405","1234","11","0","0","0","0","1","0","0","0","","0","0","0","","","0","","0","","40 27:54.856","","0","79 57:26.658","0","0","0","0","2301","0","0","0","N","0","0","0","2","02301","0","","1.0","","1","N","N","","0","","0","0","0","","0","","","2","0","0","0","0","0","0","2","1","2","","","","N","","","","","","","","","",""
"2017036202","1632","0","0","0","0","0","0","0","0","0","1","1","","02","4","2017","4","40.543487","-80.19235","1629","11","0","0","0","0","0","1","0","0","1","0","1","0","","","0","","0","","40 32:36.552","1","0","80 11:32.461","0","0","0","0","2427","0","0","0","N","0","0","0","2","02427","0","","1.0","","1","N","N","","1","","0","0","0","","0","N","","2","0","0","0","0","0","0","2","0","2","","","","N","","","","","","","","","",""
"2017040933","1603","2","0","0","0","0","0","0","0","0","2","0","","02","4","2017","5","40.457099","-79.937908","1559","11","0","0","0","0","0","1","0","0","","0","0","0","","","0","","2","","40 27:25.558","","0","79 56:16.470","0","0","0","0","2301","0","0","0","N","0","0","0","2","02301","0","","1.0","","1","N","N","","0","","0","0","0","","0","","","2","0","1","0","0","0","0","2","0","2","","","","N","","","","","","","","","",""
"2017021369","0643","2","0","0","0","0","0","0","0","0","1","0","","02","2","2017","5","40.489267","-80.295231","0643","11","0","0","0","0","0","1","0","0","2","0","0","0","","","0","","1","","40 29:21.362","3","0","80 17:42.831","0","0","0","0","2203","0","0","0","N","0","0","0","2","02203","0","","1.0","","9","N","N","","0","","0","0","0","","2","N","","2","0","0","0","0","0","0","2","0","2","","","","N","","","","","","","","","",""
"2017040280","1844","2","0","0","0","0","0","0","0","0","1","0","","02","4","2017","1","40.43957","-79.861019","1819","11","0","0","0","0","1","0","0","0","","0","0","0","","","0","","0","","40 26:22.452","","0","79 51:39.669","0","0","0","0","2419","0","0","0","","0","0","0","3","68B03","0","","1.0","","9","N","N","","0","","0","0","1","","0","","","3","0","0","0","0","0","0","2","0","3","","","","N","","","","","","","","","",""
"2017027907","0810","1","0","0","0","0","0","0","0","0","6","0","","02","3","2017","3","40.453165","-79.919459","0801","11","0","0","0","0","0","0","0","0","","0","0","0","","","0","","0","","40 27:11.394","","0","79 55:10.052","0","0","0","0","2301","0","0","0","N","0","0","0","5","02301","0","","1.0","","9","N","Y","","0","","0","0","1","","0","","","2","0","1","0","0","0","0","2","0","2","","","","N","","","","","","","","","",""
"2017016280","2329","0","0","0","0","0","0","0","0","0","7","0","","02","2","2017","4","40.64204","-80.066885","2323","11","0","0","0","0","0","1","0","0","1","0","0","0","","","0","","0","","40 38:31.345","2","0","80 04:00.787","0","0","0","0","2216","0","0","0","N","0","0","0","1","02505","0","","5.0","","7","N","N","","0","","0","0","1","","0","N","","1","0","0","0","0","0","0","2","0","1","","","","N","","","","","","","","","",""
"2017027308","0135","1","0","0","0","0","0","0","0","0","1","0","","02","3","2017","2","40.430026","-79.988636","0135","11","0","0","0","0","0","1","0","0","2","0","0","0","","","1","","1","","40 25:48.094","2","0","79 59:19.088","4","0","0","0","2301","0","0","0","N","0","0","0","2","02301","1","","1.0","","1","N","N","","1","","0","0","0","","2","Y","","2","1","0","0","0","0","0","2","0","2","","","","N","","","","","","","","","",""
"2017039297","1812","2","0","0","0","0","0","0","0","0","1","0","55","02","4","2017","1","40.457773","-80.188094","1806","11","0","0","0","1","0","0","0","0","","0","0","0","","","4","","0","","40 27:27.981","","0","80 11:17.137","8","0","0","0","2213","0","0","0","","0","0","0","7","68B03","0","","1.0","","1","N","N","","0","","0","0","1","","0","","","3","4","0","0","0","4","0","2","0","3","","","Y","Y","2","1","N","N","N","Y","N","N","N",""
"2017031700","2010","3","0","0","0","0","0","0","0","0","4","0","","02","2","2017","4","40.3703","-80.100693","2004","11","0","0","0","0","1","0","0","0","1","0","0","0","","","1","","1","","40 22:13.080","4","0","80 06:02.494","8","0","0","0","2102","0","0","0","N","0","0","0","3","02102","0","","1.0","","1","N","N","","0","","0","0","0","","2","N","","3","1","0","0","0","1","0","2","0","3","","","","N","","","","","","","","","",""
"2017035261","0901","2","0","0","0","0","0","0","0","0","4","0","","02","3","2017","7","40.325868","-80.049323","0859","11","0","0","0","0","0","0","0","0","1","0","0","0","","","2","","1","","40 19:33.124","7","0","80 02:57.561","3","0","0","0","2407","0","0","0","","0","0","0","3","02407","1","","1.0","","1","N","N","","0","","1","0","0","","2","N","","2","2","0","0","0","0","0","2","0","2","","","","N","","","","","","","","","",""
"2017029826","0450","0","0","0","0","0","0","0","0","0","7","0","","02","3","2017","1","40.460092","-79.870703","0446","11","0","0","0","0","0","0","0","0","1","0","0","0","","","0","","0","","40 27:36.330","2","0","79 52:14.530","0","0","0","0","2113","0","0","0","N","0","0","0","3","02113","0","","5.0","","9","N","N","","0","","0","0","1","","0","N","","1","0","1","0","0","0","0","2","0","1","","","","N","","","","","","","","","",""
"2017033318","2217","1","0","0","0","0","0","0","0","0","7","0","","02","3","2017","3","40.353861","-79.881639","2214","11","0","0","0","1","0","0","0","0","","0","0","0","","","0","","0","","40 21:13.900","","0","79 52:53.900","0","0","0","0","2304","0","0","0","N","0","0","0","2","02304","0","","5.0","","1","N","N","","0","","0","0","0","","0","","","1","0","0","0","0","0","0","2","0","1","","","","N","","","","","","","","","",""
"2017026738","0530","1","0","0","0","0","0","0","0","0","1","0","","02","3","2017","6","40.384724","-79.995023","0518","11","0","0","0","0","0","0","1","0","2","0","0","0","","","0","","2","","40 23:05.007","1","0","79 59:42.082","0","0","0","0","2301","0","0","0","N","0","0","0","2","02301","0","","1.0","","9","N","N","","1","","0","0","0","","2","N","","2","0","0","0","0","0","0","2","0","2","","","","N","","","","","","","","","",""
"2017043922","0847","1","0","0","0","0","0","0","0","0","7","0","","02","4","2017","5","40.564264","-80.088715","0843","11","0","0","0","0","0","0","0","0","","0","0","0","","","0","","0","","40 33:51.352","","0","80 05:19.374","0","0","0","0","2481","0","0","0","","0","0","0","1","68B03","0","","3.0","","9","N","N","","0","","0","0","0","","0","","","1","0","0","0","0","0","0","2","0","1","","","","N","","","","","","","","","",""
"2017026585","1650","1","0","0","0","0","0","0","0","0","4","0","","02","3","2017","6","40.45642","-80.001566","1646","11","0","0","0","0","0","0","1","0","","0","0","0","","","0","","2","","40 27:23.111","","0","80 00:05.637","0","0","0","0","2301","0","0","0","N","0","0","0","2","02301","0","","1.0","","1","N","N","","1","","0","0","0","","2","","","2","0","0","0","0","0","0","2","0","2","","","","N","","","","","","","","","",""
"2017029643","1202","3","0","0","0","0","0","0","0","0","4","0","","02","3","2017","2","40.506733","-80.006887","1159","11","0","0","0","0","0","0","0","0","","0","0","0","","","0","","1","","40 30:24.237","","0","80 00:24.793","0","0","0","0","2116","0","0","0","N","0","0","0","4","02116","0","","1.0","","9","N","N","","0","","0","0","0","","2","","","3","0","0","0","0","0","0","2","0","3","","","","N","","","","","","","","","",""
"2017028761","0433","1","0","0","0","0","0","0","0","0","7","0","","02","3","2017","7","40.49043","-79.772065","0429","11","0","0","0","0","0","0","0","0","","0","0","0","","","0","","0","","40 29:25.547","","0","79 46:19.434","0","0","0","0","2466","0","0","0","N","0","0","0","1","02466","0","","5.0","","1","N","N","","0","","0","0","0","","0","","","1","0","0","0","0","0","0","2","0","1","","","","N","","","","","","","","","",""
"2017014736","0431","1","0","0","0","0","0","0","0","0","7","0","","02","2","2017","1","40.383741","-79.993176","0327","11","0","0","0","0","0","0","0","0","","0","0","0","","","0","","0","","40 23:01.467","","0","79 59:35.433","0","0","0","0","2301","0","0","0","N","0","0","0","1","02301","0","","2.0","","1","N","N","","0","","0","0","0","","0","","","1","0","0","0","0","0","0","2","0","1","","","","N","","","","","","","","","",""
"2017018928","0835","0","0","0","0","0","0","0","0","0","4","0","","02","2","2017","5","40.469926","-79.908699","0830","11","0","0","0","0","0","0","0","0","2","0","0","0","","","1","","0","","40 28:11.733","2","0","79 54:31.317","4","0","0","0","2301","0","0","0","N","0","0","0","4","02301","1","","1.0","","9","N","N","","1","","0","0","1","","0","N","","2","1","0","0","0","0","0","2","0","2","","","","N","","","","","","","","","",""
"2017036941","0800","1","0","0","0","0","0","0","0","0","1","0","","02","4","2017","3","40.493604","-79.901488","0746","11","0","0","0","1","0","0","0","0","1","0","0","0","","","0","","0","","40 29:36.976","2","0","79 54:05.358","0","0","0","0","2112","0","0","0","","0","0","0","3","68D02","0","","1.0","","1","N","N","","0","","0","0","2","","0","N","","3","0","0","0","0","0","0","2","0","3","","","","N","","","","","","","","","",""
"2017023454","1008","2","0","0","0","0","0","0","0","0","7","0","","02","3","2017","4","40.47816","-79.774642","1001","11","0","0","0","0","0","0","0","1","3","0","0","0","","","1","","0","","40 28:41.376","6","0","79 46:28.711","8","0","0","0","2466","0","0","0","N","0","0","0","1","02466","0","","5.0","","9","N","N","","0","","0","0","0","","0","Y","","2","1","0","0","0","1","0","2","0","2","","","","N","","","","","","","","","",""
"2017034489","0848","1","0","0","0","0","0","0","0","0","7","0","","02","4","2017","7","40.570056","-79.928028","0845","11","0","0","0","0","0","1","0","0","","0","0","0","","","1","","0","","40 34:12.200","","0","79 55:40.900","3","0","0","0","2207","0","0","0","N","0","0","0","1","02207","0","","5.0","","9","N","N","","0","","1","0","0","","0","","","1","1","0","0","0","0","0","2","0","1","","","","N","","","","","","","","","",""
"2017028364","","1","0","0","0","0","0","0","0","0","1","0","","02","3","2017","4","40.448939","-79.827251","","11","0","0","0","0","0","0","0","0","","0","0","0","","","0","","0","","40 26:56.179","","0","79 49:38.102","0","0","0","0","2113","0","0","0","N","0","0","0","2","02113","0","","1.0","","1","N","N","","0","","0","0","0","","0","","","2","0","0","0","0","0","0","2","1","2","","","","N","","","","","","","","","",""
"2017040237","","1","0","0","0","0","0","0","0","0","7","0","","02","4","2017","5","40.428685","-79.888873","","11","0","0","0","0","0","0","0","0","","0","0","0","","","1","","0","","40 25:43.266","","0","79 53:19.943","3","0","0","0","2426","0","0","0","","0","0","0","1","68B03","0","","4.0","","1","N","N","","0","","1","0","0","","0","","","1","1","0","0","0","0","0","2","0","1","","","","N","","","","","","","","","",""
"2017015189","","1","0","0","0","0","0","0","0","0","7","0","","02","2","2017","3","40.416889","-80.017972","","11","0","0","0","0","0","0","0","0","","0","0","0","","","1","","0","","40 25:00.800","","0","80 01:04.700","8","0","0","0","2301","0","0","0","N","0","0","0","1","02301","0","","5.0","","9","N","N","","0","","0","0","0","","0","","","1","1","0","0","0","1","0","2","0","1","","","","N","","","","","","","","","",""
"2017053185","","0","0","0","0","0","0","0","0","0","4","0","","02","5","2017","7","40.350711","-80.014841","","11","1","0","0","0","0","1","0","0","","0","0","0","","","0","","1","","40 21:02.560","","0","80 00:53.427","0","0","0","0","2407","0","0","0","","0","0","0","3","02407","0","","1.0","","1","N","N","","0","","0","0","2","","2","","","2","0","0","0","0","0","0","2","0","2","","","","N","","","","","","","","","",""
"2017022148","","1","0","0","0","0","0","0","0","0","7","0","","02","2","2017","7","40.457086","-79.877702","","11","0","0","0","0","0","0","0","0","","0","0","0","","","0","","0","","40 27:25.509","","0","79 52:39.727","0","0","0","0","2301","0","0","0","N","0","0","0","0","02301","0","","5.0","","9","N","N","","0","","0","0","0","","0","","","1","0","0","0","0","0","0","2","0","1","","","","N","","","","","","","","","",""
"2017022499","","1","0","0","0","0","0","0","0","0","7","0","","02","2","2017","6","40.57038","-79.793905","","11","0","0","0","0","0","0","0","0","1","0","0","0","","","0","","0","","40 34:13.367","2","0","79 47:38.057","0","0","0","0","2206","0","0","0","","0","0","0","1","68D02","0","","4.0","","1","N","N","","0","","0","0","0","","0","N","","1","0","0","0","0","0","0","2","0","1","","","","N","","","","","","","","","",""
"2017032837","","1","0","0","0","0","0","0","0","0","99","0","","02","3","2017","2","40.413472","-80.042753","","11","0","0","0","0","0","0","0","1","","0","0","0","","","0","","1","","40 24:48.499","","0","80 02:33.910","0","0","0","0","2301","0","0","0","N","0","0","0","2","02301","0","","1.0","","1","N","N","","0","","0","0","1","","0","","","2","0","0","0","0","0","0","2","0","2","","","","N","","","","","","","","","",""
"2017032000","","1","0","0","0","0","0","0","0","0","7","0","","02","3","2017","7","40.353641","-79.841983","","11","0","0","0","0","0","0","0","0","","0","0","0","","","0","","0","","40 21:13.109","","0","79 50:31.140","0","0","0","0","2304","0","0","0","N","0","0","0","1","02304","0","","1.0","","1","N","N","","0","","0","0","0","","0","","","1","0","0","0","0","0","0","2","0","1","","","","N","","","","","","","","","",""
"2017030948","","1","0","0","0","0","0","0","0","0","4","0","","02","3","2017","4","40.437392","-79.999303","","11","0","0","0","0","0","1","0","0","","0","0","0","","","0","","1","","40 26:14.611","","0","79 59:57.489","0","0","0","0","2301","0","0","0","N","0","0","0","2","02301","0","","1.0","","1","N","N","","0","","0","0","1","","2","","","2","0","0","0","0","0","0","2","0","2","","","","N","","","","","","","","","",""
"2017039943","","2","0","0","0","0","0","0","0","0","1","0","","02","4","2017","7","40.430519","-79.814161","","11","0","0","0","0","0","0","0","0","","0","0","0","","","0","","0","","40 25:49.868","","3","79 48:50.981","0","0","0","0","2446","0","0","0","N","0","0","0","3","02446","0","","1.0","","1","N","N","","0","","0","0","0","","0","","","2","0","0","0","0","0","0","2","0","2","","","","N","","","","","","","","","",""
"2017018336","","1","0","0","0","0","0","0","0","0","2","0","","02","2","2017","7","40.354292","-79.982061","","11","0","0","0","0","0","0","0","0","","0","0","0","","","0","","0","","40 21:15.451","","0","79 58:55.419","0","0","0","0","2476","0","0","0","N","0","0","0","1","02476","0","","2.0","","1","N","N","","0","","0","0","1","","0","","","2","0","0","0","0","0","0","2","0","2","","","","N","","","","","","","","","",""
"2017031641","","1","0","0","0","0","0","0","0","0","7","0","","02","3","2017","6","40.583906","-80.099384","","11","0","0","0","0","0","0","0","0","","0","0","0","","","0","","0","","40 35:02.061","","0","80 05:57.784","0","0","0","0","2481","0","0","0","","0","0","0","1","68B03","0","","4.0","","9","N","N","","0","","0","0","0","","0","","","1","0","0","0","0","0","0","2","0","1","","","","N","","","","","","","","","",""
"2017022916","","0","0","0","0","0","0","0","0","0","7","0","","02","2","2017","2","40.449413","-79.985733","","11","0","0","0","0","0","0","0","0","","0","0","0","","","3","","1","","40 26:57.888","","0","79 59:08.637","8","0","0","0","2301","0","0","0","N","0","0","0","4","02301","0","","2.0","","1","N","N","","1","","0","0","0","","3","","","1","3","2","0","0","3","0","2","0","1","","","","N","","","","","","","","","",""
"2017039484","","2","0","0","0","0","0","0","0","0","4","0","","02","4","2017","1","40.455301","-79.976372","","11","0","0","0","0","0","0","0","0","2","0","0","0","","","0","","2","","40 27:19.082","4","0","79 58:34.938","9","0","0","0","2301","0","0","0","N","0","0","0","6","02301","0","","1.0","","1","N","N","","0","","0","0","0","","3","Y","","2","0","0","0","0","0","4","2","0","2","","","","N","","","","","","","","","",""
"2017024193","","0","0","0","0","0","0","0","0","0","7","0","","02","3","2017","7","40.295445","-79.879344","","11","0","0","0","0","0","0","0","0","1","0","0","0","","","0","","2","","40 17:43.601","4","0","79 52:45.638","0","0","0","0","2302","0","0","0","N","0","0","0","2","02302","0","","5.0","","1","N","N","","0","","0","0","1","","0","N","","1","0","0","0","0","0","0","2","0","1","","","","N","","","","","","","","","",""
"2017015447","","2","0","0","0","0","0","0","0","0","1","0","","02","2","2017","3","40.417006","-80.014448","","11","0","0","1","0","0","0","0","0","","0","0","0","","","2","","2","","40 25:01.220","","0","80 00:52.011","8","0","0","0","2301","0","0","0","N","0","0","0","4","02301","0","","1.0","","9","N","N","","0","","0","0","1","","2","","","3","2","0","0","0","2","0","2","0","3","","","","N","","","","","","","","","",""
"2017050236","","0","0","0","0","0","0","0","0","0","8","1","","02","5","2017","3","40.501451","-80.074996","","11","0","0","0","0","0","0","0","0","1","0","1","0","","","1","","2","","40 30:05.224","1","0","80 04:29.986","2","0","0","0","2402","1","0","1","N","1","0","1","2","02402","0","","1.0","","1","N","N","","0","","0","1","0","","2","N","","2","1","0","0","0","0","0","2","0","1","","","","N","","","","","","","","","",""
"2017038899","","0","0","0","0","0","0","0","0","0","8","0","","02","4","2017","6","40.401244","-80.022631","","11","0","0","0","0","0","0","0","0","","0","0","0","","","1","","0","","40 24:04.477","","0","80 01:21.470","8","0","0","0","2301","1","0","0","N","1","0","0","2","02301","0","","1.0","","1","N","N","","0","","0","0","1","","0","","","2","1","0","0","0","1","1","2","0","1","","","","N","","","","","","","","","",""
"2017051393","","1","0","0","0","0","0","0","0","0","5","0","","02","5","2017","1","40.433902","-79.795536","","11","0","0","0","0","0","1","0","0","","0","0","0","","","0","","1","","40 26:02.047","","0","79 47:43.931","0","0","0","0","2446","0","0","0","N","0","0","0","3","02446","0","","1.0","","1","N","N","","0","","0","0","1","","0","","","2","0","0","0","0","0","0","2","0","2","","","","N","","","","","","","","","",""
"2017022947","","0","0","0","0","0","0","0","0","0","0","0","","02","2","2017","2","40.459741","-79.866161","","11","0","0","0","0","0","0","0","0","","0","0","0","","","0","","0","","40 27:35.069","","0","79 51:58.180","0","0","0","0","2113","0","0","0","N","0","0","0","2","02113","0","","4.0","","1","N","N","","0","","0","0","1","","0","","","1","0","0","0","0","0","0","2","0","1","","","","N","","","","","","","","","",""
"2017017553","","1","0","0","0","0","0","0","0","0","8","0","","02","2","2017","2","40.409986","-79.944087","","11","0","0","0","0","0","1","0","0","","0","0","0","","","2","","2","","40 24:35.951","","0","79 56:38.712","2","0","0","0","2301","2","0","1","N","2","0","1","3","02301","1","","1.0","","1","N","N","","0","","0","1","0","","2","","","3","2","0","0","0","0","0","2","0","1","","","","N","","","","","","","","","",""
"2017038883","","1","0","0","0","0","0","0","0","0","7","0","","02","4","2017","6","40.47038","-79.812756","","11","0","0","0","0","0","0","0","0","","0","0","0","","","0","","0","","40 28:13.368","","0","79 48:45.921","9","0","0","0","2113","0","0","0","N","0","0","0","1","02113","0","","5.0","","1","N","N","","0","","0","0","0","","0","","","1","0","0","0","0","0","1","2","0","1","","","","N","","","","","","","","","",""
"2017017321","","1","0","0","0","0","0","0","0","0","4","0","","02","2","2017","1","40.491565","-80.061254","","11","0","0","0","0","0","0","0","0","","0","0","0","","","0","","2","","40 29:29.633","","0","80 03:40.514","0","0","0","0","2404","0","0","0","N","0","0","0","3","02404","0","","1.0","","1","N","N","","0","","0","0","1","","2","","","2","0","1","0","0","0","0","2","0","2","","","","N","","","","","","","","","",""
"2017029878","","1","0","0","0","0","0","0","0","0","8","0","","02","3","2017","1","40.48137","-80.045809","","11","0","0","0","0","0","0","0","0","","0","0","0","","","1","","0","","40 28:52.932","","0","80 02:44.914","8","0","0","0","2301","1","0","0","N","1","0","0","2","02301","0","","1.0","","1","N","N","","0","","0","0","0","","0","","","2","1","0","0","0","1","0","2","0","1","","","","N","","","","","","","","","",""
"2017029763","","2","0","0","0","0","0","0","0","0","1","0","","02","3","2017","1","40.429426","-79.977283","","11","0","0","0","0","0","0","0","0","","0","0","0","","","0","","0","","40 25:45.933","","0","79 58:38.218","0","0","0","0","2301","0","0","0","N","0","0","0","1","02301","0","","1.0","","1","N","N","","0","","0","0","2","","0","","","4","0","0","0","0","0","0","2","0","4","","","","N","","","","","","","","","",""
"2017017852","","1","0","0","0","0","0","0","0","0","7","0","","02","2","2017","3","40.437003","-80.011819","","11","0","0","0","0","0","0","0","0","","0","0","0","","","0","","0","","40 26:13.210","","0","80 00:42.547","0","0","0","0","2301","0","0","0","N","0","0","0","1","02301","0","","5.0","","1","N","N","","0","","0","0","0","","0","","","1","0","0","0","0","0","0","2","0","1","","","","N","","","","","","","","","",""
"2017023616","","1","0","0","0","0","0","0","0","0","7","0","","02","3","2017","4","40.387499","-79.932593","","11","0","0","0","0","0","0","0","0","","0","0","0","","","0","","0","","40 23:14.996","","0","79 55:57.335","0","0","0","0","2403","0","0","0","N","0","0","0","1","02403","0","","2.0","","9","N","N","","0","","0","0","0","","0","","","1","0","0","0","0","0","0","2","0","1","","","","N","","","","","","","","","",""
"2017025843","","1","0","0","0","0","0","0","0","0","8","0","","02","3","2017","4","40.459395","-80.018057","","11","0","0","0","0","0","1","0","0","1","0","0","0","","","1","","0","","40 27:33.822","7","7","80 01:05.005","3","0","0","0","2301","1","0","0","N","1","0","0","2","02301","0","","1.0","","1","N","N","","0","","1","0","0","","0","N","","2","1","0","0","0","0","0","2","0","1","","","","N","","","","","","","","","",""
"2017039997","","1","0","0","0","0","0","0","0","0","7","0","","02","4","2017","3","40.34837","-79.944808","","11","0","0","0","0","0","0","1","0","1","0","0","0","","","0","","0","","40 20:54.133","4","0","79 56:41.310","0","0","0","0","2473","0","0","0","N","0","0","0","1","02473","0","","3.0","","1","N","N","","0","","0","0","0","","0","N","","1","0","0","0","0","0","0","2","0","1","","","","N","","","","","","","","","",""
"2017051456","","0","0","0","0","0","0","0","0","0","5","0","","02","5","2017","7","40.438377","-79.955459","","11","0","0","0","0","0","0","0","0","","0","0","0","","","0","","0","","40 26:18.157","","0","79 57:19.652","0","0","0","0","2301","0","0","0","N","0","0","0","3","02301","0","","1.0","","1","N","N","","0","","0","0","2","","0","","","2","0","0","0","0","0","0","2","0","2","","","","N","","","","","","","","","",""
"2017025765","","1","0","0","0","0","0","0","0","0","5","0","","02","3","2017","1","40.494578","-79.921648","","11","0","0","0","0","0","1","0","0","","0","0","0","","","0","","0","","40 29:40.482","","0","79 55:17.934","0","0","0","0","2461","0","0","0","N","0","0","0","1","02461","0","","6.0","","1","N","N","","1","","0","0","0","","2","","","2","0","0","0","0","0","0","2","0","2","","","","N","","","","","","","","","",""
"2017026678","","1","0","0","0","0","0","0","0","0","4","0","","02","3","2017","6","40.464191","-80.052982","","11","0","0","0","0","0","0","0","0","","0","0","0","","","0","","2","","40 27:51.088","","0","80 03:10.736","0","0","0","0","2301","0","0","0","N","0","0","0","3","02301","0","","1.0","","1","N","N","","0","","0","0","1","","0","","","2","0","0","0","0","0","0","2","0","2","","","","N","","","","","","","","","",""
"2017017101","","1","0","0","0","0","0","0","0","0","7","0","","02","2","2017","1","40.377437","-80.139808","","11","0","0","0","0","0","0","0","1","","0","0","0","","","1","","0","","40 22:38.773","","0","80 08:23.308","3","0","0","0","2102","0","0","0","N","0","0","0","1","02102","0","","5.0","","9","N","N","","0","","1","0","0","","0","","","1","1","0","0","0","0","0","2","0","1","","","","N","","","","","","","","","",""
"2017041949","","1","0","0","0","0","0","0","0","0","4","0","","02","4","2017","1","40.389686","-80.133467","","11","0","0","0","0","0","0","0","0","","0","0","0","","","0","","1","","40 23:22.871","","0","80 08:00.482","0","0","0","0","2102","0","0","0","N","0","0","0","2","02102","0","","1.0","","1","N","N","","0","","0","0","1","","0","","","2","0","0","0","0","0","0","2","0","2","","","","N","","","","","","","","","",""
"2017034063","","3","0","0","0","0","0","0","0","0","6","0","","02","3","2017","6","40.419529","-79.987536","","11","0","0","0","0","0","0","0","0","1","0","0","0","","","0","","0","","40 25:10.304","7","0","79 59:15.129","0","0","0","0","2301","0","0","0","N","0","0","0","2","02301","0","","4.0","","9","N","N","","0","","0","0","0","","0","N","","3","0","0","0","0","0","0","2","0","3","","","","N","","","","","","","","","",""
"2017023519","","1","0","0","0","0","0","0","0","0","4","0","","02","3","2017","4","40.468393","-80.02522","","11","0","0","0","0","0","0","0","0","","0","0","0","","","1","","2","","40 28:06.213","","0","80 01:30.791","8","0","0","0","2301","0","0","0","N","0","0","0","1","02301","0","","1.0","","1","N","N","","0","","0","0","0","","9","","","2","1","0","0","0","1","0","2","1","2","","","","N","","","","","","","","","",""
"2017015804","","2","0","0","0","0","0","0","0","0","4","0","","02","2","2017","4","40.456659","-80.000113","","11","0","0","0","0","0","0","0","0","","0","0","0","","","0","","1","","40 27:23.972","","0","80 00:00.406","0","0","0","0","2301","0","0","0","N","0","0","0","2","02301","0","","1.0","","9","N","N","","0","","0","0","0","","3","","","2","0","0","0","0","0","0","2","0","2","","","","N","","","","","","","","","",""
"2017040223","","2","0","0","0","0","0","0","0","0","5","0","","02","2","2017","7","40.430324","-79.957583","","11","0","0","0","0","0","0","0","0","","0","0","0","","","2","","0","","40 25:49.168","","0","79 57:27.298","8","0","0","0","2301","0","0","0","","0","0","0","3","68B03","0","","1.0","","1","N","N","","0","","0","0","0","","0","","","2","2","0","0","0","2","0","2","0","2","","","","N","","","","","","","","","",""