"CRN","ARRIVAL_TM","AUTOMOBILE_COUNT","BELTED_DEATH_COUNT","BELTED_SUSP_SERIOUS_INJ_COUNT","BICYCLE_COUNT","BICYCLE_DEATH_COUNT","BICYCLE_SUSP_SERIOUS_INJ_COUNT","BUS_COUNT","CHLDPAS_DEATH_COUNT","CHLDPAS_SUSP_SERIOUS_INJ_COUNT","COLLISION_TYPE","COMM_VEH_COUNT","CONS_ZONE_SPD_LIM","COUNTY","CRASH_MONTH","CRASH_YEAR","DAY_OF_WEEK","DEC_LATITUDE","DEC_LONGITUDE","DISPATCH_TM","DISTRICT","DRIVER_COUNT_16YR","DRIVER_COUNT_17YR","DRIVER_COUNT_18YR","DRIVER_COUNT_19YR","DRIVER_COUNT_20YR","DRIVER_COUNT_50_64YR","DRIVER_COUNT_65_74YR","DRIVER_COUNT_75PLUS","EST_HRS_CLOSED","FATAL_COUNT","HEAVY_TRUCK_COUNT","HORSE_BUGGY_COUNT","HOUR_OF_DAY","ILLUMINATION","INJURY_COUNT","INTERSECTION_RELATED","INTERSECT_TYPE","LANE_CLOSED","LATITUDE","LN_CLOSE_DIR","LOCATION_TYPE","LONGITUDE","MAX_SEVERITY_LEVEL","MCYCLE_DEATH_COUNT","MCYCLE_SUSP_SERIOUS_INJ_COUNT","MOTORCYCLE_COUNT","MUNICIPALITY","NONMOTR_COUNT","NONMOTR_DEATH_COUNT","NONMOTR_SUSP_SERIOUS_INJ_COUNT","NTFY_HIWY_MAINT","PED_COUNT","PED_DEATH_COUNT","PED_SUSP_SERIOUS_INJ_COUNT","PERSON_COUNT","POLICE_AGCY","POSSIBLE_INJ_COUNT","RDWY_SURF_TYPE_CD","RELATION_TO_ROAD","ROADWAY_CLEARED","ROAD_CONDITION","SCH_BUS_IND","SCH_ZONE_IND","SECONDARY_CRASH","SMALL_TRUCK_COUNT","SPEC_JURIS_CD","SUSP_MINOR_INJ_COUNT","SUSP_SERIOUS_INJ_COUNT","SUV_COUNT","TCD_FUNC_CD","TCD_TYPE","TFC_DETOUR_IND","TIME_OF_DAY","TOTAL_UNITS","TOT_INJ_COUNT","UNBELTED_OCC_COUNT","UNB_DEATH_COUNT","UNB_SUSP_SERIOUS_INJ_COUNT","UNK_INJ_DEG_COUNT","UNK_INJ_PER_COUNT","URBAN_RURAL","VAN_COUNT","VEHICLE_COUNT","WEATHER1","WEATHER2","WORKERS_PRES","WORK_ZONE_IND","WORK_ZONE_LOC","WORK_ZONE_TYPE","WZ_CLOSE_DETOUR","WZ_FLAGGER","WZ_LAW_OFFCR_IND","WZ_LN_CLOSURE","WZ_MOVING","WZ_OTHER","WZ_SHLDER_MDN","WZ_WORKERS_INJ_KILLED"
"2017029467","","0","0","0","0","0","0","0","0","0","1","0","","02","3","2017","6","40.441464","-80.030784","","11","0","0","0","0","0","1","0","0","1","0","0","0","","","2","","5","","40 26:29.270","1","0","80 01:50.821","8","0","0","0","2301","0","0","0","N","0","0","0","3","02301","0","","1.0","","9","N","N","","0","","0","0","2","","2","N","","2","2","0","0","0","2","0","2","0","2","","","","N","","","","","","","","","",""
"2017023317","","2","0","0","0","0","0","0","0","0","1","0","","02","2","2017","7","40.523725","-79.83314","","11","0","0","0","0","0","0","0","0","","0","0","0","","","1","","0","","40 31:25.409","","0","79 49:59.303","4","0","0","0","2451","0","0","0","N","0","0","0","2","02451","1","","1.0","","1","N","N","","0","","0","0","0","","0","","","2","1","0","0","0","0","0","2","0","2","","","","N","","","","","","","","","",""
"2017045896","","2","0","0","0","0","0","0","0","0","4","0","","02","5","2017","6","40.455788","-79.994804","","11","0","0","0","0","0","1","0","0","","0","0","0","","","1","","10","","40 27:20.838","","0","79 59:41.295","4","0","0","0","2301","0","0","0","N","0","0","0","3","02301","1","","1.0","","9","N","N","","0","","0","0","0","","3","","","2","1","0","0","0","0","0","2","0","2","","","","N","","","","","","","","","",""
"2017046034","","1","0","0","0","0","0","0","0","0","7","0","","02","5","2017","5","40.432153","-80.155914","","11","0","0","1","0","0","0","0","0","2","0","0","0","","","0","","0","","40 25:55.750","3","0","80 09:21.290","0","0","0","0","2115","0","0","0","N","0","0","0","1","02115","0","","5.0","","9","N","N","","0","","0","0","0","","0","N","","1","0","0","0","0","0","0","1","0","1","","","","N","","","","","","","","","",""
"2017024266","","1","0","0","0","0","0","0","0","0","7","0","","02","3","2017","1","40.457104","-79.877675","","11","0","0","0","0","0","0","0","0","2","0","0","0","","","2","","0","","40 27:25.574","1","0","79 52:39.630","8","0","0","0","2301","0","0","0","N","0","0","0","2","02301","0","","2.0","","1","N","N","","0","","0","0","0","","0","N","","1","2","0","0","0","2","0","2","0","1","","","","N","","","","","","","","","",""
"2017025469","","3","0","0","0","0","0","0","0","0","2","0","","02","3","2017","3","40.389804","-79.976351","","11","0","0","0","0","0","0","0","0","","0","0","0","","","0","","0","","40 23:23.294","","0","79 58:34.863","0","0","0","0","2301","0","0","0","","0","0","0","0","02301","0","","6.0","","98","","","","1","","0","0","0","","0","","","4","0","0","0","0","0","0","2","0","4","","","","N","","","","","","","","","",""
"2017037724","","1","0","0","0","0","0","0","0","0","7","0","","02","2","2017","4","40.439479","-80.010031","","11","0","0","0","0","0","1","0","0","1","0","0","0","","","1","","0","","40 26:22.125","3","0","80 00:36.110","3","0","0","0","2301","0","0","0","","0","0","0","2","68B03","0","","4.0","","1","N","N","","0","","1","0","0","","0","N","","1","1","0","0","0","0","0","2","0","1","","","","N","","","","","","","","","",""
"2017016404","","1","0","0","0","0","0","0","0","0","1","0","","02","2","2017","6","40.492359","-80.2911","","11","0","0","0","0","0","0","0","0","1","0","0","0","","","0","","0","","40 29:32.494","3","0","80 17:27.960","0","0","0","0","2203","0","0","0","N","0","0","0","3","02203","0","","1.0","","2","N","N","","0","","0","0","1","","0","Y","","2","0","0","0","0","0","0","2","0","2","","","","N","","","","","","","","","",""
"2017040614","","1","0","0","0","0","0","0","0","0","4","0","","02","4","2017","3","40.508993","-79.888212","","11","0","0","0","0","0","1","0","0","1","0","0","0","","","0","","1","","40 30:32.375","1","0","79 53:17.564","0","0","0","0","2432","0","0","0","N","0","0","0","4","02432","0","","1.0","","1","N","N","","1","","0","0","0","","3","N","","2","0","0","0","0","0","0","2","0","2","","","","N","","","","","","","","","",""
"2017036175","","2","0","1","0","0","0","0","0","0","2","0","","02","4","2017","5","40.301687","-79.919412","","11","0","0","0","0","0","1","0","0","3","1","0","0","","","2","","0","","40 18:06.073","6","0","79 55:09.884","1","0","0","0","2440","0","0","0","N","0","0","0","3","02440","1","2","1.0","","9","N","N","","0","0","0","1","1","","0","Y","","3","2","1","1","0","0","0","2","0","3","","","","N","","","","","","","","","",""
"2017017273","","1","0","0","0","0","0","0","0","0","7","0","","02","2","2017","1","40.449667","-80.001","","11","0","0","0","0","0","0","0","0","2","0","0","0","","","1","","5","","40 26:58.800","7","1","80 00:03.600","4","0","0","0","2301","0","0","0","Y","0","0","0","1","02301","1","","5.0","","9","N","N","","0","","0","0","0","","2","N","","1","1","0","0","0","0","0","2","0","1","","","","N","","","","","","","","","",""
"2017040946","","0","0","0","0","0","0","0","0","0","1","0","","02","4","2017","4","40.527986","-79.775241","","11","0","0","0","0","0","1","0","0","1","0","0","0","","","3","","0","","40 31:40.749","2","0","79 46:30.868","3","0","0","0","2303","0","0","0","N","0","0","0","5","02303","2","","1.0","","1","N","N","","1","","1","0","1","","0","N","","2","3","0","0","0","0","0","2","0","2","","","","N","","","","","","","","","",""
"2017036106","","2","0","0","0","0","0","0","0","0","1","0","15","02","4","2017","2","40.331869","-80.06987","","11","0","0","0","0","1","0","1","1","5","0","0","0","","","1","","10","","40 19:54.727","2","0","80 04:11.533","3","0","0","0","2123","0","0","0","N","0","0","0","4","02123","0","","1.0","","1","N","N","","0","","1","0","0","","7","Y","","4","1","0","0","0","0","1","2","2","4","","","Y","Y","4","1","","Y","Y","Y","","","Y",""
"2017041011","","1","0","0","0","0","0","0","0","0","1","0","","02","4","2017","5","40.426545","-80.126498","","11","0","0","0","0","0","0","1","0","1","0","0","0","","","0","","0","","40 25:35.563","4","0","80 07:35.393","0","0","0","0","2115","0","0","0","","0","0","0","2","68B03","0","","1.0","","1","N","N","","0","","0","0","1","","0","N","","2","0","0","0","0","0","0","2","0","2","","","","N","","","","","","","","","",""
"2017039672","","0","0","0","0","0","0","0","0","0","7","0","","02","4","2017","5","40.592941","-80.058955","","11","0","0","0","0","0","0","0","0","1","0","0","0","","","0","","2","","40 35:34.589","1","0","80 03:32.239","0","0","0","0","2108","0","0","0","","0","0","0","1","02108","0","","4.0","","1","N","N","","1","","0","0","0","","0","N","","1","0","0","0","0","0","0","2","0","1","","","","N","","","","","","","","","",""
"2017022202","","2","0","0","0","0","0","0","0","0","4","0","","02","2","2017","6","40.424709","-79.859368","","11","0","0","0","0","0","0","0","0","2","0","0","0","","","0","","1","","40 25:28.952","4","0","79 51:33.724","0","0","0","0","2431","0","0","0","N","0","0","0","3","02431","0","","1.0","","1","N","N","","0","","0","0","0","","2","N","","2","0","0","0","0","0","0","2","0","2","","","","N","","","","","","","","","",""
"2017025303","","1","0","0","0","0","0","0","0","0","6","0","","02","3","2017","2","40.357861","-80.126158","","11","0","0","0","0","0","0","0","0","","0","0","0","","","1","","1","","40 21:28.301","","0","80 07:34.168","8","0","0","0","2119","0","0","0","N","0","0","0","5","02119","0","","1.0","","9","N","N","","1","","0","0","1","","2","","","3","1","1","0","0","1","0","2","0","3","","","","N","","","","","","","","","",""
"2017015930","","1","0","0","0","0","0","0","0","0","8","0","","02","2","2017","5","40.441654","-80.002873","","11","0","0","0","0","0","1","0","0","","0","0","0","","","2","","1","","40 26:29.954","","0","80 00:10.342","4","0","0","0","2301","2","0","0","N","2","0","0","3","02301","2","","1.0","","7","N","N","","0","","0","0","0","","2","","","3","2","0","0","0","0","0","2","0","1","","","","N","","","","","","","","","",""
"2017025935","","1","0","0","0","0","0","0","0","0","1","0","","02","3","2017","5","40.333087","-79.891627","","11","0","0","0","0","0","0","0","0","1","0","0","0","","","1","","0","","40 19:59.112","2","0","79 53:29.857","8","0","0","0","2433","0","0","0","N","0","0","0","1","02433","0","","6.0","","1","N","N","","0","","0","0","1","","0","N","","2","1","0","0","0","1","0","2","0","2","","","","N","","","","","","","","","",""
"2017016844","","1","0","0","0","0","0","0","0","0","7","0","","02","2","2017","7","40.450864","-80.000972","","11","0","0","0","0","0","0","0","0","2","0","0","0","","","1","","2","","40 27:03.111","7","0","80 00:03.500","3","0","0","0","2301","0","0","0","N","0","0","0","1","02301","0","","2.0","","1","N","N","","0","","1","0","0","","0","N","","2","1","0","0","0","0","0","2","0","1","","","","N","","","","","","","","","",""
"2017029920","","2","0","0","0","0","0","0","0","0","1","0","","02","3","2017","1","40.442356","-80.023369","","11","0","0","0","0","0","0","0","0","","0","0","0","","","2","","0","","40 26:32.482","","0","80 01:24.127","4","0","0","0","2301","0","0","0","N","0","0","0","2","02301","2","","1.0","","1","N","N","","0","","0","0","0","","0","","","3","2","1","0","0","0","0","2","1","3","","","","N","","","","","","","","","",""
"2017044721","","2","0","0","0","0","0","0","0","0","1","0","","02","4","2017","7","40.484846","-80.00814","","11","0","0","0","0","0","0","0","0","","0","0","0","","","0","","0","","40 29:05.447","","0","80 00:29.304","0","0","0","0","2301","0","0","0","","0","0","0","3","68B03","0","","1.0","","9","N","N","","0","","0","0","0","","0","","","2","0","0","0","0","0","0","2","0","2","","","","N","","","","","","","","","",""
"2017017758","","1","0","0","0","0","0","0","0","0","2","0","","02","2","2017","7","40.520844","-80.19225","","11","0","0","0","1","0","0","0","0","1","0","0","0","","","1","","2","","40 31:15.038","3","0","80 11:32.100","3","0","0","0","2213","0","0","0","","0","0","0","2","02213","0","","1.0","","1","N","N","","0","","1","0","1","","3","Y","","2","1","0","0","0","0","0","2","0","2","","","","N","","","","","","","","","",""
"2017022110","","2","0","0","0","0","0","0","0","0","4","0","","02","2","2017","6","40.419626","-79.927168","","11","0","0","0","0","0","1","0","0","","0","0","0","","","0","","5","","40 25:10.655","","0","79 55:37.803","0","0","0","0","2301","0","0","0","N","0","0","0","3","02301","0","","1.0","","1","N","N","","0","","0","0","0","","2","","","2","0","0","0","0","0","0","2","0","2","","","","N","","","","","","","","","",""
"2017017034","","1","0","0","0","0","0","0","0","0","4","0","","02","2","2017","7","40.384601","-79.995192","","11","0","0","0","0","0","0","0","0","","0","0","0","","","0","","2","","40 23:04.563","","0","79 59:42.692","0","0","0","0","2301","0","0","0","N","0","0","0","2","02301","0","","1.0","","9","N","N","","0","","0","0","1","","2","","","2","0","0","0","0","0","0","2","0","2","","","","N","","","","","","","","","",""
"2017026461","","1","0","0","0","0","0","0","0","0","1","0","","02","3","2017","5","40.398361","-80.02606","","11","0","0","0","0","0","0","0","0","","0","0","0","","","0","","1","","40 23:54.099","","0","80 01:33.815","0","0","0","0","2301","0","0","0","N","0","0","0","2","02301","0","","1.0","","1","N","N","","0","","0","0","1","","2","","","2","0","0","0","0","0","0","2","0","2","","","","N","","","","","","","","","",""
"2017041944","","0","0","0","0","0","0","0","0","0","0","0","","02","4","2017","3","40.541917","-79.761334","","11","0","0","0","0","0","0","0","0","1","0","0","0","","","1","","3","","40 32:30.902","4","0","79 45:40.804","3","0","0","1","2466","0","0","0","N","0","0","0","1","02466","0","","1.0","","1","N","N","","0","","1","0","0","","0","N","","1","1","0","0","0","0","0","2","0","1","","","","N","","","","","","","","","",""
"2017039789","","2","0","0","0","0","0","0","0","0","4","0","","02","4","2017","6","40.443933","-79.713567","","11","0","0","0","0","0","0","0","1","1","0","0","0","","","0","","0","","40 26:38.158","3","7","79 42:48.841","0","0","0","0","2446","0","0","0","N","0","0","0","2","02446","0","","1.0","","1","N","N","","0","","0","0","0","","0","N","","2","0","0","0","0","0","0","2","0","2","","","","N","","","","","","","","","",""
"2017038448","","2","0","0","0","0","0","1","0","0","1","1","","02","4","2017","4","40.448132","-79.898109","","11","0","0","0","0","0","0","0","1","2","0","0","0","","","1","","0","","40 26:53.274","3","0","79 53:53.192","3","0","0","0","2301","0","0","0","N","0","0","0","5","02503","0","","1.0","","1","N","N","","0","","1","0","0","","2","N","","3","1","0","0","0","0","0","2","0","3","","","","N","","","","","","","","","",""
"2017038889","","1","0","0","0","0","0","0","0","0","7","0","","02","4","2017","6","40.305938","-79.825368","","11","0","0","0","0","0","1","0","0","2","0","0","0","","","1","N","0","","40 18:21.375","5","0","79 49:31.325","8","0","0","0","2105","0","0","0","N","0","0","0","1","02105","0","","4.0","","1","N","N","","0","","0","0","0","","0","N","","1","1","0","0","0","1","0","2","0","1","","","","N","","","","","","","","","",""
"2017027811","","1","0","0","0","0","0","0","0","0","4","0","","02","3","2017","2","40.398361","-80.052044","","11","0","0","0","0","0","0","0","0","1","0","0","0","","","0","","0","","40 23:54.100","1","0","80 03:07.360","0","0","0","0","2109","0","0","0","","0","0","0","1","02109","0","","1.0","","1","N","N","","0","","0","0","0","","0","Y","","2","0","0","0","0","0","0","2","1","2","","","","N","","","","","","","","","",""
"2017041552","","2","0","0","0","0","0","0","0","0","2","0","","02","4","2017","6","40.454367","-79.947679","","11","0","0","0","0","0","0","0","0","","0","0","0","","","0","","1","","40 27:15.720","","0","79 56:51.643","0","0","0","0","2301","0","0","0","N","0","0","0","2","02301","0","","1.0","","1","N","N","","0","","0","0","0","","2","","","2","0","0","0","0","0","0","2","0","2","","","","N","","","","","","","","","",""
"2017040014","","2","0","1","0","0","0","0","0","0","2","0","","02","4","2017","3","40.380829","-79.952881","","11","0","0","0","0","0","0","1","0","","0","0","0","","","1","","0","","40 22:50.984","","0","79 57:10.371","2","0","0","0","2403","0","0","0","N","0","0","0","1","02403","0","","1.0","","1","N","N","","0","","0","1","0","","0","","","2","1","0","0","0","0","0","2","0","2","","","","N","","","","","","","","","",""
"2017038945","","2","0","0","0","0","0","0","0","0","1","0","","02","4","2017","6","40.449667","-80.0183","","11","0","0","0","0","0","1","0","0","2","0","0","0","","","0","","1","","40 26:58.800","1","0","80 01:05.879","0","0","0","0","2301","0","0","0","N","0","0","0","3","02301","0","","1.0","","1","N","N","","0","","0","0","0","","2","N","","2","0","0","0","0","0","0","2","0","2","","","","N","","","","","","","","","",""
"2017029487","","1","0","0","0","0","0","0","0","0","7","0","90","02","3","2017","7","40.507161","-79.797726","","11","0","0","1","0","0","0","0","0","2","0","0","0","","","0","","0","","40 30:25.778","6","0","79 47:51.812","0","0","0","0","2113","0","0","0","N","0","0","0","1","02113","0","","1.0","","9","N","N","","0","","0","0","0","","3","N","","1","0","0","0","0","0","0","2","0","1","","","N","Y","8","2","","","N","Y","","","",""
"2017051870","","1","0","0","0","0","0","0","0","0","1","1","","02","4","2017","5","40.420313","-80.032765","","11","0","0","0","0","0","1","0","0","","0","1","0","","","2","","0","","40 25:13.128","","0","80 01:57.953","3","0","0","0","2301","0","0","0","","0","0","0","3","68B03","0","","1.0","","1","N","N","","0","","1","0","0","","0","","","2","2","0","0","0","1","0","2","0","2","","","","N","","","","","","","","","",""
"2017020190","","1","0","0","0","0","0","0","0","0","4","0","","02","2","2017","1","40.35122","-79.863185","","11","0","0","1","0","0","0","0","0","2","0","0","0","","","0","","1","","40 21:04.392","3","0","79 51:47.465","0","0","0","0","2304","0","0","0","N","0","0","0","5","02304","0","","1.0","","1","N","N","","0","","0","0","1","","0","Y","","2","0","3","0","0","0","0","2","0","2","","","","N","","","","","","","","","",""
"2017039941","","2","0","0","0","0","0","0","0","0","2","0","","02","4","2017","3","40.44828","-80.01045","","11","0","0","0","0","0","0","0","0","1","0","0","0","","","0","","1","","40 26:53.808","4","0","80 00:37.621","0","0","0","0","2301","0","0","0","N","0","0","0","2","02301","0","","1.0","","1","N","N","","0","","0","0","0","","2","N","","2","0","0","0","0","0","0","2","0","2","","","","N","","","","","","","","","",""
"2017028285","","1","0","0","0","0","0","0","0","0","7","0","","02","3","2017","4","40.393506","-79.837506","","11","0","0","0","0","0","0","0","0","1","0","0","0","","","1","","0","","40 23:36.620","4","3","79 50:15.022","8","0","0","0","2111","0","0","0","N","0","0","0","1","02111","0","","1.0","","2","N","N","","0","","0","0","0","","0","N","","1","1","0","0","0","1","0","2","0","1","","","","N","","","","","","","","","",""
"2017022359","","1","0","0","0","0","0","0","0","0","4","0","","02","2","2017","6","40.393846","-80.050865","","11","0","0","0","0","0","1","1","0","2","0","0","0","","","1","","1","","40 23:37.845","1","0","80 03:03.114","4","0","0","0","2109","0","0","0","","0","0","0","2","02109","1","","1.0","","1","N","N","","0","","0","0","1","","3","N","","2","1","1","0","0","0","0","2","0","2","","","","N","","","","","","","","","",""
"2017029967","","1","0","0","0","0","0","0","0","0","4","0","","02","3","2017","2","40.348168","-79.947286","","11","0","0","0","0","0","1","0","0","2","0","0","0","","","0","","1","","40 20:53.403","2","0","79 56:50.231","0","0","0","0","2473","0","0","0","N","0","0","0","2","02473","0","","1.0","","1","N","N","","1","","0","0","0","","2","Y","","2","0","0","0","0","0","0","2","0","2","","","","N","","","","","","","","","",""
"2017016968","","2","0","0","0","0","0","0","0","0","4","0","","02","2","2017","7","40.493997","-79.836617","","11","0","0","0","0","0","1","0","0","2","0","0","0","","","2","","0","","40 29:38.389","5","0","79 50:11.821","2","0","0","0","2113","0","0","0","N","0","0","0","2","02113","0","","1.0","","9","N","N","","0","","0","1","0","","0","N","","2","2","2","0","1","1","0","2","0","2","","","","N","","","","","","","","","",""
"2017026867","","1","0","0","0","0","0","0","0","0","7","0","","02","3","2017","7","40.442472","-80.083972","","11","0","1","0","0","0","0","0","0","","0","0","0","","","0","","3","","40 26:32.900","","0","80 05:02.300","9","0","0","0","2301","0","0","0","N","0","0","0","1","02301","0","","5.0","","1","N","N","","0","","0","0","0","","0","","","1","0","0","0","0","0","1","2","0","1","","","","N","","","","","","","","","",""
"2017019539","","0","0","0","0","0","0","0","0","0","1","0","","02","2","2017","6","40.453708","-79.82458","","11","0","0","0","0","0","0","1","0","","0","0","0","","","1","","0","","40 27:13.349","","0","79 49:28.487","8","0","0","0","2113","0","0","0","N","0","0","0","2","02113","0","","1.0","","1","N","N","","0","","0","0","2","","0","","","2","1","0","0","0","1","0","2","0","2","","","","N","","","","","","","","","",""
"2017032103","","2","0","0","0","0","0","0","0","0","1","0","","02","3","2017","2","40.49709","-79.936649","","11","0","0","0","0","0","0","0","0","","0","0","0","","","0","","0","","40 29:49.523","","0","79 56:11.936","0","0","0","0","2118","0","0","0","N","0","0","0","3","02118","0","","1.0","","1","N","N","","0","","0","0","0","","0","","","2","0","0","0","0","0","0","2","0","2","","","","N","","","","","","","","","",""
"2017026272","","0","0","0","0","0","0","0","0","0","7","0","","02","3","2017","5","40.437429","-79.778191","","11","0","1","0","0","0","0","0","0","1","0","0","0","","","0","","0","","40 26:14.743","3","0","79 46:41.489","0","0","0","0","2419","0","0","0","N","0","0","0","1","02419","0","","4.0","","1","N","N","","0","","0","0","1","","0","N","","1","0","0","0","0","0","0","2","0","1","","","","N","","","","","","","","","",""
"2017029124","","0","0","0","0","0","0","0","0","0","7","0","","02","3","2017","5","40.448656","-79.799368","","11","0","0","0","0","0","0","0","0","","0","0","0","","","1","","0","","40 26:55.161","","0","79 47:57.724","8","0","0","0","2113","0","0","0","N","0","0","0","1","02113","0","","5.0","","1","N","N","","1","","0","0","0","","0","","","1","1","1","0","0","1","0","2","0","1","","","","N","","","","","","","","","",""
"2017040829","","1","0","0","0","0","0","0","0","0","8","0","","02","4","2017","5","40.454503","-79.953692","","11","0","0","0","0","0","1","0","0","1","0","0","0","","","1","","0","","40 27:16.212","2","0","79 57:13.292","2","0","0","0","2301","1","0","1","N","1","0","1","2","02301","0","","1.0","","1","N","N","","0","","0","1","0","","0","N","","2","1","0","0","0","0","0","2","0","1","","","","N","","","","","","","","","",""
"2017031715","","1","0","0","0","0","0","0","0","0","1","0","","02","3","2017","6","40.415843","-79.925107","","11","0","0","0","0","0","0","0","0","","0","0","0","","","0","","0","","40 24:57.034","","0","79 55:30.385","0","0","0","0","2301","0","0","0","N","0","0","0","2","02301","0","","1.0","","9","N","N","","0","","0","0","1","","0","","","2","0","0","0","0","0","0","2","0","2","","","","N","","","","","","","","","",""
"2017041012","","1","0","0","0","0","0","0","0","0","1","0","","02","4","2017","5","40.385771","-80.05394","","11","0","0","0","0","0","0","0","0","","0","0","0","","","0","","1","","40 23:08.776","","0","80 03:14.184","0","0","0","0","2109","0","0","0","","0","0","0","2","02109","0","","1.0","","1","N","N","","0","","0","0","1","","0","","","2","0","0","0","0","0","0","2","0","2","","","","N","","","","","","","","","",""
"2017017258","","1","0","0","0","0","0","0","0","0","2","0","","02","2","2017","1","40.457892","-79.843076","","11","0","0","0","0","0","0","0","0","1","0","0","0","","","1","","0","","40 27:28.412","5","0","79 50:35.073","3","0","0","0","2113","0","0","0","N","0","0","0","1","02113","0","","5.0","","9","N","N","","0","","1","0","1","","0","Y","","2","1","0","0","0","0","0","2","0","2","","","","N","","","","","","","","","",""
"2017029605","","1","0","0","0","0","0","0","0","0","7","0","","02","3","2017","7","40.404116","-80.00156","","11","0","0","0","0","0","0","0","0","1","0","0","0","","","1","","0","","40 24:14.817","1","0","80 00:05.617","8","0","0","0","2301","0","0","0","N","0","0","0","2","02301","0","","4.0","","1","N","N","","0","","0","0","0","","0","N","","1","1","1","0","0","1","0","2","0","1","","","","N","","","","","","","","","",""
"2017044767","","0","0","0","0","0","0","0","0","0","2","0","","02","4","2017","2","40.512969","-79.950563","","11","0","0","0","0","0","0","0","0","","0","0","0","","","1","","0","","40 30:46.688","","0","79 57:02.025","3","0","0","0","2118","0","0","0","N","0","0","0","1","02118","0","","6.0","","1","N","N","","1","","1","0","0","","0","","","2","1","1","0","0","0","0","2","1","2","","","","N","","","","","","","","","",""
"2017021145","","0","0","0","0","0","0","0","0","0","7","0","","02","2","2017","2","40.450045","-80.113124","","11","0","0","0","0","0","0","0","0","","0","0","0","","","0","","0","","40 27:00.161","","0","80 06:47.246","0","0","0","0","2115","0","0","0","","0","0","0","1","02115","0","","2.0","","1","N","N","","0","","0","0","1","","0","","","1","0","0","0","0","0","0","2","0","1","","","","N","","","","","","","","","",""
"2017027947","","0","0","0","0","0","0","0","0","0","99","0","","02","3","2017","6","40.470293","-79.908531","","11","0","0","0","0","0","0","0","0","","0","0","0","","","0","","2","","40 28:13.054","","0","79 54:30.713","0","0","0","0","2301","0","0","0","N","0","0","0","1","02301","0","","1.0","","1","N","N","","0","","0","0","1","","2","","","1","0","0","0","0","0","0","2","0","1","","","","N","","","","","","","","","",""
"2017041574","","0","0","0","0","0","0","0","0","0","7","0","","02","4","2017","6","40.35198","-79.85197","","11","0","0","0","0","0","0","0","0","","0","0","0","","","0","","0","","40 21:07.128","","0","79 51:07.091","0","0","0","0","2304","0","0","0","N","0","0","0","1","02304","0","","5.0","","1","N","N","","0","","0","0","1","","0","","","1","0","0","0","0","0","0","2","0","1","","","","N","","","","","","","","","",""
"2017035452","","1","0","0","0","0","0","0","0","0","1","0","","02","3","2017","3","40.437094","-80.014518","","11","0","0","0","0","0","2","1","0","1","0","0","0","","","0","","0","","40 26:13.537","3","4","80 00:52.266","9","0","0","0","2301","0","0","0","","0","0","0","4","68B03","0","","1.0","","9","N","N","","3","","0","0","0","","0","N","","4","0","0","0","0","0","1","2","0","4","","","","N","","","","","","","","","",""
"2017019952","","1","0","0","0","0","0","0","0","0","8","0","","02","2","2017","6","40.467468","-79.894998","","11","0","0","0","0","1","0","0","0","1","0","0","0","","","1","","0","","40 28:02.884","1","0","79 53:41.992","8","0","0","0","2301","1","0","0","N","1","0","0","2","02301","0","","1.0","","1","N","N","","0","","0","0","0","","0","Y","","2","1","0","0","0","1","0","2","0","1","","","","N","","","","","","","","","",""
"2017039177","","1","0","0","0","0","0","0","0","0","7","0","","02","4","2017","7","40.363981","-79.967698","","11","0","0","0","0","0","0","0","1","","0","0","0","","","1","","0","","40 21:50.330","","0","79 58:03.714","3","0","0","0","2476","0","0","0","N","0","0","0","1","02476","0","","1.0","","1","N","N","","0","","1","0","0","","0","","","1","1","0","0","0","0","0","2","0","1","","","","N","","","","","","","","","",""
"2017022594","","1","0","0","0","0","0","0","0","0","7","0","","02","2","2017","7","40.399211","-79.904347","","11","0","0","0","0","0","0","0","0","1","0","0","0","","","1","","0","","40 23:57.159","2","0","79 54:15.649","8","0","0","0","2448","0","0","0","N","0","0","0","1","02448","0","","5.0","","1","N","N","","0","","0","0","0","","0","Y","","1","1","0","0","0","1","0","2","0","1","","","","N","","","","","","","","","",""
"2017029324","","2","0","0","0","0","0","0","0","0","1","0","","02","3","2017","6","40.453839","-79.995489","","11","0","0","0","0","0","1","0","0","","0","0","0","","","0","","7","","40 27:13.822","","2","79 59:43.761","0","0","0","0","2301","0","0","0","N","0","0","0","3","02301","0","","1.0","","1","N","N","","0","","0","0","0","","0","","","3","0","1","0","0","0","0","2","1","3","","","","N","","","","","","","","","",""
"2017029714","","2","0","0","0","0","0","0","0","0","4","0","","02","3","2017","7","40.451798","-79.843834","","11","0","1","1","0","0","0","0","0","","0","0","0","","","0","","0","","40 27:06.471","","0","79 50:37.802","0","0","0","0","2419","0","0","0","N","0","0","0","4","02419","0","","1.0","","1","N","N","","0","","0","0","0","","0","","","2","0","0","0","0","0","0","2","0","2","","","","N","","","","","","","","","",""
"2017029890","","1","0","0","0","0","0","0","0","0","7","0","","02","3","2017","6","40.398963","-80.07508","","11","0","0","0","0","0","0","0","0","","0","0","0","","","0","","0","","40 23:56.266","","0","80 04:30.288","0","0","0","0","2117","0","0","0","N","0","0","0","1","02117","0","","5.0","","9","N","N","","0","","0","0","0","","0","","","1","0","0","0","0","0","0","2","0","1","","","","N","","","","","","","","","",""