"CRN","ARRIVAL_TM","AUTOMOBILE_COUNT","BELTED_DEATH_COUNT","BELTED_SUSP_SERIOUS_INJ_COUNT","BICYCLE_COUNT","BICYCLE_DEATH_COUNT","BICYCLE_SUSP_SERIOUS_INJ_COUNT","BUS_COUNT","CHLDPAS_DEATH_COUNT","CHLDPAS_SUSP_SERIOUS_INJ_COUNT","COLLISION_TYPE","COMM_VEH_COUNT","CONS_ZONE_SPD_LIM","COUNTY","CRASH_MONTH","CRASH_YEAR","DAY_OF_WEEK","DEC_LATITUDE","DEC_LONGITUDE","DISPATCH_TM","DISTRICT","DRIVER_COUNT_16YR","DRIVER_COUNT_17YR","DRIVER_COUNT_18YR","DRIVER_COUNT_19YR","DRIVER_COUNT_20YR","DRIVER_COUNT_50_64YR","DRIVER_COUNT_65_74YR","DRIVER_COUNT_75PLUS","EST_HRS_CLOSED","FATAL_COUNT","HEAVY_TRUCK_COUNT","HORSE_BUGGY_COUNT","HOUR_OF_DAY","ILLUMINATION","INJURY_COUNT","INTERSECTION_RELATED","INTERSECT_TYPE","LANE_CLOSED","LATITUDE","LN_CLOSE_DIR","LOCATION_TYPE","LONGITUDE","MAX_SEVERITY_LEVEL","MCYCLE_DEATH_COUNT","MCYCLE_SUSP_SERIOUS_INJ_COUNT","MOTORCYCLE_COUNT","MUNICIPALITY","NONMOTR_COUNT","NONMOTR_DEATH_COUNT","NONMOTR_SUSP_SERIOUS_INJ_COUNT","NTFY_HIWY_MAINT","PED_COUNT","PED_DEATH_COUNT","PED_SUSP_SERIOUS_INJ_COUNT","PERSON_COUNT","POLICE_AGCY","POSSIBLE_INJ_COUNT","RDWY_SURF_TYPE_CD","RELATION_TO_ROAD","ROADWAY_CLEARED","ROAD_CONDITION","SCH_BUS_IND","SCH_ZONE_IND","SECONDARY_CRASH","SMALL_TRUCK_COUNT","SPEC_JURIS_CD","SUSP_MINOR_INJ_COUNT","SUSP_SERIOUS_INJ_COUNT","SUV_COUNT","TCD_FUNC_CD","TCD_TYPE","TFC_DETOUR_IND","TIME_OF_DAY","TOTAL_UNITS","TOT_INJ_COUNT","UNBELTED_OCC_COUNT","UNB_DEATH_COUNT","UNB_SUSP_SERIOUS_INJ_COUNT","UNK_INJ_DEG_COUNT","UNK_INJ_PER_COUNT","URBAN_RURAL","VAN_COUNT","VEHICLE_COUNT","WEATHER1","WEATHER2","WORKERS_PRES","WORK_ZONE_IND","WORK_ZONE_LOC","WORK_ZONE_TYPE","WZ_CLOSE_DETOUR","WZ_FLAGGER","WZ_LAW_OFFCR_IND","WZ_LN_CLOSURE","WZ_MOVING","WZ_OTHER","WZ_SHLDER_MDN","WZ_WORKERS_INJ_KILLED"
"2017053933","","0","0","0","0","0","0","0","0","0","7","0","","02","5","2017","4","40.391656","-80.047165","","11","0","0","0","0","0","0","0","0","2","0","0","0","","","0","","1","","40 23:29.961","4","0","80 02:49.793","0","0","0","0","2109","0","0","0","","0","0","0","2","02109","0","","4.0","","1","N","N","","0","","0","0","1","","0","N","","1","0","0","0","0","0","0","2","0","1","","","","N","","","","","","","","","",""
"2017037283","","1","0","0","0","0","0","0","0","0","1","0","","02","4","2017","5","40.558401","-80.029726","","11","0","0","0","0","0","0","0","0","","0","0","0","","","1","","2","","40 33:30.245","","0","80 01:47.012","4","0","0","0","2108","0","0","0","","0","0","0","3","02108","1","","1.0","","1","N","N","","0","","0","0","1","","0","","","2","1","0","0","0","0","0","2","0","2","","","","N","","","","","","","","","",""
"2017013153","","0","0","0","0","0","0","0","0","0","7","0","","02","1","2017","2","40.401348","-79.888016","","11","0","0","0","0","0","0","0","0","5","0","0","0","","","1","","10","","40 24:04.854","7","99","79 53:16.857","8","0","0","0","2475","0","0","0","","0","0","0","1","02475","0","","5.0","","9","","","","1","","0","0","0","","3","Y","","1","1","0","0","0","1","0","2","0","1","","","","N","","","","","","","","","",""
"2017030820","","2","0","0","0","0","0","0","0","0","4","0","","02","3","2017","3","40.463344","-79.88898","","11","0","0","0","0","0","1","0","0","","0","0","0","","","0","","0","","40 27:48.038","","0","79 53:20.328","0","0","0","0","2113","0","0","0","N","0","0","0","1","02113","0","","1.0","","1","N","N","","0","","0","0","0","","0","","","2","0","0","0","0","0","0","2","0","2","","","","N","","","","","","","","","",""
"2017020514","","1","0","0","0","0","0","0","0","0","6","0","","02","2","2017","2","40.453935","-79.979849","","11","0","0","0","0","0","0","0","0","2","0","0","0","","","2","","1","","40 27:14.165","4","0","79 58:47.456","8","0","0","0","2301","0","0","0","Y","0","0","0","2","02301","0","","1.0","","1","N","N","","0","","0","0","1","","3","N","","2","2","0","0","0","2","0","2","0","2","","","","N","","","","","","","","","",""
"2017027991","","0","0","1","0","0","0","0","0","0","4","0","","02","2","2017","4","40.423318","-80.105144","","11","0","0","0","0","0","0","0","0","1","0","0","0","","","1","","6","","40 25:23.946","4","2","80 06:18.518","2","0","0","0","2115","0","0","0","","0","0","0","2","68B03","0","","1.0","","1","N","N","","0","","0","1","2","","0","N","","2","1","0","0","0","0","0","2","0","2","","","","N","","","","","","","","","",""
"2017023509","","0","0","0","0","0","0","0","0","0","1","0","","02","3","2017","4","40.436182","-79.97764","","11","0","0","0","0","0","1","0","0","2","0","0","0","","","3","","0","","40 26:10.256","3","0","79 58:39.504","8","0","0","0","2301","0","0","0","N","0","0","0","6","02301","0","","1.0","","9","N","N","","2","","0","0","2","","0","N","","4","3","0","0","0","3","0","2","0","4","","","","N","","","","","","","","","",""
"2017018777","","2","0","0","0","0","0","0","0","0","5","0","","02","2","2017","5","40.425866","-79.899262","","11","0","0","0","0","0","1","0","0","1","0","0","0","","","1","","0","","40 25:33.117","3","0","79 53:57.342","3","0","0","0","2425","0","0","0","","0","0","0","2","68B03","0","","1.0","","2","N","N","","0","","1","0","0","","0","N","","2","1","0","0","0","0","0","2","0","2","","","","N","","","","","","","","","",""
"2017021264","","1","0","0","0","0","0","0","0","0","4","0","","02","2","2017","4","40.421792","-79.890413","","11","0","0","0","0","0","0","0","1","2","0","0","0","","","2","","0","","40 25:18.451","5","0","79 53:25.486","3","0","0","0","2463","0","0","0","N","0","0","0","3","02463","0","","6.0","","1","N","N","","0","","2","0","1","","0","Y","","2","2","2","0","0","0","0","2","0","2","","","","N","","","","","","","","","",""
"2017033963","","0","0","0","0","0","0","0","0","0","6","1","","02","3","2017","5","40.468198","-79.791221","","11","0","0","0","0","0","0","1","0","","0","0","0","","","0","","3","","40 28:05.511","","0","79 47:28.394","0","0","0","0","2113","0","0","0","N","0","0","0","4","02113","0","","1.0","","1","Y","N","","0","","0","0","1","","3","","","2","0","0","0","0","0","0","2","1","2","","","","N","","","","","","","","","",""
"2017029351","","0","0","0","0","0","0","0","0","0","7","0","","02","3","2017","5","40.598087","-80.07753","","11","0","0","0","0","0","0","0","0","1","0","0","0","","","0","","2","","40 35:53.112","5","0","80 04:39.109","0","0","0","0","2481","0","0","0","N","0","0","0","1","02481","0","","4.0","","1","N","N","","0","","0","0","1","","0","Y","","1","0","0","0","0","0","0","2","0","1","","","","N","","","","","","","","","",""
"2017028147","","1","0","0","0","0","0","0","0","0","6","0","","02","3","2017","3","40.37823","-79.989165","","11","0","0","0","0","0","0","0","0","","0","0","0","","","0","","2","","40 22:41.629","","0","79 59:20.994","0","0","0","0","2476","0","0","0","N","0","0","0","3","02301","0","","1.0","","9","N","N","","1","","0","0","1","","2","","","3","0","0","0","0","0","0","2","0","3","","","","N","","","","","","","","","",""
"2017025817","","1","0","0","0","0","0","0","0","0","7","0","","02","3","2017","3","40.365747","-80.0442","","11","0","0","0","0","0","0","0","1","","0","0","0","","","0","","0","","40 21:56.690","","0","80 02:39.120","0","0","0","0","2109","0","0","0","","0","0","0","1","02109","0","","1.0","","9","N","N","","0","","0","0","0","","0","","","1","0","0","0","0","0","0","2","0","1","","","","N","","","","","","","","","",""
"2017032069","","1","0","0","0","0","0","0","0","0","7","0","","02","3","2017","7","40.475315","-79.939659","","11","0","0","0","0","0","0","0","0","","0","0","0","","","0","","0","","40 28:31.134","","0","79 56:22.772","0","0","0","0","2301","0","0","0","N","0","0","0","1","02301","0","","5.0","","1","N","N","","0","","0","0","0","","0","","","1","0","0","0","0","0","0","2","0","1","","","","N","","","","","","","","","",""
"2017036931","","2","0","0","0","0","0","0","0","0","1","0","","02","3","2017","3","40.496171","-79.913809","","11","0","0","0","0","0","1","0","0","","0","0","0","","","1","","0","","40 29:46.216","","0","79 54:49.713","4","0","0","0","2112","0","0","0","","0","0","0","2","68D02","1","","9.0","","98","N","N","","0","","0","0","0","","0","","","2","1","0","0","0","0","1","2","0","2","","","","N","","","","","","","","","",""
"2017034507","","0","0","0","0","0","0","0","0","0","7","0","","02","3","2017","6","40.422205","-80.004959","","11","0","0","0","0","0","0","0","0","9","0","0","0","","","1","","0","","40 25:19.939","7","0","80 00:17.851","3","0","0","0","2301","0","0","0","N","0","0","0","1","02301","0","","5.0","","9","N","N","","1","","1","0","0","","0","N","","1","1","0","0","0","0","0","2","0","1","","","","N","","","","","","","","","",""
"2017042921","","1","0","0","0","0","0","1","0","0","6","1","","02","4","2017","3","40.27557","-79.837998","","11","0","0","0","0","0","1","0","0","3","0","0","0","","","3","","2","","40 16:32.051","7","0","79 50:16.792","3","0","0","0","2105","0","0","0","N","0","0","0","3","02105","0","","1.0","","1","Y","N","","1","","1","0","0","","3","Y","","3","3","0","0","0","2","0","1","0","3","","","","N","","","","","","","","","",""
"2017011312","","0","0","0","0","0","0","0","0","0","1","0","","02","1","2017","6","40.377778","-79.910278","","11","0","0","0","0","0","0","0","0","","0","0","0","","","1","","2","","40 22:40.000","","0","79 54:37.000","8","0","0","0","2473","0","0","0","N","0","0","0","2","02473","0","","1.0","","1","N","N","","1","","0","0","1","","0","","","2","1","0","0","0","1","1","2","0","2","","","","N","","","","","","","","","",""
"2017025575","","1","0","0","0","0","0","0","0","0","7","0","","02","3","2017","3","40.353806","-79.888667","","11","0","0","0","0","0","0","0","0","3","0","0","0","","","3","","2","","40 21:13.700","7","0","79 53:19.200","8","0","0","0","2304","0","0","0","N","0","0","0","3","02304","0","","5.0","","9","N","N","","1","","0","0","0","","3","Y","","2","3","1","0","0","3","0","2","0","2","","","","N","","","","","","","","","",""
"2017016233","","1","0","0","0","0","0","0","0","0","7","0","","02","2","2017","5","40.255308","-79.852358","","11","0","0","0","0","0","0","0","0","","0","0","0","","","0","","5","","40 15:19.110","","0","79 51:08.487","0","0","0","0","2105","0","0","0","N","0","0","0","1","02105","0","","2.0","","2","N","N","","0","","0","0","0","","0","","","1","0","0","0","0","0","0","1","0","1","","","","N","","","","","","","","","",""
"2017017235","","3","0","0","0","0","0","0","0","0","4","0","","02","2","2017","1","40.365768","-79.984614","","11","0","0","0","0","0","2","0","0","1","0","0","0","","","2","","0","","40 21:56.766","1","0","79 59:04.609","3","0","0","0","2413","0","0","0","N","0","0","0","7","02413","0","","1.0","","1","N","N","","0","","2","0","2","","0","N","","5","2","0","0","0","0","0","2","0","5","","","","N","","","","","","","","","",""
"2017034697","","2","0","0","0","0","0","0","0","0","4","0","","02","4","2017","7","40.457318","-79.909073","","11","0","0","0","1","0","0","0","0","","0","0","0","","","1","","1","","40 27:26.343","","0","79 54:32.664","3","0","0","0","2301","0","0","0","N","0","0","0","3","02301","0","","7.0","","1","N","N","","0","","1","0","0","","2","","","2","1","0","0","0","0","0","2","0","2","","","","N","","","","","","","","","",""
"2017010849","","0","0","0","0","0","0","0","0","0","7","0","","02","1","2017","4","","","","11","0","0","0","0","0","0","0","0","","0","0","0","","","0","","0","","","","0","","0","0","0","0","2301","0","0","0","N","0","0","0","1","02301","0","","4.0","","1","N","N","","0","","0","0","1","","0","","","1","0","0","0","0","0","0","1","0","1","","","","N","","","","","","","","","",""
"2017024277","","2","0","0","0","0","0","0","0","0","4","0","","02","3","2017","7","40.394269","-80.046309","","11","0","0","0","0","0","0","0","0","1","0","0","0","","","1","","2","","40 23:39.370","1","0","80 02:46.713","4","0","0","0","2301","0","0","0","N","0","0","0","7","02301","1","","1.0","","1","N","N","","0","","0","0","0","","2","N","","2","1","0","0","0","0","0","2","0","2","","","","N","","","","","","","","","",""
"2017033990","","1","0","0","0","0","0","0","0","0","5","1","","02","3","2017","4","40.440386","-79.751879","","11","0","0","0","0","0","0","0","0","1","0","1","0","","","0","","0","","40 26:25.390","3","0","79 45:06.763","0","0","0","0","2446","0","0","0","","0","0","0","2","68T02","0","","1.0","","1","N","N","","0","","0","0","0","","0","N","","2","0","0","0","0","0","0","2","0","2","","","","N","","","","","","","","","",""
"2017031980","","2","0","0","0","0","0","0","0","0","4","0","","02","3","2017","6","40.441464","-80.030784","","11","0","0","0","0","0","0","0","1","2","0","0","0","","","4","","1","","40 26:29.270","4","3","80 01:50.821","3","0","0","0","2301","0","0","0","N","0","0","0","5","02301","0","","1.0","","1","N","N","","0","","3","0","0","","2","N","","2","4","0","0","0","1","0","2","0","2","","","","N","","","","","","","","","",""
"2017022357","","1","0","0","0","0","0","0","0","0","2","0","","02","2","2017","1","40.456406","-79.940493","","11","0","0","0","0","0","0","0","0","1","0","0","0","","","0","","0","","40 27:23.063","2","0","79 56:25.774","0","0","0","0","2301","0","0","0","N","0","0","0","1","02301","0","","6.0","","1","N","N","","1","","0","0","0","","0","N","","2","0","0","0","0","0","0","2","0","2","","","","N","","","","","","","","","",""
"2017014685","","1","0","0","0","0","0","0","0","0","7","0","","02","2","2017","1","40.467426","-79.83461","","11","0","0","0","0","0","0","0","0","","0","0","0","","","0","","0","","40 28:02.735","","0","79 50:04.597","0","0","0","0","2113","0","0","0","N","0","0","0","1","02113","0","","5.0","","1","N","N","","0","","0","0","0","","0","","","1","0","0","0","0","0","0","2","0","1","","","","N","","","","","","","","","",""
"2017042968","","3","0","0","0","0","0","0","0","0","1","0","","02","2","2017","4","40.41639","-80.058331","","11","0","0","0","0","0","0","0","0","1","0","0","0","","","0","","0","","40 24:59.004","3","0","80 03:29.990","0","0","0","0","2435","0","0","0","","0","0","0","3","68B03","0","","1.0","","1","N","N","","0","","0","0","0","","0","N","","3","0","0","0","0","0","0","2","0","3","","","","N","","","","","","","","","",""
"2017033992","","1","0","0","0","0","0","0","0","0","7","0","","02","3","2017","5","40.490937","-79.877441","","11","0","0","0","0","0","0","0","0","2","0","0","0","","","1","","0","","40 29:27.373","2","0","79 52:38.786","8","0","0","0","2112","0","0","0","","0","0","0","1","68D02","0","","4.0","","1","N","N","","0","","0","0","0","","0","Y","","1","1","0","0","0","1","0","2","0","1","","","","N","","","","","","","","","",""
"2017020664","","1","0","0","0","0","0","0","0","0","7","0","","02","2","2017","3","40.315371","-79.83101","","11","0","0","0","0","0","0","0","0","2","0","0","0","","","0","","0","","40 18:55.335","6","3","79 49:51.637","0","0","0","0","2469","0","0","0","N","0","0","0","2","02469","0","","1.0","","1","N","N","","0","","0","0","0","","0","Y","","1","0","2","0","0","0","0","2","0","1","","","","N","","","","","","","","","",""
"2017011506","","1","0","0","0","0","0","0","0","0","4","0","","02","1","2017","5","40.404004","-80.05637","","11","0","0","0","0","0","1","0","0","1","0","0","0","","","1","","2","","40 24:14.415","1","2","80 03:22.931","3","0","0","0","2435","0","0","0","N","0","0","0","2","02435","0","","1.0","","9","N","N","","0","","1","0","1","","2","N","","2","1","0","0","0","0","0","2","0","2","","","","N","","","","","","","","","",""
"2017022914","","0","0","0","0","0","0","0","0","0","1","0","","02","2","2017","2","40.440851","-80.031507","","11","0","0","0","0","0","1","0","0","1","0","0","0","","","3","","0","","40 26:27.062","2","3","80 01:53.425","8","0","0","0","2301","0","0","0","N","0","0","0","4","02301","0","","1.0","","1","N","N","","0","","0","0","2","","2","N","","3","3","0","0","0","3","0","2","1","3","","","","N","","","","","","","","","",""
"2017035543","","1","0","0","0","0","0","0","0","0","7","0","","02","4","2017","7","40.428827","-79.945087","","11","0","0","0","0","0","0","0","0","","0","0","0","","","1","","0","","40 25:43.778","","0","79 56:42.312","3","0","0","0","2301","0","0","0","","0","0","0","1","68B03","0","","4.0","","9","N","N","","0","","1","0","0","","0","","","1","1","0","0","0","0","0","2","0","1","","","","N","","","","","","","","","",""
"2017045288","","0","0","0","0","0","0","0","0","0","0","1","","02","2","2017","6","40.400797","-80.147111","","11","0","0","0","0","0","0","0","0","3","0","1","0","","","0","","0","","40 24:02.870","6","0","80 08:49.599","0","0","0","0","2102","0","0","0","N","0","0","0","1","02102","0","","1.0","","1","N","N","","0","","0","0","0","","0","Y","","1","0","0","0","0","0","0","2","0","1","","","","N","","","","","","","","","",""
"2017037171","","1","0","0","0","0","0","0","0","0","7","0","","02","4","2017","2","40.454499","-79.888509","","11","0","0","0","0","0","0","0","0","","0","0","0","","","0","","0","","40 27:16.197","","0","79 53:18.634","0","0","0","0","2301","0","0","0","N","0","0","0","2","02301","0","","5.0","","1","N","N","","0","","0","0","0","","0","","","1","0","2","0","0","0","0","2","0","1","","","","N","","","","","","","","","",""
"2017027304","","1","0","0","0","0","0","0","0","0","7","0","","02","3","2017","1","40.397384","-79.999198","","11","0","0","0","0","0","0","0","0","1","0","0","0","","","1","","0","","40 23:50.583","2","0","79 59:57.112","8","0","0","0","2301","0","0","0","N","0","0","0","2","02301","0","","2.0","","1","N","N","","0","","0","0","0","","0","N","","1","1","0","0","0","1","0","2","0","1","","","","N","","","","","","","","","",""
"2017023447","","0","0","0","0","0","0","0","0","0","8","0","","02","3","2017","4","40.438028","-79.9933","","11","0","0","0","0","0","0","0","0","","0","0","0","","","1","","1","","40 26:16.901","","0","79 59:35.879","8","0","0","0","2301","1","0","0","N","1","0","0","2","02301","0","","1.0","","9","N","N","","1","","0","0","0","","6","","","2","1","0","0","0","1","0","2","0","1","","","","N","","","","","","","","","",""
"2017013891","","1","0","0","0","0","0","0","0","0","4","0","","02","2","2017","6","40.566177","-79.955465","","11","0","0","0","0","0","1","0","0","2","0","0","0","","","0","","0","","40 33:58.238","2","0","79 57:19.674","0","0","0","0","2207","0","0","0","N","0","0","0","2","02207","0","","1.0","","1","N","N","","1","","0","0","0","","0","N","","2","0","0","0","0","0","0","2","0","2","","","","N","","","","","","","","","",""
"2017011403","","1","0","0","0","0","0","0","0","0","4","0","","02","1","2017","5","40.345184","-80.027463","","11","0","0","0","0","0","0","0","0","","0","0","0","","","1","","0","","40 20:42.663","","0","80 01:38.868","4","0","0","0","2407","0","0","0","","0","0","0","2","02407","1","","1.0","","1","N","N","","0","","0","0","1","","0","","","2","1","2","0","0","0","0","2","0","2","","","","N","","","","","","","","","",""
"2017009090","","1","0","0","1","0","0","0","0","0","8","0","","02","1","2017","7","40.438094","-80.049313","","11","0","0","0","0","0","0","0","0","1","0","0","0","","","1","","0","","40 26:17.138","3","0","80 02:57.526","8","0","0","0","2301","1","0","0","N","0","0","0","2","02301","0","","1.0","","1","N","N","","0","","0","0","0","","0","N","","2","1","0","0","0","1","0","2","0","1","","","","N","","","","","","","","","",""
"2017031418","","1","0","0","0","0","0","0","0","0","1","0","","02","3","2017","6","40.426556","-79.794111","","11","0","0","0","0","0","0","0","1","","0","0","0","","","0","","1","","40 25:35.600","","0","79 47:38.800","0","0","0","0","2446","0","0","0","N","0","0","0","2","02446","0","","1.0","","9","N","N","","0","","0","0","1","","3","","","2","0","0","0","0","0","0","2","0","2","","","","N","","","","","","","","","",""
"2017013544","","1","0","0","0","0","0","0","0","0","7","0","","02","2","2017","5","40.355979","-80.132031","","11","0","0","0","0","0","1","0","0","2","0","0","0","","","0","","0","","40 21:21.526","1","0","80 07:55.311","0","0","0","0","2119","0","0","0","","0","0","0","1","02119","0","","2.0","","1","N","N","","0","","0","0","0","","0","N","","1","0","0","0","0","0","0","2","0","1","","","","N","","","","","","","","","",""
"2017044851","","1","0","0","0","0","0","0","0","0","7","0","","02","5","2017","2","40.28098","-79.931613","","11","0","0","0","0","0","0","0","0","","0","0","0","","","0","","0","","40 16:51.528","","0","79 55:53.807","0","0","0","0","2440","0","0","0","","0","0","0","1","68T09","0","","3.0","","9","N","N","","0","","0","0","0","","0","","","1","0","0","0","0","0","0","2","0","1","","","","N","","","","","","","","","",""
"2017041381","","2","0","0","0","0","0","0","0","0","2","0","","02","4","2017","6","40.518709","-80.267011","","11","0","0","0","1","0","1","0","0","","0","0","0","","","1","","2","","40 31:07.352","","0","80 16:01.240","3","0","0","0","2203","0","0","0","N","0","0","0","2","02203","0","","1.0","","1","N","N","","0","","1","0","0","","0","","","2","1","0","0","0","0","0","2","0","2","","","","N","","","","","","","","","",""
"2017026395","","1","0","0","0","0","0","0","0","0","7","0","","02","3","2017","5","40.662217","-80.014797","","11","0","0","0","1","0","0","0","0","1","0","0","0","","","0","","0","","40 39:43.980","4","0","80 00:53.270","0","0","0","0","2216","0","0","0","N","0","0","0","1","02505","0","","4.0","","9","N","N","","0","","0","0","0","","0","N","","1","0","0","0","0","0","0","2","0","1","","","","N","","","","","","","","","",""
"2017015182","","0","0","0","0","0","0","0","0","0","7","0","","02","2","2017","5","40.565855","-80.064281","","11","0","0","0","0","0","1","0","0","1","0","0","0","","","1","","2","","40 33:57.078","1","0","80 03:51.410","8","0","0","0","2116","0","0","0","N","0","0","0","1","02116","0","","5.0","","7","N","N","","0","","0","0","1","","0","N","","1","1","0","0","0","1","0","2","0","1","","","","N","","","","","","","","","",""
"2017016788","","1","0","0","0","0","0","0","0","0","7","0","","02","2","2017","5","40.289103","-79.835925","","11","0","0","0","0","0","0","0","0","4","0","0","0","","","0","","0","","40 17:20.771","2","0","79 50:09.329","0","0","0","0","2105","0","0","0","N","0","0","0","1","02105","0","","4.0","","6","N","N","","0","","0","0","0","","0","Y","","1","0","0","0","0","0","0","2","0","1","","","","N","","","","","","","","","",""
"2017021962","","1","0","0","0","0","0","0","0","0","7","0","","02","2","2017","6","40.407187","-80.036253","","11","0","0","0","0","0","0","0","0","","0","0","0","","","1","","2","","40 24:25.873","","0","80 02:10.510","8","0","0","0","2301","0","0","0","N","0","0","0","1","02301","0","","2.0","","1","N","Y","","0","","0","0","0","","0","","","1","1","0","0","0","1","0","2","0","1","","","","N","","","","","","","","","",""
"2017040215","","2","0","0","0","0","0","0","0","0","1","0","","02","3","2017","3","40.506075","-79.946203","","11","0","0","0","0","0","0","0","0","","0","0","0","","","0","","0","","40 30:21.870","","0","79 56:46.329","0","0","0","0","2430","0","0","0","N","0","0","0","2","02430","0","","1.0","","1","N","N","","0","","0","0","0","","0","","","2","0","0","0","0","0","0","2","0","2","","","","N","","","","","","","","","",""
"2017019546","","2","0","0","0","0","0","0","0","0","2","0","","02","2","2017","4","40.587522","-80.021821","","11","0","0","0","0","0","1","0","0","","0","0","0","","","1","","0","","40 35:15.079","","0","80 01:18.556","8","0","0","0","2108","0","0","0","","0","0","0","2","02108","0","","1.0","","1","N","N","","0","","0","0","0","","0","","","2","1","0","0","0","1","0","2","0","2","","","","N","","","","","","","","","",""
"2017014613","","2","0","0","0","0","0","0","0","0","4","0","","02","2","2017","5","40.538464","-79.962429","","11","0","0","0","0","0","0","0","0","","0","0","0","","","0","","5","","40 32:18.470","","0","79 57:44.743","0","0","0","0","2118","0","0","0","N","0","0","0","2","02118","0","","1.0","","1","N","N","","0","","0","0","0","","2","","","2","0","0","0","0","0","0","2","0","2","","","","N","","","","","","","","","",""
"2017017288","","1","0","0","0","0","0","0","0","0","7","0","","02","2","2017","1","40.434981","-79.823714","","11","0","0","0","0","0","0","0","0","","0","0","0","","","0","","2","","40 26:05.932","","0","79 49:25.371","0","0","0","0","2419","0","0","0","N","0","0","0","1","02419","0","","5.0","","1","N","N","","0","","0","0","0","","0","","","1","0","1","0","0","0","0","2","0","1","","","","N","","","","","","","","","",""
"2017030383","","1","0","0","0","0","0","0","0","0","7","0","","02","3","2017","7","40.458095","-80.112361","","11","0","0","0","0","0","0","0","0","3","0","0","0","","","1","","0","","40 27:29.142","5","0","80 06:44.499","2","0","0","0","2126","0","0","0","N","0","0","0","1","02126","0","","5.0","","9","N","N","","0","","0","1","0","","0","Y","","1","1","0","0","0","0","0","2","0","1","","","","N","","","","","","","","","",""
"2017013605","","1","0","0","0","0","0","0","0","0","1","0","","02","2","2017","5","40.399715","-79.886383","","11","0","1","0","0","0","0","0","0","","0","0","0","","","0","","2","","40 23:58.974","","0","79 53:10.979","0","0","0","0","2475","0","0","0","N","0","0","0","3","02475","0","","1.0","","1","N","N","","1","","0","0","0","","0","","","2","0","0","0","0","0","0","2","0","2","","","","N","","","","","","","","","",""
"2017011540","","1","0","0","0","0","0","0","0","0","8","0","","02","1","2017","6","40.449388","-80.002403","","11","0","0","0","0","0","0","0","0","2","0","0","0","","","1","","7","","40 26:57.796","1","2","80 00:08.651","8","0","0","0","2301","1","0","0","N","1","0","0","2","02301","0","","7.0","","9","N","N","","0","","0","0","0","","0","Y","","2","1","0","0","0","1","0","2","0","1","","","","N","","","","","","","","","",""
"2017021036","","0","0","0","0","0","0","1","0","0","4","1","","02","2","2017","3","40.461415","-79.924821","","11","0","0","0","0","0","1","0","0","1","0","0","0","","","1","","1","","40 27:41.094","1","0","79 55:29.355","4","0","0","0","2301","0","0","0","N","0","0","0","5","02503","1","","1.0","","1","N","N","","0","","0","0","1","","2","N","","2","1","0","0","0","0","0","2","0","2","","","","N","","","","","","","","","",""
"2017032347","","2","0","0","0","0","0","0","0","0","1","0","","02","3","2017","1","40.477405","-79.784761","","11","0","0","1","0","0","1","0","0","1","0","0","0","","","1","","0","","40 28:38.658","3","0","79 47:05.139","3","0","0","0","2113","0","0","0","N","0","0","0","4","02113","0","","1.0","","9","N","N","","0","","1","0","1","","0","Y","","3","1","0","0","0","0","0","2","0","3","","","","N","","","","","","","","","",""
"2017037893","","1","0","0","0","0","0","0","0","0","4","1","","02","4","2017","3","40.563484","-80.208304","","11","0","0","0","0","0","1","0","0","1","0","1","0","","","1","","0","","40 33:48.544","2","0","80 12:29.893","8","0","0","0","2441","0","0","0","N","0","0","0","5","02441","0","","1.0","","1","N","N","","0","","0","0","0","","0","N","","2","1","0","0","0","1","0","2","0","2","","","","N","","","","","","","","","",""
"2017051302","","1","0","0","0","0","0","0","0","0","7","0","","02","5","2017","7","40.459017","-79.817216","","11","0","0","0","0","0","0","0","0","","0","0","0","","","0","","2","","40 27:32.460","","0","79 49:01.976","0","0","0","0","2113","0","0","0","N","0","0","0","3","02113","0","","4.0","","1","N","N","","0","","0","0","0","","0","","","1","0","1","0","0","0","0","2","0","1","","","","N","","","","","","","","","",""
"2017021893","","1","0","0","0","0","0","0","0","0","4","1","","02","2","2017","4","40.549379","-79.840016","","11","0","0","0","0","0","0","1","0","1","0","1","0","","","1","","1","","40 32:57.766","7","0","79 50:24.056","4","0","0","0","2208","0","0","0","N","0","0","0","3","02208","1","","1.0","","1","N","N","","0","","0","0","1","","2","N","","3","1","0","0","0","0","0","2","0","3","","","","N","","","","","","","","","",""
"2017013884","","2","0","0","0","0","0","0","0","0","2","0","","02","2","2017","6","40.456848","-79.975654","","11","0","0","0","0","0","0","0","0","","0","0","0","","","0","","1","","40 27:24.652","","0","79 58:32.354","0","0","0","0","2301","0","0","0","N","0","0","0","2","02301","0","","1.0","","1","N","N","","0","","0","0","0","","0","","","2","0","0","0","0","0","0","2","0","2","","","","N","","","","","","","","","",""
"2017032408","","1","0","0","0","0","0","0","0","0","7","0","","02","3","2017","1","40.472911","-79.796643","","11","0","0","0","0","0","0","0","0","1","0","0","0","","","1","","0","","40 28:22.479","2","0","79 47:47.914","3","0","0","0","2113","0","0","0","N","0","0","0","1","02113","0","","4.0","","9","N","N","","0","","1","0","0","","0","N","","1","1","0","0","0","0","0","2","0","1","","","","N","","","","","","","","","",""