"CRN","ARRIVAL_TM","AUTOMOBILE_COUNT","BELTED_DEATH_COUNT","BELTED_SUSP_SERIOUS_INJ_COUNT","BICYCLE_COUNT","BICYCLE_DEATH_COUNT","BICYCLE_SUSP_SERIOUS_INJ_COUNT","BUS_COUNT","CHLDPAS_DEATH_COUNT","CHLDPAS_SUSP_SERIOUS_INJ_COUNT","COLLISION_TYPE","COMM_VEH_COUNT","CONS_ZONE_SPD_LIM","COUNTY","CRASH_MONTH","CRASH_YEAR","DAY_OF_WEEK","DEC_LATITUDE","DEC_LONGITUDE","DISPATCH_TM","DISTRICT","DRIVER_COUNT_16YR","DRIVER_COUNT_17YR","DRIVER_COUNT_18YR","DRIVER_COUNT_19YR","DRIVER_COUNT_20YR","DRIVER_COUNT_50_64YR","DRIVER_COUNT_65_74YR","DRIVER_COUNT_75PLUS","EST_HRS_CLOSED","FATAL_COUNT","HEAVY_TRUCK_COUNT","HORSE_BUGGY_COUNT","HOUR_OF_DAY","ILLUMINATION","INJURY_COUNT","INTERSECTION_RELATED","INTERSECT_TYPE","LANE_CLOSED","LATITUDE","LN_CLOSE_DIR","LOCATION_TYPE","LONGITUDE","MAX_SEVERITY_LEVEL","MCYCLE_DEATH_COUNT","MCYCLE_SUSP_SERIOUS_INJ_COUNT","MOTORCYCLE_COUNT","MUNICIPALITY","NONMOTR_COUNT","NONMOTR_DEATH_COUNT","NONMOTR_SUSP_SERIOUS_INJ_COUNT","NTFY_HIWY_MAINT","PED_COUNT","PED_DEATH_COUNT","PED_SUSP_SERIOUS_INJ_COUNT","PERSON_COUNT","POLICE_AGCY","POSSIBLE_INJ_COUNT","RDWY_SURF_TYPE_CD","RELATION_TO_ROAD","ROADWAY_CLEARED","ROAD_CONDITION","SCH_BUS_IND","SCH_ZONE_IND","SECONDARY_CRASH","SMALL_TRUCK_COUNT","SPEC_JURIS_CD","SUSP_MINOR_INJ_COUNT","SUSP_SERIOUS_INJ_COUNT","SUV_COUNT","TCD_FUNC_CD","TCD_TYPE","TFC_DETOUR_IND","TIME_OF_DAY","TOTAL_UNITS","TOT_INJ_COUNT","UNBELTED_OCC_COUNT","UNB_DEATH_COUNT","UNB_SUSP_SERIOUS_INJ_COUNT","UNK_INJ_DEG_COUNT","UNK_INJ_PER_COUNT","URBAN_RURAL","VAN_COUNT","VEHICLE_COUNT","WEATHER1","WEATHER2","WORKERS_PRES","WORK_ZONE_IND","WORK_ZONE_LOC","WORK_ZONE_TYPE","WZ_CLOSE_DETOUR","WZ_FLAGGER","WZ_LAW_OFFCR_IND","WZ_LN_CLOSURE","WZ_MOVING","WZ_OTHER","WZ_SHLDER_MDN","WZ_WORKERS_INJ_KILLED"
"2017032297","","1","0","0","0","0","0","0","0","0","7","0","","02","3","2017","7","40.45176","-79.796853","","11","0","0","0","0","0","1","0","0","","0","0","0","","","1","","0","","40 27:06.336","","0","79 47:48.672","4","0","0","0","2113","0","0","0","N","0","0","0","1","02113","1","","5.0","","1","N","N","","0","","0","0","0","","0","","","1","1","0","0","0","0","0","2","0","1","","","","N","","","","","","","","","",""
"2017033008","","1","0","0","0","0","0","0","0","0","1","0","90","02","3","2017","3","40.498055","-80.283971","","11","0","0","0","0","0","0","0","0","1","0","0","0","","","0","","2","","40 29:52.999","1","0","80 17:02.297","0","0","0","0","2203","0","0","0","N","0","0","0","5","02203","0","","1.0","","1","N","N","","1","","0","0","0","","0","N","","2","0","0","0","0","0","0","1","0","2","","","Y","Y","4","1","","","N","","","","",""
"2017025011","","0","0","0","0","0","0","0","0","0","4","0","","02","2","2017","3","40.387278","-80.045417","","11","0","1","0","0","0","0","0","0","2","0","0","0","","","1","","0","","40 23:14.200","2","0","80 02:43.500","8","0","0","0","2109","0","0","0","","0","0","0","1","02109","0","","1.0","","1","N","N","","1","","0","0","1","","0","Y","","2","1","0","0","0","1","0","2","0","2","","","","N","","","","","","","","","",""
"2017013591","","2","0","0","0","0","0","0","0","0","4","0","","02","2","2017","5","40.430028","-79.998803","","11","0","0","0","0","0","0","0","1","1","0","0","0","","","0","","2","","40 25:48.102","4","0","79 59:55.690","0","0","0","0","2301","0","0","0","N","0","0","0","3","02301","0","","1.0","","1","N","N","","0","","0","0","0","","3","N","","2","0","0","0","0","0","0","2","0","2","","","","N","","","","","","","","","",""
"2017023892","","3","0","0","0","0","0","0","0","0","1","0","","02","3","2017","5","40.429991","-79.998754","","11","0","0","0","1","0","0","0","0","2","0","0","0","","","1","","0","","40 25:47.966","1","3","79 59:55.516","8","0","0","0","2301","0","0","0","N","0","0","0","3","02301","0","","1.0","","9","N","N","","0","","0","0","0","","0","N","","3","1","0","0","0","1","0","2","0","3","","","","N","","","","","","","","","",""
"2017018283","","0","0","0","0","0","0","0","0","0","1","0","","02","2","2017","3","40.528166","-79.8493","","11","0","0","0","0","0","0","0","0","2","0","0","0","","","2","","0","","40 31:41.397","3","3","79 50:57.480","4","0","0","0","2451","0","0","0","N","0","0","0","2","02451","1","","1.0","","1","N","N","","0","","0","0","2","","0","N","","2","2","0","0","0","1","0","2","0","2","","","","N","","","","","","","","","",""
"2017033158","","1","0","0","0","0","0","0","0","0","0","0","","02","3","2017","3","40.471206","-79.959407","","11","0","0","0","0","0","0","0","0","2","0","0","0","","","0","","1","","40 28:16.341","1","0","79 57:33.865","0","0","0","0","2301","0","0","0","N","0","0","0","1","02301","0","","1.0","","1","N","N","","0","","0","0","0","","0","N","","1","0","0","0","0","0","0","2","0","1","","","","N","","","","","","","","","",""
"2017027141","","2","0","0","0","0","0","0","0","0","4","0","","02","3","2017","1","40.44539","-80.206236","","11","0","0","0","0","0","0","0","0","","0","0","0","","","1","","0","","40 26:43.404","","7","80 12:22.449","3","0","0","0","2214","0","0","0","N","0","0","0","5","02214","0","","1.0","","1","N","N","","0","","1","0","0","","0","","","2","1","0","0","0","0","0","2","0","2","","","","N","","","","","","","","","",""
"2017024200","","1","0","0","0","0","0","0","0","0","1","0","","02","3","2017","5","40.452381","-79.949727","","11","0","0","0","0","0","0","0","0","","0","0","0","","","3","","0","","40 27:08.571","","0","79 56:59.017","3","0","0","0","2301","0","0","0","N","0","0","0","3","02301","0","","4.0","","1","N","N","","0","","3","0","1","","0","","","2","3","0","0","0","0","0","2","0","2","","","","N","","","","","","","","","",""
"2017018729","","1","0","0","0","0","0","0","0","0","7","0","","02","2","2017","4","40.408339","-80.004736","","11","0","0","0","0","0","0","0","0","","0","0","0","","","0","","0","","40 24:30.019","","0","80 00:17.049","9","0","0","0","2301","0","0","0","N","0","0","0","2","02301","0","","4.0","","9","N","N","","0","","0","0","0","","0","","","1","0","0","0","0","0","2","2","0","1","","","","N","","","","","","","","","",""
"2017032159","","2","0","0","0","0","0","0","0","0","4","0","","02","3","2017","7","40.437328","-80.002779","","11","0","0","0","0","0","0","0","0","1","0","0","0","","","1","","2","","40 26:14.379","3","2","80 00:10.003","4","0","0","0","2301","0","0","0","N","0","0","0","8","02301","1","","1.0","","1","N","N","","0","","0","0","0","","2","N","","2","1","0","0","0","0","0","2","0","2","","","","N","","","","","","","","","",""
"2017020323","","1","0","0","0","0","0","0","0","0","7","0","","02","2","2017","2","40.354243","-79.912519","","11","0","0","0","0","0","0","0","0","3","0","0","0","","","0","","0","","40 21:15.274","6","0","79 54:45.070","0","0","0","0","2473","0","0","0","N","0","0","0","2","02473","0","","5.0","","1","N","N","","0","","0","0","0","","0","Y","","1","0","0","0","0","0","0","2","0","1","","","","N","","","","","","","","","",""
"2017034205","","1","0","0","0","0","0","0","0","0","7","0","","02","3","2017","5","40.417624","-79.986458","","11","0","0","0","0","0","0","0","0","","0","0","0","","","0","","1","","40 25:03.446","","0","79 59:11.250","0","0","0","0","2447","0","0","0","N","0","0","0","1","02447","0","","2.0","","1","N","N","","0","","0","0","0","","2","","","1","0","0","0","0","0","0","2","0","1","","","","N","","","","","","","","","",""
"2017045245","","0","0","0","0","0","0","0","0","0","1","0","","02","5","2017","3","40.420369","-80.038044","","11","0","0","0","0","0","0","0","0","","0","0","0","","","1","","0","","40 25:13.328","","0","80 02:16.958","8","0","0","0","2301","0","0","0","","0","0","0","4","68B03","0","","1.0","","1","N","N","","0","","0","0","3","","0","","","3","1","0","0","0","1","0","2","0","3","","","","N","","","","","","","","","",""
"2017032317","","2","0","0","0","0","0","0","0","0","4","0","","02","3","2017","6","40.387291","-79.828085","","11","0","0","0","0","0","0","0","0","2","0","0","0","","","3","","2","","40 23:14.248","6","0","79 49:41.105","3","0","0","0","2111","0","0","0","N","0","0","0","4","02111","0","","1.0","","1","N","N","","0","","3","0","0","","3","Y","","2","3","0","0","0","0","0","2","0","2","","","","N","","","","","","","","","",""
"2017030587","","1","0","0","0","0","0","0","0","0","1","0","","02","3","2017","5","40.532614","-79.846868","","11","0","0","0","1","0","0","0","1","","0","0","0","","","0","","0","","40 31:57.411","","0","79 50:48.725","0","0","0","0","2208","0","0","0","N","0","0","0","3","02208","0","","1.0","","1","N","N","","2","","0","0","0","","0","","","3","0","0","0","0","0","0","2","0","3","","","","N","","","","","","","","","",""
"2017043365","","1","0","0","0","0","0","0","0","0","5","1","","02","4","2017","4","40.405935","-80.107494","","11","0","0","0","0","0","0","0","0","","0","1","0","","","0","","0","","40 24:21.367","","0","80 06:26.980","0","0","0","0","2102","0","0","0","","0","0","0","2","68B03","0","","1.0","","1","N","N","","0","","0","0","0","","0","","","2","0","0","0","0","0","0","2","0","2","","","","N","","","","","","","","","",""
"2017038052","","0","0","0","0","0","0","0","0","0","8","0","","02","4","2017","7","40.443461","-80.004639","","11","0","0","0","0","0","0","0","0","","0","0","0","","","1","","1","","40 26:36.458","","0","80 00:16.702","4","0","0","0","2301","1","0","0","N","1","0","0","2","02301","1","","1.0","","1","N","N","","0","","0","0","1","","2","","","2","1","0","0","0","0","1","2","0","1","","","","N","","","","","","","","","",""
"2017013883","","2","0","0","0","0","0","0","0","0","4","0","","02","2","2017","6","40.36166","-80.069894","","11","0","0","0","1","0","0","1","0","2","0","0","0","","","1","","2","","40 21:41.975","4","0","80 04:11.617","8","0","0","0","2123","0","0","0","N","0","0","0","2","02123","0","","1.0","","1","N","N","","0","","0","0","0","","3","N","","2","1","0","0","0","1","0","2","0","2","","","","N","","","","","","","","","",""
"2017016305","","0","0","0","0","0","0","0","0","0","7","0","","02","2","2017","4","40.494221","-79.943215","","11","0","0","0","0","1","0","0","0","1","0","0","0","","","1","","0","","40 29:39.194","2","3","79 56:35.575","4","0","0","0","2430","0","0","0","","0","0","0","2","02430","1","","2.0","","7","N","N","","1","","0","0","0","","0","N","","1","1","0","0","0","0","0","2","0","1","","","","N","","","","","","","","","",""
"2017011903","","1","0","0","0","0","0","0","0","0","4","0","","02","1","2017","7","40.316924","-79.995271","","11","0","0","0","0","0","1","0","0","","0","0","0","","","0","","1","","40 19:00.926","","0","79 59:42.975","0","0","0","0","2219","0","0","0","N","0","0","0","2","02219","0","","1.0","","1","N","N","","0","","0","0","1","","2","","","2","0","0","0","0","0","0","2","0","2","","","","N","","","","","","","","","",""
"2017018857","","1","0","0","0","0","0","0","0","0","6","0","","02","2","2017","3","40.264164","-79.873603","","11","1","0","0","0","0","1","0","0","","0","0","0","","","0","","0","","40 15:50.990","","0","79 52:24.970","0","0","0","0","2105","0","0","0","N","0","0","0","3","02105","0","","1.0","","1","N","N","","0","","0","0","1","","0","","","2","0","0","0","0","0","0","2","0","2","","","","N","","","","","","","","","",""
"2017036815","","2","0","0","0","0","0","0","0","0","1","0","","02","4","2017","7","40.338934","-79.960438","","11","0","0","0","0","0","2","0","0","1","0","0","0","","","3","","0","","40 20:20.163","5","0","79 57:37.578","8","0","0","0","2454","0","0","0","N","0","0","0","5","02454","0","","1.0","","1","N","N","","0","","0","0","1","","0","N","","4","3","0","0","0","3","0","2","1","4","","","","N","","","","","","","","","",""
"2017030998","","1","0","0","0","0","0","0","0","0","4","0","","02","3","2017","4","40.434398","-79.953183","","11","0","0","0","0","0","0","1","0","","0","0","0","","","0","","1","","40 26:03.832","","0","79 57:11.458","0","0","0","0","2301","0","0","0","N","0","0","0","2","02301","0","","1.0","","1","N","N","","0","","0","0","1","","2","","","2","0","0","0","0","0","0","2","0","2","","","","N","","","","","","","","","",""
"2017026790","","2","0","0","0","0","0","0","0","0","4","0","","02","3","2017","6","40.366498","-80.061271","","11","0","0","0","0","0","0","1","0","2","0","0","0","","","2","","2","","40 21:59.392","1","0","80 03:40.575","4","0","0","0","2109","0","0","0","","0","0","0","2","02109","2","","1.0","","1","N","N","","0","","0","0","0","","3","N","","2","2","0","0","0","0","0","2","0","2","","","","N","","","","","","","","","",""
"2017023109","","2","0","0","0","0","0","0","0","0","2","0","","02","2","2017","2","40.356058","-79.899435","","11","0","0","0","0","0","0","0","0","2","0","0","0","","","2","","3","","40 21:21.810","3","0","79 53:57.967","8","0","0","0","2473","0","0","0","N","0","0","0","4","02473","0","","1.0","","1","N","N","","0","","0","0","1","","2","N","","3","2","2","0","0","2","0","2","0","3","","","","N","","","","","","","","","",""
"2017036924","","1","0","0","0","0","0","0","0","0","1","0","","02","2","2017","5","40.548483","-79.823695","","11","0","0","0","0","0","1","0","0","2","0","0","0","","","1","","0","","40 32:54.539","2","0","79 49:25.303","3","0","0","0","2208","0","0","0","","0","0","0","5","68D02","0","","1.0","","6","N","N","","0","","1","0","1","","0","N","","2","1","0","0","0","0","0","2","0","2","","","","N","","","","","","","","","",""
"2017010993","","1","0","0","0","0","0","0","0","0","1","0","","02","1","2017","5","40.480212","-79.965499","","11","0","0","0","0","0","0","0","0","1","0","0","0","","","0","","6","","40 28:48.764","1","2","79 57:55.795","0","0","0","0","2118","0","0","0","N","0","0","0","2","02118","0","","1.0","","1","N","N","","1","","0","0","0","","4","N","","2","0","1","0","0","0","0","2","0","2","","","","N","","","","","","","","","",""
"2017017318","","1","0","0","0","0","0","0","0","0","7","0","","02","2","2017","6","40.381348","-79.813251","","11","0","0","0","0","0","0","0","0","2","0","0","0","","","0","","0","","40 22:52.853","3","0","79 48:47.703","0","0","0","0","2424","0","0","0","N","0","0","0","1","02424","0","","4.0","","1","N","N","","0","","0","0","0","","0","N","","1","0","0","0","0","0","0","2","0","1","","","","N","","","","","","","","","",""
"2017042948","","2","0","0","0","0","0","0","0","0","1","0","","02","4","2017","4","40.528422","-79.850018","","11","0","0","0","0","0","1","0","1","1","0","0","0","","","1","","0","","40 31:42.320","4","3","79 51:00.065","8","0","0","0","2208","0","0","0","N","0","0","0","3","02208","0","","1.0","","1","N","N","","0","","0","0","1","","0","N","","3","1","0","0","0","1","0","2","0","3","","","","N","","","","","","","","","",""
"2017019883","","0","0","0","0","0","0","0","0","0","7","0","","02","2","2017","4","40.455225","-80.072602","","11","0","0","0","0","1","0","0","0","","0","0","0","","","0","","2","","40 27:18.810","","0","80 04:21.367","0","0","0","0","2301","0","0","0","N","0","0","0","1","02301","0","","2.0","","2","N","N","","0","","0","0","1","","3","","","1","0","0","0","0","0","0","2","0","1","","","","N","","","","","","","","","",""
"2017016838","","3","0","1","0","0","0","0","0","0","1","0","","02","2","2017","7","40.468315","-79.70589","","11","0","1","0","0","0","0","0","0","2","0","0","0","","","4","","1","","40 28:05.934","5","0","79 42:21.205","2","0","0","0","2466","0","0","0","N","0","0","0","8","02466","2","","1.0","","1","N","N","","0","","1","1","0","","0","Y","","3","4","0","0","0","0","0","2","0","3","","","","N","","","","","","","","","",""
"2017019766","","1","0","0","0","0","0","0","0","0","6","0","","02","2","2017","6","40.448804","-79.987505","","11","0","0","0","0","0","0","0","0","2","0","0","0","","","3","","1","","40 26:55.694","7","0","79 59:15.019","8","0","0","0","2301","0","0","0","N","0","0","0","3","02301","0","","1.0","","1","N","N","","0","","0","0","1","","2","Y","","2","3","0","0","0","3","0","2","0","2","","","","N","","","","","","","","","",""
"2017016147","","1","0","0","0","0","0","0","0","0","7","0","","02","2","2017","4","40.471229","-79.828102","","11","0","0","0","0","0","0","0","0","","0","0","0","","","0","","2","","40 28:16.425","","0","79 49:41.166","0","0","0","0","2113","0","0","0","N","0","0","0","1","02113","0","","2.0","","7","N","N","","0","","0","0","0","","0","","","1","0","0","0","0","0","0","2","0","1","","","","N","","","","","","","","","",""
"2017033364","","1","0","0","0","0","0","0","0","0","7","0","","02","3","2017","2","40.548106","-80.08516","","11","0","0","0","0","0","0","0","0","","0","0","0","","","0","","0","","40 32:53.181","","0","80 05:06.576","0","0","0","0","2215","0","0","0","","0","0","0","1","68B03","0","","2.0","","1","N","N","","0","","0","0","0","","0","","","1","0","0","0","0","0","0","2","0","1","","","","N","","","","","","","","","",""
"2017019761","","1","0","0","0","0","0","0","0","0","7","0","","02","2","2017","7","40.472695","-80.0382","","11","0","0","0","0","0","0","0","0","2","0","0","0","","","0","","0","","40 28:21.701","1","0","80 02:17.520","0","0","0","0","2301","0","0","0","N","0","0","0","1","02301","0","","2.0","","1","N","N","","0","","0","0","0","","0","N","","1","0","0","0","0","0","0","2","0","1","","","","N","","","","","","","","","",""
"2017035062","","1","0","0","0","0","0","0","0","0","4","1","","02","4","2017","3","40.451899","-79.951997","","11","0","0","0","0","0","1","0","0","","0","1","0","","","0","","1","","40 27:06.836","","0","79 57:07.188","0","0","0","0","2301","0","0","0","N","0","0","0","2","02301","0","","1.0","","1","N","N","","0","","0","0","0","","2","","","2","0","0","0","0","0","0","2","0","2","","","","N","","","","","","","","","",""
"2017048237","","3","0","0","0","0","0","0","0","0","4","0","","02","4","2017","7","40.393862","-80.082638","","11","0","0","0","0","0","0","0","1","","0","0","0","","","0","","2","","40 23:37.903","","0","80 04:57.496","0","0","0","0","2117","0","0","0","N","0","0","0","2","02117","0","","1.0","","1","N","N","","0","","0","0","0","","3","","","3","0","0","0","0","0","0","2","0","3","","","","N","","","","","","","","","",""
"2017030447","","2","0","0","0","0","0","0","0","0","4","0","","02","3","2017","3","40.519723","-80.217801","","11","0","0","0","0","0","1","0","0","2","0","0","0","","","0","","1","","40 31:11.001","3","0","80 13:04.082","0","0","0","0","2213","0","0","0","","0","0","0","3","02213","0","","1.0","","9","N","N","","0","","0","0","1","","2","Y","","3","0","0","0","0","0","0","2","0","3","","","","N","","","","","","","","","",""
"2017032694","","0","0","0","0","0","0","0","0","0","7","0","","02","3","2017","3","40.554001","-79.836579","","11","0","0","0","0","0","0","1","0","","0","0","0","","","1","","0","","40 33:14.405","","0","79 50:11.683","8","0","0","0","2208","0","0","0","","0","0","0","1","68T02","0","","3.0","","1","N","N","","0","","0","0","1","","0","","","1","1","0","0","0","1","0","2","0","1","","","","N","","","","","","","","","",""
"2017016824","","2","0","0","0","0","0","0","0","0","4","0","","02","2","2017","7","40.411254","-79.913324","","11","0","0","0","0","0","0","0","0","","0","0","0","","","0","","1","","40 24:40.514","","0","79 54:47.966","0","0","0","0","2438","0","0","0","N","0","0","0","3","02438","0","","1.0","","1","N","N","","0","","0","0","0","","2","","","2","0","0","0","0","0","0","2","0","2","","","","N","","","","","","","","","",""
"2017011950","","1","0","0","0","0","0","0","0","0","8","0","","02","1","2017","3","40.431814","-79.893322","","11","0","0","0","0","0","0","0","0","1","0","0","0","","","1","","0","","40 25:54.530","5","0","79 53:35.960","8","0","0","0","2463","1","0","0","","1","0","0","3","02426","0","","1.0","","9","N","N","","0","","0","0","1","","0","Y","","3","1","0","0","0","1","0","2","0","2","","","","N","","","","","","","","","",""
"2017022089","","1","0","0","0","0","0","0","0","0","4","0","","02","2","2017","6","40.452917","-79.920736","","11","0","0","0","0","0","0","0","0","2","0","0","0","","","2","","1","","40 27:10.501","4","0","79 55:14.649","4","0","0","0","2301","0","0","0","N","0","0","0","4","02301","2","","1.0","","1","N","N","","0","","0","0","1","","2","N","","2","2","0","0","0","0","0","2","0","2","","","","N","","","","","","","","","",""
"2017018888","","0","0","0","0","0","0","0","0","0","1","0","","02","2","2017","4","40.432226","-79.923252","","11","0","0","0","0","0","0","0","0","1","0","0","0","","","2","","0","","40 25:56.013","2","0","79 55:23.707","4","0","0","0","2301","1","0","0","N","1","0","0","3","02301","2","","6.0","","1","N","N","","0","","0","0","2","","0","Y","","3","2","0","0","0","0","0","2","0","2","","","","N","","","","","","","","","",""
"2017028649","","1","0","0","0","0","0","0","0","0","7","0","","02","3","2017","5","40.383056","-79.86825","","11","0","0","0","0","0","0","0","0","1","0","0","0","","","1","","0","","40 22:59.000","1","7","79 52:05.700","8","0","0","0","2473","0","0","0","N","0","0","0","1","02473","0","","3.0","","1","N","N","","0","","0","0","0","","0","Y","","1","1","1","0","0","1","0","2","0","1","","","","N","","","","","","","","","",""
"2017043141","","1","0","0","0","0","0","0","0","0","4","1","","02","4","2017","4","40.471556","-80.055377","","11","0","0","0","0","0","0","0","0","1","0","0","0","","","0","","1","","40 28:17.601","6","0","80 03:19.357","0","0","0","0","2444","0","0","0","N","0","0","0","2","02444","0","","1.0","","1","N","N","","0","","0","0","0","","3","Y","","2","0","1","0","0","0","0","2","0","2","","","","N","","","","","","","","","",""
"2017032577","","1","0","0","0","0","0","1","0","0","4","1","","02","2","2017","4","40.40503","-79.843798","","11","0","0","0","0","0","0","0","0","2","0","0","0","","","0","","2","","40 24:18.108","4","0","79 50:37.672","0","0","0","0","2449","0","0","0","Y","0","0","0","2","02449","0","","1.0","","1","Y","N","","0","","0","0","0","","0","N","","2","0","1","0","0","0","0","2","0","2","","","","N","","","","","","","","","",""
"2017031796","","1","0","0","0","0","0","0","0","0","7","0","","02","3","2017","5","40.364163","-79.842653","","11","0","0","0","0","0","0","0","0","1","0","0","0","","","0","","10","","40 21:50.988","3","3","79 50:33.550","0","0","0","0","2303","0","0","0","N","0","0","0","1","02303","0","","2.0","","1","N","N","","0","","0","0","0","","0","N","","1","0","1","0","0","0","0","2","0","1","","","","N","","","","","","","","","",""
"2017011048","","2","0","0","0","0","0","0","0","0","4","0","","02","1","2017","5","40.498859","-80.279805","","11","0","0","0","0","0","1","1","0","","0","0","0","","","0","","1","","40 29:55.892","","2","80 16:47.297","0","0","0","0","2203","0","0","0","N","0","0","0","3","02203","0","","1.0","","9","N","N","","0","","0","0","0","","3","","","2","0","0","0","0","0","0","1","0","2","","","","N","","","","","","","","","",""
"2017029162","","2","0","0","0","0","0","0","0","0","1","0","","02","3","2017","6","40.48137","-79.964098","","11","0","0","0","0","0","0","0","0","1","0","0","0","","","1","","0","","40 28:52.933","1","0","79 57:50.753","8","0","0","0","2118","0","0","0","N","0","0","0","3","02118","0","","1.0","","1","N","N","","0","","0","0","0","","0","N","","2","1","0","0","0","1","0","2","0","2","","","","N","","","","","","","","","",""
"2017043623","","0","0","0","0","0","0","0","0","0","7","1","","02","4","2017","3","40.477924","-79.968351","","11","0","0","0","0","0","0","0","0","5","0","1","0","","","0","","0","","40 28:40.526","2","0","79 58:06.062","0","0","0","0","2118","0","0","0","Y","0","0","0","5","02118","0","","7.0","","9","N","N","","1","","0","0","2","","0","Y","","4","0","0","0","0","0","0","2","0","4","","","","N","","","","","","","","","",""
"2017012039","","1","0","0","0","0","0","0","0","0","7","0","","02","1","2017","7","40.611898","-79.757084","","11","0","0","0","0","0","0","0","0","","0","0","0","","","0","","0","","40 36:42.834","","2","79 45:25.502","0","0","0","0","2464","0","0","0","","0","0","0","2","68D02","0","","4.0","","7","N","N","","0","","0","0","0","","0","","","1","0","0","0","0","0","0","2","0","1","","","","N","","","","","","","","","",""
"2017013882","","1","0","0","0","0","0","0","0","0","4","0","","02","2","2017","6","40.436036","-79.999221","","11","0","0","0","0","0","1","0","0","1","0","0","0","","","0","","1","","40 26:09.728","7","0","79 59:57.194","0","0","0","0","2301","0","0","0","N","0","0","0","3","02301","0","","1.0","","1","N","N","","1","","0","0","0","","2","N","","2","0","0","0","0","0","0","2","0","2","","","","N","","","","","","","","","",""
"2017034804","","1","0","0","0","0","0","0","0","0","7","0","","02","3","2017","6","40.316413","-79.817571","","11","0","0","0","0","0","0","0","0","","0","0","0","","","1","","2","","40 18:59.086","","0","79 49:03.255","3","0","0","0","2105","0","0","0","Y","0","0","0","1","02105","0","","4.0","","9","N","N","","0","","1","0","0","","0","","","1","1","0","0","0","0","0","2","0","1","","","","N","","","","","","","","","",""
"2017023818","","1","0","0","0","0","0","0","0","0","4","0","","02","3","2017","6","40.457511","-79.917391","","11","0","0","0","0","0","0","0","0","1","0","0","0","","","0","","2","","40 27:27.039","7","0","79 55:02.608","0","0","0","0","2301","0","0","0","N","0","0","0","2","02301","0","","1.0","","1","N","N","","1","","0","0","0","","2","Y","","2","0","0","0","0","0","0","2","0","2","","","","N","","","","","","","","","",""
"2017010044","","2","0","0","0","0","0","0","0","0","1","0","","02","1","2017","2","40.46525","-79.919833","","11","0","0","0","0","0","0","2","0","","0","0","0","","","0","","2","","40 27:54.900","","7","79 55:11.400","0","0","0","0","2301","0","0","0","N","0","0","0","3","02301","0","","1.0","","9","N","N","","1","","0","0","0","","2","","","3","0","0","0","0","0","0","2","0","3","","","","N","","","","","","","","","",""
"2017033377","","1","0","0","0","0","0","0","0","0","1","0","","02","3","2017","2","40.42073","-80.040765","","11","0","0","0","0","0","1","0","0","","0","0","0","","","0","","0","","40 25:14.627","","0","80 02:26.753","0","0","0","0","2435","0","0","0","","0","0","0","2","68B03","0","","1.0","","1","N","N","","0","","0","0","1","","0","","","2","0","0","0","0","0","0","2","0","2","","","","N","","","","","","","","","",""
"2017032714","","1","0","0","0","0","0","0","0","0","1","0","","02","1","2017","2","40.412898","-80.065659","","11","0","0","0","0","0","1","0","0","","0","0","0","","","0","","0","","40 24:46.431","","0","80 03:56.371","0","0","0","0","2435","0","0","0","","0","0","0","3","68B03","0","","1.0","","1","N","N","","0","","0","0","2","","0","","","3","0","0","0","0","0","0","2","0","3","","","","N","","","","","","","","","",""
"2017033460","","1","0","0","0","0","0","0","0","0","4","0","","02","3","2017","6","40.311086","-80.03299","","11","0","0","0","0","0","1","0","0","","0","0","0","","","0","","1","","40 18:39.908","","0","80 01:58.763","0","0","0","0","2407","0","0","0","","0","0","0","2","02407","0","","1.0","","9","N","N","","1","","0","0","0","","2","","","2","0","0","0","0","0","0","2","0","2","","","","N","","","","","","","","","",""
"2017032058","","1","0","0","0","0","0","0","0","0","4","1","","02","3","2017","4","40.445433","-80.009514","","11","0","0","0","0","0","0","1","0","","0","1","0","","","1","","7","","40 26:43.557","","8","80 00:34.249","8","0","0","0","2301","0","0","0","N","0","0","0","2","02301","0","","1.0","","1","N","N","","0","","0","0","0","","0","","","2","1","0","0","0","1","0","2","0","2","","","","N","","","","","","","","","",""
"2017033378","","0","0","0","0","0","0","0","0","0","1","0","","02","3","2017","2","40.425944","-79.911673","","11","0","0","0","0","0","1","1","0","1","0","0","0","","","2","","0","","40 25:33.399","4","0","79 54:42.022","4","0","0","0","2301","0","0","0","","0","0","0","3","68B03","2","","1.0","","1","N","N","","1","","0","0","1","","0","N","","3","2","0","0","0","0","0","2","1","3","","","","N","","","","","","","","","",""
"2017033461","","2","0","0","0","0","0","0","0","0","1","0","","02","3","2017","6","40.320661","-80.027066","","11","0","0","0","0","0","0","0","0","","0","0","0","","","1","","0","","40 19:14.379","","0","80 01:37.439","3","0","0","0","2407","0","0","0","","0","0","0","2","02407","0","","1.0","","1","N","N","","0","","1","0","0","","0","","","2","1","0","0","0","0","0","2","0","2","","","","N","","","","","","","","","",""
"2017034220","","2","0","0","0","0","0","0","0","0","4","0","","02","3","2017","6","40.448846","-79.913901","","11","0","0","0","0","0","1","0","0","","0","0","0","","","0","","0","","40 26:55.845","","0","79 54:50.043","0","0","0","0","2301","0","0","0","N","0","0","0","4","02301","0","","1.0","","9","N","N","","0","","0","0","0","","0","","","2","0","0","0","0","0","0","2","0","2","","","","N","","","","","","","","","",""