"CRN","ARRIVAL_TM","AUTOMOBILE_COUNT","BELTED_DEATH_COUNT","BELTED_SUSP_SERIOUS_INJ_COUNT","BICYCLE_COUNT","BICYCLE_DEATH_COUNT","BICYCLE_SUSP_SERIOUS_INJ_COUNT","BUS_COUNT","CHLDPAS_DEATH_COUNT","CHLDPAS_SUSP_SERIOUS_INJ_COUNT","COLLISION_TYPE","COMM_VEH_COUNT","CONS_ZONE_SPD_LIM","COUNTY","CRASH_MONTH","CRASH_YEAR","DAY_OF_WEEK","DEC_LATITUDE","DEC_LONGITUDE","DISPATCH_TM","DISTRICT","DRIVER_COUNT_16YR","DRIVER_COUNT_17YR","DRIVER_COUNT_18YR","DRIVER_COUNT_19YR","DRIVER_COUNT_20YR","DRIVER_COUNT_50_64YR","DRIVER_COUNT_65_74YR","DRIVER_COUNT_75PLUS","EST_HRS_CLOSED","FATAL_COUNT","HEAVY_TRUCK_COUNT","HORSE_BUGGY_COUNT","HOUR_OF_DAY","ILLUMINATION","INJURY_COUNT","INTERSECTION_RELATED","INTERSECT_TYPE","LANE_CLOSED","LATITUDE","LN_CLOSE_DIR","LOCATION_TYPE","LONGITUDE","MAX_SEVERITY_LEVEL","MCYCLE_DEATH_COUNT","MCYCLE_SUSP_SERIOUS_INJ_COUNT","MOTORCYCLE_COUNT","MUNICIPALITY","NONMOTR_COUNT","NONMOTR_DEATH_COUNT","NONMOTR_SUSP_SERIOUS_INJ_COUNT","NTFY_HIWY_MAINT","PED_COUNT","PED_DEATH_COUNT","PED_SUSP_SERIOUS_INJ_COUNT","PERSON_COUNT","POLICE_AGCY","POSSIBLE_INJ_COUNT","RDWY_SURF_TYPE_CD","RELATION_TO_ROAD","ROADWAY_CLEARED","ROAD_CONDITION","SCH_BUS_IND","SCH_ZONE_IND","SECONDARY_CRASH","SMALL_TRUCK_COUNT","SPEC_JURIS_CD","SUSP_MINOR_INJ_COUNT","SUSP_SERIOUS_INJ_COUNT","SUV_COUNT","TCD_FUNC_CD","TCD_TYPE","TFC_DETOUR_IND","TIME_OF_DAY","TOTAL_UNITS","TOT_INJ_COUNT","UNBELTED_OCC_COUNT","UNB_DEATH_COUNT","UNB_SUSP_SERIOUS_INJ_COUNT","UNK_INJ_DEG_COUNT","UNK_INJ_PER_COUNT","URBAN_RURAL","VAN_COUNT","VEHICLE_COUNT","WEATHER1","WEATHER2","WORKERS_PRES","WORK_ZONE_IND","WORK_ZONE_LOC","WORK_ZONE_TYPE","WZ_CLOSE_DETOUR","WZ_FLAGGER","WZ_LAW_OFFCR_IND","WZ_LN_CLOSURE","WZ_MOVING","WZ_OTHER","WZ_SHLDER_MDN","WZ_WORKERS_INJ_KILLED"
"2017047792","0634","1","0","0","0","0","0","0","0","0","7","0","","02","5","2017","6","40.409144","-79.722958","0611","11","0","0","0","0","0","0","0","0","","0","0","0","","","0","","0","","40 24:32.917","","0","79 43:22.648","0","0","0","0","2446","0","0","0","","0","0","0","1","68T09","0","","5.0","","9","N","N","","0","","0","0","0","","0","","","1","0","0","0","0","0","0","2","0","1","","","","N","","","","","","","","","",""
"2017054014","1004","0","0","0","0","0","0","0","0","0","2","0","","02","5","2017","6","40.436889","-79.852","1000","11","0","0","0","0","0","1","1","0","2","0","0","0","","","2","","2","","40 26:12.800","6","0","79 51:07.200","3","0","0","0","2431","0","0","0","N","0","0","0","2","02431","1","","1.0","","1","N","N","","0","","1","0","1","","3","N","","2","2","0","0","0","0","0","2","1","2","","","","N","","","","","","","","","",""
"2017009608","1002","1","0","0","0","0","0","0","0","0","4","0","","02","1","2017","2","40.338389","-79.950972","0959","11","0","0","0","0","1","1","0","0","","0","0","0","","","0","","2","","40 20:18.200","","0","79 57:03.500","0","0","0","0","2473","0","0","0","N","0","0","0","2","02473","0","","1.0","","9","N","N","","0","","0","0","1","","2","","","2","0","0","0","0","0","0","2","0","2","","","","N","","","","","","","","","",""
"2017029744","2048","0","0","0","0","0","0","0","0","0","7","0","","02","3","2017","1","40.474389","-80.05825","2048","11","0","0","0","0","0","0","0","0","2","0","0","0","","","0","","0","","40 28:27.800","7","0","80 03:29.700","9","0","0","0","2444","0","0","0","N","0","0","0","1","02444","0","","5.0","","1","N","N","","0","","0","0","1","","0","Y","","1","0","0","0","0","0","1","2","0","1","","","","N","","","","","","","","","",""
"2017052841","1045","1","0","0","0","0","0","0","0","0","2","0","","02","5","2017","3","40.514478","-79.805647","1038","11","0","0","0","0","0","1","0","0","2","0","0","0","","","1","","0","","40 30:52.120","2","0","79 48:20.329","8","0","0","0","2466","0","0","0","N","0","0","0","2","02466","0","","1.0","","9","N","N","","1","","0","0","0","","0","N","","2","1","1","0","0","1","0","2","0","2","","","","N","","","","","","","","","",""
"2017030127","1014","2","0","0","0","0","0","0","0","0","1","0","","02","3","2017","1","40.443906","-79.950781","1014","11","0","0","0","1","0","0","0","0","","0","0","0","","","0","","0","","40 26:38.062","","0","79 57:02.811","0","0","0","0","2301","0","0","0","N","0","0","0","2","02506","0","","1.0","","1","N","N","","0","","0","0","0","","0","","","2","0","0","0","0","0","0","2","0","2","","","","N","","","","","","","","","",""
"2017021051","0913","0","0","0","0","0","0","0","0","0","4","0","","02","2","2017","4","40.454548","-79.89264","0907","11","0","0","0","0","0","0","0","0","","0","0","0","","","0","","1","","40 27:16.372","","0","79 53:33.503","0","0","0","0","2301","0","0","0","N","0","0","0","2","02301","0","","1.0","","1","N","N","","1","","0","0","0","","3","","","2","0","0","0","0","0","0","2","1","2","","","","N","","","","","","","","","",""
"2017071845","1358","1","0","0","0","0","0","0","0","0","1","0","","02","7","2017","1","40.433523","-79.869805","1321","11","0","0","0","0","0","0","1","0","1","0","0","0","","","0","","0","","40 26:00.681","4","0","79 52:11.298","0","0","0","0","2478","0","0","0","","0","0","0","4","68B03","0","","1.0","","1","N","N","","0","","0","0","1","","0","N","","2","0","0","0","0","0","0","2","0","2","","","","N","","","","","","","","","",""
"2017043098","1603","2","0","0","0","0","0","0","0","0","1","0","","02","4","2017","3","40.313584","-80.067014","1547","11","0","0","0","0","0","0","1","0","","0","0","0","","","0","","2","","40 18:48.903","","0","80 04:01.249","9","0","0","0","2407","0","0","0","","0","0","0","2","02407","0","","1.0","","1","N","N","","0","","0","0","0","","2","","","2","0","0","0","0","0","1","2","0","2","","","","N","","","","","","","","","",""
"2017054359","1850","1","0","0","0","0","0","0","0","0","2","0","","02","5","2017","7","40.460671","-79.914282","1845","11","0","0","0","0","0","0","0","0","","0","0","0","","","2","","0","","40 27:38.415","","0","79 54:51.415","2","0","2","2","2301","0","0","0","N","0","0","0","3","02301","0","","1.0","","1","N","N","","0","","0","2","0","","0","","","3","2","0","0","0","0","0","2","0","3","","","","N","","","","","","","","","",""
"2017038749","1518","2","0","0","0","0","0","0","0","0","4","0","","02","4","2017","5","40.405448","-79.91141","1516","11","0","0","0","0","0","1","0","0","","0","0","0","","","1","","1","","40 24:19.612","","0","79 54:41.076","8","0","0","0","2438","0","0","0","N","0","0","0","6","02438","0","","1.0","","1","N","N","","0","","0","0","0","","3","","","2","1","0","0","0","1","0","2","0","2","","","","N","","","","","","","","","",""
"2017013714","1921","2","0","0","0","0","0","0","0","0","7","0","","02","2","2017","5","40.435729","-79.962862","1915","11","0","0","0","0","0","0","0","0","2","0","0","0","","","1","","1","","40 26:08.624","4","0","79 57:46.302","4","0","0","0","2301","0","0","0","N","0","0","0","2","02301","1","","1.0","","1","N","N","","0","","0","0","0","","0","N","","2","1","0","0","0","0","0","2","0","2","","","","N","","","","","","","","","",""
"2017053566","1450","2","0","0","0","0","0","0","0","0","4","0","","02","5","2017","3","40.448876","-79.893901","1440","11","0","0","0","0","0","0","0","0","","0","0","0","","","1","","1","","40 26:55.954","","0","79 53:38.042","8","0","0","0","2301","0","0","0","N","0","0","0","3","02301","0","","1.0","","1","N","N","","0","","0","0","0","","0","","","2","1","0","0","0","1","0","2","0","2","","","","N","","","","","","","","","",""
"2017067533","1712","1","0","0","0","0","0","0","0","0","7","0","","02","7","2017","7","40.35139","-79.85968","1711","11","0","0","0","0","0","1","0","0","2","0","0","0","","","0","","2","","40 21:05.003","3","0","79 51:34.848","0","0","0","0","2304","0","0","0","N","0","0","0","1","02304","0","","2.0","","1","N","N","","0","","0","0","0","","0","N","","1","0","0","0","0","0","0","2","0","1","","","","N","","","","","","","","","",""
"2017009676","0527","1","0","0","0","0","0","0","0","0","7","0","","02","1","2017","1","40.448231","-80.025863","0517","11","0","0","0","0","0","0","0","0","1","0","0","0","","","0","","6","","40 26:53.632","1","2","80 01:33.106","0","0","0","0","2301","0","0","0","N","0","0","0","0","02301","0","","2.0","","1","N","N","","0","","0","0","0","","0","N","","1","0","0","0","0","0","0","2","0","1","","","","N","","","","","","","","","",""
"2017014397","1604","2","0","0","0","0","0","0","0","0","2","0","","02","1","2017","3","40.404047","-79.883327","1558","11","0","0","0","1","0","0","0","0","","0","0","0","","","0","","2","","40 24:14.568","","3","79 52:59.976","0","0","0","0","2475","0","0","0","N","0","0","0","3","02475","0","","1.0","","9","N","N","","0","","0","0","0","","3","","","2","0","2","0","0","0","0","2","0","2","","","","N","","","","","","","","","",""
"2017053868","0238","1","0","0","0","0","0","0","0","0","7","0","","02","5","2017","6","40.486576","-79.913262","0234","11","0","0","0","0","0","0","0","0","","0","0","0","","","1","","0","","40 29:11.672","","3","79 54:47.743","8","0","0","0","2301","0","0","0","N","0","0","0","1","02301","0","","2.0","","9","N","N","","0","","0","0","0","","0","","","1","1","0","0","0","1","0","2","0","1","","","","N","","","","","","","","","",""
"2017089031","1523","1","0","0","0","0","0","0","0","0","1","0","","02","8","2017","2","40.527521","-80.185154","1519","11","0","0","0","0","0","0","0","0","1","0","0","0","","","2","","2","","40 31:39.074","2","0","80 11:06.553","3","0","0","0","2213","0","0","0","","0","0","0","3","02213","0","","1.0","","1","N","N","","1","","2","0","1","","2","N","","3","2","0","0","0","0","0","2","0","3","","","","N","","","","","","","","","",""
"2017015583","1547","0","0","0","0","0","0","0","0","0","1","0","","02","2","2017","5","40.572128","-80.023504","1542","11","0","0","0","0","0","1","0","0","1","0","0","0","","","0","","1","","40 34:19.660","3","0","80 01:24.616","0","0","0","0","2108","0","0","0","","0","0","0","5","02108","0","","1.0","","1","N","N","","0","","0","0","2","","2","N","","3","0","0","0","0","0","0","2","1","3","","","","N","","","","","","","","","",""
"2017029479","2321","1","0","0","0","0","0","0","0","0","7","0","","02","3","2017","5","40.284905","-79.988006","2317","11","0","0","0","0","0","0","0","0","1","0","0","0","","","0","","0","","40 17:05.657","7","0","79 59:16.820","0","0","0","0","2219","0","0","0","N","0","0","0","1","02219","0","","5.0","","1","N","N","","0","","0","0","0","","0","Y","","1","0","1","0","0","0","0","2","0","1","","","","N","","","","","","","","","",""
"2017038629","1543","0","0","0","0","0","0","0","0","0","4","0","","02","4","2017","6","40.524724","-79.962108","1540","11","0","0","0","0","0","0","0","0","","0","0","0","","","0","","0","","40 31:29.008","","0","79 57:43.589","0","0","0","0","2118","0","0","0","N","0","0","0","2","02118","0","","1.0","","1","N","N","","1","","0","0","1","","0","","","2","0","0","0","0","0","0","2","0","2","","","","N","","","","","","","","","",""
"2017048886","0730","2","0","0","0","0","0","0","0","0","6","0","","02","5","2017","7","40.45631","-79.8866","0652","11","0","0","0","0","0","0","0","0","","0","0","0","","","0","","0","","40 27:22.716","","0","79 53:11.760","0","0","0","0","2301","0","0","0","N","0","0","0","1","02301","0","","2.0","","1","N","N","","0","","0","0","1","","0","","","3","0","1","0","0","0","0","2","0","3","","","","N","","","","","","","","","",""
"2017069292","0706","1","0","0","0","0","0","0","0","0","1","0","","02","3","2017","6","40.369964","-80.098828","0700","11","0","0","0","0","0","0","0","0","1","0","0","0","","","1","","2","","40 22:11.870","4","0","80 05:55.780","4","0","0","0","2102","0","0","0","N","0","0","0","2","02102","1","","1.0","","9","N","N","","0","","0","0","1","","0","N","","2","1","0","0","0","0","0","2","0","2","","","","N","","","","","","","","","",""
"2017072061","","1","0","0","0","0","0","0","0","0","1","0","","02","3","2017","6","40.361699","-80.119068","","11","0","0","0","0","0","0","0","0","","0","0","0","","","1","","0","","40 21:42.117","","0","80 07:08.645","4","0","0","0","2414","0","0","0","N","0","0","0","2","00000","1","","1.0","","9","N","N","","0","","0","0","0","","0","","","2","1","0","0","0","0","0","2","0","2","","","","N","","","","","","","","","",""
"2017071890","1445","1","0","0","0","0","0","0","0","0","1","0","","02","7","2017","2","40.492071","-79.893543","1420","11","0","0","1","0","0","0","0","0","","0","0","0","","","0","","0","","40 29:31.455","","0","79 53:36.754","0","0","0","0","2432","0","0","0","","0","0","0","2","68D02","0","","1.0","","1","N","N","","0","","0","0","1","","0","","","2","0","0","0","0","0","0","2","0","2","","","","N","","","","","","","","","",""
"2017044020","1018","1","0","0","0","0","0","0","0","0","1","0","","02","4","2017","5","40.369204","-80.034818","1015","11","0","0","0","1","0","0","0","0","","0","0","0","","","1","","0","","40 22:09.136","","0","80 02:05.344","3","0","0","0","2416","0","0","0","","0","0","0","3","02416","0","","1.0","","1","N","N","","0","","1","0","1","","0","","","2","1","0","0","0","0","0","2","0","2","","","","N","","","","","","","","","",""
"2017047058","1535","2","0","0","0","0","0","0","0","0","1","0","","02","5","2017","7","40.444715","-80.149616","1530","11","0","0","0","0","0","0","1","0","","0","0","0","","","1","","0","","40 26:40.973","","0","80 08:58.616","8","0","0","0","2115","0","0","0","N","0","0","0","5","02115","0","","1.0","","9","N","N","","0","","0","0","0","","0","","","2","1","0","0","0","1","0","2","0","2","","","","N","","","","","","","","","",""
"2017054371","2243","0","0","0","0","0","0","0","0","0","2","0","","02","5","2017","7","40.459223","-79.970688","2239","11","0","1","0","0","0","0","0","0","1","0","0","0","","","0","","1","","40 27:33.204","4","0","79 58:14.477","0","0","0","0","2301","0","0","0","N","0","0","0","3","02301","0","","1.0","","1","N","N","","0","","0","0","2","","2","N","","2","0","0","0","0","0","0","2","0","2","","","","N","","","","","","","","","",""
"2017053582","0916","1","0","0","0","0","0","0","0","0","4","0","","02","5","2017","5","40.426716","-79.976435","0907","11","0","0","0","0","0","1","0","0","","0","0","0","","","0","","1","","40 25:36.177","","0","79 58:35.166","0","0","0","0","2301","0","0","0","N","0","0","0","2","02301","0","","1.0","","9","N","N","","0","","0","0","1","","3","","","2","0","0","0","0","0","0","2","0","2","","","","N","","","","","","","","","",""
"2017050681","1640","1","0","0","0","0","0","0","0","0","1","0","","02","4","2017","4","40.402458","-80.106761","1635","11","0","0","0","0","0","1","1","0","","0","0","0","","","0","","0","","40 24:08.848","","0","80 06:24.341","0","0","0","0","2102","0","0","0","","0","0","0","3","68B03","0","","1.0","","1","N","N","","0","","0","0","1","","0","","","2","0","0","0","0","0","0","2","0","2","","","","N","","","","","","","","","",""
"2017069867","1702","0","0","0","0","0","0","0","0","0","0","0","","02","7","2017","5","40.542853","-79.823681","1642","11","0","0","0","0","0","0","0","0","","0","0","0","","","0","","0","","40 32:34.270","","2","79 49:25.251","0","0","0","0","2208","0","0","0","","0","0","0","1","68T02","0","","4.0","","9","N","N","","0","","0","0","1","","0","","","1","0","0","0","0","0","0","2","0","1","","","","N","","","","","","","","","",""
"2017072077","","0","0","0","0","0","0","0","0","0","4","0","","02","3","2017","4","40.484182","-79.819301","","11","0","0","0","0","0","1","0","0","","0","0","0","","","1","","1","","40 29:03.056","","0","79 49:09.482","8","0","0","0","2113","0","0","0","N","0","0","0","2","00000","0","","1.0","","1","N","N","","0","","0","0","1","","2","","","2","1","0","0","0","1","0","2","0","2","","","","N","","","","","","","","","",""
"2017070782","0143","0","0","0","0","0","0","0","0","0","7","0","","02","6","2017","4","40.543025","-80.217738","0137","11","0","0","0","0","0","1","0","0","","0","0","0","","","0","","2","","40 32:34.890","","0","80 13:03.856","0","0","0","0","2213","0","0","0","","0","0","0","1","02213","0","","2.0","","1","N","N","","0","","0","0","1","","3","","","1","0","0","0","0","0","0","2","0","1","","","","N","","","","","","","","","",""
"2017053558","2345","2","0","0","0","0","0","0","0","0","4","0","","02","5","2017","3","40.444436","-79.975605","2345","11","0","0","0","0","0","1","0","0","3","0","0","0","","","3","","2","","40 26:39.968","7","0","79 58:32.177","2","0","0","0","2301","0","0","0","N","0","0","0","3","02301","0","","1.0","","1","N","N","","0","","2","1","0","","3","Y","","2","3","2","0","1","0","0","2","0","2","","","","N","","","","","","","","","",""
"2017053670","0742","2","0","0","0","0","0","0","0","0","1","0","","02","5","2017","5","40.489735","-80.059065","0736","11","0","0","0","0","0","1","0","0","","0","0","0","","","1","","0","","40 29:23.045","","0","80 03:32.634","4","0","0","0","2404","0","0","0","N","0","0","0","3","02404","1","","1.0","","9","N","N","","0","","0","0","0","","0","","","2","1","0","0","0","0","0","2","0","2","","","","N","","","","","","","","","",""
"2017054136","1944","1","0","0","0","0","0","0","0","0","7","0","","02","5","2017","6","40.464284","-79.932729","1935","11","0","0","0","0","1","0","0","0","","0","0","0","","","1","","0","","40 27:51.422","","0","79 55:57.824","3","0","0","0","2301","0","0","0","N","0","0","0","3","02301","0","","2.0","","1","N","N","","0","","1","0","0","","0","","","1","1","0","0","0","0","0","2","0","1","","","","N","","","","","","","","","",""
"2017053327","0700","1","0","0","0","0","0","0","0","0","1","0","","02","5","2017","3","40.545761","-80.218963","0656","11","0","0","0","0","0","0","0","0","","0","0","0","","","1","","0","","40 32:44.740","","0","80 13:08.267","8","0","0","0","2213","0","0","0","","0","0","0","2","02213","0","","1.0","","1","N","N","","1","","0","0","0","","0","","","2","1","0","0","0","1","0","2","0","2","","","","N","","","","","","","","","",""
"2017053074","2311","1","0","0","0","0","0","0","0","0","7","0","","02","5","2017","3","40.644728","-79.93823","2311","11","0","0","0","0","0","0","0","0","1","0","0","0","","","0","","1","","40 38:41.019","4","0","79 56:17.629","0","0","0","0","2217","0","0","0","N","0","0","0","1","02505","0","","4.0","","1","N","N","","0","","0","0","0","","2","N","","1","0","0","0","0","0","0","2","0","1","","","","N","","","","","","","","","",""
"2017071385","0915","2","0","0","0","0","0","0","0","0","1","0","","02","7","2017","3","40.557001","-80.018501","0913","11","0","0","0","0","0","1","0","0","","0","0","0","","","1","","1","","40 33:25.204","","0","80 01:06.603","8","0","0","0","2108","0","0","0","","0","0","0","2","02108","0","","1.0","","9","N","N","","0","","0","0","0","","2","","","2","1","0","0","0","1","0","2","0","2","","","","N","","","","","","","","","",""
"2017054039","1751","1","0","0","0","0","0","0","0","0","1","0","","02","5","2017","5","40.494175","-80.052649","1747","11","0","0","0","0","0","0","1","0","","0","0","0","","","0","","2","","40 29:39.029","","0","80 03:09.536","0","0","0","0","2404","0","0","0","N","0","0","0","2","02404","0","","1.0","","1","N","N","","0","","0","0","2","","2","","","3","0","0","0","0","0","0","2","0","3","","","","N","","","","","","","","","",""
"2017052011","0705","2","0","0","0","0","0","0","0","0","4","0","","02","5","2017","2","40.537897","-79.834603","0659","11","0","0","0","0","0","1","1","0","1","0","0","0","","","0","","2","","40 32:16.430","3","0","79 50:04.569","0","0","0","0","2208","0","0","0","N","0","0","0","3","02208","0","","1.0","","9","N","N","","0","","0","0","0","","2","N","","2","0","0","0","0","0","0","2","0","2","","","","N","","","","","","","","","",""
"2017039674","1043","2","0","0","0","0","0","0","0","0","1","0","","02","4","2017","5","40.568731","-80.025599","1040","11","0","0","0","0","0","2","0","0","1","0","0","0","","","1","","0","","40 34:07.431","4","0","80 01:32.158","4","0","0","0","2108","0","0","0","","0","0","0","4","02108","1","","1.0","","1","N","N","","0","","0","0","2","","2","N","","4","1","0","0","0","0","0","2","0","4","","","","N","","","","","","","","","",""
"2017070997","2125","0","0","0","0","0","0","0","0","0","7","0","","02","7","2017","2","40.457846","-80.147684","2122","11","0","0","0","0","0","0","0","0","2","0","0","0","","","1","","0","","40 27:28.246","2","0","80 08:51.664","4","0","0","0","2115","0","0","0","N","0","0","0","1","02115","1","","5.0","","9","N","N","","0","","0","0","1","","0","N","","1","1","0","0","0","0","0","2","0","1","","","","N","","","","","","","","","",""
"2017087040","0710","1","0","0","0","0","0","0","0","0","7","0","","02","8","2017","5","40.390618","-79.869216","0707","11","0","0","0","0","0","0","0","0","1","0","0","0","","","0","","2","","40 23:26.225","1","0","79 52:09.176","0","0","0","0","2473","0","0","0","N","0","0","0","1","02473","0","","2.0","","1","N","N","","0","","0","0","0","","2","N","","1","0","0","0","0","0","0","2","0","1","","","","N","","","","","","","","","",""
"2017053060","0450","1","0","0","0","0","0","0","0","0","7","0","","02","5","2017","3","40.342223","-79.964977","0445","11","0","0","0","0","0","0","0","0","1","0","0","0","","","0","","0","","40 20:32.003","3","0","79 57:53.917","0","0","0","0","2454","0","0","0","N","0","0","0","1","02454","0","","3.0","","1","N","N","","0","","0","0","0","","0","N","","1","0","0","0","0","0","0","2","0","1","","","","N","","","","","","","","","",""
"2017070229","1210","1","0","0","0","0","0","0","0","0","1","0","","02","5","2017","6","40.422375","-80.030626","1152","11","0","0","0","0","0","1","0","0","1","0","0","0","","","1","","0","","40 25:20.549","4","0","80 01:50.255","3","0","0","0","2301","0","0","0","","0","0","0","3","68B03","0","","1.0","","1","N","N","","1","","1","0","1","","0","N","","3","1","0","0","0","0","0","2","0","3","","","","N","","","","","","","","","",""
"2017062456","1505","2","0","0","0","0","0","0","0","0","1","0","","02","5","2017","3","40.427721","-79.890396","1450","11","0","0","0","0","0","1","0","0","","0","0","0","","","0","","0","","40 25:39.794","","0","79 53:25.424","0","0","0","0","2463","0","0","0","","0","0","0","3","68B03","0","","1.0","","1","N","N","","1","","0","0","0","","0","","","3","0","0","0","0","0","0","2","0","3","","","","N","","","","","","","","","",""
"2017053251","1843","0","0","0","0","0","0","0","0","0","4","0","","02","5","2017","3","40.340254","-79.967351","1840","11","0","1","0","0","0","0","0","0","1","0","0","0","","","1","","2","","40 20:24.915","4","0","79 58:02.465","8","0","0","0","2454","0","0","0","Y","0","0","0","3","02454","0","","1.0","","1","N","N","","0","","0","0","2","","2","N","","2","1","0","0","0","1","0","2","0","2","","","","N","","","","","","","","","",""
"2017069936","1637","0","0","0","0","0","0","0","0","0","1","0","","02","7","2017","7","40.355248","-80.050289","1637","11","0","0","0","1","0","0","0","0","","0","0","0","","","1","","1","","40 21:18.891","","0","80 03:01.040","4","0","0","0","2109","0","0","0","","0","0","0","2","02109","1","","1.0","","1","N","N","","0","","0","0","2","","2","","","2","1","0","0","0","0","0","2","0","2","","","","N","","","","","","","","","",""
"2017053213","1129","1","0","0","0","0","0","0","0","0","6","0","","02","5","2017","4","40.552109","-80.023334","1124","11","0","0","0","0","0","0","0","0","","0","0","0","","","0","","1","","40 33:07.592","","0","80 01:24.002","0","0","0","0","2116","0","0","0","N","0","0","0","2","02116","0","","1.0","","1","N","N","","1","","0","0","0","","2","","","2","0","0","0","0","0","0","2","0","2","","","","N","","","","","","","","","",""
"2017036658","1620","0","0","0","0","0","0","0","0","0","1","0","","02","4","2017","2","40.412393","-80.010381","1620","11","0","0","0","0","0","0","0","0","","0","0","0","","","0","","0","","40 24:44.614","","0","80 00:37.370","0","0","0","0","2301","0","0","0","N","0","0","0","3","02301","0","","1.0","","1","N","N","","1","","0","0","1","","2","","","2","0","0","0","0","0","0","2","0","2","","","","N","","","","","","","","","",""
"2017088051","1525","1","0","0","0","0","0","0","0","0","4","0","","02","8","2017","7","40.3872","-80.054788","1523","11","0","0","0","1","0","0","0","0","1","0","0","0","","","1","","1","","40 23:13.921","3","0","80 03:17.237","4","0","0","0","2109","0","0","0","","0","0","0","2","02109","1","","1.0","","1","N","N","","0","","0","0","1","","3","Y","","2","1","0","0","0","0","0","2","0","2","","","","N","","","","","","","","","",""
"2017045559","2358","1","0","0","0","0","0","0","0","0","1","0","","02","5","2017","4","40.463946","-80.017842","2352","11","0","0","0","0","0","0","0","0","","0","0","0","","","0","","10","","40 27:50.205","","0","80 01:04.231","0","0","0","0","2301","0","0","0","N","0","0","0","1","02301","0","","4.0","","1","N","N","","0","","0","0","1","","3","","","2","0","0","0","0","0","0","2","0","2","","","","N","","","","","","","","","",""
"2017048279","1127","1","0","0","0","0","0","0","0","0","1","0","","02","5","2017","5","40.514512","-80.029428","1120","11","0","0","0","0","0","1","0","1","","0","0","0","","","0","","2","","40 30:52.242","","0","80 01:45.940","0","0","0","0","2116","0","0","0","N","0","0","0","2","02116","0","","1.0","","9","N","N","","1","","0","0","0","","0","","","2","0","0","0","0","0","0","2","0","2","","","","N","","","","","","","","","",""
"2017071553","1640","1","0","0","0","0","0","0","0","0","4","0","","02","7","2017","3","40.453041","-79.930487","1630","11","0","0","0","0","0","0","1","0","","0","0","0","","","0","","1","","40 27:10.947","","0","79 55:49.753","0","0","0","0","2301","0","0","0","N","0","0","0","2","02301","0","","1.0","","1","N","N","","0","","0","0","1","","3","","","2","0","0","0","0","0","0","2","0","2","","","","N","","","","","","","","","",""
"2017053026","1838","0","0","0","0","0","0","0","0","0","0","0","","02","5","2017","3","40.473766","-79.851804","1838","11","0","0","0","0","0","0","0","0","1","0","0","0","","","1","","0","","40 28:25.557","3","0","79 51:06.493","8","0","0","1","2113","0","0","0","N","0","0","0","1","02113","0","","1.0","","1","N","N","","0","","0","0","0","","0","N","","1","1","0","0","0","1","0","2","0","1","","","","N","","","","","","","","","",""
"2017053876","0632","1","0","0","0","0","0","0","0","0","8","0","","02","5","2017","3","40.428363","-79.97351","0631","11","0","0","0","0","0","1","0","0","","0","0","0","","","1","","2","","40 25:42.107","","99","79 58:24.636","8","0","0","0","2301","1","0","0","N","1","0","0","2","02301","0","","1.0","","1","N","N","","0","","0","0","0","","4","","","2","1","0","0","0","1","0","2","0","1","","","","N","","","","","","","","","",""
"2017050507","1727","1","0","0","0","0","0","0","0","0","4","0","55","02","5","2017","2","40.501403","-80.024875","1701","11","0","0","0","0","0","1","0","0","","0","0","0","","","0","","0","","40 30:05.051","","0","80 01:29.551","0","0","0","0","2116","0","0","0","","0","0","0","2","68B03","0","","1.0","","1","N","N","","0","","0","0","0","","0","","","2","0","0","0","0","0","0","2","1","2","","","Y","Y","4","1","N","N","N","N","N","N","Y",""
"2017053617","1606","1","0","0","0","0","0","0","0","0","4","0","","02","5","2017","3","40.550478","-80.037206","1604","11","0","1","0","0","0","1","0","0","","0","0","0","","","0","","3","","40 33:01.722","","0","80 02:13.940","0","0","0","0","2108","0","0","0","","0","0","0","3","02108","0","","1.0","","1","N","N","","0","","0","0","1","","3","","","2","0","0","0","0","0","0","2","0","2","","","","N","","","","","","","","","",""
"2017070872","2319","2","0","0","0","0","0","0","0","0","1","0","","02","7","2017","6","40.445433","-80.009514","2309","11","0","0","0","0","0","2","0","0","","0","0","0","","","2","","6","","40 26:43.557","","8","80 00:34.249","3","0","0","0","2301","0","0","0","","0","0","0","4","68B03","1","","1.0","","1","N","N","","0","","1","0","1","","0","","","3","2","0","0","0","0","0","2","0","3","","","","N","","","","","","","","","",""
"2017034835","1614","1","0","0","0","0","0","0","0","0","8","0","","02","4","2017","2","40.405353","-80.018844","1612","11","0","0","0","0","0","0","0","0","1","0","0","0","","","1","","5","","40 24:19.271","7","0","80 01:07.839","8","0","0","0","2301","1","0","0","N","1","0","0","3","02301","0","","1.0","","1","Y","N","","0","","0","0","0","","2","N","","2","1","0","0","0","1","0","2","0","1","","","","N","","","","","","","","","",""
"2017054035","2220","2","0","0","0","0","0","0","0","0","4","0","","02","5","2017","5","40.321117","-79.942255","2215","11","0","0","0","0","1","0","0","0","","0","0","0","","","0","","1","","40 19:16.022","","0","79 56:32.119","0","0","0","0","2454","0","0","0","N","0","0","0","3","02454","0","","1.0","","1","N","N","","0","","0","0","0","","2","","","2","0","0","0","0","0","0","2","0","2","","","","N","","","","","","","","","",""