"CRN","ARRIVAL_TM","AUTOMOBILE_COUNT","BELTED_DEATH_COUNT","BELTED_SUSP_SERIOUS_INJ_COUNT","BICYCLE_COUNT","BICYCLE_DEATH_COUNT","BICYCLE_SUSP_SERIOUS_INJ_COUNT","BUS_COUNT","CHLDPAS_DEATH_COUNT","CHLDPAS_SUSP_SERIOUS_INJ_COUNT","COLLISION_TYPE","COMM_VEH_COUNT","CONS_ZONE_SPD_LIM","COUNTY","CRASH_MONTH","CRASH_YEAR","DAY_OF_WEEK","DEC_LATITUDE","DEC_LONGITUDE","DISPATCH_TM","DISTRICT","DRIVER_COUNT_16YR","DRIVER_COUNT_17YR","DRIVER_COUNT_18YR","DRIVER_COUNT_19YR","DRIVER_COUNT_20YR","DRIVER_COUNT_50_64YR","DRIVER_COUNT_65_74YR","DRIVER_COUNT_75PLUS","EST_HRS_CLOSED","FATAL_COUNT","HEAVY_TRUCK_COUNT","HORSE_BUGGY_COUNT","HOUR_OF_DAY","ILLUMINATION","INJURY_COUNT","INTERSECTION_RELATED","INTERSECT_TYPE","LANE_CLOSED","LATITUDE","LN_CLOSE_DIR","LOCATION_TYPE","LONGITUDE","MAX_SEVERITY_LEVEL","MCYCLE_DEATH_COUNT","MCYCLE_SUSP_SERIOUS_INJ_COUNT","MOTORCYCLE_COUNT","MUNICIPALITY","NONMOTR_COUNT","NONMOTR_DEATH_COUNT","NONMOTR_SUSP_SERIOUS_INJ_COUNT","NTFY_HIWY_MAINT","PED_COUNT","PED_DEATH_COUNT","PED_SUSP_SERIOUS_INJ_COUNT","PERSON_COUNT","POLICE_AGCY","POSSIBLE_INJ_COUNT","RDWY_SURF_TYPE_CD","RELATION_TO_ROAD","ROADWAY_CLEARED","ROAD_CONDITION","SCH_BUS_IND","SCH_ZONE_IND","SECONDARY_CRASH","SMALL_TRUCK_COUNT","SPEC_JURIS_CD","SUSP_MINOR_INJ_COUNT","SUSP_SERIOUS_INJ_COUNT","SUV_COUNT","TCD_FUNC_CD","TCD_TYPE","TFC_DETOUR_IND","TIME_OF_DAY","TOTAL_UNITS","TOT_INJ_COUNT","UNBELTED_OCC_COUNT","UNB_DEATH_COUNT","UNB_SUSP_SERIOUS_INJ_COUNT","UNK_INJ_DEG_COUNT","UNK_INJ_PER_COUNT","URBAN_RURAL","VAN_COUNT","VEHICLE_COUNT","WEATHER1","WEATHER2","WORKERS_PRES","WORK_ZONE_IND","WORK_ZONE_LOC","WORK_ZONE_TYPE","WZ_CLOSE_DETOUR","WZ_FLAGGER","WZ_LAW_OFFCR_IND","WZ_LN_CLOSURE","WZ_MOVING","WZ_OTHER","WZ_SHLDER_MDN","WZ_WORKERS_INJ_KILLED"
"2017053376","1737","2","0","0","0","0","0","0","0","0","99","0","","02","5","2017","4","40.35122","-79.863185","1736","11","0","0","0","0","0","2","0","0","","0","0","0","","","0","","1","","40 21:04.392","","0","79 51:47.465","9","0","0","0","2304","0","0","0","N","0","0","0","4","02304","0","","1.0","","1","N","N","","0","","0","0","0","","0","","","2","0","0","0","0","0","2","2","0","2","","","","N","","","","","","","","","",""
"2017046114","1845","2","0","0","0","0","0","0","0","0","3","0","","02","4","2017","1","40.324686","-79.884071","1844","11","0","0","0","0","0","0","1","0","","0","0","0","","","0","","0","","40 19:28.869","","0","79 53:02.655","0","0","0","0","2433","0","0","0","N","0","0","0","1","02433","0","","2.0","","1","N","N","","0","","0","0","0","","0","","","2","0","0","0","0","0","0","2","0","2","","","","N","","","","","","","","","",""
"2017053668","1250","2","0","0","0","0","0","0","0","0","1","0","","02","5","2017","5","40.44414","-80.028092","1243","11","0","0","0","0","0","1","0","0","2","0","0","0","","","2","","5","","40 26:38.905","1","0","80 01:41.132","8","0","0","0","2301","0","0","0","N","0","0","0","2","02301","0","","1.0","","1","N","N","","0","","0","0","0","","2","N","","2","2","0","0","0","2","0","2","0","2","","","","N","","","","","","","","","",""
"2017083587","1133","1","0","0","0","0","0","0","0","0","4","0","","02","8","2017","6","40.386498","-80.092461","1129","11","0","0","0","0","0","1","0","0","1","0","0","0","","","1","","2","","40 23:11.392","2","0","80 05:32.859","4","0","0","0","2117","0","0","0","N","0","0","0","2","02117","1","","1.0","","1","N","N","","0","","0","0","1","","2","N","","2","1","0","0","0","0","0","2","0","2","","","","N","","","","","","","","","",""
"2017053707","1710","1","0","0","0","0","0","0","0","0","5","0","","02","5","2017","3","40.458149","-79.875783","1700","11","0","1","0","0","0","0","1","0","1","0","0","0","","","1","","2","","40 27:29.338","4","0","79 52:32.818","8","0","0","1","2301","0","0","0","N","0","0","0","2","02301","0","","1.0","","1","N","N","","0","","0","0","0","","0","N","","2","1","0","0","0","1","1","2","0","2","","","","N","","","","","","","","","",""
"2017047726","2047","0","0","0","0","0","0","0","0","0","2","0","","02","5","2017","6","40.373041","-80.099257","2046","11","0","0","0","0","0","0","0","0","","0","0","0","","","1","","2","","40 22:22.946","","0","80 05:57.324","4","0","0","0","2102","0","0","0","N","0","0","0","2","02102","1","","1.0","","9","N","N","","0","","0","0","2","","2","","","2","1","0","0","0","0","0","2","0","2","","","","N","","","","","","","","","",""
"2017046060","2248","0","0","0","0","0","0","0","0","0","7","0","90","02","5","2017","5","40.428709","-79.934321","2243","11","0","0","0","0","0","0","0","0","1","0","0","0","","","0","","0","","40 25:43.353","3","0","79 56:03.554","0","0","0","0","2301","0","0","0","N","0","0","0","1","02301","0","","5.0","","9","N","N","","0","","0","0","1","","0","N","","1","0","0","0","0","0","0","2","0","1","","","N","Y","1","2","","","N","Y","","","",""
"2017045869","1746","3","0","0","0","0","0","0","0","0","1","0","","02","5","2017","3","40.63315","-80.05931","1741","11","0","0","0","0","0","1","0","0","1","0","0","0","","","1","","0","","40 37:59.340","2","0","80 03:33.515","4","0","0","0","2216","0","0","0","N","0","0","0","3","02505","1","","1.0","","1","N","N","","0","","0","0","0","","0","N","","3","1","0","0","0","0","0","2","0","3","","","","N","","","","","","","","","",""
"2017048813","2144","1","0","0","0","0","0","0","0","0","7","0","","02","4","2017","3","40.435871","-79.975725","2125","11","0","0","0","0","0","1","0","0","1","0","0","0","","","0","","0","","40 26:09.135","3","0","79 58:32.610","0","0","0","0","2301","0","0","0","","0","0","0","2","68B03","0","","3.0","","1","N","N","","1","","0","0","0","","0","N","","2","0","0","0","0","0","0","2","0","2","","","","N","","","","","","","","","",""
"2017048074","0725","2","0","0","0","0","0","0","0","0","2","0","","02","5","2017","3","40.52713","-79.85451","0708","11","0","0","0","0","0","0","1","0","","0","0","0","","","0","","0","","40 31:37.668","","0","79 51:16.236","0","0","0","0","2208","0","0","0","N","0","0","0","1","02208","0","","1.0","","1","N","N","","0","","0","0","0","","0","","","2","0","0","0","0","0","0","2","0","2","","","","N","","","","","","","","","",""
"2017055432","0929","1","0","0","0","0","0","0","0","0","7","0","","02","5","2017","4","40.524341","-79.835692","0927","11","0","0","0","0","0","0","1","0","1","0","0","0","","","1","","2","","40 31:27.627","4","0","79 50:08.491","8","0","0","0","2451","0","0","0","N","0","0","0","1","02451","0","","5.0","","1","N","N","","0","","0","0","0","","0","N","","1","1","0","0","0","1","0","2","0","1","","","","N","","","","","","","","","",""
"2017046443","0235","2","0","0","0","0","0","0","0","0","1","0","","02","5","2017","1","40.430026","-79.988636","0231","11","0","0","0","0","0","0","0","0","","0","0","0","","","1","","2","","40 25:48.094","","0","79 59:19.088","8","0","0","0","2301","0","0","0","N","0","0","0","4","02301","0","","1.0","","9","N","N","","0","","0","0","0","","1","","","3","1","0","0","0","1","1","2","0","3","","","","N","","","","","","","","","",""
"2017053658","1149","2","0","0","0","0","0","0","0","0","4","0","","02","5","2017","5","40.438599","-79.946639","1143","11","0","0","0","0","0","0","1","0","","0","0","0","","","3","","0","","40 26:18.956","","0","79 56:47.900","8","0","0","0","2301","0","0","0","N","0","0","0","3","02301","0","","1.0","","9","N","N","","0","","0","0","0","","0","","","2","3","0","0","0","3","0","2","0","2","","","","N","","","","","","","","","",""
"2017052661","0249","0","0","0","0","0","0","0","0","0","7","0","","02","5","2017","5","40.385779","-79.880081","0243","11","0","0","0","0","0","0","0","0","","0","0","0","","","1","","5","","40 23:08.804","","0","79 52:48.291","3","0","0","1","2473","0","0","0","Y","0","0","0","1","02473","0","","2.0","","1","N","N","","0","","1","0","0","","0","","","1","1","0","0","0","0","0","2","0","1","","","","N","","","","","","","","","",""
"2017046022","1115","1","0","0","0","0","0","0","0","0","4","1","","02","5","2017","6","40.450024","-79.903739","1101","11","0","0","0","0","0","0","0","0","","0","0","0","","","0","","1","","40 27:00.088","","0","79 54:13.461","0","0","0","0","2301","0","0","0","N","0","0","0","3","02301","0","","1.0","","1","N","N","","1","","0","0","0","","2","","","2","0","0","0","0","0","0","2","0","2","","","","N","","","","","","","","","",""
"2017045891","2258","2","0","0","0","0","0","0","0","0","4","0","","02","5","2017","5","40.471706","-80.072312","2258","11","0","0","0","0","0","0","0","0","1","0","0","0","","","0","","0","","40 28:18.141","6","0","80 04:20.323","0","0","0","0","2122","0","0","0","N","0","0","0","1","02122","0","","1.0","","9","N","N","","0","","0","0","0","","0","Y","","2","0","0","0","0","0","0","2","0","2","","","","N","","","","","","","","","",""
"2017041081","1231","2","0","0","0","0","0","0","0","0","1","0","","02","4","2017","6","40.484242","-79.907891","1228","11","0","0","0","0","0","0","1","0","","0","0","0","","","2","","1","","40 29:03.272","","0","79 54:28.407","8","0","0","0","2301","0","0","0","N","0","0","0","3","02301","0","","1.0","","1","N","N","","0","","0","0","0","","0","","","2","2","0","0","0","2","0","2","0","2","","","","N","","","","","","","","","",""
"2017042046","0356","2","0","0","0","0","0","0","0","0","4","0","","02","4","2017","1","40.44085","-79.958658","0350","11","0","0","0","0","0","0","0","0","2","0","0","0","","","0","","0","","40 26:27.060","2","0","79 57:31.167","0","0","0","0","2301","0","0","0","N","0","0","0","3","02301","0","","1.0","","1","N","N","","0","","0","0","0","","0","Y","","2","0","0","0","0","0","0","2","0","2","","","","N","","","","","","","","","",""
"2017043092","0717","2","0","0","0","0","0","0","0","0","4","0","","02","4","2017","4","40.408943","-79.904658","0712","11","0","0","0","0","0","0","0","0","1","0","0","0","","","0","","0","","40 24:32.193","1","0","79 54:16.770","0","0","0","0","2438","0","0","0","N","0","0","0","2","02438","0","","1.0","","1","N","N","","0","","0","0","0","","0","N","","2","0","0","0","0","0","0","2","0","2","","","","N","","","","","","","","","",""
"2017046296","1350","0","0","0","0","0","0","0","0","0","1","0","","02","5","2017","7","40.496869","-80.012564","1338","11","0","0","0","0","0","0","0","0","","0","0","0","","","0","","10","","40 29:48.729","","0","80 00:45.230","0","0","0","0","2301","0","0","0","","0","0","0","2","02301","0","","1.0","","9","","","","0","","0","0","2","","0","","","2","0","0","0","0","0","0","2","0","2","","","","N","","","","","","","","","",""
"2017054738","0226","1","0","0","0","0","0","0","0","0","7","0","","02","5","2017","6","40.427901","-79.948758","0226","11","0","0","0","1","0","0","0","0","","0","0","0","","","1","","0","","40 25:40.445","","0","79 56:55.528","3","0","0","0","2301","0","0","0","","0","0","0","1","68B03","0","","4.0","","9","N","N","","0","","1","0","0","","0","","","1","1","0","0","0","0","0","2","0","1","","","","N","","","","","","","","","",""
"2017044017","1803","0","0","0","0","0","0","0","0","0","7","0","","02","4","2017","5","40.398541","-80.123413","1759","11","0","0","0","0","0","0","0","0","2","0","0","0","","","0","","0","","40 23:54.748","4","0","80 07:24.287","0","0","0","0","2102","0","0","0","N","0","0","0","1","02102","0","","5.0","","1","N","N","","1","","0","0","0","","0","N","","1","0","0","0","0","0","0","2","0","1","","","","N","","","","","","","","","",""
"2017045645","1405","2","0","0","0","0","0","0","0","0","4","0","","02","5","2017","4","40.448433","-80.158024","1400","11","0","0","0","0","0","1","0","0","","0","0","0","","","0","","1","","40 26:54.357","","0","80 09:28.887","0","0","0","0","2115","0","0","0","N","0","0","0","2","02115","0","","1.0","","1","N","N","","0","","0","0","0","","2","","","2","0","0","0","0","0","0","2","0","2","","","","N","","","","","","","","","",""
"2017055921","1900","3","0","0","0","0","0","0","0","0","1","0","","02","5","2017","6","40.338544","-80.017787","1856","11","0","0","0","0","0","1","0","0","","0","0","0","","","3","","1","","40 20:18.757","","0","80 01:04.033","4","0","0","0","2407","0","0","0","","0","0","0","4","02407","3","","1.0","","1","N","N","","0","","0","0","0","","2","","","3","3","0","0","0","0","0","2","0","3","","","","N","","","","","","","","","",""
"2017044324","1020","3","0","0","0","0","0","0","0","0","5","0","","02","4","2017","1","40.479321","-79.919943","1010","11","0","0","0","0","0","0","0","0","","0","0","0","","","0","","0","","40 28:45.557","","0","79 55:11.793","0","0","0","1","2301","0","0","0","N","0","0","0","1","02301","0","","1.0","","1","N","N","","0","","0","0","0","","0","","","4","0","0","0","0","0","0","2","0","4","","","","N","","","","","","","","","",""
"2017042452","2210","2","0","0","0","0","0","0","0","0","6","0","","02","4","2017","1","40.468175","-79.804003","2157","11","0","0","0","0","0","1","0","0","","0","0","0","","","1","","0","","40 28:05.430","","0","79 48:14.410","8","0","0","0","2113","0","0","0","N","0","0","0","1","02113","0","","6.0","","1","N","N","","0","","0","0","1","","0","","","3","1","1","0","0","1","0","2","0","3","","","","N","","","","","","","","","",""
"2017042732","1702","1","0","0","0","0","0","0","0","0","7","0","","02","4","2017","3","40.566213","-79.980121","1657","11","0","0","0","0","0","0","0","0","2","0","0","0","","","0","","0","","40 33:58.366","6","0","79 58:48.437","0","0","0","0","2207","0","0","0","N","0","0","0","1","02207","0","","5.0","","9","N","N","","0","","0","0","0","","0","Y","","1","0","0","0","0","0","0","2","0","1","","","","N","","","","","","","","","",""
"2017044108","0936","2","0","0","0","0","0","0","0","0","1","0","","02","4","2017","7","40.286558","-79.997933","0931","11","0","0","0","0","0","1","0","1","","0","0","0","","","1","","0","","40 17:11.609","","0","79 59:52.559","8","0","0","0","2219","0","0","0","N","0","0","0","2","02219","0","","1.0","","9","N","N","","0","","0","0","0","","0","","","2","1","0","0","0","1","0","2","0","2","","","","N","","","","","","","","","",""
"2017042451","1823","1","0","0","0","0","0","0","0","0","1","0","","02","4","2017","2","40.440164","-80.08286","1815","11","0","0","0","0","0","0","0","1","2","0","0","0","","","0","","0","","40 26:24.591","4","0","80 04:58.297","0","0","0","0","2301","0","0","0","N","0","0","0","2","02301","0","","1.0","","9","N","N","","0","","0","0","1","","0","N","","2","0","0","0","0","0","0","2","0","2","","","","N","","","","","","","","","",""
"2017043096","1607","0","0","0","0","0","0","0","0","0","1","0","","02","4","2017","3","40.586814","-80.046441","1600","11","0","0","0","0","0","1","0","1","","0","0","0","","","2","","0","","40 35:12.530","","0","80 02:47.189","8","0","0","0","2108","0","0","0","","0","0","0","2","02108","0","","1.0","","9","N","N","","0","","0","0","2","","2","","","2","2","0","0","0","2","0","2","0","2","","","","N","","","","","","","","","",""
"2017053960","0705","0","0","0","0","0","0","0","0","0","4","0","","02","5","2017","5","40.512581","-80.016708","0702","11","0","0","0","0","0","2","0","0","1","0","0","0","","","0","","0","","40 30:45.290","4","0","80 01:00.150","0","0","0","0","2116","0","0","0","N","0","0","0","2","02116","0","","1.0","","1","N","N","","2","","0","0","0","","0","N","","2","0","0","0","0","0","0","2","0","2","","","","N","","","","","","","","","",""
"2017047548","1645","1","0","0","1","0","0","0","0","0","8","0","","02","5","2017","3","40.441011","-79.985989","1636","11","0","0","0","0","0","1","0","0","1","0","0","0","","","1","","1","","40 26:27.639","1","0","79 59:09.561","8","0","0","0","2301","1","0","0","N","0","0","0","2","02301","0","","1.0","","1","N","N","","0","","0","0","0","","2","Y","","2","1","0","0","0","1","0","2","0","1","","","","N","","","","","","","","","",""
"2017043274","1955","2","0","0","0","0","0","0","0","0","1","0","","02","4","2017","4","40.36485","-79.93085","1939","11","0","0","0","0","0","0","0","0","2","0","0","0","","","1","","0","","40 21:53.460","1","0","79 55:51.061","8","0","0","0","2473","0","0","0","N","0","0","0","2","02473","0","","1.0","","1","N","N","","0","","0","0","0","","0","Y","","2","1","0","0","0","1","0","2","0","2","","","","N","","","","","","","","","",""
"2017042174","0930","0","0","0","0","0","0","0","0","0","4","0","","02","4","2017","2","40.464669","-79.982437","0926","11","0","0","0","0","0","0","0","1","","0","0","0","","","1","","2","","40 27:52.807","","0","79 58:56.774","4","0","0","0","2301","0","0","0","N","0","0","0","3","02301","1","","1.0","","1","N","N","","1","","0","0","1","","3","","","2","1","0","0","0","0","0","2","0","2","","","","N","","","","","","","","","",""
"2017050261","1559","1","0","0","0","0","0","0","0","0","1","0","","02","5","2017","3","40.479225","-79.96637","1553","11","0","0","0","0","0","0","0","0","2","0","0","0","","","0","","6","","40 28:45.210","1","2","79 57:58.931","0","0","0","0","2445","0","0","0","N","0","0","0","2","02445","0","","1.0","","1","N","N","","1","","0","0","0","","3","N","","2","0","0","0","0","0","0","2","0","2","","","","N","","","","","","","","","",""
"2017054418","2125","0","0","0","0","0","0","0","0","0","2","0","","02","5","2017","6","40.588948","-80.10173","2124","11","0","0","0","0","0","0","2","0","","0","0","0","","","0","","2","","40 35:20.212","","0","80 06:06.228","0","0","0","0","2481","0","0","0","N","0","0","0","2","02481","0","","1.0","","1","N","N","","2","","0","0","0","","0","","","2","0","0","0","0","0","0","2","0","2","","","","N","","","","","","","","","",""
"2017042731","1756","1","0","0","0","0","0","0","0","0","4","0","","02","4","2017","3","40.42734","-79.788195","1756","11","0","0","1","0","0","0","0","0","1","0","0","0","","","0","","0","","40 25:38.424","2","0","79 47:17.502","0","0","0","0","2446","0","0","0","N","0","0","0","2","02446","0","","1.0","","9","N","N","","0","","0","0","1","","0","N","","2","0","0","0","0","0","0","2","0","2","","","","N","","","","","","","","","",""
"2017061389","1820","2","0","0","0","0","0","0","0","0","1","0","","02","4","2017","1","40.4491","-79.992733","1755","11","0","0","0","1","0","1","0","0","2","0","0","0","","","0","","0","","40 26:56.760","2","3","79 59:33.838","0","0","0","0","2301","0","0","0","","0","0","0","2","68B03","0","","1.0","","1","N","N","","0","","0","0","0","","0","N","","2","0","0","0","0","0","0","2","0","2","","","","N","","","","","","","","","",""
"2017044769","2129","1","0","0","0","0","0","0","0","0","7","0","","02","5","2017","2","40.460472","-79.918387","2127","11","0","0","0","0","0","0","0","0","","0","0","0","","","1","","0","","40 27:37.699","","0","79 55:06.193","8","0","0","0","2301","0","0","0","N","0","0","0","1","02301","0","","5.0","","1","N","N","","0","","0","0","0","","0","","","1","1","0","0","0","1","0","2","0","1","","","","N","","","","","","","","","",""
"2017042274","1640","1","0","0","0","0","0","0","0","0","0","0","","02","4","2017","2","40.381992","-79.995916","1633","11","0","0","0","0","0","0","0","0","2","0","0","0","","","1","","0","","40 22:55.171","5","0","79 59:45.297","3","0","0","0","2301","0","0","0","N","0","0","0","1","02301","0","","5.0","","1","N","N","","0","","1","0","0","","0","N","","1","1","0","0","0","0","0","2","0","1","","","","N","","","","","","","","","",""
"2017069239","1725","0","0","0","0","0","0","0","0","0","7","1","","02","7","2017","5","40.488211","-79.937713","1707","11","0","0","0","0","0","0","0","0","3","0","1","0","","","0","","2","","40 29:17.558","1","3","79 56:15.766","0","0","0","0","2301","0","0","0","Y","0","0","0","1","02301","0","","2.0","","9","N","N","","0","","0","0","0","","2","Y","","1","0","0","0","0","0","0","2","0","1","","","","N","","","","","","","","","",""
"2017043308","0156","0","0","0","0","0","0","0","0","0","7","0","","02","4","2017","5","40.461489","-79.861597","0155","11","0","0","0","0","0","0","0","0","1","0","0","0","","","0","","0","","40 27:41.362","4","0","79 51:41.748","0","0","0","0","2113","0","0","0","N","0","0","0","0","02113","0","","2.0","","1","N","N","","1","","0","0","0","","0","N","","1","0","0","0","0","0","0","2","0","1","","","","N","","","","","","","","","",""
"2017044149","1457","1","0","0","0","0","0","0","0","0","99","0","","02","4","2017","5","40.418776","-79.990732","1436","11","0","0","0","0","0","0","0","0","","0","0","0","","","1","","2","","40 25:07.595","","0","79 59:26.635","8","0","0","1","2301","0","0","0","N","0","0","0","2","02301","0","","1.0","","1","N","N","","0","","0","0","0","","0","","","2","1","0","0","0","1","0","2","0","2","","","","N","","","","","","","","","",""
"2017044127","1350","0","0","0","0","0","0","0","0","0","8","0","","02","4","2017","7","40.451682","-79.983125","1342","11","0","0","0","0","0","1","0","0","","0","0","0","","","1","","2","","40 27:06.055","","0","79 58:59.249","3","0","0","0","2301","1","0","0","N","1","0","0","2","02301","0","","1.0","","9","N","N","","0","","1","0","1","","0","","","2","1","0","0","0","0","0","2","0","1","","","","N","","","","","","","","","",""
"2017054680","1338","0","0","0","0","0","0","0","0","0","7","0","","02","5","2017","2","40.47738","-79.809732","1334","11","0","0","0","0","0","0","0","0","1","0","0","0","","","1","","0","","40 28:38.567","1","0","79 48:35.035","3","0","0","0","2113","0","0","0","N","0","0","0","1","02113","0","","1.0","","1","N","N","","0","","1","0","1","","0","Y","","1","1","0","0","0","0","0","2","0","1","","","","N","","","","","","","","","",""
"2017047059","1957","1","0","0","0","0","0","0","0","0","4","0","","02","5","2017","2","40.411466","-79.943774","1951","11","0","0","0","0","0","0","0","0","","0","0","0","","","0","","1","","40 24:41.277","","0","79 56:37.586","0","0","0","0","2301","0","0","0","N","0","0","0","2","02301","0","","1.0","","1","N","N","","0","","0","0","1","","0","","","2","0","0","0","0","0","0","2","0","2","","","","N","","","","","","","","","",""
"2017070791","0920","1","0","0","0","0","0","0","0","0","7","0","45","02","5","2017","1","40.502579","-80.025741","0904","11","0","0","0","0","1","0","0","0","","0","0","0","","","0","","0","","40 30:09.284","","0","80 01:32.666","9","0","0","0","2116","0","0","0","","0","0","0","1","68B03","0","","4.0","","1","N","N","","0","","0","0","0","","0","","","1","0","0","0","0","0","1","2","0","1","","","Y","Y","4","1","Y","N","N","Y","N","N","Y",""
"2017049136","1540","0","0","0","0","0","0","0","0","0","1","0","","02","5","2017","4","40.444388","-80.009298","1518","11","0","0","0","0","0","0","0","0","","0","0","0","","","1","","0","","40 26:39.796","","0","80 00:33.471","4","0","0","0","2301","0","0","0","","0","0","0","2","68B03","1","","1.0","","1","N","N","","0","","0","0","2","","0","","","2","1","0","0","0","0","1","2","0","2","","","","N","","","","","","","","","",""
"2017042175","1208","2","0","0","0","0","0","0","0","0","4","0","","02","4","2017","1","40.427933","-79.974673","1206","11","0","0","0","0","1","0","0","0","1","0","0","0","","","0","","1","","40 25:40.557","3","0","79 58:28.823","0","0","0","0","2301","0","0","0","N","0","0","0","3","02301","0","","1.0","","1","N","N","","0","","0","0","0","","0","N","","2","0","1","0","0","0","0","2","0","2","","","","N","","","","","","","","","",""
"2017044460","0129","2","0","0","0","0","0","0","0","0","2","0","","02","5","2017","2","40.454569","-79.881442","0124","11","0","0","0","0","0","0","0","0","","0","0","0","","","1","","0","","40 27:16.449","","0","79 52:53.191","8","0","0","0","2301","0","0","0","N","0","0","0","3","02301","0","","1.0","","1","N","N","","0","","0","0","0","","0","","","2","1","0","0","0","1","0","2","0","2","","","","N","","","","","","","","","",""
"2017046335","1408","0","0","0","0","0","0","0","0","0","6","0","","02","4","2017","5","40.423057","-80.067049","1358","11","0","0","0","0","0","0","0","0","","0","0","0","","","1","","2","","40 25:23.004","","0","80 04:01.378","8","0","0","1","2301","0","0","0","N","0","0","0","3","02301","0","","1.0","","1","","N","","1","","0","0","0","","0","","","2","1","0","0","0","1","0","2","0","2","","","","N","","","","","","","","","",""
"2017045510","1715","2","0","0","0","0","0","0","0","0","4","0","","02","5","2017","4","40.436592","-79.955505","1703","11","0","0","0","0","0","0","0","0","","0","0","0","","","0","","1","","40 26:11.732","","0","79 57:19.817","0","0","0","0","2301","0","0","0","N","0","0","0","2","02301","0","","1.0","","1","N","N","","0","","0","0","0","","3","","","2","0","0","0","0","0","0","2","0","2","","","","N","","","","","","","","","",""
"2017055336","1605","1","0","0","0","0","0","0","0","0","1","0","","02","5","2017","6","40.494333","-79.942412","1605","11","0","0","0","0","0","0","0","0","2","0","0","0","","","0","","0","","40 29:39.600","1","0","79 56:32.682","0","0","0","0","2430","0","0","0","","0","0","0","2","68D02","0","","1.0","","1","N","N","","0","","0","0","0","","0","Y","","2","0","0","0","0","0","0","2","0","2","","","","N","","","","","","","","","",""
"2017043259","1802","1","0","0","0","0","0","0","0","0","1","0","","02","4","2017","4","40.474253","-80.010414","1755","11","0","0","0","1","0","0","0","0","","0","0","0","","","0","","2","","40 28:27.311","","0","80 00:37.490","0","0","0","0","2301","0","0","0","N","0","0","0","4","02301","0","","1.0","","1","N","N","","0","","0","0","1","","0","","","2","0","0","0","0","0","0","2","0","2","","","","N","","","","","","","","","",""
"2017054784","0525","1","0","0","0","0","0","0","0","0","7","0","","02","5","2017","5","40.584479","-80.102616","0502","11","0","0","0","0","0","0","0","0","","0","0","0","","","0","","0","","40 35:04.125","","0","80 06:09.416","0","0","0","0","2481","0","0","0","","0","0","0","1","68B03","0","","4.0","","9","N","N","","0","","0","0","0","","0","","","1","0","0","0","0","0","0","2","0","1","","","","N","","","","","","","","","",""
"2017069661","1712","0","0","0","0","0","0","0","0","0","1","0","","02","6","2017","3","40.591349","-80.096776","1711","11","0","0","0","0","0","0","1","0","","0","0","0","","","0","","0","","40 35:28.855","","0","80 05:48.395","0","0","0","0","2481","0","0","0","","0","0","0","4","68B03","0","","1.0","","1","N","N","","0","","0","0","2","","0","","","2","0","0","0","0","0","0","2","0","2","","","","N","","","","","","","","","",""
"2017042031","1852","1","0","0","0","0","0","0","0","0","7","0","","02","4","2017","1","40.451935","-79.89578","1839","11","0","0","0","0","0","0","0","0","","0","0","0","","","0","","0","","40 27:06.967","","0","79 53:44.809","0","0","0","0","2301","0","0","0","N","0","0","0","1","02301","0","","5.0","","1","N","N","","0","","0","0","0","","0","","","1","0","0","0","0","0","0","2","0","1","","","","N","","","","","","","","","",""
"2017044574","0657","0","0","0","1","0","0","0","0","0","0","0","","02","4","2017","2","40.581613","-80.054311","0651","11","0","0","1","0","0","0","0","0","","0","0","0","","","1","","2","","40 34:53.807","","0","80 03:15.520","3","0","0","0","2108","1","0","0","","0","0","0","2","02108","0","","1.0","","1","N","N","","0","","1","0","1","","0","","","2","1","0","0","0","0","0","2","0","1","","","","N","","","","","","","","","",""
"2017054377","2257","2","0","0","0","0","0","0","0","0","4","0","","02","5","2017","7","40.471865","-79.959471","2236","11","0","0","0","0","0","1","0","0","1","0","0","0","","","0","","0","","40 28:18.713","3","0","79 57:34.097","0","0","0","0","2301","0","0","0","N","0","0","0","1","02301","0","","2.0","","1","N","N","","0","","0","0","0","","2","N","","2","0","0","0","0","0","0","2","0","2","","","","N","","","","","","","","","",""
"2017071591","1453","0","0","0","0","0","0","0","0","0","7","0","","02","4","2017","7","40.52544","-80.070603","1422","11","0","0","0","0","0","0","0","0","1","0","0","0","","","2","","0","","40 31:31.585","1","3","80 04:14.172","3","0","0","0","2215","0","0","0","","0","0","0","3","68B03","0","","4.0","","9","N","N","","2","","2","0","0","","0","N","","2","2","0","0","0","0","0","2","0","2","","","","N","","","","","","","","","",""
"2017045150","1813","1","0","0","0","0","0","0","0","0","1","0","","02","5","2017","3","40.448323","-79.986735","1807","11","0","0","0","0","0","2","0","0","2","0","0","0","","","2","","0","","40 26:53.963","4","0","79 59:12.247","3","0","0","0","2301","0","0","0","N","0","0","0","5","02301","0","","1.0","","1","N","N","","1","","2","0","2","","0","Y","","4","2","0","0","0","0","3","2","0","4","","","","N","","","","","","","","","",""
"2017044550","0853","2","0","0","0","0","0","0","0","0","0","0","","02","5","2017","2","40.399202","-80.021184","0836","11","0","0","0","0","0","1","0","0","1","0","0","0","","","0","","2","","40 23:57.127","2","0","80 01:16.262","9","0","0","0","2301","0","0","0","N","0","0","0","2","02301","0","","5.0","","1","N","N","","0","","0","0","0","","3","N","","2","0","0","0","0","0","1","2","0","2","","","","N","","","","","","","","","",""