"CRN","ARRIVAL_TM","AUTOMOBILE_COUNT","BELTED_DEATH_COUNT","BELTED_SUSP_SERIOUS_INJ_COUNT","BICYCLE_COUNT","BICYCLE_DEATH_COUNT","BICYCLE_SUSP_SERIOUS_INJ_COUNT","BUS_COUNT","CHLDPAS_DEATH_COUNT","CHLDPAS_SUSP_SERIOUS_INJ_COUNT","COLLISION_TYPE","COMM_VEH_COUNT","CONS_ZONE_SPD_LIM","COUNTY","CRASH_MONTH","CRASH_YEAR","DAY_OF_WEEK","DEC_LATITUDE","DEC_LONGITUDE","DISPATCH_TM","DISTRICT","DRIVER_COUNT_16YR","DRIVER_COUNT_17YR","DRIVER_COUNT_18YR","DRIVER_COUNT_19YR","DRIVER_COUNT_20YR","DRIVER_COUNT_50_64YR","DRIVER_COUNT_65_74YR","DRIVER_COUNT_75PLUS","EST_HRS_CLOSED","FATAL_COUNT","HEAVY_TRUCK_COUNT","HORSE_BUGGY_COUNT","HOUR_OF_DAY","ILLUMINATION","INJURY_COUNT","INTERSECTION_RELATED","INTERSECT_TYPE","LANE_CLOSED","LATITUDE","LN_CLOSE_DIR","LOCATION_TYPE","LONGITUDE","MAX_SEVERITY_LEVEL","MCYCLE_DEATH_COUNT","MCYCLE_SUSP_SERIOUS_INJ_COUNT","MOTORCYCLE_COUNT","MUNICIPALITY","NONMOTR_COUNT","NONMOTR_DEATH_COUNT","NONMOTR_SUSP_SERIOUS_INJ_COUNT","NTFY_HIWY_MAINT","PED_COUNT","PED_DEATH_COUNT","PED_SUSP_SERIOUS_INJ_COUNT","PERSON_COUNT","POLICE_AGCY","POSSIBLE_INJ_COUNT","RDWY_SURF_TYPE_CD","RELATION_TO_ROAD","ROADWAY_CLEARED","ROAD_CONDITION","SCH_BUS_IND","SCH_ZONE_IND","SECONDARY_CRASH","SMALL_TRUCK_COUNT","SPEC_JURIS_CD","SUSP_MINOR_INJ_COUNT","SUSP_SERIOUS_INJ_COUNT","SUV_COUNT","TCD_FUNC_CD","TCD_TYPE","TFC_DETOUR_IND","TIME_OF_DAY","TOTAL_UNITS","TOT_INJ_COUNT","UNBELTED_OCC_COUNT","UNB_DEATH_COUNT","UNB_SUSP_SERIOUS_INJ_COUNT","UNK_INJ_DEG_COUNT","UNK_INJ_PER_COUNT","URBAN_RURAL","VAN_COUNT","VEHICLE_COUNT","WEATHER1","WEATHER2","WORKERS_PRES","WORK_ZONE_IND","WORK_ZONE_LOC","WORK_ZONE_TYPE","WZ_CLOSE_DETOUR","WZ_FLAGGER","WZ_LAW_OFFCR_IND","WZ_LN_CLOSURE","WZ_MOVING","WZ_OTHER","WZ_SHLDER_MDN","WZ_WORKERS_INJ_KILLED"
"2017045998","1250","1","0","0","0","0","0","0","0","0","7","0","","02","5","2017","5","40.449094","-80.022756","1241","11","0","0","0","0","0","0","0","0","","0","0","0","","","0","","0","","40 26:56.737","","0","80 01:21.921","0","0","0","0","2301","0","0","0","N","0","0","0","1","02301","0","","1.0","","9","N","N","","0","","0","0","0","","0","","","1","0","0","0","0","0","0","2","0","1","","","","N","","","","","","","","","",""
"2017047368","1126","1","0","0","0","0","0","0","0","0","7","0","","02","5","2017","3","40.482742","-80.013344","1119","11","0","0","0","0","0","0","0","0","","0","0","0","","","1","","0","","40 28:57.872","","0","80 00:48.039","3","0","0","0","2301","0","0","0","N","0","0","0","1","02301","0","","2.0","","1","N","N","","0","","1","0","0","","0","","","1","1","1","0","0","0","0","2","0","1","","","","N","","","","","","","","","",""
"2017044257","0752","1","0","0","0","0","0","0","0","0","7","0","55","02","4","2017","2","40.462703","-80.19338","0745","11","0","0","0","0","0","0","0","0","2","0","0","0","","","0","","0","","40 27:45.731","4","0","80 11:36.169","0","0","0","0","2213","0","0","0","","0","0","0","3","68B03","0","","1.0","","1","N","N","","0","","0","0","1","","8","N","","2","0","0","0","0","0","0","2","0","2","","","N","Y","3","1","N","N","N","Y","N","N","N",""
"2017059342","0717","1","0","0","0","0","0","0","0","0","99","0","","02","6","2017","7","40.363408","-79.931355","0715","11","0","0","0","0","0","0","0","0","1","0","0","0","","","0","","0","","40 21:48.268","1","0","79 55:52.877","0","0","0","0","2473","0","0","0","N","0","0","0","1","02473","0","","4.0","","1","N","N","","0","","0","0","0","","0","N","","2","0","0","0","0","0","0","2","0","1","","","","N","","","","","","","","","",""
"2017047704","1752","2","0","0","0","0","0","0","0","0","5","0","","02","5","2017","3","40.455519","-80.028841","1743","11","0","0","0","0","0","1","0","0","","0","0","0","","","1","","2","","40 27:19.869","","0","80 01:43.828","3","0","0","0","2301","0","0","0","N","0","0","0","2","02301","0","","1.0","","1","N","N","","0","","1","0","0","","3","","","2","1","0","0","0","0","0","2","0","2","","","","N","","","","","","","","","",""
"2017053693","1545","2","0","0","0","0","0","0","0","0","4","0","","02","5","2017","7","40.545258","-80.035908","1538","11","0","0","0","0","0","0","1","1","2","0","0","0","","","0","","1","","40 32:42.928","1","0","80 02:09.270","0","0","0","0","2116","0","0","0","N","0","0","0","2","02116","0","","1.0","","1","N","N","","0","","0","0","0","","2","N","","2","0","0","0","0","0","0","2","0","2","","","","N","","","","","","","","","",""
"2017044575","0805","1","0","0","0","0","0","0","0","0","1","0","","02","5","2017","2","40.324849","-80.025768","0758","11","0","0","0","0","0","0","0","0","","0","0","0","","","1","","3","","40 19:29.456","","0","80 01:32.763","4","0","0","0","2407","0","0","0","","0","0","0","2","02407","1","","1.0","","9","N","N","","0","","0","0","1","","3","","","2","1","0","0","0","0","0","2","0","2","","","","N","","","","","","","","","",""
"2017059293","1138","2","0","0","0","0","0","0","0","0","1","0","","02","6","2017","5","40.429853","-79.874952","1109","11","0","0","0","0","0","1","0","0","","0","0","0","","","0","","0","","40 25:47.471","","0","79 52:29.828","0","0","0","0","2426","0","0","0","","0","0","0","5","68B03","0","","1.0","","1","N","N","","0","","0","0","1","","0","","","3","0","0","0","0","0","0","2","0","3","","","","N","","","","","","","","","",""
"2017051802","1634","1","0","0","0","0","0","0","0","0","7","0","","02","5","2017","1","40.467761","-80.085913","1633","11","0","0","0","0","0","0","0","0","1","0","0","0","","","0","","2","","40 28:03.939","7","0","80 05:09.286","0","0","0","0","2126","0","0","0","N","0","0","0","1","02126","0","","2.0","","9","N","N","","0","","0","0","0","","0","Y","","1","0","0","0","0","0","0","2","0","1","","","","N","","","","","","","","","",""
"2017042159","0748","2","0","0","0","0","0","0","0","0","1","0","","02","4","2017","2","40.484411","-79.948008","0742","11","0","0","0","0","0","1","0","0","","0","0","0","","","1","","1","","40 29:03.879","","0","79 56:52.828","3","0","0","0","2301","0","0","0","N","0","0","0","3","02301","0","","1.0","","1","N","N","","0","","1","0","0","","2","","","2","1","0","0","0","0","0","2","0","2","","","","N","","","","","","","","","",""
"2017042696","1539","2","0","0","0","0","0","0","0","0","1","0","","02","4","2017","3","40.444649","-79.89616","1522","11","0","0","0","0","0","0","0","0","2","0","0","0","","","3","","1","","40 26:40.737","1","0","79 53:46.177","2","0","0","0","2301","0","0","0","N","0","0","0","3","02301","2","","1.0","","1","N","Y","","1","","0","1","0","","7","N","","3","3","0","0","0","0","0","2","0","3","","","","N","","","","","","","","","",""
"2017060944","1000","1","0","0","0","0","0","0","0","0","7","0","","02","4","2017","2","40.435528","-79.968519","1000","11","0","0","0","0","0","1","0","0","1","0","0","0","","","1","","7","","40 26:07.902","4","0","79 58:06.670","3","0","0","0","2301","0","0","0","","0","0","0","1","68B03","0","","7.0","","1","N","N","","0","","1","0","0","","0","N","","1","1","0","0","0","0","0","2","0","1","","","","N","","","","","","","","","",""
"2017041587","0235","0","0","0","0","0","0","0","0","0","7","0","","02","4","2017","7","40.506419","-79.802221","0228","11","0","0","0","0","0","0","0","0","5","0","0","0","","","1","","0","","40 30:23.108","6","0","79 48:07.996","3","0","0","0","2113","0","0","0","N","0","0","0","1","02113","0","","5.0","","9","N","N","","1","","1","0","0","","0","Y","","1","1","0","0","0","0","0","2","0","1","","","","N","","","","","","","","","",""
"2017053958","0617","1","0","0","0","0","0","0","0","0","7","0","","02","5","2017","4","40.257669","-79.905073","0611","11","0","0","0","0","0","0","0","0","2","0","0","0","","","0","","0","","40 15:27.608","2","0","79 54:18.264","9","0","0","0","2204","0","0","0","N","0","0","0","2","02204","0","","5.0","","1","N","N","","0","","0","0","0","","0","N","","1","0","0","0","0","0","2","1","0","1","","","","N","","","","","","","","","",""
"2017055090","1743","2","0","0","0","0","0","0","0","0","4","0","","02","5","2017","3","40.436037","-79.999208","1737","11","0","0","0","0","0","0","0","0","","0","0","0","","","1","","1","","40 26:09.733","","0","79 59:57.149","4","0","0","0","2301","0","0","0","N","0","0","0","2","02301","1","","1.0","","1","N","N","","0","","0","0","0","","2","","","2","1","0","0","0","0","0","2","0","2","","","","N","","","","","","","","","",""
"2017054171","0144","0","0","0","0","0","0","0","0","0","7","0","","02","5","2017","7","40.523652","-79.959221","0139","11","0","0","0","0","0","0","0","0","1","0","0","0","","","1","","2","","40 31:25.147","1","0","79 57:33.194","2","0","0","0","2118","0","0","0","N","0","0","0","1","02118","0","","2.0","","1","N","N","","0","","0","1","1","","0","Y","","1","1","1","0","1","0","0","2","0","1","","","","N","","","","","","","","","",""
"2017054599","1708","1","0","0","0","0","0","0","0","0","1","0","45","02","5","2017","4","40.429747","-80.272303","1639","11","0","0","0","0","0","0","0","0","1","0","0","0","","","0","","0","","40 25:47.088","4","0","80 16:20.291","0","0","0","0","2214","0","0","0","","0","0","0","2","68B03","0","","1.0","","1","N","N","","0","","0","0","1","","8","N","","2","0","0","0","0","0","0","1","0","2","","","Y","Y","4","1","N","N","N","Y","N","N","N",""
"2017059289","1423","1","0","0","0","0","0","0","0","0","0","1","","02","6","2017","3","40.541229","-80.121828","1421","11","0","0","0","0","0","2","0","0","4","0","1","0","","","1","","0","","40 32:28.426","2","0","80 07:18.582","8","0","0","0","2215","0","0","0","","0","0","0","4","68B03","0","","1.0","","1","N","N","","0","","0","0","0","","0","Y","","3","1","0","0","0","1","0","2","1","3","","","","N","","","","","","","","","",""
"2017043395","0344","0","0","0","0","0","0","0","0","0","7","0","","02","4","2017","1","40.413639","-79.882444","0343","11","0","0","0","0","0","0","0","0","","0","0","0","","","0","","0","","40 24:49.100","","0","79 52:56.800","0","0","0","0","2456","0","0","0","N","0","0","0","2","02456","0","","9.0","","1","N","N","","0","","0","0","1","","0","","","1","0","0","0","0","0","0","2","0","1","","","","N","","","","","","","","","",""
"2017043276","2048","0","0","0","0","0","0","0","0","0","1","0","","02","4","2017","4","40.489124","-79.851344","2042","11","0","0","0","0","0","1","0","0","","0","0","0","","","0","","0","","40 29:20.845","","0","79 51:04.839","9","0","0","0","2113","0","0","0","N","0","0","0","5","02113","0","","1.0","","1","N","N","","0","","0","0","2","","8","","","2","0","0","0","0","0","1","2","0","2","","","","N","","","","","","","","","",""
"2017048445","0043","1","0","0","0","0","0","0","0","0","4","0","","02","5","2017","1","40.468844","-79.896089","0041","11","0","0","0","0","0","0","0","0","","0","0","0","","","0","","0","","40 28:07.838","","0","79 53:45.920","0","0","0","0","2301","0","0","0","N","0","0","0","1","02301","0","","6.0","","1","N","N","","1","","0","0","0","","0","","","2","0","0","0","0","0","0","2","0","2","","","","N","","","","","","","","","",""
"2017054882","1045","0","0","0","0","0","0","0","0","0","7","0","","02","5","2017","5","40.422651","-80.101966","1033","11","0","0","0","0","0","0","0","0","","0","0","0","","","1","","0","","40 25:21.542","","0","80 06:07.077","3","0","0","0","2115","0","0","0","","0","0","0","1","68B03","0","","3.0","","9","N","N","","0","","1","0","1","","0","","","1","1","0","0","0","0","0","2","0","1","","","","N","","","","","","","","","",""
"2017059229","1011","1","0","0","0","0","0","0","0","0","7","0","","02","6","2017","5","40.498741","-79.712163","1004","11","1","0","0","0","0","0","0","0","","0","0","0","","","0","","0","","40 29:55.467","","0","79 42:43.786","0","0","0","0","2466","0","0","0","N","0","0","0","1","02466","0","","5.0","","1","N","N","","0","","0","0","0","","0","","","1","0","0","0","0","0","0","1","0","1","","","","N","","","","","","","","","",""
"2017060424","1118","1","0","0","0","0","0","0","0","0","4","1","","02","6","2017","3","40.462834","-79.957259","1103","11","0","0","0","0","0","0","1","0","3","0","1","0","","","1","","1","","40 27:46.203","7","0","79 57:26.131","8","0","0","0","2301","0","0","0","N","0","0","0","2","02301","0","","1.0","","1","N","N","","0","","0","0","0","","2","Y","","2","1","0","0","0","1","0","2","0","2","","","","N","","","","","","","","","",""
"2017046693","0405","1","0","0","0","0","0","0","0","0","7","0","","02","5","2017","1","40.392758","-79.933096","0403","11","0","0","0","0","0","0","0","0","2","0","0","0","","","0","","0","","40 23:33.927","2","0","79 55:59.147","9","0","0","0","2301","0","0","0","N","0","0","0","2","02301","0","","5.0","","1","N","N","","0","","0","0","0","","0","N","","1","0","0","0","0","0","1","2","0","1","","","","N","","","","","","","","","",""
"2017043131","2247","1","0","0","0","0","0","0","0","0","6","0","","02","4","2017","2","40.512724","-79.958243","2245","11","0","0","1","0","0","0","0","0","1","0","0","0","","","0","","0","","40 30:45.806","5","0","79 57:29.676","0","0","0","0","2118","0","0","0","N","0","0","0","5","02118","0","","1.0","","1","N","N","","1","","0","0","0","","0","Y","","2","0","0","0","0","0","0","2","0","2","","","","N","","","","","","","","","",""
"2017044773","0241","2","0","0","0","0","0","0","0","0","4","0","","02","4","2017","5","40.465676","-79.955183","0241","11","0","0","0","0","0","0","0","0","","0","0","0","","","0","","1","","40 27:56.434","","0","79 57:18.659","0","0","0","0","2301","0","0","0","N","0","0","0","2","02301","0","","1.0","","1","N","N","","0","","0","0","0","","2","","","2","0","0","0","0","0","0","2","0","2","","","","N","","","","","","","","","",""
"2017040945","1845","4","0","0","0","0","0","0","0","0","1","0","","02","4","2017","5","40.483955","-79.906518","1841","11","0","0","0","0","0","2","0","0","","0","0","0","","","0","","0","","40 29:02.238","","0","79 54:23.466","0","0","0","0","2301","0","0","0","N","0","0","0","7","02301","0","","1.0","","1","N","N","","0","","0","0","1","","0","","","5","0","0","0","0","0","0","2","0","5","","","","N","","","","","","","","","",""
"2017055043","1151","1","0","0","0","0","0","0","0","0","4","0","","02","5","2017","6","40.571533","-80.036966","1147","11","0","0","0","0","0","0","1","0","2","0","0","0","","","2","","0","","40 34:17.518","5","0","80 02:13.079","8","0","0","0","2108","0","0","0","","0","0","0","3","02108","0","","1.0","","9","N","N","","0","","0","0","1","","0","N","","2","2","0","0","0","2","0","2","0","2","","","","N","","","","","","","","","",""
"2017061354","0600","1","0","0","0","0","0","0","0","0","99","0","","02","6","2017","5","40.426261","-79.738598","0540","11","0","0","0","0","0","0","0","0","","0","0","0","","","0","","0","","40 25:34.540","","0","79 44:18.951","0","0","0","0","2446","0","0","0","","0","0","0","1","68T09","0","","1.0","","1","N","N","","0","","0","0","0","","0","","","1","0","0","0","0","0","0","2","0","1","","","","N","","","","","","","","","",""
"2017056530","1945","1","0","0","0","0","0","0","0","0","99","0","","02","6","2017","5","40.664551","-80.096641","1941","11","0","0","0","0","0","1","0","0","","0","0","0","","","0","","0","","40 39:52.382","","0","80 05:47.907","0","0","0","0","2212","0","0","0","","0","0","0","1","68T02","0","","1.0","","1","N","N","","0","","0","0","0","","0","","","1","0","0","0","0","0","0","2","0","1","","","","N","","","","","","","","","",""
"2017045541","1241","1","0","0","0","0","0","0","0","0","4","0","","02","4","2017","1","40.331108","-79.94554","1236","11","0","0","0","0","0","1","0","1","","0","0","0","","","1","","0","","40 19:51.987","","0","79 56:43.944","4","0","0","0","2454","0","0","0","N","0","0","0","2","02454","1","","1.0","","1","N","N","","0","","0","0","1","","2","","","2","1","0","0","0","0","0","2","0","2","","","","N","","","","","","","","","",""
"2017043475","0704","1","0","0","0","0","0","0","0","0","4","0","","02","4","2017","4","40.329019","-80.027756","0703","11","0","1","0","0","0","1","0","0","1","0","0","0","","","3","","2","","40 19:44.470","3","0","80 01:39.920","3","0","0","0","2407","0","0","0","","0","0","0","3","02407","0","","1.0","","1","N","N","","1","","3","0","0","","3","Y","","2","3","0","0","0","0","0","2","0","2","","","","N","","","","","","","","","",""
"2017042172","0835","1","0","0","0","0","0","0","0","0","1","0","","02","4","2017","2","40.458101","-79.960253","0820","11","0","0","0","0","0","1","0","0","","0","0","0","","","0","","1","","40 27:29.163","","0","79 57:36.909","0","0","0","0","2301","0","0","0","N","0","0","0","3","02301","0","","1.0","","1","N","N","","0","","0","0","0","","0","","","2","0","0","0","0","0","0","2","1","2","","","","N","","","","","","","","","",""
"2017053401","1333","1","0","0","0","0","0","0","0","0","6","0","","02","5","2017","6","40.490673","-79.907546","1331","11","0","0","0","0","0","1","0","1","","0","0","0","","","0","","2","","40 29:26.424","","0","79 54:27.164","0","0","0","0","2401","0","0","0","N","0","0","0","2","02401","0","","1.0","","1","N","N","","0","","0","0","1","","2","","","2","0","0","0","0","0","0","2","0","2","","","","N","","","","","","","","","",""
"2017042264","2137","0","0","0","0","0","0","0","0","0","7","0","55","02","4","2017","1","40.491536","-80.272207","2128","11","0","0","0","0","0","1","0","0","6","0","0","0","","","0","","0","","40 29:29.530","4","2","80 16:19.946","0","0","0","0","2203","0","0","0","Y","0","0","0","1","02501","0","","2.0","","1","","","","0","","0","0","1","","0","Y","","1","0","0","0","0","0","0","2","0","1","","","N","Y","4","1","","","N","Y","","","Y",""
"2017044952","0900","3","0","0","0","0","0","0","0","0","5","0","","02","5","2017","3","40.459874","-79.932975","0850","11","0","0","0","0","0","0","0","0","1","0","0","0","","","1","","0","","40 27:35.546","2","0","79 55:58.710","3","0","0","0","2301","0","0","0","N","0","0","0","2","02301","0","","1.0","","1","N","N","","0","","1","0","0","","0","N","","3","1","0","0","0","0","0","2","0","3","","","","N","","","","","","","","","",""
"2017056161","0609","1","0","0","0","0","0","0","0","0","7","0","","02","5","2017","2","40.457808","-80.174698","0607","11","0","0","0","0","0","0","0","0","3","0","0","0","","","0","","0","","40 27:28.108","4","0","80 10:28.914","0","0","0","0","2213","0","0","0","","0","0","0","1","02213","0","","4.0","","1","N","N","","0","","0","0","0","","0","Y","","1","0","0","0","0","0","0","2","0","1","","","","N","","","","","","","","","",""
"2017056425","0117","2","0","0","0","0","0","0","0","0","1","0","","02","6","2017","6","40.583532","-80.030695","0116","11","0","0","1","0","0","0","0","0","2","0","0","0","","","1","","0","","40 35:00.716","1","0","80 01:50.503","8","0","0","0","2108","0","0","0","","0","0","0","4","02108","0","","1.0","","1","N","N","","0","","0","0","0","","0","N","","2","1","0","0","0","1","0","2","0","2","","","","N","","","","","","","","","",""
"2017055291","2134","1","0","0","0","0","0","0","0","0","99","0","","02","5","2017","3","40.49988","-80.218163","2129","11","0","0","0","0","0","1","0","0","","0","0","0","","","0","","0","","40 29:59.567","","0","80 13:05.388","0","0","0","0","2213","0","0","0","","0","0","0","1","02213","0","","1.0","","1","N","N","","0","","0","0","0","","0","","","1","0","0","0","0","0","0","2","0","1","","","","N","","","","","","","","","",""
"2017055741","0809","1","0","0","0","0","0","0","0","0","7","0","","02","5","2017","7","40.435937","-79.866554","0748","11","0","0","0","0","0","0","0","0","1","0","0","0","","","0","","0","","40 26:09.374","4","0","79 51:59.593","0","0","0","0","2478","0","0","0","","0","0","0","1","68B03","0","","4.0","","9","N","N","","0","","0","0","0","","0","Y","","1","0","0","0","0","0","0","2","0","1","","","","N","","","","","","","","","",""
"2017043084","0850","1","0","0","0","0","0","0","0","0","1","0","","02","4","2017","4","40.340344","-79.938196","0846","11","0","0","0","0","0","0","1","1","1","0","0","0","","","2","","1","","40 20:25.239","1","0","79 56:17.507","8","0","0","0","2473","0","0","0","N","0","0","0","2","02473","0","","1.0","","1","N","N","","0","","0","0","1","","2","N","","2","2","0","0","0","2","0","2","0","2","","","","N","","","","","","","","","",""
"2017053618","0831","3","0","0","0","0","0","0","0","0","1","0","","02","5","2017","6","40.315165","-80.029413","0827","11","0","0","0","0","0","0","1","0","","0","0","0","","","0","","2","","40 18:54.595","","0","80 01:45.885","0","0","0","0","2407","0","0","0","","0","0","0","3","02407","0","","1.0","","1","N","N","","0","","0","0","0","","3","","","3","0","0","0","0","0","0","2","0","3","","","","N","","","","","","","","","",""
"2017061378","1825","2","0","0","0","0","0","0","0","0","4","0","","02","6","2017","4","40.440515","-79.834073","1808","11","0","0","0","0","0","0","0","0","","0","0","0","","","0","","0","","40 26:25.854","","0","79 50:02.661","0","0","0","0","2419","0","0","0","","0","0","0","3","68B03","0","","1.0","","9","N","N","","0","","0","0","0","","0","","","2","0","0","0","0","0","0","2","0","2","","","","N","","","","","","","","","",""
"2017047724","2032","1","0","0","0","0","0","0","0","0","1","0","","02","5","2017","3","40.399146","-79.861518","2029","11","0","0","0","0","0","0","0","0","","0","0","0","","","0","","0","","40 23:56.925","","0","79 51:41.464","0","0","0","0","2410","0","0","0","N","0","0","0","1","02410","0","","6.0","","1","N","N","","0","","0","0","1","","0","","","2","0","0","0","0","0","0","2","0","2","","","","N","","","","","","","","","",""
"2017044782","0712","2","0","0","0","0","0","0","0","0","4","0","","02","5","2017","2","40.344438","-79.88422","0710","11","0","0","0","0","0","1","0","0","","0","0","0","","","2","","2","","40 20:39.978","","0","79 53:03.191","8","0","0","0","2433","0","0","0","N","0","0","0","2","02433","0","","1.0","","1","N","N","","0","","0","0","0","","3","","","2","2","0","0","0","2","0","2","0","2","","","","N","","","","","","","","","",""
"2017054847","0040","0","0","0","0","0","0","0","0","0","2","0","","02","5","2017","2","40.316369","-79.8082","0032","11","0","0","0","0","0","0","0","0","1","0","0","0","","","0","","0","","40 18:58.930","6","0","79 48:29.520","9","0","0","0","2105","0","0","0","N","0","0","0","1","02105","0","","5.0","","9","N","N","","1","","0","0","1","","0","N","","2","0","0","0","0","0","1","2","0","2","","","","N","","","","","","","","","",""
"2017047719","1520","1","0","0","0","0","0","0","0","0","1","0","","02","4","2017","7","40.343943","-79.798758","1517","11","0","0","0","0","0","1","0","0","1","0","0","0","","","4","","2","","40 20:38.193","6","0","79 47:55.529","4","0","0","0","2477","0","0","0","N","0","0","0","4","02477","4","","1.0","","1","N","N","","1","","0","0","0","","0","Y","","2","4","0","0","0","0","0","2","0","2","","","","N","","","","","","","","","",""
"2017042902","1742","2","0","0","0","0","0","0","0","0","1","0","","02","4","2017","3","40.529762","-79.779078","1739","11","0","0","0","1","0","1","0","0","1","0","0","0","","","1","","2","","40 31:47.144","4","0","79 46:44.682","3","0","0","0","2466","0","0","0","N","0","0","0","3","02466","0","","1.0","","9","N","N","","1","","1","0","0","","0","N","","3","1","0","0","0","0","0","2","0","3","","","","N","","","","","","","","","",""
"2017054484","0443","1","0","0","0","0","0","0","0","0","1","1","","02","3","2017","5","40.62849","-80.096986","0443","11","0","0","0","0","0","0","0","0","2","0","1","0","","","0","","0","","40 37:42.563","1","0","80 05:49.151","0","0","0","0","2212","0","0","0","","0","0","0","2","68B03","0","","1.0","","1","N","N","","0","","0","0","0","","0","N","","2","0","0","0","0","0","0","2","0","2","","","","N","","","","","","","","","",""
"2017043385","1642","1","0","0","0","0","0","0","0","0","1","0","","02","4","2017","4","40.365015","-80.048195","1639","11","0","0","0","0","0","2","0","0","2","0","0","0","","","2","","0","","40 21:54.055","1","0","80 02:53.501","4","0","0","0","2109","0","0","0","","0","0","0","4","02109","2","","1.0","","1","N","N","","0","","0","0","2","","0","N","","3","2","0","0","0","0","0","2","0","3","","","","N","","","","","","","","","",""
"2017048012","0448","2","0","0","0","0","0","0","0","0","1","0","","02","4","2017","1","40.62282","-79.743458","0433","11","0","0","0","0","0","0","0","0","2","0","0","0","","","2","","0","","40 37:22.152","1","0","79 44:36.449","8","0","0","0","2106","0","0","0","","0","0","0","2","68D02","0","","1.0","","1","N","N","","0","","0","0","0","","0","Y","","2","2","0","0","0","2","0","2","0","2","","","","N","","","","","","","","","",""
"2017051165","1240","0","0","0","0","0","0","0","0","0","2","1","","02","5","2017","6","40.405493","-80.037186","1230","11","0","0","0","0","0","0","1","0","2","0","1","0","","","0","","0","","40 24:19.775","3","0","80 02:13.871","0","0","0","0","2301","0","0","0","N","0","0","0","2","02301","0","","1.0","","1","N","N","","0","","0","0","1","","0","N","","2","0","0","0","0","0","0","2","0","2","","","","N","","","","","","","","","",""
"2017049608","2247","1","0","0","0","0","0","0","0","0","7","0","","02","5","2017","5","40.480862","-80.202369","2242","11","0","0","0","0","0","0","0","0","","0","0","0","","","0","","13","","40 28:51.104","","99","80 12:08.530","0","0","0","0","2213","0","0","0","","0","0","0","1","02213","0","","4.0","","9","N","N","","0","","0","0","0","","0","","","1","0","0","0","0","0","0","2","0","1","","","","N","","","","","","","","","",""
"2017045886","0634","1","0","0","0","0","0","0","0","0","7","0","","02","5","2017","5","40.48137","-79.964098","0628","11","0","0","0","0","0","0","0","0","1","0","0","0","","","0","","0","","40 28:52.933","1","0","79 57:50.753","0","0","0","0","2118","0","0","0","N","0","0","0","2","02118","0","","2.0","","1","N","N","","0","","0","0","0","","0","N","","2","0","0","0","0","0","0","2","0","1","","","","N","","","","","","","","","",""
"2017034671","1945","1","0","0","0","0","0","0","0","0","7","0","","02","4","2017","1","40.428752","-79.98642","1945","11","0","0","0","0","0","0","0","0","2","0","0","0","","","0","","1","","40 25:43.507","4","0","79 59:11.111","9","0","0","0","2301","0","0","0","N","0","0","0","3","02301","0","","5.0","","1","N","N","","0","","0","0","1","","2","N","","2","0","0","0","0","0","1","2","0","2","","","","N","","","","","","","","","",""
"2017046121","0609","1","0","0","0","0","0","0","0","0","99","0","","02","4","2017","1","40.441358","-80.310783","0609","11","0","0","0","0","0","0","0","0","","0","0","0","","","0","","0","","40 26:28.890","","0","80 18:38.820","0","0","0","0","2203","0","0","0","","0","0","0","1","68B03","0","","1.0","","1","N","N","","0","","0","0","0","","0","","","1","0","0","0","0","0","0","1","0","1","","","","N","","","","","","","","","",""
"2017042263","1613","2","0","0","0","0","0","0","0","0","2","0","","02","4","2017","1","40.332466","-79.933759","1610","11","0","0","0","0","0","2","0","0","2","0","0","0","","","2","","0","","40 19:56.878","6","0","79 56:01.531","4","0","0","0","2473","0","0","0","Y","0","0","0","3","02473","1","","1.0","","1","N","N","","0","","0","0","1","","2","Y","","3","2","1","0","0","1","0","2","0","3","","","","N","","","","","","","","","",""
"2017046190","0333","1","0","0","0","0","0","0","0","0","7","0","","02","5","2017","7","40.492124","-80.02116","0325","11","0","0","0","0","0","0","0","0","","0","0","0","","","0","","2","","40 29:31.645","","0","80 01:16.175","9","0","0","0","2301","0","0","0","N","0","0","0","1","02301","0","","5.0","","9","N","N","","0","","0","0","0","","0","","","1","0","0","0","0","0","1","2","0","1","","","","N","","","","","","","","","",""
"2017048427","0628","2","0","0","0","0","0","0","0","0","1","0","","02","5","2017","3","40.621815","-80.054204","0620","11","0","0","0","0","0","1","0","0","3","0","0","0","","","1","","1","","40 37:18.534","1","0","80 03:15.133","4","0","0","0","2216","0","0","0","N","0","0","0","2","02505","1","","1.0","","1","N","N","","0","","0","0","0","","2","N","","2","1","0","0","0","0","0","1","0","2","","","","N","","","","","","","","","",""
"2017059552","0900","0","0","0","0","0","0","0","0","0","5","1","","02","6","2017","6","40.355201","-80.050178","0900","11","0","0","0","0","0","0","1","0","2","0","1","0","","","0","","1","","40 21:18.723","4","0","80 03:00.639","0","0","0","0","2109","0","0","0","","0","0","0","3","02109","0","","1.0","","1","N","N","","0","","0","0","2","","2","N","","3","0","0","0","0","0","0","2","0","3","","","","N","","","","","","","","","",""
"2017044914","1319","0","0","0","0","0","0","0","0","0","7","0","","02","4","2017","7","40.647509","-80.103908","1314","11","0","0","1","0","0","0","0","0","1","0","0","0","","","0","","0","","40 38:51.034","6","0","80 06:14.069","0","0","0","0","2212","0","0","0","N","0","0","0","1","02505","0","","5.0","","9","N","N","","0","","0","0","1","","0","Y","","1","0","0","0","0","0","0","2","0","1","","","","N","","","","","","","","","",""