"CRN","ARRIVAL_TM","AUTOMOBILE_COUNT","BELTED_DEATH_COUNT","BELTED_SUSP_SERIOUS_INJ_COUNT","BICYCLE_COUNT","BICYCLE_DEATH_COUNT","BICYCLE_SUSP_SERIOUS_INJ_COUNT","BUS_COUNT","CHLDPAS_DEATH_COUNT","CHLDPAS_SUSP_SERIOUS_INJ_COUNT","COLLISION_TYPE","COMM_VEH_COUNT","CONS_ZONE_SPD_LIM","COUNTY","CRASH_MONTH","CRASH_YEAR","DAY_OF_WEEK","DEC_LATITUDE","DEC_LONGITUDE","DISPATCH_TM","DISTRICT","DRIVER_COUNT_16YR","DRIVER_COUNT_17YR","DRIVER_COUNT_18YR","DRIVER_COUNT_19YR","DRIVER_COUNT_20YR","DRIVER_COUNT_50_64YR","DRIVER_COUNT_65_74YR","DRIVER_COUNT_75PLUS","EST_HRS_CLOSED","FATAL_COUNT","HEAVY_TRUCK_COUNT","HORSE_BUGGY_COUNT","HOUR_OF_DAY","ILLUMINATION","INJURY_COUNT","INTERSECTION_RELATED","INTERSECT_TYPE","LANE_CLOSED","LATITUDE","LN_CLOSE_DIR","LOCATION_TYPE","LONGITUDE","MAX_SEVERITY_LEVEL","MCYCLE_DEATH_COUNT","MCYCLE_SUSP_SERIOUS_INJ_COUNT","MOTORCYCLE_COUNT","MUNICIPALITY","NONMOTR_COUNT","NONMOTR_DEATH_COUNT","NONMOTR_SUSP_SERIOUS_INJ_COUNT","NTFY_HIWY_MAINT","PED_COUNT","PED_DEATH_COUNT","PED_SUSP_SERIOUS_INJ_COUNT","PERSON_COUNT","POLICE_AGCY","POSSIBLE_INJ_COUNT","RDWY_SURF_TYPE_CD","RELATION_TO_ROAD","ROADWAY_CLEARED","ROAD_CONDITION","SCH_BUS_IND","SCH_ZONE_IND","SECONDARY_CRASH","SMALL_TRUCK_COUNT","SPEC_JURIS_CD","SUSP_MINOR_INJ_COUNT","SUSP_SERIOUS_INJ_COUNT","SUV_COUNT","TCD_FUNC_CD","TCD_TYPE","TFC_DETOUR_IND","TIME_OF_DAY","TOTAL_UNITS","TOT_INJ_COUNT","UNBELTED_OCC_COUNT","UNB_DEATH_COUNT","UNB_SUSP_SERIOUS_INJ_COUNT","UNK_INJ_DEG_COUNT","UNK_INJ_PER_COUNT","URBAN_RURAL","VAN_COUNT","VEHICLE_COUNT","WEATHER1","WEATHER2","WORKERS_PRES","WORK_ZONE_IND","WORK_ZONE_LOC","WORK_ZONE_TYPE","WZ_CLOSE_DETOUR","WZ_FLAGGER","WZ_LAW_OFFCR_IND","WZ_LN_CLOSURE","WZ_MOVING","WZ_OTHER","WZ_SHLDER_MDN","WZ_WORKERS_INJ_KILLED"
"2017046783","0608","1","0","0","0","0","0","0","0","0","99","0","","02","5","2017","2","40.414139","-79.938565","0606","11","0","0","0","1","0","0","0","0","2","0","0","0","","","0","","0","","40 24:50.899","3","0","79 56:18.835","0","0","0","0","2301","0","0","0","N","0","0","0","1","02301","0","","1.0","","1","N","N","","0","","0","0","0","","0","N","","1","0","0","0","0","0","0","2","0","1","","","","N","","","","","","","","","",""
"2017067136","0945","1","0","0","0","0","0","0","0","0","1","0","","02","6","2017","4","40.420674","-80.048328","0935","11","0","0","0","0","0","0","0","1","","0","0","0","","","0","","0","","40 25:14.425","","0","80 02:53.979","0","0","0","0","2435","0","0","0","","0","0","0","2","68B03","0","","1.0","","1","N","N","","1","","0","0","0","","0","","","2","0","0","0","0","0","0","2","0","2","","","","N","","","","","","","","","",""
"2017051942","0713","0","0","0","0","0","0","0","0","0","7","0","","02","5","2017","2","40.509853","-79.730761","0704","11","1","0","0","0","0","0","0","0","1","0","0","0","","","1","","0","","40 30:35.472","5","0","79 43:50.738","8","0","0","0","2466","0","0","0","N","0","0","0","1","02466","0","","5.0","","9","N","N","","0","","0","0","1","","0","N","","1","1","0","0","0","1","0","1","0","1","","","","N","","","","","","","","","",""
"2017051822","1145","2","0","0","0","0","0","0","0","0","4","0","","02","5","2017","1","40.240891","-79.860126","1139","11","0","0","0","0","0","1","0","0","2","0","0","0","","","0","","1","","40 14:27.206","2","0","79 51:36.452","0","0","0","0","2105","0","0","0","N","0","0","0","2","02105","0","","1.0","","1","N","N","","0","","0","0","0","","3","N","","2","0","0","0","0","0","0","1","0","2","","","","N","","","","","","","","","",""
"2017060956","1536","1","0","0","0","0","0","0","0","0","1","0","","02","6","2017","3","40.427538","-79.923625","1512","11","0","0","0","1","0","1","0","0","","0","0","0","","","1","","0","","40 25:39.138","","4","79 55:25.051","4","0","0","0","2301","0","0","0","","0","0","0","4","68B03","1","","1.0","","1","N","N","","0","","0","0","2","","0","","","3","1","0","0","0","0","0","2","0","3","","","","N","","","","","","","","","",""
"2017061271","2212","2","0","0","0","0","0","0","0","0","4","0","","02","6","2017","7","40.522262","-80.039481","2210","11","1","0","0","0","0","0","0","0","1","0","0","0","","","0","","2","","40 31:20.143","6","0","80 02:22.131","0","0","0","0","2474","0","0","0","N","0","0","0","3","02474","0","","1.0","","1","N","N","","0","","0","0","0","","3","N","","2","0","0","0","0","0","0","2","0","2","","","","N","","","","","","","","","",""
"2017068360","0156","0","0","0","0","0","0","0","0","0","7","0","55","02","7","2017","1","40.536931","-80.272128","0127","11","0","0","0","0","0","0","0","0","2","0","0","0","","","0","","0","","40 32:12.950","4","0","80 16:19.662","0","0","0","0","2213","0","0","0","","0","0","0","1","68B03","0","","2.0","","1","N","N","","0","","0","0","1","","0","N","","1","0","0","0","0","0","0","1","0","1","","","N","Y","4","1","N","N","N","Y","N","N","Y",""
"2017065393","0711","0","0","0","0","0","0","0","0","0","7","0","","02","6","2017","7","40.442554","-79.809159","0651","11","0","0","0","0","0","0","0","0","","0","0","0","","","1","","0","","40 26:33.195","","0","79 48:32.973","8","0","0","0","2113","0","0","0","","0","0","0","1","68B03","0","","4.0","","1","N","N","","0","","0","0","1","","0","","","1","1","0","0","0","1","0","2","0","1","","","","N","","","","","","","","","",""
"2017051704","1340","1","0","0","0","0","0","0","0","0","5","0","","02","5","2017","1","40.476439","-80.031667","1335","11","0","0","0","0","0","1","0","0","","0","0","0","","","0","","0","","40 28:35.182","","0","80 01:54.001","0","0","0","0","2301","0","0","0","N","0","0","0","2","02301","0","","1.0","","9","N","N","","0","","0","0","1","","2","","","2","0","0","0","0","0","0","2","0","2","","","","N","","","","","","","","","",""
"2017043136","1637","1","0","0","0","0","0","0","0","0","8","0","","02","4","2017","4","40.444112","-79.99341","1634","11","0","0","0","0","0","0","0","0","","0","0","0","","","1","","0","","40 26:38.803","","0","79 59:36.276","4","0","0","0","2301","1","0","0","","1","0","0","2","02301","1","","1.0","","1","N","N","","0","","0","0","0","","2","","","2","1","0","0","0","0","0","2","0","1","","","","N","","","","","","","","","",""
"2017067510","1703","1","0","0","0","0","0","0","0","0","1","0","","02","6","2017","2","40.370554","-79.777813","1652","11","0","0","0","0","0","1","0","0","2","0","0","0","","","0","","0","","40 22:13.994","2","0","79 46:40.128","0","0","0","0","2111","0","0","0","N","0","0","0","2","02111","0","","1.0","","1","N","N","","0","","0","0","1","","0","N","","2","0","0","0","0","0","0","2","0","2","","","","N","","","","","","","","","",""
"2017053325","1605","1","0","0","0","0","0","0","0","0","1","0","","02","5","2017","2","40.335197","-79.811323","1600","11","0","1","0","0","0","0","0","0","1","0","0","0","","","2","","0","","40 20:06.709","1","0","79 48:40.764","8","0","0","0","2477","0","0","0","N","0","0","0","4","02477","0","","1.0","","1","N","N","","2","","0","0","0","","0","Y","","3","2","0","0","0","2","0","2","0","3","","","","N","","","","","","","","","",""
"2017047589","1728","2","0","0","0","0","0","0","0","0","4","0","","02","5","2017","3","40.391837","-80.020643","1722","11","0","0","0","0","0","0","0","0","","0","0","0","","","0","","1","","40 23:30.613","","0","80 01:14.314","0","0","0","0","2301","0","0","0","N","0","0","0","2","02301","0","","1.0","","1","N","N","","0","","0","0","0","","3","","","2","0","0","0","0","0","0","2","0","2","","","","N","","","","","","","","","",""
"2017056727","2050","1","0","0","0","0","0","0","0","0","1","0","","02","6","2017","6","40.359531","-79.907943","2048","11","0","0","0","0","0","0","0","0","","0","0","0","","","0","","0","","40 21:34.313","","0","79 54:28.596","0","0","0","0","2473","0","0","0","N","0","0","0","3","02473","0","","1.0","","1","N","N","","0","","0","0","1","","0","","","2","0","1","0","0","0","0","2","0","2","","","","N","","","","","","","","","",""
"2017051691","0852","1","0","0","0","0","0","0","0","0","99","0","45","02","5","2017","1","40.448524","-80.012878","0849","11","0","0","0","0","0","0","0","0","2","0","0","0","","","0","","0","","40 26:54.685","2","0","80 00:46.359","9","0","0","0","2301","0","0","0","N","0","0","0","2","02301","0","","9.0","","1","N","N","","0","","0","0","1","","0","N","","2","0","0","0","0","0","2","2","0","2","","","N","Y","3","1","","","N","","","","Y",""
"2017064985","2251","1","0","0","0","0","0","0","0","0","4","0","","02","6","2017","3","40.484322","-80.137843","2241","11","0","2","0","0","0","0","0","0","","0","0","0","","","1","","2","","40 29:03.558","","0","80 08:16.236","4","0","0","0","2115","0","0","0","N","0","0","0","3","02115","1","","1.0","","9","N","N","","0","","0","0","1","","3","","","2","1","0","0","0","0","0","2","0","2","","","","N","","","","","","","","","",""
"2017050175","1104","1","0","0","0","0","0","0","0","0","4","0","","02","5","2017","7","40.378291","-79.804144","1104","11","0","0","0","0","0","1","0","0","2","0","0","0","","","0","","2","","40 22:41.848","6","0","79 48:14.918","0","0","0","0","2111","0","0","0","N","0","0","0","2","02111","0","","1.0","","9","N","N","","1","","0","0","0","","0","N","","2","0","0","0","0","0","0","2","0","2","","","","N","","","","","","","","","",""
"2017051695","2124","0","0","0","0","0","0","0","0","0","7","0","","02","5","2017","7","40.430944","-80.012917","2122","11","0","0","0","0","0","0","0","0","","0","0","0","","","1","","0","","40 25:51.400","","4","80 00:46.500","3","0","0","1","2301","0","0","0","N","0","0","0","1","02503","0","","2.0","","1","N","N","","0","","1","0","0","","0","","","1","1","0","0","0","0","0","2","0","1","","","","N","","","","","","","","","",""
"2017069154","2007","2","0","0","0","0","0","0","0","0","0","0","","02","6","2017","7","40.632071","-80.097832","1935","11","0","0","0","0","0","1","0","0","2","0","0","0","","","0","","0","","40 37:55.457","2","0","80 05:52.195","0","0","0","0","2212","0","0","0","","0","0","0","3","68B03","0","","1.0","","1","N","N","","0","","0","0","0","","0","N","","2","0","0","0","0","0","0","2","0","2","","","","N","","","","","","","","","",""
"2017045529","1637","2","0","0","0","0","0","0","0","0","1","0","","02","5","2017","4","40.484494","-79.860421","1632","11","0","0","1","0","0","0","0","0","2","0","0","0","","","0","","0","","40 29:04.179","3","0","79 51:37.517","0","0","0","0","2113","0","0","0","N","0","0","0","2","02113","0","","1.0","","1","N","N","","0","","0","0","0","","0","N","","2","0","0","0","0","0","0","2","0","2","","","","N","","","","","","","","","",""
"2017074078","","1","0","0","0","0","0","0","0","0","1","0","","02","5","2017","4","40.464053","-79.901443","","11","0","0","0","0","0","1","0","0","","0","0","0","","","0","","3","","40 27:50.590","","0","79 54:05.194","0","0","0","0","2301","0","0","0","N","0","0","0","2","00000","0","","1.0","","9","N","N","","0","","0","0","1","","2","","","2","0","0","0","0","0","0","2","0","2","","","","N","","","","","","","","","",""
"2017064993","1556","1","0","0","0","0","0","0","0","0","4","0","","02","6","2017","7","40.59062","-79.9454","1554","11","0","0","0","1","0","0","1","0","1","0","0","0","","","1","","2","","40 35:26.232","6","0","79 56:43.441","8","0","0","0","2207","0","0","0","N","0","0","0","2","02207","0","","1.0","","1","N","N","","0","","0","0","1","","3","N","","2","1","0","0","0","1","0","2","0","2","","","","N","","","","","","","","","",""
"2017066831","2255","2","0","0","0","0","0","0","0","0","4","0","","02","4","2017","6","40.513762","-80.156181","2252","11","0","0","0","1","0","0","0","0","1","0","0","0","","","0","","1","","40 30:49.543","4","0","80 09:22.252","0","0","0","0","2420","0","0","0","","0","0","0","3","02420","0","","1.0","","1","N","N","","0","","0","0","0","","2","Y","","2","0","0","0","0","0","0","2","0","2","","","","N","","","","","","","","","",""
"2017066903","1416","2","0","0","0","0","0","0","0","0","1","0","","02","6","2017","4","40.514344","-80.006302","1413","11","0","0","0","0","0","1","2","0","1","0","0","0","","","0","","0","","40 30:51.639","1","0","80 00:22.688","0","0","0","0","2116","0","0","0","N","0","0","0","4","02116","0","","1.0","","1","N","N","","1","","0","0","1","","0","N","","4","0","0","0","0","0","0","2","0","4","","","","N","","","","","","","","","",""
"2017045531","2017","1","0","0","0","0","0","0","0","0","4","0","","02","5","2017","4","40.32874","-79.945033","2016","11","1","0","0","1","0","0","0","0","2","0","0","0","","","1","","1","","40 19:43.465","2","0","79 56:42.119","2","0","0","0","2454","0","0","0","N","0","0","0","3","02454","0","","1.0","","1","N","N","","1","","0","1","0","","2","Y","","2","1","1","0","0","0","0","2","0","2","","","","N","","","","","","","","","",""
"2017056308","0624","0","0","0","0","0","0","0","0","0","4","0","","02","6","2017","5","40.535686","-79.970536","0619","11","0","0","0","0","0","0","0","0","","0","0","0","","","0","","1","","40 32:08.469","","0","79 58:13.931","0","0","0","0","2118","0","0","0","N","0","0","0","2","02118","0","","1.0","","1","N","N","","1","","0","0","1","","2","","","2","0","0","0","0","0","0","2","0","2","","","","N","","","","","","","","","",""
"2017064240","0054","1","0","0","0","0","0","0","0","0","7","0","","02","5","2017","1","40.441437","-79.759988","0036","11","0","0","0","0","1","0","0","0","","0","0","0","","","1","","0","","40 26:29.173","","2","79 45:35.958","8","0","0","0","2446","0","0","0","","0","0","0","4","68B03","0","","4.0","","1","N","N","","0","","0","0","0","","0","","","1","1","2","0","0","1","0","2","0","1","","","","N","","","","","","","","","",""
"2017051702","1418","1","0","0","0","0","0","0","0","0","4","0","","02","5","2017","1","40.451178","-79.86831","1405","11","0","0","0","0","0","1","0","0","1","0","0","0","","","1","","2","","40 27:04.242","2","0","79 52:05.916","3","0","0","0","2301","0","0","0","N","0","0","0","3","02301","0","","1.0","","9","N","N","","1","","1","0","0","","3","N","","2","1","0","0","0","0","0","2","0","2","","","","N","","","","","","","","","",""
"2017060204","0226","1","0","0","0","0","0","0","0","0","7","0","","02","6","2017","4","40.654133","-80.053219","0210","11","0","0","0","0","0","0","0","0","2","0","0","0","","","1","","0","","40 39:14.878","6","0","80 03:11.589","4","0","0","0","2216","0","0","0","N","0","0","0","1","02505","1","","5.0","","1","N","N","","0","","0","0","0","","0","Y","","1","1","0","0","0","0","0","2","0","1","","","","N","","","","","","","","","",""
"2017051442","1400","1","0","0","0","0","0","0","0","0","2","0","","02","5","2017","7","40.490334","-79.971725","1358","11","0","0","0","0","0","2","0","0","","0","0","0","","","0","","2","","40 29:25.203","","0","79 58:18.210","0","0","0","0","2445","0","0","0","N","0","0","0","2","02445","0","","1.0","","1","N","N","","1","","0","0","0","","3","","","2","0","0","0","0","0","0","2","0","2","","","","N","","","","","","","","","",""
"2017066892","2204","2","0","0","0","0","0","0","0","0","4","0","","02","6","2017","3","40.586853","-80.041629","2145","11","0","1","0","0","0","0","0","0","","0","0","0","","","0","","1","","40 35:12.669","","0","80 02:29.866","0","0","0","0","2108","0","0","0","","0","0","0","4","02108","0","","1.0","","1","N","N","","0","","0","0","0","","2","","","2","0","0","0","0","0","0","2","0","2","","","","N","","","","","","","","","",""
"2017053811","1758","2","0","0","0","0","0","0","0","0","4","0","","02","5","2017","1","40.466289","-80.073265","1756","11","0","0","0","0","0","0","0","0","1","0","0","0","","","0","","2","","40 27:58.640","7","0","80 04:23.754","0","0","0","0","2444","0","0","0","N","0","0","0","2","02444","0","","1.0","","9","N","N","","0","","0","0","0","","3","Y","","2","0","0","0","0","0","0","2","0","2","","","","N","","","","","","","","","",""
"2017072395","1224","1","0","0","0","0","0","0","0","0","2","0","","02","7","2017","6","40.408443","-80.017811","1212","11","0","0","0","0","0","1","0","0","1","0","0","0","","","2","","2","","40 24:30.395","1","0","80 01:04.118","8","0","0","0","2301","0","0","0","N","0","0","0","3","02301","0","","1.0","","1","N","N","","0","","0","0","0","","2","N","","2","2","0","0","0","2","1","2","1","2","","","","N","","","","","","","","","",""
"2017051820","1906","1","0","0","0","0","0","0","0","0","4","0","","02","5","2017","1","40.434543","-80.008098","1841","11","0","0","0","0","0","0","0","0","","0","0","0","","","0","","0","","40 26:04.355","","7","80 00:29.154","9","0","0","1","2301","0","0","0","N","0","0","0","2","02301","0","","1.0","","9","N","N","","0","","0","0","0","","0","","","2","0","0","0","0","0","1","2","0","2","","","","N","","","","","","","","","",""
"2017046812","0849","2","0","0","0","0","0","0","0","0","1","0","","02","5","2017","2","40.650593","-79.936713","0842","11","0","0","0","0","0","0","0","0","","0","0","0","","","0","","0","","40 39:02.133","","0","79 56:12.167","0","0","0","0","2217","0","0","0","N","0","0","0","2","02505","0","","1.0","","1","N","N","","0","","0","0","0","","0","","","2","0","0","0","0","0","0","2","0","2","","","","N","","","","","","","","","",""
"2017066445","0832","1","0","0","0","0","0","0","0","0","1","0","","02","6","2017","4","40.505725","-80.137474","0832","11","0","0","0","0","0","1","0","0","","0","0","0","","","0","","0","","40 30:20.610","","0","80 08:14.908","0","0","0","0","2115","0","0","0","","0","0","0","3","68B03","0","","1.0","","1","N","N","","1","","0","0","1","","0","","","3","0","0","0","0","0","0","2","0","3","","","","N","","","","","","","","","",""
"2017045667","1320","1","0","0","0","0","0","0","0","0","7","0","","02","5","2017","4","40.381031","-80.176892","1315","11","0","0","0","0","0","0","1","0","","0","0","0","","","0","","0","","40 22:51.711","","0","80 10:36.811","0","0","0","0","2119","0","0","0","N","0","0","0","1","02119","0","","5.0","","1","N","N","","0","","0","0","0","","0","","","1","0","0","0","0","0","0","2","0","1","","","","N","","","","","","","","","",""
"2017072346","0817","1","0","0","0","0","0","0","0","0","7","0","","02","7","2017","6","40.523691","-79.819224","0751","11","0","0","0","1","0","0","0","0","","0","0","0","","","0","","0","","40 31:25.288","","0","79 49:09.208","0","0","0","0","2466","0","0","0","","0","0","0","1","68T02","0","","4.0","","9","N","N","","0","","0","0","0","","0","","","1","0","0","0","0","0","0","2","0","1","","","","N","","","","","","","","","",""
"2017066835","1341","1","0","0","0","0","0","0","0","0","1","0","","02","6","2017","4","40.515462","-80.155936","1338","11","0","0","0","0","1","0","0","0","","0","0","0","","","1","","2","","40 30:55.664","","0","80 09:21.371","4","0","0","0","2420","0","0","0","","0","0","0","5","02420","1","","1.0","","1","N","N","","0","","0","0","1","","0","","","2","1","0","0","0","0","0","2","0","2","","","","N","","","","","","","","","",""
"2017051982","0925","2","0","0","0","0","0","0","0","0","1","0","","02","5","2017","2","40.455218","-79.993962","0923","11","0","0","0","0","0","0","0","0","","0","0","0","","","1","","0","","40 27:18.785","","0","79 59:38.263","8","0","0","0","2301","0","0","0","N","0","0","0","2","02301","0","","1.0","","1","N","N","","0","","0","0","0","","0","","","2","1","0","0","0","1","0","2","0","2","","","","N","","","","","","","","","",""
"2017054467","1927","0","0","0","0","0","0","0","0","0","4","0","","02","5","2017","2","40.414222","-79.800722","1923","11","0","0","0","0","0","0","0","0","2","0","0","0","","","5","","0","","40 24:51.200","5","0","79 48:02.600","8","0","0","0","2446","0","0","0","N","0","0","0","7","02446","0","","1.0","","1","N","N","","0","","0","0","2","","0","Y","","2","5","5","0","0","5","0","2","0","2","","","","N","","","","","","","","","",""
"2017055920","1450","0","0","0","0","0","0","0","0","0","1","0","","02","5","2017","1","40.302232","-80.030555","1443","11","0","0","0","0","0","0","0","0","","0","0","0","","","1","","0","","40 18:08.034","","0","80 01:49.998","8","0","0","0","2407","0","0","0","","0","0","0","5","02407","0","","1.0","","1","N","N","","2","","0","0","0","","0","","","2","1","0","0","0","1","0","2","0","2","","","","N","","","","","","","","","",""
"2017068205","1621","1","0","0","0","0","0","0","0","0","4","0","","02","6","2017","2","40.520808","-79.810155","1615","11","0","0","0","1","0","0","0","0","1","0","0","0","","","0","","0","","40 31:14.910","3","0","79 48:36.557","0","0","0","0","2466","0","0","0","","0","0","0","2","68T02","0","","1.0","","1","N","N","","1","","0","0","0","","0","N","","3","0","0","0","0","0","0","2","0","2","","","","N","","","","","","","","","",""
"2017063904","0904","1","0","0","0","0","0","0","0","0","1","0","","02","6","2017","6","40.519612","-80.131315","0844","11","0","0","0","0","0","0","0","0","1","0","0","0","","","0","","0","","40 31:10.604","1","2","80 07:52.734","0","0","0","0","2434","0","0","0","","0","0","0","2","68B03","0","","1.0","","1","N","N","","1","","0","0","0","","4","Y","","2","0","0","0","0","0","0","2","0","2","","","","N","","","","","","","","","",""
"2017065509","2110","1","0","0","0","0","0","0","0","0","99","0","","02","6","2017","1","40.483349","-80.007564","2045","11","0","0","0","0","0","0","0","0","2","0","0","0","","","0","","0","","40 29:00.055","1","0","80 00:27.232","0","0","0","0","2301","0","0","0","","0","0","0","4","68B03","0","","1.0","","1","N","N","","0","","0","0","0","","0","N","","1","0","0","0","0","0","0","2","0","1","","","","N","","","","","","","","","",""
"2017052624","1655","1","0","0","0","0","0","0","0","0","2","0","","02","5","2017","1","40.633517","-79.955938","1653","11","0","0","1","0","0","0","0","0","2","0","0","0","","","1","","0","","40 38:00.660","4","0","79 57:21.378","8","0","0","0","2217","0","0","0","N","0","0","0","2","02505","0","","1.0","","9","N","N","","0","","0","0","1","","0","N","","2","1","0","0","0","1","0","2","0","2","","","","N","","","","","","","","","",""
"2017064764","1655","0","0","0","0","0","0","0","0","0","7","0","","02","5","2017","4","40.617104","-79.751454","1640","11","0","0","0","0","0","1","0","0","","0","0","0","","","0","","0","","40 37:01.576","","0","79 45:05.235","0","0","0","0","2202","0","0","0","","0","0","0","1","68D02","0","","4.0","","9","N","N","","0","","0","0","1","","0","","","1","0","0","0","0","0","0","2","0","1","","","","N","","","","","","","","","",""
"2017069078","1824","1","0","0","0","0","0","0","0","0","4","0","","02","6","2017","6","40.560465","-80.039541","1819","11","0","0","0","0","0","2","0","0","","0","0","0","","","1","","2","","40 33:37.674","","0","80 02:22.348","8","0","0","0","2108","0","0","0","","0","0","0","4","02108","0","","1.0","","1","N","N","","0","","0","0","1","","0","","","2","1","0","0","0","1","0","2","0","2","","","","N","","","","","","","","","",""
"2017066680","0135","1","0","0","0","0","0","0","0","0","4","0","","02","6","2017","4","40.371959","-80.078053","0134","11","0","1","0","0","0","0","0","0","2","0","0","0","","","1","","2","","40 22:19.054","2","0","80 04:40.989","4","0","0","0","2109","0","0","0","","0","0","0","4","02109","1","","1.0","","1","N","N","","0","","0","0","1","","2","N","","2","1","0","0","0","0","0","2","0","2","","","","N","","","","","","","","","",""
"2017051806","1728","2","0","0","0","0","0","0","0","0","4","0","","02","5","2017","1","40.443461","-80.004639","1728","11","0","0","0","0","0","1","0","0","1","0","0","0","","","2","","1","","40 26:36.458","3","0","80 00:16.702","8","0","0","0","2301","0","0","0","N","0","0","0","4","02301","0","","1.0","","9","N","N","","0","","0","0","0","","2","Y","","2","2","0","0","0","2","0","2","0","2","","","","N","","","","","","","","","",""
"2017053379","1534","2","0","0","0","0","0","0","0","0","4","0","","02","5","2017","2","40.34505","-80.082181","1529","11","0","1","0","0","0","1","0","0","","0","0","0","","","0","","1","","40 20:42.181","","0","80 04:55.851","0","0","0","0","2123","0","0","0","N","0","0","0","3","02123","0","","1.0","","1","N","N","","0","","0","0","0","","2","","","2","0","0","0","0","0","0","2","0","2","","","","N","","","","","","","","","",""
"2017068323","1900","1","0","0","0","0","0","0","0","0","7","0","","02","6","2017","3","40.370378","-80.117659","1822","11","0","0","0","0","0","0","0","0","","0","0","0","","","0","","0","","40 22:13.359","","0","80 07:03.571","0","0","0","0","2102","0","0","0","","0","0","0","1","68B03","0","","2.0","","1","N","N","","0","","0","0","0","","0","","","1","0","0","0","0","0","0","2","0","1","","","","N","","","","","","","","","",""
"2017051987","1049","1","0","0","0","0","0","0","0","0","1","0","","02","5","2017","2","40.416904","-80.014415","1039","11","0","0","0","0","0","0","0","0","2","0","0","0","","","1","","2","","40 25:00.854","1","0","80 00:51.895","8","0","0","0","2301","0","0","0","N","0","0","0","3","02301","0","","1.0","","1","N","N","","1","","0","0","0","","2","N","","2","1","0","0","0","1","0","2","0","2","","","","N","","","","","","","","","",""
"2017067171","2025","1","0","0","0","0","0","0","0","0","7","0","","02","6","2017","6","40.497886","-79.837073","2018","11","0","0","0","0","1","0","0","0","","0","0","0","","","1","","0","","40 29:52.389","","0","79 50:13.462","4","0","0","0","2113","0","0","0","N","0","0","0","2","02113","1","","4.0","","9","N","N","","0","","0","0","0","","0","","","1","1","0","0","0","0","0","2","0","1","","","","N","","","","","","","","","",""
"2017062705","1250","2","0","0","0","0","0","0","0","0","4","0","","02","5","2017","2","40.491565","-80.061254","1245","11","0","0","0","0","1","0","0","0","","0","0","0","","","0","","2","","40 29:29.633","","0","80 03:40.514","0","0","0","0","2404","0","0","0","N","0","0","0","2","02404","0","","1.0","","1","N","N","","0","","0","0","0","","2","","","2","0","0","0","0","0","0","2","0","2","","","","N","","","","","","","","","",""
"2017072667","1145","1","0","0","0","0","0","0","0","0","1","0","","02","7","2017","1","40.438164","-79.760054","1134","11","0","0","0","0","0","0","0","0","","0","0","0","","","1","","0","","40 26:17.390","","0","79 45:36.196","8","0","0","0","2446","0","0","0","N","0","0","0","2","02446","0","","1.0","","1","N","N","","1","","0","0","0","","2","","","2","1","0","0","0","1","0","2","0","2","","","","N","","","","","","","","","",""
"2017069391","1701","2","0","0","0","0","0","0","0","0","1","0","","02","6","2017","6","40.608211","-80.052429","1657","11","0","0","0","0","1","0","0","0","","0","0","0","","","1","","0","","40 36:29.561","","0","80 03:08.745","4","0","0","0","2108","0","0","0","","0","0","0","3","02108","1","","1.0","","1","N","N","","0","","0","0","0","","0","","","2","1","0","0","0","0","0","2","0","2","","","","N","","","","","","","","","",""
"2017051300","0355","1","0","0","0","0","0","0","0","0","7","0","","02","5","2017","7","40.434506","-79.913971","0349","11","0","0","0","0","0","0","0","0","","0","0","0","","","0","","0","","40 26:04.221","","0","79 54:50.295","0","0","0","0","2301","0","0","0","N","0","0","0","1","02301","0","","4.0","","1","N","N","","0","","0","0","0","","0","","","1","0","0","0","0","0","0","2","0","1","","","","N","","","","","","","","","",""
"2017065746","0851","2","0","0","0","0","0","0","0","0","4","0","","02","6","2017","3","40.442903","-79.923656","0851","11","0","0","0","0","0","0","0","0","","0","0","0","","","0","","1","","40 26:34.450","","0","79 55:25.160","0","0","0","0","2301","0","0","0","N","0","0","0","3","02301","0","","1.0","","1","N","N","","0","","0","0","0","","3","","","2","0","1","0","0","0","0","2","0","2","","","","N","","","","","","","","","",""
"2017054731","1515","0","0","0","0","0","0","0","0","0","7","0","","02","5","2017","2","40.435951","-79.7492","1452","11","0","0","0","0","0","1","0","0","1","0","0","0","","","0","","0","","40 26:09.422","3","2","79 44:57.120","0","0","0","0","2446","0","0","0","","0","0","0","1","68T09","0","","4.0","","1","N","N","","0","","0","0","1","","0","N","","1","0","0","0","0","0","0","2","0","1","","","","N","","","","","","","","","",""
"2017068269","0457","0","0","0","0","0","0","0","0","0","0","1","","02","7","2017","7","40.444461","-79.844336","0453","11","0","0","0","0","0","1","0","0","4","0","1","0","","","1","","2","","40 26:40.058","3","0","79 50:39.609","4","0","0","0","2419","0","0","0","N","0","0","0","1","02419","1","","4.0","","1","N","N","","0","","0","0","0","","3","N","","1","1","0","0","0","0","0","2","0","1","","","","N","","","","","","","","","",""
"2017063200","1312","2","0","0","0","0","0","0","0","0","1","0","","02","6","2017","3","40.453288","-80.054431","1306","11","0","0","0","1","0","0","0","0","1","0","0","0","","","0","","0","","40 27:11.836","1","0","80 03:15.951","0","0","0","0","2301","0","0","0","N","0","0","0","4","02301","0","","2.0","","1","N","N","","0","","0","0","0","","0","Y","","2","0","0","0","0","0","0","2","0","2","","","","N","","","","","","","","","",""
"2017068442","0645","1","0","0","0","0","0","0","0","0","7","0","","02","6","2017","5","40.625721","-80.096619","0627","11","0","0","0","0","0","0","0","0","","0","0","0","","","0","","0","","40 37:32.594","","0","80 05:47.827","0","0","0","0","2212","0","0","0","","0","0","0","1","68B03","0","","2.0","","1","N","N","","0","","0","0","0","","0","","","1","0","0","0","0","0","0","2","0","1","","","","N","","","","","","","","","",""