"CRN","ARRIVAL_TM","AUTOMOBILE_COUNT","BELTED_DEATH_COUNT","BELTED_SUSP_SERIOUS_INJ_COUNT","BICYCLE_COUNT","BICYCLE_DEATH_COUNT","BICYCLE_SUSP_SERIOUS_INJ_COUNT","BUS_COUNT","CHLDPAS_DEATH_COUNT","CHLDPAS_SUSP_SERIOUS_INJ_COUNT","COLLISION_TYPE","COMM_VEH_COUNT","CONS_ZONE_SPD_LIM","COUNTY","CRASH_MONTH","CRASH_YEAR","DAY_OF_WEEK","DEC_LATITUDE","DEC_LONGITUDE","DISPATCH_TM","DISTRICT","DRIVER_COUNT_16YR","DRIVER_COUNT_17YR","DRIVER_COUNT_18YR","DRIVER_COUNT_19YR","DRIVER_COUNT_20YR","DRIVER_COUNT_50_64YR","DRIVER_COUNT_65_74YR","DRIVER_COUNT_75PLUS","EST_HRS_CLOSED","FATAL_COUNT","HEAVY_TRUCK_COUNT","HORSE_BUGGY_COUNT","HOUR_OF_DAY","ILLUMINATION","INJURY_COUNT","INTERSECTION_RELATED","INTERSECT_TYPE","LANE_CLOSED","LATITUDE","LN_CLOSE_DIR","LOCATION_TYPE","LONGITUDE","MAX_SEVERITY_LEVEL","MCYCLE_DEATH_COUNT","MCYCLE_SUSP_SERIOUS_INJ_COUNT","MOTORCYCLE_COUNT","MUNICIPALITY","NONMOTR_COUNT","NONMOTR_DEATH_COUNT","NONMOTR_SUSP_SERIOUS_INJ_COUNT","NTFY_HIWY_MAINT","PED_COUNT","PED_DEATH_COUNT","PED_SUSP_SERIOUS_INJ_COUNT","PERSON_COUNT","POLICE_AGCY","POSSIBLE_INJ_COUNT","RDWY_SURF_TYPE_CD","RELATION_TO_ROAD","ROADWAY_CLEARED","ROAD_CONDITION","SCH_BUS_IND","SCH_ZONE_IND","SECONDARY_CRASH","SMALL_TRUCK_COUNT","SPEC_JURIS_CD","SUSP_MINOR_INJ_COUNT","SUSP_SERIOUS_INJ_COUNT","SUV_COUNT","TCD_FUNC_CD","TCD_TYPE","TFC_DETOUR_IND","TIME_OF_DAY","TOTAL_UNITS","TOT_INJ_COUNT","UNBELTED_OCC_COUNT","UNB_DEATH_COUNT","UNB_SUSP_SERIOUS_INJ_COUNT","UNK_INJ_DEG_COUNT","UNK_INJ_PER_COUNT","URBAN_RURAL","VAN_COUNT","VEHICLE_COUNT","WEATHER1","WEATHER2","WORKERS_PRES","WORK_ZONE_IND","WORK_ZONE_LOC","WORK_ZONE_TYPE","WZ_CLOSE_DETOUR","WZ_FLAGGER","WZ_LAW_OFFCR_IND","WZ_LN_CLOSURE","WZ_MOVING","WZ_OTHER","WZ_SHLDER_MDN","WZ_WORKERS_INJ_KILLED"
"2017046116","1152","2","0","0","0","0","0","0","0","0","4","0","","02","5","2017","2","40.550828","-80.088012","1148","11","0","0","0","0","0","0","1","0","","0","0","0","","","0","","2","","40 33:02.982","","0","80 05:16.843","0","0","0","0","2215","0","0","0","N","0","0","0","2","02215","0","","1.0","","1","N","N","","0","","0","0","0","","3","","","2","0","0","0","0","0","0","2","0","2","","","","N","","","","","","","","","",""
"2017042619","0825","2","0","0","0","0","0","0","0","0","1","0","","02","4","2017","3","40.507341","-79.851682","0820","11","0","0","0","0","1","0","0","0","","0","0","0","","","0","","10","","40 30:26.428","","0","79 51:06.055","0","0","0","0","2112","0","0","0","N","0","0","0","2","02112","0","","1.0","","9","N","N","","0","","0","0","0","","2","","","2","0","0","0","0","0","0","2","0","2","","","","N","","","","","","","","","",""
"2017045253","1916","1","0","0","0","0","0","0","0","0","4","0","","02","5","2017","2","40.373766","-80.006357","1912","11","0","0","0","0","0","0","0","0","","0","0","0","","","3","","1","","40 22:25.557","","0","80 00:22.886","4","0","0","0","2416","0","0","0","","0","0","0","3","02416","3","","1.0","","9","N","N","","0","","0","0","1","","2","","","2","3","0","0","0","0","0","2","0","2","","","","N","","","","","","","","","",""
"2017044202","2110","1","0","0","0","0","0","0","0","0","1","0","","02","4","2017","7","40.415032","-80.011266","2106","11","0","0","0","1","0","0","0","0","2","0","0","0","","","0","","2","","40 24:54.114","4","0","80 00:40.556","0","0","0","0","2301","0","0","0","N","0","0","0","4","02301","0","","1.0","","1","N","N","","1","","0","0","0","","0","N","","2","0","0","0","0","0","0","2","0","2","","","","N","","","","","","","","","",""
"2017056254","1745","3","0","0","0","0","0","0","0","0","1","0","","02","5","2017","4","40.600357","-79.888678","1735","11","0","0","0","0","0","0","0","0","","0","0","0","","","0","","2","","40 36:01.285","","99","79 53:19.242","0","0","0","0","2220","0","0","0","N","0","0","0","3","02220","0","","1.0","","1","N","N","","0","","0","0","0","","3","","","3","0","1","0","0","0","0","2","0","3","","","","N","","","","","","","","","",""
"2017044111","1200","2","0","0","0","0","0","0","0","0","4","0","","02","4","2017","7","40.422107","-79.927748","1145","11","0","0","0","0","0","2","0","0","1","0","0","0","","","1","","2","","40 25:19.585","6","0","79 55:39.893","4","0","0","0","2301","0","0","0","N","0","0","0","4","02301","1","","1.0","","1","N","N","","0","","0","0","0","","0","N","","2","1","0","0","0","0","0","2","0","2","","","","N","","","","","","","","","",""
"2017055426","1625","1","0","0","0","0","0","0","0","0","1","0","","02","5","2017","4","40.632657","-80.002206","1621","11","0","0","0","1","0","1","0","0","1","0","0","0","","","0","","2","","40 37:57.564","3","0","80 00:07.943","0","0","0","0","2216","0","0","0","N","0","0","0","2","02505","0","","1.0","","1","N","N","","0","","0","0","1","","3","N","","2","0","0","0","0","0","0","2","0","2","","","","N","","","","","","","","","",""
"2017047037","1754","3","0","0","0","0","0","0","0","0","4","0","","02","5","2017","2","40.482222","-79.780444","1749","11","0","0","0","0","0","0","0","0","2","0","0","0","","","1","","3","","40 28:56.000","5","0","79 46:49.600","3","0","0","0","2113","0","0","0","Y","0","0","0","1","02113","0","","5.0","","1","N","N","","0","","1","0","1","","0","Y","","4","1","0","0","0","0","0","2","0","4","","","","N","","","","","","","","","",""
"2017048425","2147","2","0","0","0","0","0","0","0","0","1","0","","02","5","2017","3","40.552819","-80.106903","2147","11","0","0","0","0","0","0","1","0","","0","0","0","","","0","","2","","40 33:10.150","","0","80 06:24.852","0","0","0","0","2215","0","0","0","N","0","0","0","3","02215","0","","1.0","","9","N","N","","0","","0","0","0","","0","","","2","0","0","0","0","0","0","2","0","2","","","","N","","","","","","","","","",""
"2017052613","2155","1","0","0","0","0","0","0","0","0","4","0","","02","5","2017","1","40.438869","-79.760496","2152","11","0","0","0","1","0","0","0","0","","0","0","0","","","1","","5","","40 26:19.929","","0","79 45:37.786","3","0","0","0","2446","0","0","0","N","0","0","0","3","02446","0","","1.0","","1","N","N","","0","","1","0","1","","2","","","2","1","0","0","0","0","0","2","0","2","","","","N","","","","","","","","","",""
"2017047706","1851","2","0","0","0","0","0","0","0","0","4","0","","02","5","2017","3","40.454549","-79.937702","1827","11","0","0","0","0","0","0","0","0","1","0","0","0","","","1","","0","","40 27:16.376","2","0","79 56:15.727","4","0","0","0","2301","0","0","0","N","0","0","0","2","02301","1","","1.0","","1","N","N","","0","","0","0","0","","0","N","","2","1","0","0","0","0","0","2","0","2","","","","N","","","","","","","","","",""
"2017053459","1505","1","0","0","0","0","0","0","0","0","4","0","","02","5","2017","5","40.331276","-80.052771","1459","11","0","0","0","0","0","0","0","0","","0","0","0","","","0","","2","","40 19:52.594","","0","80 03:09.976","0","0","0","0","2407","0","0","0","","0","0","0","3","02407","0","","1.0","","1","N","N","","1","","0","0","0","","0","","","2","0","0","0","0","0","0","2","0","2","","","","N","","","","","","","","","",""
"2017044989","1602","1","0","0","0","0","0","0","0","0","1","0","","02","5","2017","3","40.452917","-79.920736","1601","11","0","0","0","0","0","0","0","0","","0","0","0","","","0","","1","","40 27:10.501","","0","79 55:14.649","0","0","0","0","2301","0","0","0","N","0","0","0","2","02301","0","","1.0","","1","N","N","","1","","0","0","0","","2","","","2","0","0","0","0","0","0","2","0","2","","","","N","","","","","","","","","",""
"2017038962","1341","2","0","0","0","0","0","0","0","0","4","0","","02","4","2017","6","40.426264","-79.963573","1335","11","0","0","0","0","0","0","0","0","","0","0","0","","","0","","1","","40 25:34.552","","0","79 57:48.863","0","0","0","0","2301","0","0","0","N","0","0","0","3","02301","0","","1.0","","1","N","N","","1","","0","0","0","","2","","","3","0","1","0","0","0","0","2","0","3","","","","N","","","","","","","","","",""
"2017054660","1230","1","0","0","1","0","1","0","0","0","8","0","","02","5","2017","1","","","1226","11","0","0","0","0","0","0","0","0","","0","0","0","","","1","","0","","","","0","","2","0","0","0","2108","1","0","1","N","0","0","0","3","02501","0","","4.0","","1","N","N","","0","","0","1","0","","0","","","2","1","0","0","0","0","0","1","0","1","","","","N","","","","","","","","","",""
"2017038467","2301","2","0","0","0","0","0","0","0","0","1","0","","02","4","2017","4","40.447418","-79.990628","2249","11","0","0","0","0","0","0","0","0","1","0","0","0","","","1","","6","","40 26:50.704","1","2","79 59:26.259","4","0","0","0","2301","0","0","0","N","0","0","0","2","02301","1","","1.0","","1","N","N","","0","","0","0","0","","0","N","","2","1","0","0","0","0","0","2","0","2","","","","N","","","","","","","","","",""
"2017039439","1707","0","0","0","0","0","0","0","0","0","1","0","","02","4","2017","4","40.465209","-79.920027","1704","11","0","0","0","0","0","0","1","0","","0","0","0","","","1","","0","","40 27:54.751","","0","79 55:12.098","8","0","0","0","2301","0","0","0","N","0","0","0","2","02301","0","","1.0","","1","N","N","","0","","0","0","2","","2","","","2","1","0","0","0","1","0","2","0","2","","","","N","","","","","","","","","",""
"2017051291","0053","1","0","0","0","0","0","0","0","0","4","0","","02","5","2017","7","40.419626","-79.927168","0048","11","0","0","0","0","0","0","0","0","","0","0","0","","","0","","5","","40 25:10.655","","0","79 55:37.803","0","0","0","1","2301","0","0","0","N","0","0","0","2","02301","0","","1.0","","1","N","N","","0","","0","0","0","","2","","","2","0","0","0","0","0","0","2","0","2","","","","N","","","","","","","","","",""
"2017058168","1738","0","0","0","0","0","0","0","0","0","7","0","","02","6","2017","4","40.404918","-80.235082","1732","11","0","0","0","0","0","0","0","0","","0","0","0","","","1","","0","","40 24:17.703","","0","80 14:06.295","3","0","0","0","2214","0","0","0","N","0","0","0","1","02214","0","","2.0","","1","N","N","","1","","1","0","0","","0","","","1","1","0","0","0","0","0","1","0","1","","","","N","","","","","","","","","",""
"2017051841","0254","2","0","0","0","0","0","0","0","0","4","0","","02","5","2017","1","40.346397","-79.973407","0254","11","0","0","0","0","0","0","0","0","2","0","0","0","","","0","","1","","40 20:47.028","1","0","79 58:24.265","0","0","0","0","2403","0","0","0","N","0","0","0","2","02403","0","","1.0","","1","N","N","","0","","0","0","0","","2","N","","2","0","0","0","0","0","0","2","0","2","","","","N","","","","","","","","","",""
"2017051064","1758","0","0","0","0","0","0","0","0","0","1","0","","02","5","2017","2","40.425601","-79.909321","1725","11","0","0","0","0","0","0","0","0","","0","0","0","","","0","","0","","40 25:32.163","","4","79 54:33.556","0","0","0","0","2301","0","0","0","","0","0","0","6","68B03","0","","1.0","","1","N","N","","0","","0","0","1","","0","","","2","0","2","0","0","0","0","2","1","2","","","","N","","","","","","","","","",""
"2017054674","1043","2","0","0","0","0","0","0","0","0","4","0","","02","5","2017","2","40.472222","-79.748306","1036","11","0","0","0","0","1","0","1","0","1","0","0","0","","","0","","0","","40 28:20.000","1","0","79 44:53.900","0","0","0","0","2466","0","0","0","N","0","0","0","2","02466","0","","1.0","","1","N","N","","0","","0","0","0","","3","Y","","2","0","0","0","0","0","0","2","0","2","","","","N","","","","","","","","","",""
"2017066832","1126","1","0","0","0","0","0","0","0","0","6","0","","02","5","2017","1","40.519296","-80.166082","1123","11","0","0","0","0","0","0","0","0","1","0","0","0","","","0","","1","","40 31:09.466","3","0","80 09:57.896","0","0","0","0","2420","0","0","0","","0","0","0","3","02420","0","","1.0","","1","N","N","","0","","0","0","0","","2","N","","2","0","0","0","0","0","0","2","1","2","","","","N","","","","","","","","","",""
"2017056384","0637","0","0","0","0","0","0","0","0","0","7","0","","02","6","2017","6","40.429442","-80.21958","0637","11","0","0","0","1","0","0","0","0","","0","0","0","","","0","","0","","40 25:45.990","","0","80 13:10.488","0","0","0","0","2214","0","0","0","Y","0","0","0","1","02214","0","","4.0","","1","N","N","","1","","0","0","0","","0","","","1","0","0","0","0","0","0","2","0","1","","","","N","","","","","","","","","",""
"2017045525","1759","1","0","0","0","0","0","0","0","0","7","0","","02","5","2017","3","40.273144","-79.807278","1754","11","0","0","0","0","0","0","0","0","6","0","0","0","","","0","","0","","40 16:23.320","6","0","79 48:26.200","0","0","0","0","2105","0","0","0","N","0","0","0","1","02105","0","","5.0","","1","N","N","","0","","0","0","0","","0","Y","","1","0","0","0","0","0","0","2","0","1","","","","N","","","","","","","","","",""
"2017048021","1611","1","0","0","0","0","0","0","0","0","7","0","","02","5","2017","2","40.349871","-80.117126","1551","11","0","0","0","0","0","0","0","0","","0","0","0","","","0","","0","","40 20:59.536","","0","80 07:01.655","0","0","0","0","2119","0","0","0","","0","0","0","1","68B03","0","","3.0","","9","N","N","","0","","0","0","0","","0","","","1","0","0","0","0","0","0","2","0","1","","","","N","","","","","","","","","",""
"2017072966","1205","0","0","0","0","0","0","0","0","0","0","1","","02","7","2017","2","40.476663","-79.928456","1153","11","0","0","0","0","0","0","0","0","","0","1","0","","","0","","0","","40 28:35.986","","0","79 55:42.441","0","0","0","0","2301","0","0","0","N","0","0","0","1","02301","0","","1.0","","1","N","N","","0","","0","0","0","","0","","","1","0","0","0","0","0","0","2","0","1","","","","N","","","","","","","","","",""
"2017049143","1017","1","0","0","0","0","0","0","0","0","7","0","","02","5","2017","2","40.388673","-80.098826","1010","11","0","0","0","0","0","0","0","1","","0","0","0","","","0","","0","","40 23:19.224","","0","80 05:55.774","0","0","0","0","2102","0","0","0","","0","0","0","1","68B03","0","","4.0","","1","N","N","","0","","0","0","0","","0","","","1","0","0","0","0","0","0","2","0","1","","","","N","","","","","","","","","",""
"2017054696","1856","0","0","0","0","0","0","0","0","0","0","0","","02","5","2017","1","40.289451","-79.978808","1851","11","0","0","0","0","0","1","0","0","1","0","0","0","","","1","","0","","40 17:22.024","4","0","79 58:43.710","3","0","0","1","2219","0","0","0","N","0","0","0","1","02219","0","","1.0","","1","N","N","","0","","1","0","0","","0","N","","1","1","0","0","0","0","0","2","0","1","","","","N","","","","","","","","","",""
"2017043748","1308","1","0","0","0","0","0","0","0","0","4","0","","02","4","2017","6","40.384352","-79.980448","1307","11","0","0","0","0","0","0","0","0","1","0","0","0","","","0","","2","","40 23:03.667","3","0","79 58:49.612","0","0","0","0","2301","0","0","0","N","0","0","0","2","02301","0","","1.0","","1","N","N","","1","","0","0","0","","3","N","","2","0","0","0","0","0","0","2","0","2","","","","N","","","","","","","","","",""
"2017065688","1144","2","0","0","0","0","0","0","0","0","4","0","","02","6","2017","3","40.537522","-80.011307","1142","11","0","0","0","0","0","0","1","0","1","0","0","0","","","0","","2","","40 32:15.080","2","0","80 00:40.705","0","0","0","0","2116","0","0","0","N","0","0","0","3","02116","0","","1.0","","1","N","N","","0","","0","0","0","","2","N","","2","0","0","0","0","0","0","2","0","2","","","","N","","","","","","","","","",""
"2017056397","0804","0","0","0","0","0","0","0","0","0","4","0","","02","6","2017","6","40.398951","-79.990323","0755","11","0","0","0","0","0","0","1","0","","0","0","0","","","0","","1","","40 23:56.223","","0","79 59:25.162","0","0","0","0","2301","0","0","0","N","0","0","0","2","02301","0","","1.0","","1","N","N","","0","","0","0","2","","3","","","2","0","1","0","0","0","0","2","0","2","","","","N","","","","","","","","","",""
"2017054700","1921","2","0","0","0","0","0","0","0","0","1","0","","02","5","2017","1","40.348167","-79.94475","1919","11","0","0","0","0","0","1","1","0","1","0","0","0","","","0","","0","","40 20:53.400","1","0","79 56:41.100","0","0","0","0","2473","0","0","0","N","0","0","0","3","02473","0","","1.0","","1","N","N","","0","","0","0","0","","2","N","","2","0","0","0","0","0","0","2","0","2","","","","N","","","","","","","","","",""
"2017056401","0940","1","0","0","0","0","0","0","0","0","7","0","","02","5","2017","3","40.510456","-80.097062","0940","11","0","0","0","0","0","0","1","0","2","0","0","0","","","0","","2","","40 30:37.643","2","0","80 05:49.424","0","0","0","0","2429","0","0","0","N","0","0","0","1","02215","0","","2.0","","1","N","N","","0","","0","0","0","","0","N","","1","0","0","0","0","0","0","2","0","1","","","","N","","","","","","","","","",""
"2017054701","1625","1","0","0","0","0","0","0","0","0","2","0","","02","5","2017","2","40.400886","-80.000476","1618","11","0","0","0","0","0","0","0","0","1","0","0","0","","","0","","0","","40 24:03.188","2","0","80 00:01.713","0","0","0","0","2301","0","0","0","N","0","0","0","1","02301","0","","1.0","","1","N","N","","0","","0","0","1","","0","N","","2","0","1","0","0","0","0","2","0","2","","","","N","","","","","","","","","",""
"2017056404","1004","1","0","0","0","0","0","0","0","0","4","0","","02","5","2017","4","40.427039","-79.863051","1000","11","0","0","0","0","0","0","0","0","2","0","0","0","","","0","","2","","40 25:37.339","4","0","79 51:46.983","0","0","0","0","2431","0","0","0","N","0","0","0","2","02431","0","","1.0","","1","N","N","","0","","0","0","1","","2","N","","2","0","0","0","0","0","0","2","0","2","","","","N","","","","","","","","","",""
"2017054704","1614","0","0","0","0","0","0","0","0","0","7","0","","02","5","2017","2","40.452889","-79.992417","1606","11","0","0","0","0","0","1","0","0","1","0","0","0","","","2","","0","","40 27:10.400","6","1","79 59:32.700","8","0","0","0","2301","0","0","0","N","0","0","0","3","02301","0","","1.0","","1","N","N","","1","","0","0","0","","0","N","","1","2","0","0","0","2","0","2","0","1","","","","N","","","","","","","","","",""
"2017056875","1439","3","0","0","0","0","0","0","0","0","1","0","","02","3","2017","6","40.429089","-79.940807","1401","11","0","0","0","0","0","0","0","0","","0","0","0","","","1","","0","","40 25:44.721","","0","79 56:26.904","3","0","0","0","2301","0","0","0","","0","0","0","3","68B03","0","","1.0","","9","N","N","","0","","1","0","0","","0","","","3","1","0","0","0","0","0","2","0","3","","","","N","","","","","","","","","",""
"2017056407","0655","0","0","0","0","0","0","0","0","0","0","0","","02","6","2017","6","40.571738","-79.947511","0650","11","0","0","0","0","0","1","0","0","1","0","0","0","","","1","","0","","40 34:18.258","1","0","79 56:51.038","4","0","0","1","2207","0","0","0","N","0","0","0","1","02207","1","","1.0","","1","N","N","","0","","0","0","0","","0","N","","1","1","0","0","0","0","0","2","0","1","","","","N","","","","","","","","","",""
"2017054798","2017","2","0","0","0","0","0","0","0","0","1","0","","02","5","2017","7","40.354058","-79.84218","2013","11","0","0","0","0","0","2","0","0","1","0","0","0","","","1","","6","","40 21:14.608","1","0","79 50:31.848","3","0","0","0","2304","0","0","0","N","0","0","0","2","02304","0","","7.0","","1","N","N","","0","","1","0","0","","0","N","","2","1","0","0","0","0","0","2","0","2","","","","N","","","","","","","","","",""
"2017054239","0955","1","0","0","0","0","0","0","0","0","4","0","","02","5","2017","7","40.387321","-79.983861","0945","11","0","0","0","0","0","0","0","1","1","0","0","0","","","0","","1","","40 23:14.355","2","0","79 59:01.899","0","0","0","0","2301","0","0","0","N","0","0","0","2","02301","0","","1.0","","1","N","N","","1","","0","0","0","","2","N","","2","0","0","0","0","0","0","2","0","2","","","","N","","","","","","","","","",""
"2017056414","0940","2","0","0","1","0","1","0","0","0","8","0","","02","6","2017","6","40.438334","-79.842884","0938","11","0","0","0","0","0","1","0","0","1","0","0","0","","","1","","2","","40 26:18.004","2","0","79 50:34.384","2","0","0","0","2419","1","0","1","N","0","0","0","4","02419","0","","1.0","","1","N","N","","0","","0","1","0","","3","Y","","3","1","0","0","0","0","0","2","0","2","","","","N","","","","","","","","","",""
"2017054805","1900","2","0","0","0","0","0","0","0","0","2","0","","02","5","2017","2","40.471925","-79.861127","1855","11","0","0","0","0","0","0","0","0","1","0","0","0","","","1","","0","","40 28:18.931","1","0","79 51:40.057","8","0","0","0","2113","0","0","0","N","0","0","0","5","02113","0","","1.0","","1","N","N","","0","","0","0","0","","0","Y","","2","1","0","0","0","1","0","2","0","2","","","","N","","","","","","","","","",""
"2017056424","1625","2","0","0","0","0","0","0","0","0","4","0","","02","5","2017","3","40.604357","-80.050637","1625","11","0","0","0","0","0","2","0","0","2","0","0","0","","","0","","0","","40 36:15.686","2","0","80 03:02.292","0","0","0","0","2108","0","0","0","","0","0","0","2","02108","0","","1.0","","1","N","N","","0","","0","0","0","","0","N","","2","0","0","0","0","0","0","2","0","2","","","","N","","","","","","","","","",""
"2017054818","2058","0","0","0","0","0","0","0","0","0","7","0","","02","5","2017","2","40.435639","-79.998972","2039","11","0","0","0","0","0","0","0","1","1","0","0","0","","","0","","0","","40 26:08.300","1","2","79 59:56.300","0","0","0","0","2301","0","0","0","N","0","0","0","3","02301","0","","1.0","","9","N","N","","0","","0","0","1","","2","N","","1","0","0","0","0","0","0","2","0","1","","","","N","","","","","","","","","",""
"2017044730","1802","1","0","0","0","0","0","0","0","0","1","0","","02","5","2017","2","40.356835","-79.90101","1759","11","0","0","0","0","0","0","0","0","1","0","0","0","","","0","","0","","40 21:24.606","1","7","79 54:03.637","0","0","0","0","2473","0","0","0","N","0","0","0","3","02473","0","","1.0","","9","N","N","","1","","0","0","0","","0","N","","2","0","0","0","0","0","0","2","0","2","","","","N","","","","","","","","","",""
"2017044968","1213","2","0","0","0","0","0","0","0","0","4","0","","02","5","2017","3","40.413464","-80.042733","1205","11","0","0","0","0","0","1","0","0","1","0","0","0","","","1","","1","","40 24:48.470","1","0","80 02:33.838","4","0","0","0","2301","0","0","0","N","0","0","0","3","02301","1","","1.0","","1","N","N","","0","","0","0","0","","3","N","","2","1","1","0","0","0","0","2","0","2","","","","N","","","","","","","","","",""
"2017058037","1203","1","0","0","0","0","0","0","0","0","4","1","","02","5","2017","3","40.428746","-79.934013","1139","11","0","0","0","0","0","1","1","0","","0","1","0","","","0","","0","","40 25:43.487","","0","79 56:02.446","0","0","0","0","2301","0","0","0","","0","0","0","4","68B03","0","","1.0","","1","N","N","","0","","0","0","0","","0","","","2","0","0","0","0","0","0","2","0","2","","","","N","","","","","","","","","",""
"2017053148","0637","1","0","0","0","0","0","0","0","0","5","0","","02","5","2017","4","40.432617","-79.893903","0631","11","0","0","0","0","0","0","0","0","","0","0","0","","","0","","0","","40 25:57.422","","0","79 53:38.051","0","0","0","0","2426","0","0","0","N","0","0","0","2","02426","0","","2.0","","1","N","N","","1","","0","0","0","","0","","","2","0","0","0","0","0","0","2","0","2","","","","N","","","","","","","","","",""
"2017069241","1950","1","0","0","0","0","0","0","0","0","1","1","45","02","7","2017","5","40.449184","-80.023432","1959","11","0","0","0","0","0","0","0","0","","0","1","0","","","0","","3","","40 26:57.061","","0","80 01:24.355","0","0","0","0","2301","0","0","0","N","0","0","0","6","02301","0","","1.0","","9","N","N","","0","","0","0","0","","0","","","2","0","0","0","0","0","0","2","0","2","","","U","Y","3","1","","","N","Y","","","",""
"2017056460","1543","2","0","0","0","0","0","0","0","0","1","0","","02","5","2017","3","40.478103","-79.75837","1543","11","0","0","0","0","0","0","0","1","1","0","0","0","","","0","","0","","40 28:41.170","3","0","79 45:30.131","0","0","0","0","2466","0","0","0","N","0","0","0","3","02466","0","","1.0","","1","N","N","","0","","0","0","1","","0","N","","3","0","0","0","0","0","0","2","0","3","","","","N","","","","","","","","","",""
"2017058723","1407","0","0","0","0","0","0","0","0","0","0","0","","02","6","2017","5","40.458141","-80.007557","1401","11","0","0","0","0","0","0","0","0","1","0","0","0","","","1","","0","","40 27:29.308","1","0","80 00:27.205","8","0","0","1","2301","0","0","0","N","0","0","0","1","02301","0","","1.0","","1","N","N","","0","","0","0","0","","0","Y","","1","1","0","0","0","1","0","2","0","1","","","","N","","","","","","","","","",""
"2017076506","2224","3","0","0","0","0","0","0","0","0","2","0","","02","7","2017","5","40.576692","-80.222432","2221","11","0","1","0","0","0","0","1","0","1","0","0","0","","","0","","2","","40 34:36.090","1","0","80 13:20.756","0","0","0","0","2441","0","0","0","N","0","0","0","3","02441","0","","1.0","","1","N","N","","0","","0","0","0","","1","Y","","3","0","0","0","0","0","0","2","0","3","","","","N","","","","","","","","","",""
"2017054851","0445","0","0","0","0","0","0","0","0","0","7","0","","02","5","2017","2","40.406944","-79.979861","0435","11","0","0","0","0","0","1","0","0","2","0","0","0","","","1","","0","","40 24:25.000","6","0","79 58:47.500","3","0","0","0","2301","0","0","0","N","0","0","0","1","02301","0","","5.0","","9","N","N","","0","","1","0","1","","0","Y","","3","1","0","0","0","0","0","2","0","1","","","","N","","","","","","","","","",""
"2017048177","0730","3","0","0","0","0","0","0","0","0","6","0","","02","5","2017","3","40.411319","-79.869057","0728","11","0","0","0","0","0","0","0","0","1","0","0","0","","","0","","0","","40 24:40.748","3","0","79 52:08.605","0","0","0","0","2449","0","0","0","N","0","0","0","1","02449","0","","2.0","","1","N","N","","0","","0","0","0","","0","N","","3","0","1","0","0","0","0","2","0","3","","","","N","","","","","","","","","",""
"2017047202","1030","0","0","0","0","0","0","0","0","0","7","0","","02","5","2017","4","40.238611","-79.916389","1025","11","0","0","0","0","0","1","0","0","2","0","0","0","","","1","","0","","40 14:19.000","5","0","79 54:59.000","2","0","1","1","2204","0","0","0","N","0","0","0","1","02204","0","","2.0","","1","N","N","","0","","0","1","0","","0","Y","","1","1","0","0","0","0","0","1","0","1","","","","N","","","","","","","","","",""
"2017056483","1627","2","0","0","0","0","0","0","0","0","4","0","","02","6","2017","6","40.451685","-79.93219","1619","11","0","0","0","0","0","0","0","0","1","0","0","0","","","0","","1","","40 27:06.066","2","0","79 55:55.883","0","0","0","0","2301","0","0","0","N","0","0","0","2","02301","0","","1.0","","1","N","N","","0","","0","0","0","","3","N","","2","0","0","0","0","0","0","2","0","2","","","","N","","","","","","","","","",""
"2017054856","0016","0","0","0","0","0","0","0","0","0","2","0","","02","5","2017","3","40.479755","-79.7274","0013","11","0","0","0","0","1","0","0","0","2","0","0","0","","","1","","0","","40 28:47.117","5","0","79 43:38.640","8","0","0","0","2466","0","0","0","N","0","0","0","3","02466","0","","1.0","","1","N","N","","0","","0","0","1","","0","Y","","2","1","1","0","0","1","0","2","1","2","","","","N","","","","","","","","","",""
"2017056893","1048","3","0","0","0","0","0","0","0","0","1","0","","02","5","2017","6","40.426238","-79.914858","1032","11","0","1","0","0","0","1","0","0","","0","0","0","","","0","","0","","40 25:34.456","","0","79 54:53.487","0","0","0","0","2301","0","0","0","","0","0","0","3","68B03","0","","1.0","","9","N","N","","0","","0","0","0","","0","","","3","0","0","0","0","0","0","2","0","3","","","","N","","","","","","","","","",""
"2017050491","2150","1","0","0","0","0","0","0","0","0","7","0","","02","5","2017","1","40.427258","-79.920613","2141","11","0","0","0","0","0","1","0","0","","0","0","0","","","1","","0","","40 25:38.130","","4","79 55:14.205","8","0","0","0","2301","0","0","0","","0","0","0","1","68B03","0","","4.0","","1","N","N","","0","","0","0","0","","0","","","1","1","1","0","0","1","0","2","0","1","","","","N","","","","","","","","","",""
"2017054858","0647","0","0","0","0","0","0","0","0","0","7","0","","02","5","2017","1","40.451624","-79.889762","0642","11","0","0","0","0","0","0","0","0","","0","0","0","","","1","","1","","40 27:05.846","","0","79 53:23.143","8","0","0","0","2301","0","0","0","N","0","0","0","1","02301","0","","5.0","","1","N","N","","0","","0","0","1","","0","","","1","1","0","0","0","1","0","2","0","1","","","","N","","","","","","","","","",""
"2017043397","0656","1","0","0","0","0","0","0","0","0","3","0","","02","4","2017","5","40.533888","-79.959815","0650","11","0","0","0","0","0","1","0","0","","0","0","0","","","1","","0","","40 32:01.996","","0","79 57:35.334","4","0","0","0","2118","0","0","0","N","0","0","0","2","02118","1","","1.0","","1","N","N","","1","","0","0","0","","0","","","2","1","0","0","0","0","0","2","0","2","","","","N","","","","","","","","","",""