"CRN","ARRIVAL_TM","AUTOMOBILE_COUNT","BELTED_DEATH_COUNT","BELTED_SUSP_SERIOUS_INJ_COUNT","BICYCLE_COUNT","BICYCLE_DEATH_COUNT","BICYCLE_SUSP_SERIOUS_INJ_COUNT","BUS_COUNT","CHLDPAS_DEATH_COUNT","CHLDPAS_SUSP_SERIOUS_INJ_COUNT","COLLISION_TYPE","COMM_VEH_COUNT","CONS_ZONE_SPD_LIM","COUNTY","CRASH_MONTH","CRASH_YEAR","DAY_OF_WEEK","DEC_LATITUDE","DEC_LONGITUDE","DISPATCH_TM","DISTRICT","DRIVER_COUNT_16YR","DRIVER_COUNT_17YR","DRIVER_COUNT_18YR","DRIVER_COUNT_19YR","DRIVER_COUNT_20YR","DRIVER_COUNT_50_64YR","DRIVER_COUNT_65_74YR","DRIVER_COUNT_75PLUS","EST_HRS_CLOSED","FATAL_COUNT","HEAVY_TRUCK_COUNT","HORSE_BUGGY_COUNT","HOUR_OF_DAY","ILLUMINATION","INJURY_COUNT","INTERSECTION_RELATED","INTERSECT_TYPE","LANE_CLOSED","LATITUDE","LN_CLOSE_DIR","LOCATION_TYPE","LONGITUDE","MAX_SEVERITY_LEVEL","MCYCLE_DEATH_COUNT","MCYCLE_SUSP_SERIOUS_INJ_COUNT","MOTORCYCLE_COUNT","MUNICIPALITY","NONMOTR_COUNT","NONMOTR_DEATH_COUNT","NONMOTR_SUSP_SERIOUS_INJ_COUNT","NTFY_HIWY_MAINT","PED_COUNT","PED_DEATH_COUNT","PED_SUSP_SERIOUS_INJ_COUNT","PERSON_COUNT","POLICE_AGCY","POSSIBLE_INJ_COUNT","RDWY_SURF_TYPE_CD","RELATION_TO_ROAD","ROADWAY_CLEARED","ROAD_CONDITION","SCH_BUS_IND","SCH_ZONE_IND","SECONDARY_CRASH","SMALL_TRUCK_COUNT","SPEC_JURIS_CD","SUSP_MINOR_INJ_COUNT","SUSP_SERIOUS_INJ_COUNT","SUV_COUNT","TCD_FUNC_CD","TCD_TYPE","TFC_DETOUR_IND","TIME_OF_DAY","TOTAL_UNITS","TOT_INJ_COUNT","UNBELTED_OCC_COUNT","UNB_DEATH_COUNT","UNB_SUSP_SERIOUS_INJ_COUNT","UNK_INJ_DEG_COUNT","UNK_INJ_PER_COUNT","URBAN_RURAL","VAN_COUNT","VEHICLE_COUNT","WEATHER1","WEATHER2","WORKERS_PRES","WORK_ZONE_IND","WORK_ZONE_LOC","WORK_ZONE_TYPE","WZ_CLOSE_DETOUR","WZ_FLAGGER","WZ_LAW_OFFCR_IND","WZ_LN_CLOSURE","WZ_MOVING","WZ_OTHER","WZ_SHLDER_MDN","WZ_WORKERS_INJ_KILLED"
"2017044761","1750","1","0","0","0","0","0","0","0","0","1","0","","02","5","2017","2","40.350699","-79.924588","1747","11","0","1","0","0","0","0","0","0","1","0","0","0","","","0","","2","","40 21:02.517","4","0","79 55:28.517","0","0","0","0","2473","0","0","0","N","0","0","0","2","02473","0","","1.0","","9","N","N","","1","","0","0","0","","0","Y","","2","0","0","0","0","0","0","2","0","2","","","","N","","","","","","","","","",""
"2017057138","1509","3","0","0","0","0","0","0","0","0","1","0","55","02","4","2017","7","40.461381","-80.192293","1503","11","0","0","0","0","0","1","0","0","1","0","0","0","","","3","","0","","40 27:40.973","4","0","80 11:32.253","3","0","0","0","2213","0","0","0","","0","0","0","4","68B03","0","","1.0","","1","N","N","","0","","3","0","0","","0","N","","3","3","0","0","0","0","0","2","0","3","","","Y","Y","8","1","N","N","N","Y","Y","N","N",""
"2017056691","1400","0","0","0","0","0","0","0","0","0","7","0","","02","5","2017","3","40.424146","-80.043428","1400","11","0","0","0","0","0","0","0","0","3","0","0","0","","","0","","1","","40 25:26.926","1","0","80 02:36.342","0","0","0","0","2435","0","0","0","N","0","0","0","1","02435","0","","2.0","","1","N","Y","","0","","0","0","1","","2","N","","1","0","0","0","0","0","0","2","0","1","","","","N","","","","","","","","","",""
"2017053257","1430","1","0","0","0","0","0","0","0","0","7","0","","02","5","2017","4","40.462196","-80.030811","1427","11","0","0","0","0","0","0","0","0","1","0","0","0","","","1","","0","","40 27:43.905","2","0","80 01:50.921","4","0","0","0","2301","0","0","0","N","0","0","0","1","02301","1","","1.0","","9","N","N","","0","","0","0","0","","0","N","","1","1","1","0","0","0","0","2","0","1","","","","N","","","","","","","","","",""
"2017056596","1858","2","0","0","0","0","0","0","0","0","1","0","","02","6","2017","6","40.444593","-79.828285","1851","11","0","0","0","0","0","0","0","0","","0","0","0","","","0","","0","","40 26:40.533","","0","79 49:41.825","0","0","0","0","2113","0","0","0","N","0","0","0","3","02113","0","","1.0","","1","N","N","","0","","0","0","0","","2","","","2","0","0","0","0","0","0","2","0","2","","","","N","","","","","","","","","",""
"2017051050","1536","2","0","0","0","0","0","0","0","0","1","0","","02","5","2017","3","40.434054","-79.993225","1509","11","0","0","1","0","0","0","0","0","1","0","0","0","","","0","","0","","40 26:02.593","4","0","79 59:35.609","0","0","0","0","2301","0","0","0","","0","0","0","3","68B03","0","","1.0","","1","N","N","","0","","0","0","0","","0","N","","2","0","0","0","0","0","0","2","0","2","","","","N","","","","","","","","","",""
"2017056694","1040","0","0","0","0","0","0","0","0","0","0","0","","02","6","2017","6","40.500142","-80.021908","1035","11","0","0","0","0","0","0","0","0","1","0","0","0","","","0","","2","","40 30:00.511","1","0","80 01:18.867","0","0","0","0","2116","0","0","0","N","0","0","0","2","02116","0","","1.0","","1","N","N","","1","","0","0","0","","2","N","","1","0","0","0","0","0","0","2","0","1","","","","N","","","","","","","","","",""
"2017053260","1530","2","0","0","0","0","0","0","0","0","5","0","","02","5","2017","4","40.486139","-79.912934","1514","11","0","0","0","0","0","1","0","0","","0","0","0","","","1","","0","","40 29:10.099","","0","79 54:46.562","4","0","0","0","2301","0","0","0","N","0","0","0","2","02301","1","","1.0","","1","N","N","","0","","0","0","0","","0","","","2","1","0","0","0","0","0","2","0","2","","","","N","","","","","","","","","",""
"2017056604","1824","1","0","0","0","0","0","0","0","0","1","0","","02","6","2017","6","40.356009","-79.898208","1821","11","0","0","0","0","0","0","1","0","","0","0","0","","","1","","2","","40 21:21.632","","0","79 53:53.547","8","0","0","0","2423","0","0","0","N","0","0","0","3","02304","0","","1.0","","1","N","N","","0","","0","0","1","","2","","","2","1","0","0","0","1","0","2","0","2","","","","N","","","","","","","","","",""
"2017046137","1458","1","0","0","0","0","0","1","0","0","4","1","","02","5","2017","5","40.344417","-79.883972","1448","11","0","0","0","0","0","2","0","0","2","0","0","0","","","8","","3","","40 20:39.900","7","3","79 53:02.300","2","0","0","0","2433","0","0","0","N","0","0","0","10","02503","6","","1.0","","1","N","N","","0","","1","1","0","","3","Y","","2","8","0","0","0","0","0","2","0","2","","","","N","","","","","","","","","",""
"2017064495","1804","1","0","0","0","0","0","0","0","0","7","0","","02","6","2017","6","40.615372","-79.957456","1753","11","0","0","0","0","0","0","0","0","2","0","0","0","","","1","","0","","40 36:55.339","5","0","79 57:26.841","8","0","0","0","2207","0","0","0","N","0","0","0","1","02207","0","","5.0","","9","N","N","","0","","0","0","0","","0","Y","","1","1","0","0","0","1","0","2","0","1","","","","N","","","","","","","","","",""
"2017056605","2015","1","0","0","0","0","0","0","0","0","4","0","","02","6","2017","6","40.336847","-79.949089","2013","11","0","0","0","0","0","1","1","0","","0","0","0","","","0","","0","","40 20:12.648","","7","79 56:56.719","0","0","0","0","2454","0","0","0","N","0","0","0","3","02454","0","","1.0","","1","N","N","","0","","0","0","1","","2","","","2","0","0","0","0","0","0","2","0","2","","","","N","","","","","","","","","",""
"2017056705","0848","1","0","0","0","0","0","0","0","0","1","0","","02","6","2017","6","40.545321","-80.037743","0840","11","0","0","0","1","0","0","0","0","","0","0","0","","","0","","2","","40 32:43.154","","0","80 02:15.875","0","0","0","0","2116","0","0","0","N","0","0","0","3","02116","0","","1.0","","1","N","N","","1","","0","0","0","","0","","","2","0","0","0","0","0","0","2","0","2","","","","N","","","","","","","","","",""
"2017057112","0155","1","0","0","0","0","0","0","0","0","7","0","","02","6","2017","2","40.442793","-80.039546","0150","11","0","0","0","0","0","0","0","0","","0","0","0","","","0","","2","","40 26:34.054","","0","80 02:22.365","9","0","0","0","2301","0","0","0","N","0","0","0","1","02301","0","","5.0","","1","N","N","","0","","0","0","0","","3","","","1","0","0","0","0","0","1","2","0","1","","","","N","","","","","","","","","",""
"2017056714","0915","0","0","0","0","0","0","0","0","0","7","0","","02","6","2017","7","40.46074","-80.05516","0910","11","0","0","0","0","1","0","0","0","2","0","0","0","","","1","","2","","40 27:38.663","4","0","80 03:18.576","8","0","0","0","2301","0","0","0","N","0","0","0","1","02301","0","","2.0","","1","N","N","","1","","0","0","0","","3","Y","","1","1","0","0","0","1","0","2","0","1","","","","N","","","","","","","","","",""
"2017053394","1735","1","0","0","0","0","0","0","0","0","7","0","","02","5","2017","1","40.623268","-79.762563","1720","11","0","0","0","0","0","0","0","0","2","0","0","0","","","0","","0","","40 37:23.766","1","0","79 45:45.226","0","0","0","0","2202","0","0","0","N","0","0","0","1","02202","0","","2.0","","9","N","N","","0","","0","0","0","","0","N","","1","0","0","0","0","0","0","1","0","1","","","","N","","","","","","","","","",""
"2017056619","2317","1","0","0","0","0","0","0","0","0","4","0","","02","6","2017","6","40.460221","-79.842652","2317","11","0","1","1","0","0","0","0","0","2","0","0","0","","","0","","5","","40 27:36.794","4","0","79 50:33.548","0","0","0","0","2113","0","0","0","N","0","0","0","3","02113","0","","1.0","","1","N","N","","0","","0","0","1","","2","N","","2","0","0","0","0","0","0","2","0","2","","","","N","","","","","","","","","",""
"2017054268","1353","2","0","0","0","0","0","0","0","0","5","0","","02","5","2017","7","40.437893","-79.98149","1315","11","0","0","0","0","0","0","0","0","","0","0","0","","","0","","0","","40 26:16.414","","0","79 58:53.364","0","0","0","0","2301","0","0","0","N","0","0","0","3","02301","0","","1.0","","1","N","N","","0","","0","0","0","","0","","","2","0","2","0","0","0","0","2","0","2","","","","N","","","","","","","","","",""
"2017064499","1905","1","0","0","0","0","0","0","0","0","1","0","","02","6","2017","6","40.455934","-79.941957","1902","11","0","0","0","0","0","0","0","0","","0","0","0","","","0","","0","","40 27:21.363","","0","79 56:31.044","0","0","0","0","2301","0","0","0","N","0","0","0","2","02301","0","","1.0","","9","N","N","","1","","0","0","0","","0","","","2","0","0","0","0","0","0","2","0","2","","","","N","","","","","","","","","",""
"2017043768","1845","2","0","0","0","0","0","0","0","0","1","0","","02","4","2017","5","40.338977","-79.968152","1841","11","0","0","0","0","0","0","2","0","","0","0","0","","","0","","0","","40 20:20.316","","0","79 58:05.346","0","0","0","0","2454","0","0","0","N","0","0","0","4","02454","0","","1.0","","1","N","N","","1","","0","0","0","","0","","","3","0","0","0","0","0","0","2","0","3","","","","N","","","","","","","","","",""
"2017051369","1220","1","0","0","0","0","0","1","0","0","4","1","","02","5","2017","6","40.340344","-79.938196","1204","11","0","0","0","0","0","2","0","0","1","0","0","0","","","2","","1","","40 20:25.239","7","0","79 56:17.507","3","0","0","0","2473","0","0","0","N","0","0","0","3","02503","1","","1.0","","1","N","N","","0","","1","0","0","","2","Y","","2","2","0","0","0","0","0","2","0","2","","","","N","","","","","","","","","",""
"2017056621","0700","1","0","0","0","0","0","0","0","0","4","0","","02","6","2017","5","40.441924","-80.022103","0650","11","0","0","0","0","0","1","0","0","1","0","0","0","","","0","","0","","40 26:30.928","3","0","80 01:19.572","0","0","0","0","2301","0","0","0","N","0","0","0","2","02301","0","","1.0","","1","N","N","","0","","0","0","1","","0","N","","2","0","0","0","0","0","0","2","0","2","","","","N","","","","","","","","","",""
"2017054290","1629","1","0","0","0","0","0","0","0","0","4","0","","02","5","2017","7","40.627025","-80.030318","1626","11","0","0","0","1","0","1","0","0","1","0","0","0","","","1","","2","","40 37:37.290","3","0","80 01:49.146","4","0","0","0","2216","0","0","0","N","0","0","0","2","02505","1","","1.0","","1","N","N","","0","","0","0","1","","0","Y","","2","1","0","0","0","0","0","1","0","2","","","","N","","","","","","","","","",""
"2017049106","1146","2","0","0","0","0","0","0","0","0","1","0","","02","3","2017","1","40.419992","-80.035565","1135","11","0","0","0","0","0","1","0","0","","0","0","0","","","0","","0","","40 25:11.972","","0","80 02:08.035","0","0","0","0","2301","0","0","0","","0","0","0","2","68B03","0","","1.0","","1","N","N","","0","","0","0","0","","0","","","2","0","0","0","0","0","0","2","0","2","","","","N","","","","","","","","","",""
"2017066790","2243","1","0","0","0","0","0","0","0","0","1","0","","02","6","2017","5","40.57041","-80.116928","2227","11","0","0","0","0","1","0","0","0","","0","0","0","","","0","","0","","40 34:13.475","","0","80 07:00.940","0","0","0","0","2460","0","0","0","","0","0","0","1","68B03","0","","5.0","","1","N","N","","0","","0","0","1","","0","","","2","0","0","0","0","0","0","2","0","2","","","","N","","","","","","","","","",""
"2017046236","1238","2","0","0","0","0","0","0","0","0","2","0","","02","5","2017","3","40.338681","-80.142971","1231","11","0","0","0","0","0","0","0","0","","0","0","0","","","0","","2","","40 20:19.251","","0","80 08:34.695","0","0","0","0","2119","0","0","0","N","0","0","0","2","02119","0","","1.0","","1","N","N","","0","","0","0","0","","3","","","2","0","0","0","0","0","0","2","0","2","","","","N","","","","","","","","","",""
"2017056623","0923","2","0","0","0","0","0","0","0","0","4","0","","02","6","2017","5","40.495398","-80.066381","0923","11","0","0","0","0","0","1","0","0","","0","0","0","","","1","","0","","40 29:43.431","","7","80 03:58.970","4","0","0","0","2402","0","0","0","N","0","0","0","3","02402","1","","1.0","","1","N","N","","0","","0","0","0","","0","","","2","1","2","0","0","0","1","2","0","2","","","","N","","","","","","","","","",""
"2017054346","1740","2","0","0","0","0","0","0","0","0","2","0","","02","5","2017","7","40.46483","-79.979954","1732","11","0","0","0","0","0","0","0","0","","0","0","0","","","0","","1","","40 27:53.387","","3","79 58:47.835","0","0","0","0","2301","0","0","0","N","0","0","0","8","02301","0","","1.0","","1","N","N","","0","","0","0","0","","2","","","2","0","0","0","0","0","0","2","0","2","","","","N","","","","","","","","","",""
"2017056717","1330","0","0","0","0","0","0","0","0","0","7","0","","02","6","2017","6","40.556583","-79.839444","1330","11","0","0","0","0","1","0","0","0","","0","0","0","","","0","","0","","40 33:23.700","","0","79 50:22.000","0","0","0","0","2208","0","0","0","N","0","0","0","1","02208","0","","2.0","","1","N","N","","0","","0","0","1","","0","","","1","0","0","0","0","0","0","2","0","1","","","","N","","","","","","","","","",""
"2017044286","0930","1","0","0","0","0","0","0","0","0","7","0","","02","4","2017","7","40.476924","-79.735581","0928","11","0","0","0","0","0","0","0","0","","0","0","0","","","1","","0","","40 28:36.927","","0","79 44:08.092","3","0","0","0","2466","0","0","0","N","0","0","0","1","02466","0","","2.0","","1","N","N","","0","","1","0","0","","0","","","1","1","0","0","0","0","0","2","0","1","","","","N","","","","","","","","","",""
"2017053930","0515","1","0","0","0","0","0","0","0","0","7","0","","02","5","2017","6","40.448359","-80.017477","0511","11","0","0","0","0","0","0","0","0","","0","0","0","","","1","","0","","40 26:54.093","","2","80 01:02.918","4","0","0","0","2301","0","0","0","N","0","0","0","1","02301","1","","1.0","","1","N","N","","0","","0","0","0","","0","","","1","1","1","0","0","0","0","2","0","1","","","","N","","","","","","","","","",""
"2017056628","0510","1","0","0","0","0","0","0","0","0","2","0","","02","5","2017","1","40.397179","-79.98934","0505","11","0","0","0","0","0","0","0","0","","0","0","0","","","0","","0","","40 23:49.844","","0","79 59:21.624","9","0","0","0","2301","0","0","0","N","0","0","0","1","02301","0","","2.0","","1","N","N","","0","","0","0","1","","0","","","3","0","0","0","0","0","1","2","0","3","","","","N","","","","","","","","","",""
"2017072991","1453","2","0","0","0","0","0","0","0","0","4","0","","02","7","2017","2","40.489479","-79.819853","1444","11","0","0","0","0","0","0","0","1","","0","0","0","","","0","","1","","40 29:22.124","","0","79 49:11.470","0","0","0","0","2113","0","0","0","N","0","0","0","2","02113","0","","1.0","","1","N","N","","0","","0","0","0","","3","","","2","0","0","0","0","0","0","2","0","2","","","","N","","","","","","","","","",""
"2017053943","0650","0","0","0","0","0","0","0","0","0","7","0","","02","5","2017","6","40.466189","-79.826037","0647","11","0","0","0","0","0","0","0","0","","0","0","0","","","0","","0","","40 27:58.279","","0","79 49:33.734","0","0","0","0","2113","0","0","0","N","0","0","0","1","02113","0","","4.0","","1","N","N","","0","","0","0","1","","0","","","1","0","0","0","0","0","0","2","0","1","","","","N","","","","","","","","","",""
"2017054364","0608","1","0","0","0","0","0","0","0","0","1","0","","02","5","2017","7","40.439183","-79.808167","0559","11","0","0","0","0","1","1","0","0","2","0","0","0","","","0","","0","","40 26:21.060","4","0","79 48:29.401","0","0","0","0","2446","0","0","0","N","0","0","0","2","02446","0","","1.0","","9","N","N","","0","","0","0","1","","0","N","","2","0","0","0","0","0","0","2","0","2","","","","N","","","","","","","","","",""
"2017056719","1605","2","0","0","0","0","0","0","0","0","1","0","","02","6","2017","6","40.484746","-79.858542","1602","11","0","0","0","0","1","0","0","0","1","0","0","0","","","2","","0","","40 29:05.087","3","0","79 51:30.750","8","0","0","0","2113","0","0","0","N","0","0","0","5","02113","0","","1.0","","1","N","N","","0","","0","0","0","","0","N","","2","2","0","0","0","2","1","2","0","2","","","","N","","","","","","","","","",""
"2017072873","0624","0","0","0","0","0","0","0","0","0","1","0","","02","7","2017","7","40.442102","-79.752887","0611","11","0","0","0","0","0","0","1","0","","0","0","0","","","0","","0","","40 26:31.567","","0","79 45:10.392","0","0","0","0","2446","0","0","0","","0","0","0","7","68T02","0","","1.0","","1","N","N","","1","","0","0","1","","0","","","2","0","0","0","0","0","0","2","0","2","","","","N","","","","","","","","","",""
"2017043982","1715","1","0","0","0","0","0","0","0","0","1","0","","02","4","2017","6","40.451611","-79.92475","1708","11","0","0","0","0","0","1","0","0","","0","0","0","","","2","","0","","40 27:05.800","","0","79 55:29.100","4","0","0","0","2301","0","0","0","N","0","0","0","3","02301","2","","1.0","","1","N","N","","0","","0","0","1","","2","","","2","2","0","0","0","0","0","2","0","2","","","","N","","","","","","","","","",""
"2017053965","0851","2","0","0","0","0","0","0","0","0","1","0","25","02","5","2017","6","40.414174","-80.009482","0851","11","0","0","0","0","0","0","0","0","","0","0","0","","","0","","0","","40 24:51.025","","3","80 00:34.135","0","0","0","0","2301","0","0","0","N","0","0","0","3","02301","0","","1.0","","9","N","N","","0","","0","0","1","","0","","","3","0","0","0","0","0","0","2","0","3","","","Y","Y","4","1","","","N","","","","Y",""
"2017056721","1707","0","0","0","0","0","0","0","0","0","1","0","","02","5","2017","4","40.531149","-80.018014","1702","11","0","0","0","0","0","1","0","0","","0","0","0","","","0","","0","","40 31:52.136","","0","80 01:04.850","0","0","0","0","2116","0","0","0","N","0","0","0","2","02116","0","","1.0","","9","N","N","","1","","0","0","1","","0","","","2","0","0","0","0","0","0","2","0","2","","","","N","","","","","","","","","",""
"2017038773","0041","1","0","0","0","0","0","0","0","0","5","0","","02","4","2017","5","40.428239","-79.971579","0033","11","0","0","0","0","0","0","0","0","","0","0","0","","","0","","0","","40 25:41.662","","0","79 58:17.683","9","0","0","0","2301","0","0","0","N","0","0","0","1","02301","0","","1.0","","1","N","N","","0","","0","0","1","","0","","","2","0","0","0","0","0","1","2","0","2","","","","N","","","","","","","","","",""
"2017057659","1130","0","0","0","0","0","0","0","0","0","1","0","","02","6","2017","2","40.400678","-79.938858","1130","11","0","0","0","0","0","0","1","0","","0","0","0","","","1","","0","","40 24:02.439","","0","79 56:19.889","3","0","0","0","2301","0","0","0","N","0","0","0","4","02301","0","","1.0","","1","N","N","","0","","1","0","3","","2","","","3","1","0","0","0","0","0","2","0","3","","","","N","","","","","","","","","",""
"2017054549","0122","0","0","0","0","0","0","0","0","0","0","0","","02","5","2017","2","40.461313","-79.846312","0122","11","0","0","0","0","0","0","0","0","1","0","0","0","","","1","","0","","40 27:40.726","3","0","79 50:46.723","3","0","0","1","2113","0","0","0","N","0","0","0","1","02113","0","","1.0","","9","N","N","","0","","1","0","0","","0","N","","1","1","0","0","0","0","0","2","0","1","","","","N","","","","","","","","","",""
"2017046449","0417","1","0","0","0","0","0","0","0","0","7","0","","02","5","2017","1","40.459008","-79.823253","0412","11","0","0","0","0","0","0","0","0","1","0","0","0","","","0","","2","","40 27:32.427","2","0","79 49:23.710","0","0","0","0","2113","0","0","0","N","0","0","0","1","02113","0","","5.0","","9","N","N","","0","","0","0","0","","0","N","","1","0","0","0","0","0","0","2","0","1","","","","N","","","","","","","","","",""
"2017055425","1113","2","0","0","0","0","0","0","0","0","4","0","","02","5","2017","4","40.402012","-80.000594","1100","11","0","0","0","0","0","1","0","0","3","0","0","0","","","0","","1","","40 24:07.244","1","0","80 00:02.139","0","0","0","0","2301","0","0","0","N","0","0","0","4","02301","0","","1.0","","1","N","N","","0","","0","0","0","","2","N","","2","0","0","0","0","0","0","2","0","2","","","","N","","","","","","","","","",""
"2017054376","0201","1","0","0","0","0","0","0","0","0","7","0","","02","5","2017","7","40.364163","-79.842653","0201","11","0","0","0","0","0","1","0","0","","0","0","0","","","0","","7","","40 21:50.988","","3","79 50:33.550","0","0","0","0","2303","0","0","0","N","0","0","0","1","02303","0","","3.0","","1","N","N","","0","","0","0","0","","0","","","1","0","0","0","0","0","0","2","0","1","","","","N","","","","","","","","","",""
"2017056740","1510","3","0","0","0","0","0","0","0","0","1","0","","02","6","2017","6","40.455914","-79.938604","1500","11","0","0","0","0","0","1","0","0","","0","0","0","","","1","","1","","40 27:21.291","","0","79 56:18.974","3","0","0","0","2301","0","0","0","N","0","0","0","3","02301","0","","1.0","","1","N","N","","0","","1","0","0","","2","","","3","1","0","0","0","0","0","2","0","3","","","","N","","","","","","","","","",""
"2017072875","1618","0","0","0","0","0","0","0","0","0","7","0","","02","7","2017","7","40.428121","-80.130173","1551","11","0","0","0","0","0","0","0","0","","0","0","0","","","0","","0","","40 25:41.234","","0","80 07:48.621","0","0","0","0","2102","0","0","0","","0","0","0","1","68B03","0","","4.0","","1","N","N","","0","","0","0","0","","0","","","1","0","0","0","0","0","0","2","1","1","","","","N","","","","","","","","","",""
"2017056638","0208","0","0","0","0","0","0","0","0","0","7","0","99","02","6","2017","7","40.352423","-79.977799","0206","11","0","0","0","0","0","0","0","0","","0","0","0","","","0","","0","","40 21:08.724","","0","79 58:40.075","0","0","0","0","2476","0","0","0","N","0","0","0","1","02476","0","","1.0","","1","N","N","","1","","0","0","0","","0","","","1","0","0","0","0","0","0","2","0","1","","","Y","Y","3","3","","","N","Y","Y","Y","",""
"2017054437","0501","1","0","0","0","0","0","0","0","0","0","0","","02","5","2017","1","40.482067","-80.013784","0456","11","0","0","0","0","0","0","0","0","2","0","0","0","","","0","","0","","40 28:55.440","1","0","80 00:49.624","9","0","0","0","2301","0","0","0","N","0","0","0","1","02301","0","","5.0","","1","N","N","","0","","0","0","0","","0","N","","1","0","0","0","0","0","1","2","0","1","","","","N","","","","","","","","","",""
"2017044971","1204","1","0","0","0","0","0","0","0","0","0","0","","02","5","2017","3","40.489027","-80.017894","1158","11","0","0","0","0","0","0","0","0","","0","0","0","","","0","","2","","40 29:20.496","","0","80 01:04.418","0","0","0","0","2301","0","0","0","N","0","0","0","2","02301","0","","1.0","","1","N","N","","0","","0","0","0","","0","","","1","0","0","0","0","0","0","2","0","1","","","","N","","","","","","","","","",""
"2017054454","1340","1","0","0","0","0","0","0","0","0","4","0","","02","5","2017","1","40.435348","-79.918999","1325","11","0","0","0","0","0","0","0","0","","0","0","0","","","0","","1","","40 26:07.252","","0","79 55:08.396","0","0","0","0","2301","0","0","0","N","0","0","0","5","02301","0","","1.0","","1","N","N","","0","","0","0","1","","2","","","2","0","0","0","0","0","0","2","0","2","","","","N","","","","","","","","","",""
"2017056752","1920","0","0","0","0","0","0","0","0","0","7","0","","02","6","2017","6","40.421325","-80.01544","1916","11","0","0","0","0","0","0","0","0","","0","0","0","","","0","","0","","40 25:16.770","","0","80 00:55.585","0","0","0","0","2301","0","0","0","N","0","0","0","1","02301","0","","4.0","","1","N","N","","1","","0","0","0","","0","","","1","0","0","0","0","0","0","2","0","1","","","","N","","","","","","","","","",""
"2017071938","0145","1","0","0","0","0","0","0","0","0","4","1","","02","7","2017","6","40.524886","-80.070469","0130","11","0","0","0","0","0","1","0","0","","0","1","0","","","1","","0","","40 31:29.591","","1","80 04:13.687","8","0","0","0","2215","0","0","0","N","0","0","0","2","02481","0","","2.0","","9","N","N","","0","","0","0","0","","0","","","2","1","0","0","0","1","0","2","0","2","","","","N","","","","","","","","","",""
"2017074533","1507","1","0","0","0","0","0","0","0","0","8","0","","02","7","2017","6","40.437633","-79.777765","1505","11","0","0","0","0","0","0","0","1","","0","0","0","","","1","","2","","40 26:15.480","","0","79 46:39.953","8","0","0","0","2446","1","0","0","N","1","0","0","2","02446","0","","5.0","","1","N","N","","0","","0","0","0","","2","","","2","1","0","0","0","1","0","2","0","1","","","","N","","","","","","","","","",""
"2017054162","2325","1","0","0","0","0","0","0","0","0","7","0","","02","5","2017","6","40.482065","-80.114626","2324","11","0","0","0","0","0","0","0","0","4","0","0","0","","","1","","2","","40 28:55.433","7","0","80 06:52.653","3","0","0","0","2126","0","0","0","N","0","0","0","1","02126","0","","5.0","","1","N","N","","0","","1","0","0","","0","Y","","1","1","0","0","0","0","0","2","0","1","","","","N","","","","","","","","","",""
"2017044154","2135","2","0","0","0","0","0","0","0","0","6","0","","02","4","2017","6","40.379484","-79.828376","2133","11","0","0","0","0","0","1","0","0","1","0","0","0","","","0","","0","","40 22:46.143","6","0","79 49:42.155","0","0","0","0","2111","0","0","0","N","0","0","0","3","02111","0","","1.0","","9","N","N","","0","","0","0","0","","0","N","","2","0","0","0","0","0","0","2","0","2","","","","N","","","","","","","","","",""
"2017049476","0656","0","0","0","0","0","0","0","0","0","4","1","","02","5","2017","2","40.401405","-79.780035","0650","11","0","0","0","0","0","1","0","0","","0","1","0","","","0","","1","","40 24:05.059","","0","79 46:48.125","0","0","0","0","2453","0","0","0","N","0","0","0","2","02453","0","","1.0","","1","N","N","","1","","0","0","0","","2","","","2","0","2","0","0","0","0","2","0","2","","","","N","","","","","","","","","",""
"2017054263","0801","1","0","0","0","0","0","0","0","0","1","0","","02","5","2017","7","40.363848","-79.842953","0800","11","0","0","0","0","0","0","0","0","","0","0","0","","","0","","1","","40 21:49.853","","0","79 50:34.629","0","0","0","0","2303","0","0","0","N","0","0","0","3","02303","0","","1.0","","1","N","N","","1","","0","0","0","","2","","","2","0","0","0","0","0","0","2","0","2","","","","N","","","","","","","","","",""
"2017054512","1611","2","0","0","0","0","0","0","0","0","5","0","","02","5","2017","1","40.570734","-79.803049","1608","11","0","0","0","0","0","1","0","0","1","0","0","0","","","1","","1","","40 34:14.644","3","0","79 48:10.978","8","0","0","0","2206","0","0","0","N","0","0","0","3","02206","0","","1.0","","1","N","N","","0","","0","0","0","","2","N","","2","1","0","0","0","1","0","2","0","2","","","","N","","","","","","","","","",""
"2017057607","1221","0","0","0","0","0","0","0","0","0","7","0","","02","6","2017","2","40.390603","-80.199026","1213","11","0","0","0","0","0","1","0","0","","0","0","0","","","1","","0","","40 23:26.170","","0","80 11:56.495","4","0","0","0","2214","0","0","0","Y","0","0","0","1","02214","1","","5.0","","1","N","N","","0","","0","0","1","","0","","","1","1","1","0","0","0","0","2","0","1","","","","N","","","","","","","","","",""
"2017057771","2244","1","0","0","0","0","0","0","0","0","4","0","","02","6","2017","6","40.573162","-79.99433","2234","11","0","1","0","0","0","1","0","0","2","0","0","0","","","2","","2","","40 34:23.382","3","0","79 59:39.587","4","0","0","0","2108","0","0","0","","0","0","0","2","02108","2","","1.0","","1","N","N","","0","","0","0","1","","3","N","","2","2","0","0","0","0","0","2","0","2","","","","N","","","","","","","","","",""