"CRN","ARRIVAL_TM","AUTOMOBILE_COUNT","BELTED_DEATH_COUNT","BELTED_SUSP_SERIOUS_INJ_COUNT","BICYCLE_COUNT","BICYCLE_DEATH_COUNT","BICYCLE_SUSP_SERIOUS_INJ_COUNT","BUS_COUNT","CHLDPAS_DEATH_COUNT","CHLDPAS_SUSP_SERIOUS_INJ_COUNT","COLLISION_TYPE","COMM_VEH_COUNT","CONS_ZONE_SPD_LIM","COUNTY","CRASH_MONTH","CRASH_YEAR","DAY_OF_WEEK","DEC_LATITUDE","DEC_LONGITUDE","DISPATCH_TM","DISTRICT","DRIVER_COUNT_16YR","DRIVER_COUNT_17YR","DRIVER_COUNT_18YR","DRIVER_COUNT_19YR","DRIVER_COUNT_20YR","DRIVER_COUNT_50_64YR","DRIVER_COUNT_65_74YR","DRIVER_COUNT_75PLUS","EST_HRS_CLOSED","FATAL_COUNT","HEAVY_TRUCK_COUNT","HORSE_BUGGY_COUNT","HOUR_OF_DAY","ILLUMINATION","INJURY_COUNT","INTERSECTION_RELATED","INTERSECT_TYPE","LANE_CLOSED","LATITUDE","LN_CLOSE_DIR","LOCATION_TYPE","LONGITUDE","MAX_SEVERITY_LEVEL","MCYCLE_DEATH_COUNT","MCYCLE_SUSP_SERIOUS_INJ_COUNT","MOTORCYCLE_COUNT","MUNICIPALITY","NONMOTR_COUNT","NONMOTR_DEATH_COUNT","NONMOTR_SUSP_SERIOUS_INJ_COUNT","NTFY_HIWY_MAINT","PED_COUNT","PED_DEATH_COUNT","PED_SUSP_SERIOUS_INJ_COUNT","PERSON_COUNT","POLICE_AGCY","POSSIBLE_INJ_COUNT","RDWY_SURF_TYPE_CD","RELATION_TO_ROAD","ROADWAY_CLEARED","ROAD_CONDITION","SCH_BUS_IND","SCH_ZONE_IND","SECONDARY_CRASH","SMALL_TRUCK_COUNT","SPEC_JURIS_CD","SUSP_MINOR_INJ_COUNT","SUSP_SERIOUS_INJ_COUNT","SUV_COUNT","TCD_FUNC_CD","TCD_TYPE","TFC_DETOUR_IND","TIME_OF_DAY","TOTAL_UNITS","TOT_INJ_COUNT","UNBELTED_OCC_COUNT","UNB_DEATH_COUNT","UNB_SUSP_SERIOUS_INJ_COUNT","UNK_INJ_DEG_COUNT","UNK_INJ_PER_COUNT","URBAN_RURAL","VAN_COUNT","VEHICLE_COUNT","WEATHER1","WEATHER2","WORKERS_PRES","WORK_ZONE_IND","WORK_ZONE_LOC","WORK_ZONE_TYPE","WZ_CLOSE_DETOUR","WZ_FLAGGER","WZ_LAW_OFFCR_IND","WZ_LN_CLOSURE","WZ_MOVING","WZ_OTHER","WZ_SHLDER_MDN","WZ_WORKERS_INJ_KILLED"
"2017060419","1642","2","0","0","0","0","0","0","0","0","4","0","","02","6","2017","5","40.650026","-79.799031","1638","11","0","0","0","0","0","0","0","0","","0","0","0","","","0","","1","","40 39:00.094","","0","79 47:56.512","0","0","0","0","2202","0","0","0","N","0","0","0","3","02202","0","","1.0","","1","N","N","","0","","0","0","0","","3","","","2","0","0","0","0","0","0","1","0","2","","","","N","","","","","","","","","",""
"2017055971","0435","1","0","0","0","0","0","0","0","0","7","0","","02","5","2017","4","40.592182","-80.148718","0435","11","0","0","0","0","0","0","0","1","","0","0","0","","","0","","0","","40 35:31.854","","0","80 08:55.383","0","0","0","0","2480","0","0","0","N","0","0","0","1","02480","0","","2.0","","9","N","N","","0","","0","0","0","","0","","","1","0","0","0","0","0","0","1","0","1","","","","N","","","","","","","","","",""
"2017072079","1050","0","0","0","0","0","0","0","0","0","0","1","","02","7","2017","6","40.413826","-80.009779","1047","11","0","0","0","0","0","0","0","0","3","0","1","0","","","1","","6","","40 24:49.772","2","8","80 00:35.203","3","0","0","0","2301","0","0","0","N","0","0","0","1","02301","0","","1.0","","1","N","N","","0","","1","0","0","","4","Y","","1","1","0","0","0","0","0","2","0","1","","","","N","","","","","","","","","",""
"2017073393","1405","1","0","0","0","0","0","0","0","0","1","1","","02","7","2017","3","40.514388","-79.952194","1400","11","0","0","0","0","0","0","1","0","1","0","1","0","","","0","","2","","40 30:51.798","2","0","79 57:07.899","0","0","0","0","2118","0","0","0","N","0","0","0","2","02118","0","","1.0","","1","N","N","","0","","0","0","0","","2","N","","2","0","0","0","0","0","0","2","0","2","","","","N","","","","","","","","","",""
"2017055972","0118","1","0","0","0","0","0","0","0","0","4","0","","02","6","2017","5","40.452911","-79.898092","0118","11","0","0","0","0","0","0","0","0","2","0","0","0","","","0","","0","","40 27:10.479","4","0","79 53:53.131","0","0","0","0","2301","0","0","0","N","0","0","0","0","02301","0","","1.0","","1","N","N","","0","","0","0","1","","0","N","","2","0","0","0","0","0","0","2","0","2","","","","N","","","","","","","","","",""
"2017070207","2329","1","0","0","0","0","0","0","0","0","7","0","","02","6","2017","5","40.502356","-80.023971","2323","11","0","0","0","0","0","0","0","0","1","0","0","0","","","0","","0","","40 30:08.481","2","0","80 01:26.295","0","0","0","0","2116","0","0","0","N","0","0","0","1","02116","0","","2.0","","1","N","N","","0","","0","0","0","","0","N","","1","0","0","0","0","0","0","2","0","1","","","","N","","","","","","","","","",""
"2017072712","0136","1","0","0","0","0","0","0","0","0","7","0","","02","7","2017","7","40.40123","-79.880621","0136","11","0","0","0","0","0","0","0","0","","0","0","0","","","1","","2","","40 24:04.429","","0","79 52:50.234","8","0","0","0","2475","0","0","0","","0","0","0","1","68B03","0","","3.0","","1","N","N","","0","","0","0","0","","2","","","1","1","1","0","0","1","0","2","0","1","","","","N","","","","","","","","","",""
"2017056732","0959","0","0","0","0","0","0","0","0","0","7","0","","02","6","2017","7","40.509979","-79.892838","0958","11","0","0","0","0","1","0","0","0","","0","0","0","","","1","","0","","40 30:35.924","","0","79 53:34.216","3","0","0","1","2432","0","0","0","N","0","0","0","1","02432","0","","2.0","","1","N","N","","0","","1","0","0","","0","","","1","1","0","0","0","0","0","2","0","1","","","","N","","","","","","","","","",""
"2017054864","0053","2","0","0","0","0","0","0","0","0","99","0","","02","5","2017","3","40.466167","-79.952216","0033","11","0","0","0","0","0","0","0","0","2","0","0","0","","","0","","1","","40 27:58.202","2","0","79 57:07.977","9","0","0","0","2301","0","0","0","N","0","0","0","2","02301","0","","1.0","","1","N","N","","0","","0","0","0","","2","Y","","2","0","0","0","0","0","1","2","0","2","","","","N","","","","","","","","","",""
"2017055993","1257","3","0","0","0","0","0","0","0","0","1","0","","02","5","2017","3","40.391368","-79.775874","1250","11","0","0","0","0","0","1","0","0","","0","0","0","","","1","","0","","40 23:28.924","","0","79 46:33.148","4","0","0","0","2470","0","0","0","N","0","0","0","6","02424","1","","1.0","","1","N","N","","0","","0","0","0","","0","","","3","1","0","0","0","0","0","2","0","3","","","","N","","","","","","","","","",""
"2017070215","0235","2","0","0","0","0","0","0","0","0","5","0","","02","4","2017","2","40.51917","-80.029138","0233","11","0","0","0","0","0","0","0","0","","0","0","0","","","0","","0","","40 31:09.012","","0","80 01:44.895","0","0","0","0","2474","0","0","0","N","0","0","0","1","02474","0","","1.0","","1","N","N","","1","","0","0","0","","0","","","3","0","0","0","0","0","0","2","0","3","","","","N","","","","","","","","","",""
"2017056911","1102","2","0","0","0","0","0","0","0","0","4","0","","02","6","2017","7","40.622912","-80.053801","1102","11","0","0","0","0","0","0","0","0","1","0","0","0","","","0","N","0","","40 37:22.484","2","7","80 03:13.685","0","0","0","0","2216","0","0","0","N","0","0","0","3","02505","0","","1.0","","1","N","N","","0","","0","0","0","","0","N","","2","0","0","0","0","0","0","1","0","2","","","","N","","","","","","","","","",""
"2017057074","2035","0","0","0","0","0","0","0","0","0","7","0","","02","6","2017","6","40.324206","-79.902806","2030","11","0","0","0","0","0","0","0","0","","0","0","0","","","1","","0","","40 19:27.140","","0","79 54:10.100","3","0","0","1","2473","0","0","0","N","0","0","0","1","02473","0","","4.0","","1","N","N","","0","","1","0","0","","0","","","1","1","0","0","0","0","0","2","0","1","","","","N","","","","","","","","","",""
"2017054897","1706","2","0","0","0","0","0","0","0","0","1","0","","02","5","2017","2","40.373443","-80.048838","1703","11","0","0","0","0","0","2","0","0","1","0","0","0","","","1","","0","","40 22:24.396","2","0","80 02:55.817","4","0","0","0","2109","0","0","0","","0","0","0","2","02109","1","","1.0","","1","N","N","","0","","0","0","0","","2","N","","2","1","0","0","0","0","0","2","0","2","","","","N","","","","","","","","","",""
"2017073895","0049","0","0","0","0","0","0","0","0","0","7","0","","02","4","2017","6","40.493581","-80.275466","0041","11","0","0","0","0","0","0","1","0","","0","0","0","","","1","","0","","40 29:36.893","","0","80 16:31.679","4","0","0","0","2203","0","0","0","","0","0","0","1","68B03","1","","2.0","","1","N","N","","0","","0","0","1","","0","","","1","1","0","0","0","0","0","2","0","1","","","","N","","","","","","","","","",""
"2017057085","0439","1","0","0","0","0","0","0","0","0","7","0","","02","6","2017","7","40.475384","-79.848779","0433","11","0","0","0","0","0","0","0","0","1","0","0","0","","","0","","0","","40 28:31.381","3","0","79 50:55.603","9","0","0","0","2113","0","0","0","N","0","0","0","1","02113","0","","3.0","","1","N","N","","0","","0","0","0","","0","Y","","1","0","0","0","0","0","1","2","0","1","","","","N","","","","","","","","","",""
"2017054916","0715","1","0","0","0","0","0","0","0","0","1","0","","02","5","2017","3","40.483333","-79.852448","0710","11","0","0","0","0","0","0","0","0","","0","0","0","","","2","","0","","40 29:00.000","","0","79 51:08.811","4","0","0","0","2113","0","0","0","N","0","0","0","3","02113","2","","1.0","","1","N","N","","0","","0","0","2","","0","","","3","2","0","0","0","0","0","2","0","3","","","","N","","","","","","","","","",""
"2017038047","1638","1","0","0","0","0","0","0","0","0","4","0","","02","4","2017","3","40.449256","-80.141194","1633","11","0","0","0","0","0","1","1","0","","0","0","0","","","1","","2","","40 26:57.320","","7","80 08:28.298","4","0","0","0","2115","0","0","0","N","0","0","0","2","02115","1","","1.0","","1","N","N","","1","","0","0","0","","3","","","2","1","0","0","0","0","0","2","0","2","","","","N","","","","","","","","","",""
"2017055999","0732","0","0","0","0","0","0","0","0","0","0","0","","02","6","2017","5","40.469323","-79.823711","0730","11","0","0","1","0","0","0","0","0","2","0","0","0","","","0","","0","","40 28:09.563","3","0","79 49:25.359","0","0","0","0","2113","0","0","0","N","0","0","0","1","02113","0","","1.0","","1","N","N","","0","","0","0","1","","0","Y","","1","0","0","0","0","0","0","2","0","1","","","","N","","","","","","","","","",""
"2017074380","1331","0","0","0","0","0","0","0","0","0","7","0","55","02","7","2017","3","40.537586","-80.272406","1303","11","0","0","0","0","0","1","0","0","","0","0","0","","","0","","0","","40 32:15.311","","0","80 16:20.662","0","0","0","0","2213","0","0","0","","0","0","0","1","68D04","0","","5.0","","1","N","N","","0","","0","0","1","","0","","","1","0","0","0","0","0","0","1","0","1","","","N","Y","4","1","Y","N","N","Y","N","N","N",""
"2017057094","2145","1","0","0","0","0","0","0","0","0","4","0","","02","5","2017","3","40.498452","-79.797429","2120","11","0","0","0","0","0","0","0","0","","0","0","0","","","0","","0","","40 29:54.428","","0","79 47:50.744","0","0","0","0","2113","0","0","0","N","0","0","0","2","02113","0","","1.0","","1","N","N","","1","","0","0","0","","0","","","2","0","0","0","0","0","0","2","0","2","","","","N","","","","","","","","","",""
"2017054935","0845","2","0","1","0","0","0","0","0","0","1","0","","02","5","2017","3","40.488659","-79.937286","0839","11","0","0","0","0","0","2","0","0","1","0","0","0","","","1","","0","","40 29:19.174","2","3","79 56:14.228","2","0","0","0","2301","0","0","0","N","0","0","0","2","02301","0","","1.0","","1","N","N","","0","","0","1","0","","0","N","","2","1","0","0","0","0","0","2","0","2","","","","N","","","","","","","","","",""
"2017057296","1710","1","0","0","0","0","0","0","0","0","1","0","","02","6","2017","7","40.557261","-80.022974","1704","11","0","0","0","0","0","0","0","0","","0","0","0","","","0","","5","","40 33:26.138","","0","80 01:22.708","0","0","0","0","2108","0","0","0","","0","0","0","3","02108","0","","1.0","","1","N","N","","1","","0","0","0","","0","","","2","0","0","0","0","0","0","2","0","2","","","","N","","","","","","","","","",""
"2017067347","1732","1","0","0","0","0","0","0","0","0","2","0","","02","6","2017","5","40.426411","-79.889808","1730","11","0","0","0","0","0","1","0","0","1","0","0","0","","","0","","0","","40 25:35.080","1","0","79 53:23.310","0","0","0","1","2426","0","0","0","","0","0","0","2","02426","0","","1.0","","1","N","N","","0","","0","0","0","","2","N","","2","0","0","0","0","0","0","2","0","2","","","","N","","","","","","","","","",""
"2017057096","0140","0","0","0","0","0","0","0","0","0","7","0","","02","6","2017","6","40.525692","-80.022128","0136","11","0","0","0","0","1","0","0","0","1","0","0","0","","","0","","0","","40 31:32.490","1","0","80 01:19.659","0","0","0","0","2116","0","0","0","N","0","0","0","1","02116","0","","5.0","","1","N","N","","1","","0","0","0","","0","N","","1","0","0","0","0","0","0","2","0","1","","","","N","","","","","","","","","",""
"2017054937","0848","1","0","0","0","0","0","0","0","0","7","0","","02","5","2017","3","40.540622","-79.820795","0848","11","0","0","0","0","0","0","0","0","","0","0","0","","","0","","0","","40 32:26.238","","0","79 49:14.861","0","0","0","0","2208","0","0","0","N","0","0","0","1","02208","0","","5.0","","1","N","N","","0","","0","0","0","","0","","","1","0","0","0","0","0","0","2","0","1","","","","N","","","","","","","","","",""
"2017057330","1721","1","0","0","0","0","0","0","0","0","1","0","","02","5","2017","2","40.503648","-80.222366","1716","11","0","0","0","0","0","1","0","0","1","0","0","0","","","0","","2","","40 30:13.133","1","0","80 13:20.519","0","0","0","0","2213","0","0","0","","0","0","0","2","02213","0","","1.0","","1","N","N","","1","","0","0","0","","2","N","","2","0","0","0","0","0","0","2","0","2","","","","N","","","","","","","","","",""
"2017072973","","1","0","0","0","0","0","0","0","0","1","0","","02","3","2017","6","","","","11","0","0","0","0","0","0","0","0","","0","0","0","","","1","","0","","","","0","","8","0","0","0","2454","0","0","0","N","0","0","0","2","00000","0","","1.0","","1","N","N","","0","","0","0","1","","0","","","2","1","0","0","0","1","0","1","0","2","","","","N","","","","","","","","","",""
"2017059544","0332","0","0","0","0","0","0","0","0","0","7","0","","02","6","2017","7","40.522211","-79.978751","0328","11","0","0","0","0","0","0","0","0","2","0","0","0","","","1","","0","","40 31:19.960","2","0","79 58:43.504","8","0","0","0","2118","0","0","0","N","0","0","0","1","02118","0","","5.0","","1","N","N","","0","","0","0","1","","0","N","","1","1","0","0","0","1","0","2","0","1","","","","N","","","","","","","","","",""
"2017057242","1125","1","0","0","0","0","0","0","0","0","1","0","","02","6","2017","2","40.341699","-79.93832","1123","11","0","0","0","0","0","0","0","0","2","0","0","0","","","1","","0","","40 20:30.117","2","0","79 56:17.953","4","0","0","0","2473","0","0","0","N","0","0","0","3","02473","1","","1.0","","9","N","N","","1","","0","0","0","","0","N","","2","1","0","0","0","0","0","2","0","2","","","","N","","","","","","","","","",""
"2017062274","2025","0","0","0","0","0","0","0","0","0","4","0","","02","6","2017","7","40.438231","-79.99604","2020","11","0","0","0","0","1","0","0","0","","0","0","0","","","1","","1","","40 26:17.633","","0","79 59:45.745","3","0","0","0","2301","0","0","0","N","0","0","0","7","02301","0","","1.0","","1","N","N","","0","","1","0","2","","2","","","2","1","1","0","0","0","0","2","0","2","","","","N","","","","","","","","","",""
"2017057110","2330","2","0","0","0","0","0","0","0","0","4","0","","02","5","2017","7","40.443183","-79.896731","2326","11","0","0","0","0","0","0","0","0","","0","0","0","","","0","","2","","40 26:35.457","","0","79 53:48.233","0","0","0","0","2301","0","0","0","N","0","0","0","1","02301","0","","1.0","","1","N","N","","0","","0","0","4","","0","","","6","0","0","0","0","0","0","2","0","6","","","","N","","","","","","","","","",""
"2017059528","2306","0","0","0","0","0","0","0","0","0","4","0","","02","6","2017","7","40.37861","-80.002518","2257","11","0","0","0","0","0","0","0","0","","0","0","0","","","1","","0","","40 22:42.995","","0","80 00:09.063","3","0","0","1","2301","0","0","0","N","0","0","0","2","02301","0","","1.0","","1","N","N","","0","","1","0","1","","0","","","2","1","0","0","0","0","0","2","0","2","","","","N","","","","","","","","","",""
"2017072733","1604","3","0","0","0","0","0","0","0","0","1","0","","02","7","2017","6","40.440251","-79.859989","1524","11","0","0","0","0","1","0","0","0","","0","0","0","","","1","","0","","40 26:24.904","","0","79 51:35.962","4","0","0","0","2419","0","0","0","","0","0","0","5","68B03","1","","1.0","","1","N","N","","0","","0","0","1","","0","","","4","1","0","0","0","0","0","2","0","4","","","","N","","","","","","","","","",""
"2017054980","1114","2","0","0","0","0","0","0","0","0","4","0","","02","5","2017","3","40.45041","-79.948748","1111","11","1","0","0","0","0","0","0","0","","0","0","0","","","1","","1","","40 27:01.476","","0","79 56:55.492","8","0","0","0","2301","0","0","0","N","0","0","0","2","02301","0","","1.0","","1","N","N","","0","","0","0","0","","2","","","2","1","0","0","0","1","0","2","0","2","","","","N","","","","","","","","","",""
"2017075488","0929","1","0","0","0","0","0","0","0","0","7","0","55","02","7","2017","1","40.474058","-80.249853","0923","11","0","0","0","0","0","0","0","0","1","0","0","0","","","1","","0","","40 28:26.608","4","0","80 14:59.470","3","0","0","0","2203","0","0","0","","0","0","0","1","68B03","0","","3.0","","1","N","N","","0","","1","0","0","","0","N","","1","1","0","0","0","0","0","2","0","1","","","N","Y","4","1","N","N","N","Y","Y","N","Y",""
"2017061820","1213","2","0","0","0","0","0","0","0","0","1","0","","02","6","2017","7","40.376688","-79.894301","1210","11","0","0","0","1","0","0","0","0","1","0","0","0","","","0","","1","","40 22:36.077","4","0","79 53:39.484","0","0","0","0","2448","0","0","0","N","0","0","0","2","02448","0","","1.0","","1","N","N","","0","","0","0","0","","2","N","","2","0","0","0","0","0","0","2","0","2","","","","N","","","","","","","","","",""
"2017057600","1541","0","0","0","0","0","0","0","0","0","1","0","55","02","6","2017","5","40.483709","-80.263688","1534","11","0","0","0","0","0","2","0","0","","0","0","0","","","0","","0","","40 29:01.353","","0","80 15:49.277","0","0","0","0","2203","0","0","0","","0","0","0","3","68B03","0","","1.0","","1","N","N","","2","","0","0","0","","0","","","3","0","0","0","0","0","0","1","0","2","","","Y","Y","4","1","N","N","N","Y","N","N","N",""
"2017058701","1216","1","0","0","0","0","0","0","0","0","4","0","","02","6","2017","5","40.480313","-79.832835","1210","11","0","0","0","0","1","0","0","1","2","0","0","0","","","0","","2","","40 28:49.128","1","0","79 49:58.205","0","0","0","0","2113","0","0","0","N","0","0","0","4","02113","0","","1.0","","1","N","N","","0","","0","0","1","","0","Y","","2","0","0","0","0","0","0","2","0","2","","","","N","","","","","","","","","",""
"2017072981","","1","0","0","0","0","0","0","0","0","1","0","","02","3","2017","4","40.485183","-79.856869","","11","0","0","0","0","0","0","0","0","","0","0","0","","","1","","2","","40 29:06.657","","0","79 51:24.730","8","0","0","0","2113","0","0","0","N","0","0","0","2","00000","0","","1.0","","1","N","N","","0","","0","0","0","","2","","","2","1","0","0","0","1","0","2","0","2","","","","N","","","","","","","","","",""
"2017055440","1400","1","0","0","0","0","0","0","0","0","7","0","","02","5","2017","4","40.531702","-79.922511","1355","11","0","0","0","0","0","0","0","0","","0","0","0","","","0","","0","","40 31:54.127","","0","79 55:21.039","0","0","0","0","2112","0","0","0","N","0","0","0","1","02112","0","","2.0","","1","N","N","","0","","0","0","0","","0","","","1","0","0","0","0","0","0","2","0","1","","","","N","","","","","","","","","",""
"2017059515","2130","1","0","0","0","0","0","0","0","0","8","0","","02","6","2017","7","40.414408","-79.988578","2124","11","0","0","0","0","0","0","0","0","","0","0","0","","","1","","1","","40 24:51.868","","0","79 59:18.880","8","0","0","0","2301","1","0","0","N","1","0","0","2","02301","0","","1.0","","1","N","N","","0","","0","0","0","","0","","","2","1","0","0","0","1","0","2","0","1","","","","N","","","","","","","","","",""
"2017003311","0609","1","0","0","0","0","0","0","0","0","7","0","","02","1","2017","6","40.595684","-79.931981","0605","11","0","0","0","0","0","0","0","0","2","0","0","0","","","1","","0","","40 35:44.461","3","0","79 55:55.132","3","0","0","0","2207","0","0","0","N","0","0","0","1","02207","0","","4.0","","1","N","N","","0","","1","0","0","","0","N","","1","1","0","0","0","0","0","2","0","1","","","","N","","","","","","","","","",""
"2017054993","0753","2","0","0","0","0","0","0","0","0","4","0","","02","5","2017","3","40.438334","-79.842884","0751","11","0","0","0","0","0","0","0","0","1","0","0","0","","","0","","2","","40 26:18.004","1","0","79 50:34.384","0","0","0","0","2419","0","0","0","N","0","0","0","4","02419","0","","1.0","","1","N","N","","0","","0","0","0","","3","N","","2","0","0","0","0","0","0","2","0","2","","","","N","","","","","","","","","",""
"2017057491","2317","1","0","0","0","0","0","0","0","0","7","0","","02","6","2017","1","40.656997","-79.984659","2312","11","1","0","0","0","0","0","0","0","2","0","0","0","","","0","","0","","40 39:25.190","1","0","79 59:04.774","0","0","0","0","2217","0","0","0","N","0","0","0","2","02505","0","","4.0","","1","N","N","","0","","0","0","0","","0","N","","1","0","0","0","0","0","0","1","0","1","","","","N","","","","","","","","","",""
"2017055007","1247","1","0","0","0","0","0","0","0","0","5","0","","02","5","2017","3","40.434686","-79.952265","1230","11","0","0","0","0","0","0","0","0","","0","0","0","","","0","","0","","40 26:04.869","","0","79 57:08.154","0","0","0","0","2301","0","0","0","N","0","0","0","1","02301","0","","2.0","","1","N","N","","0","","0","0","1","","0","","","2","0","0","0","0","0","0","2","0","2","","","","N","","","","","","","","","",""
"2017072989","","1","0","0","0","0","0","0","0","0","4","0","","02","3","2017","6","40.453452","-80.077701","","11","0","0","0","0","0","0","0","0","","0","0","0","","","1","","2","","40 27:12.427","","0","80 04:39.723","8","0","0","0","2301","0","0","0","N","0","0","0","2","00000","0","","1.0","","1","N","N","","0","","0","0","0","","3","","","2","1","0","0","0","1","0","2","0","2","","","","N","","","","","","","","","",""
"2017066833","1613","2","0","0","0","0","0","0","0","0","5","0","","02","6","2017","3","40.521533","-80.174533","1611","11","0","0","0","0","0","1","0","0","","0","0","0","","","0","","0","","40 31:17.520","","0","80 10:28.320","0","0","0","0","2420","0","0","0","","0","0","0","2","02420","0","","1.0","","1","N","N","","0","","0","0","0","","0","","","2","0","0","0","0","0","0","2","0","2","","","","N","","","","","","","","","",""
"2017056041","1025","1","0","0","0","0","0","0","0","0","1","0","","02","6","2017","5","40.460202","-79.969263","1015","11","0","0","0","0","0","1","0","0","","0","0","0","","","2","","1","","40 27:36.727","","0","79 58:09.346","8","0","0","0","2301","0","0","0","N","0","0","0","2","02301","0","","1.0","","1","N","N","","0","","0","0","1","","3","","","2","2","0","0","0","2","0","2","0","2","","","","N","","","","","","","","","",""
"2017057918","1916","0","0","0","0","0","0","0","0","0","4","0","","02","6","2017","3","40.450556","-79.957806","1910","11","0","0","0","0","0","0","0","0","","0","0","0","","","0","","0","","40 27:02.000","","0","79 57:28.100","0","0","0","0","2301","0","0","0","N","0","0","0","1","02301","0","","1.0","","1","N","N","","2","","0","0","0","","0","","","2","0","0","0","0","0","0","2","0","2","","","","N","","","","","","","","","",""
"2017070361","1353","2","0","0","0","0","0","0","0","0","4","0","","02","7","2017","2","40.458637","-79.84298","1351","11","0","0","0","0","0","0","0","0","2","0","0","0","","","1","","1","","40 27:31.094","2","0","79 50:34.729","8","0","0","0","2113","0","0","0","N","0","0","0","2","02113","0","","1.0","","9","N","N","","0","","0","0","0","","3","N","","2","1","0","0","0","1","0","2","0","2","","","","N","","","","","","","","","",""
"2017076794","1524","1","0","0","0","0","0","0","0","0","7","1","55","02","7","2017","3","40.589598","-79.88747","1507","11","0","0","0","0","0","0","0","0","2","0","1","0","","","0","","0","","40 35:22.552","4","0","79 53:14.891","0","0","0","0","2209","0","0","0","","0","0","0","2","68T02","0","","2.0","","1","N","N","","0","","0","0","0","","0","N","","2","0","0","0","0","0","0","2","0","2","","","N","Y","8","1","N","N","N","N","Y","N","Y",""
"2017072727","1217","1","0","0","0","0","0","0","0","0","7","0","45","02","7","2017","5","40.478496","-80.255118","1206","11","0","0","0","0","0","0","0","0","","0","0","0","","","1","","0","","40 28:42.584","","0","80 15:18.423","3","0","0","0","2203","0","0","0","","0","0","0","1","68B03","0","","4.0","","9","N","N","","0","","1","0","0","","0","","","1","1","0","0","0","0","0","2","0","1","","","N","Y","8","1","N","N","N","Y","N","N","N",""
"2017072729","1350","1","0","0","0","0","0","0","0","0","1","0","","02","7","2017","5","40.447394","-80.165786","1344","11","0","0","0","1","0","1","0","0","1","0","0","0","","","1","","0","","40 26:50.617","4","0","80 09:56.828","8","0","0","0","2115","0","0","0","","0","0","0","2","68B03","0","","1.0","","1","N","N","","0","","0","0","1","","3","N","","2","1","0","0","0","1","0","2","0","2","","","","N","","","","","","","","","",""
"2017017404","0850","1","0","0","0","0","0","0","0","0","4","0","","02","2","2017","1","40.41414","-79.868978","0850","11","0","0","0","0","0","0","0","0","","0","0","0","","","1","","0","","40 24:50.904","","0","79 52:08.320","4","0","0","0","2411","0","0","0","N","0","0","0","1","02411","1","","5.0","","9","N","N","","0","","0","0","1","","0","","","2","1","0","0","0","0","0","2","0","2","","","","N","","","","","","","","","",""
"2017038581","0903","0","0","0","0","0","0","0","0","0","8","0","","02","4","2017","5","40.43786","-79.930746","0903","11","0","0","0","0","0","0","1","0","1","0","0","0","","","1","","1","","40 26:16.296","4","0","79 55:50.685","8","0","0","0","2301","1","0","0","N","1","0","0","2","02301","0","","1.0","","1","N","N","","0","","0","0","1","","3","Y","","2","1","0","0","0","1","0","2","0","1","","","","N","","","","","","","","","",""
"2017055033","1424","1","0","0","0","0","0","0","0","0","4","0","","02","5","2017","3","40.326472","-80.065155","1423","11","0","0","0","0","0","1","0","1","2","0","0","0","","","0","","0","","40 19:35.300","7","0","80 03:54.558","0","0","0","0","2123","0","0","0","Y","0","0","0","4","02123","0","","1.0","","1","N","N","","1","","0","0","1","","0","N","","3","0","0","0","0","0","0","2","0","3","","","","N","","","","","","","","","",""
"2017059957","1523","2","0","0","0","0","0","0","0","0","2","0","","02","6","2017","2","40.279381","-79.874777","1511","11","0","0","0","0","0","1","0","0","2","0","0","0","","","3","","0","","40 16:45.771","5","0","79 52:29.198","4","0","0","0","2443","0","0","0","N","0","0","0","6","02443","1","","4.0","","1","N","N","","2","","0","0","0","","0","Y","","5","3","0","0","0","2","0","1","1","5","","","","N","","","","","","","","","",""
"2017072744","1515","2","0","0","0","0","0","0","0","0","1","0","","02","5","2017","4","40.424476","-80.112983","1505","11","0","0","0","0","0","0","0","0","","0","0","0","","","3","","0","","40 25:28.115","","0","80 06:46.739","8","0","0","0","2115","1","0","0","","1","0","0","4","68B03","0","","1.0","","1","N","N","","0","","0","0","0","","0","","","4","3","0","0","0","3","0","2","1","3","","","","N","","","","","","","","","",""
"2017069348","1418","0","0","0","0","0","0","0","0","0","1","2","99","02","6","2017","2","40.48085","-80.068643","1414","11","0","0","0","0","0","1","0","0","2","0","0","0","","","0","","0","","40 28:51.061","5","0","80 04:07.113","0","0","0","0","2122","0","0","0","N","0","0","0","1","02122","0","","1.0","","1","N","N","","0","","0","0","0","","0","N","","2","0","0","0","0","0","0","2","2","2","","","Y","Y","4","1","","","N","","","","Y",""
"2017055040","1630","3","0","0","0","0","0","0","0","0","1","0","","02","5","2017","3","40.437704","-79.972679","1623","11","0","0","0","0","1","1","0","0","1","0","0","0","","","0","","1","","40 26:15.734","4","3","79 58:21.645","0","0","0","0","2301","0","0","0","N","0","0","0","6","02301","0","","1.0","","1","N","N","","0","","0","0","1","","2","Y","","4","0","0","0","0","0","0","2","0","4","","","","N","","","","","","","","","",""
"2017067550","1625","1","0","0","0","0","0","0","0","0","4","0","","02","5","2017","4","40.333211","-80.020676","1621","11","0","0","0","0","0","1","0","0","","0","0","0","","","0","","0","","40 19:59.558","","0","80 01:14.432","0","0","0","0","2407","0","0","0","","0","0","0","2","02407","0","","1.0","","9","N","N","","0","","0","0","1","","0","","","2","0","0","0","0","0","0","2","0","2","","","","N","","","","","","","","","",""