"CRN","ARRIVAL_TM","AUTOMOBILE_COUNT","BELTED_DEATH_COUNT","BELTED_SUSP_SERIOUS_INJ_COUNT","BICYCLE_COUNT","BICYCLE_DEATH_COUNT","BICYCLE_SUSP_SERIOUS_INJ_COUNT","BUS_COUNT","CHLDPAS_DEATH_COUNT","CHLDPAS_SUSP_SERIOUS_INJ_COUNT","COLLISION_TYPE","COMM_VEH_COUNT","CONS_ZONE_SPD_LIM","COUNTY","CRASH_MONTH","CRASH_YEAR","DAY_OF_WEEK","DEC_LATITUDE","DEC_LONGITUDE","DISPATCH_TM","DISTRICT","DRIVER_COUNT_16YR","DRIVER_COUNT_17YR","DRIVER_COUNT_18YR","DRIVER_COUNT_19YR","DRIVER_COUNT_20YR","DRIVER_COUNT_50_64YR","DRIVER_COUNT_65_74YR","DRIVER_COUNT_75PLUS","EST_HRS_CLOSED","FATAL_COUNT","HEAVY_TRUCK_COUNT","HORSE_BUGGY_COUNT","HOUR_OF_DAY","ILLUMINATION","INJURY_COUNT","INTERSECTION_RELATED","INTERSECT_TYPE","LANE_CLOSED","LATITUDE","LN_CLOSE_DIR","LOCATION_TYPE","LONGITUDE","MAX_SEVERITY_LEVEL","MCYCLE_DEATH_COUNT","MCYCLE_SUSP_SERIOUS_INJ_COUNT","MOTORCYCLE_COUNT","MUNICIPALITY","NONMOTR_COUNT","NONMOTR_DEATH_COUNT","NONMOTR_SUSP_SERIOUS_INJ_COUNT","NTFY_HIWY_MAINT","PED_COUNT","PED_DEATH_COUNT","PED_SUSP_SERIOUS_INJ_COUNT","PERSON_COUNT","POLICE_AGCY","POSSIBLE_INJ_COUNT","RDWY_SURF_TYPE_CD","RELATION_TO_ROAD","ROADWAY_CLEARED","ROAD_CONDITION","SCH_BUS_IND","SCH_ZONE_IND","SECONDARY_CRASH","SMALL_TRUCK_COUNT","SPEC_JURIS_CD","SUSP_MINOR_INJ_COUNT","SUSP_SERIOUS_INJ_COUNT","SUV_COUNT","TCD_FUNC_CD","TCD_TYPE","TFC_DETOUR_IND","TIME_OF_DAY","TOTAL_UNITS","TOT_INJ_COUNT","UNBELTED_OCC_COUNT","UNB_DEATH_COUNT","UNB_SUSP_SERIOUS_INJ_COUNT","UNK_INJ_DEG_COUNT","UNK_INJ_PER_COUNT","URBAN_RURAL","VAN_COUNT","VEHICLE_COUNT","WEATHER1","WEATHER2","WORKERS_PRES","WORK_ZONE_IND","WORK_ZONE_LOC","WORK_ZONE_TYPE","WZ_CLOSE_DETOUR","WZ_FLAGGER","WZ_LAW_OFFCR_IND","WZ_LN_CLOSURE","WZ_MOVING","WZ_OTHER","WZ_SHLDER_MDN","WZ_WORKERS_INJ_KILLED"
"2017072049","0933","1","0","0","0","0","0","0","0","0","4","1","","02","7","2017","6","40.441592","-80.021138","0926","11","0","0","0","0","0","0","0","0","3","0","1","0","","","1","","0","","40 26:29.730","4","0","80 01:16.096","3","0","0","0","2301","0","0","0","N","0","0","0","2","02301","0","","1.0","","1","N","N","","0","","1","0","0","","2","N","","2","1","1","0","0","0","0","2","0","2","","","","N","","","","","","","","","",""
"2017058533","0105","1","0","0","0","0","0","0","0","0","8","0","","02","6","2017","3","40.434385","-79.989813","0030","11","0","0","0","0","0","0","0","0","3","0","0","0","","","1","","1","","40 26:03.787","7","0","79 59:23.327","2","0","0","0","2301","1","0","1","N","1","0","1","3","02301","0","","1.0","","1","N","N","","0","","0","1","0","","2","Y","","2","1","0","0","0","0","0","2","0","1","","","","N","","","","","","","","","",""
"2017055453","2219","2","0","0","0","0","0","0","0","0","5","0","","02","5","2017","3","40.449969","-80.109827","2212","11","0","0","1","0","0","0","0","0","","0","0","0","","","0","","6","","40 26:59.887","","2","80 06:35.377","0","0","0","0","2115","0","0","0","N","0","0","0","2","02115","0","","1.0","","9","N","N","","0","","0","0","0","","4","","","2","0","0","0","0","0","0","2","0","2","","","","N","","","","","","","","","",""
"2017055915","0650","0","0","0","0","0","0","0","0","0","1","0","","02","5","2017","4","40.472732","-79.972788","0626","11","0","0","0","0","0","0","1","0","","0","0","0","","","1","","6","","40 28:21.836","","2","79 58:22.037","8","0","0","0","2445","0","0","0","N","0","0","0","2","02445","0","","1.0","","1","N","N","","0","","0","0","2","","4","","","2","1","0","0","0","1","0","2","0","2","","","","N","","","","","","","","","",""
"2017074369","1730","1","0","0","0","0","0","0","0","0","5","0","","02","7","2017","3","40.438095","-79.756148","1712","11","0","0","0","0","0","1","0","0","","0","0","0","","","1","","0","","40 26:17.143","","0","79 45:22.133","8","0","0","0","2446","0","0","0","","0","0","0","4","68B03","0","","1.0","","1","N","N","","0","","0","0","1","","0","","","2","1","0","0","0","1","0","2","0","2","","","","N","","","","","","","","","",""
"2017048820","1150","2","0","0","0","0","0","0","0","0","1","0","","02","5","2017","5","40.490512","-79.87705","1140","11","0","0","0","0","0","0","0","1","","0","0","0","","","0","","0","","40 29:25.842","","0","79 52:37.381","0","0","0","0","2112","0","0","0","","0","0","0","2","68D02","0","","4.0","","1","N","N","","0","","0","0","0","","0","","","2","0","0","0","0","0","0","2","0","2","","","","N","","","","","","","","","",""
"2017062448","1433","1","0","0","0","0","0","0","0","0","1","0","","02","6","2017","6","40.44414","-80.028092","1428","11","0","0","0","0","0","0","1","0","","0","0","0","","","1","","1","","40 26:38.905","","0","80 01:41.132","8","0","0","1","2301","0","0","0","N","0","0","0","2","02301","0","","1.0","","1","N","N","","0","","0","0","0","","2","","","2","1","0","0","0","1","0","2","0","2","","","","N","","","","","","","","","",""
"2017055455","1525","1","0","0","0","0","0","0","0","0","1","0","","02","5","2017","4","40.413781","-79.922733","1509","11","0","0","1","0","0","0","1","0","1","0","0","0","","","0","","2","","40 24:49.612","1","0","79 55:21.837","0","0","0","0","2301","0","0","0","N","0","0","0","3","02301","0","","1.0","","1","N","N","","0","","0","0","1","","2","N","","2","0","0","0","0","0","0","2","0","2","","","","N","","","","","","","","","",""
"2017055916","2159","1","0","0","0","0","0","0","0","0","2","0","","02","5","2017","4","40.484745","-79.82269","2149","11","0","0","0","0","0","0","0","0","2","0","0","0","","","1","","0","","40 29:05.082","6","0","79 49:21.684","3","0","0","0","2113","0","0","0","N","0","0","0","1","02113","0","","1.0","","1","N","N","","0","","1","0","0","","0","Y","","2","1","0","0","0","0","0","2","1","2","","","","N","","","","","","","","","",""
"2017059387","0923","1","0","0","0","0","0","0","0","0","1","0","","02","6","2017","7","40.615944","-79.947806","0919","11","0","0","0","0","0","0","0","1","1","0","0","0","","","0","","0","","40 36:57.400","1","0","79 56:52.100","0","0","0","0","2217","0","0","0","N","0","0","0","2","02505","0","","1.0","","1","N","N","","0","","0","0","1","","0","N","","2","0","0","0","0","0","0","2","0","2","","","","N","","","","","","","","","",""
"2017040649","0942","1","0","0","0","0","0","0","0","0","4","0","","02","4","2017","4","40.551577","-79.8194","0941","11","0","0","0","0","0","0","0","1","","0","0","0","","","0","","0","","40 33:05.676","","7","79 49:09.840","0","0","0","0","2208","0","0","0","N","0","0","0","2","02208","0","","1.0","","1","N","N","","1","","0","0","0","","0","","","2","0","0","0","0","0","0","2","0","2","","","","N","","","","","","","","","",""
"2017011696","1636","2","0","0","0","0","0","0","0","0","2","0","","02","1","2017","5","40.4548","-80.110055","1630","11","0","0","0","0","0","0","0","0","","0","0","0","","","1","","2","","40 27:17.280","","0","80 06:36.197","3","0","0","0","2126","0","0","0","N","0","0","0","2","02126","0","","1.0","","9","N","N","","0","","1","0","0","","3","","","2","1","0","0","0","0","0","2","0","2","","","","N","","","","","","","","","",""
"2017046717","1300","1","0","0","0","0","0","0","0","0","1","0","","02","4","2017","3","40.447188","-80.166309","1256","11","0","0","0","0","0","0","0","0","","0","0","0","","","0","","7","","40 26:49.878","","2","80 09:58.712","0","0","0","0","2115","0","0","0","","0","0","0","5","68B03","0","","1.0","","1","N","N","","0","","0","0","1","","3","","","2","0","0","0","0","0","0","2","0","2","","","","N","","","","","","","","","",""
"2017037010","1200","1","0","0","0","0","0","0","0","0","4","0","","02","4","2017","1","40.449535","-79.998595","1154","11","0","0","0","0","0","1","0","0","","0","0","0","","","1","","7","","40 26:58.327","","2","79 59:54.942","3","0","0","0","2301","0","0","0","N","0","0","0","7","02301","0","","1.0","","1","N","N","","0","","1","0","1","","0","","","2","1","3","0","0","0","0","2","0","2","","","","N","","","","","","","","","",""
"2017037827","1435","1","0","0","0","0","0","0","0","0","99","0","","02","4","2017","2","40.36708","-79.911189","1430","11","0","0","0","0","0","0","0","0","","0","0","0","","","1","","0","","40 22:01.488","","0","79 54:40.280","3","0","0","0","2301","0","0","0","N","0","0","0","1","02301","0","","5.0","","1","N","N","","0","","1","0","0","","0","","","1","1","0","0","0","0","0","2","0","1","","","","N","","","","","","","","","",""
"2017071058","1002","1","0","0","0","0","0","0","0","0","4","0","","02","7","2017","3","40.564848","-79.956932","0959","11","0","0","1","0","0","1","0","0","2","0","0","0","","","0","","2","","40 33:53.452","1","0","79 57:24.954","0","0","0","0","2207","0","0","0","N","0","0","0","4","02207","0","","1.0","","1","N","N","","0","","0","0","1","","3","N","","2","0","0","0","0","0","0","2","0","2","","","","N","","","","","","","","","",""
"2017037261","0825","2","0","0","0","0","0","0","0","0","4","0","","02","4","2017","2","40.440113","-79.959854","0812","11","0","0","1","0","0","0","0","0","1","0","0","0","","","3","","1","","40 26:24.407","5","0","79 57:35.473","3","0","0","0","2301","0","0","0","N","0","0","0","4","02301","0","","1.0","","1","N","N","","0","","3","0","0","","0","N","","2","3","1","0","0","0","0","2","0","2","","","","N","","","","","","","","","",""
"2017037913","1552","0","0","0","0","0","0","0","0","0","1","0","","02","4","2017","3","40.341593","-79.98508","1547","11","0","0","0","0","0","2","0","0","","0","0","0","","","0","","2","","40 20:29.734","","0","79 59:06.288","0","0","0","0","2403","0","0","0","N","0","0","0","2","02403","0","","1.0","","1","N","N","","1","","0","0","1","","0","","","2","0","0","0","0","0","0","2","0","2","","","","N","","","","","","","","","",""
"2017056674","0445","1","0","0","0","0","0","0","0","0","7","0","","02","6","2017","7","40.458262","-80.030252","0445","11","0","0","0","0","0","0","0","0","2","0","0","0","","","0","","0","","40 27:29.744","2","0","80 01:48.907","0","0","0","0","2301","0","0","0","","0","0","0","0","02301","0","","2.0","","1","","","","0","","0","0","0","","0","N","","1","0","0","0","0","0","0","2","0","1","","","","N","","","","","","","","","",""
"2017072865","0720","1","0","0","0","0","0","0","0","0","7","0","","02","7","2017","6","40.563168","-80.087591","0654","11","0","0","0","0","0","0","0","0","","0","0","0","","","1","","0","","40 33:47.406","","0","80 05:15.327","8","0","0","0","2481","0","0","0","","0","0","0","1","68B03","0","","4.0","","9","N","N","","0","","0","0","0","","0","","","1","1","0","0","0","1","0","2","0","1","","","","N","","","","","","","","","",""
"2017040296","1230","1","0","0","0","0","0","0","0","0","1","0","","02","4","2017","6","40.338643","-79.968352","1226","11","0","0","0","0","0","1","0","0","","0","0","0","","","1","","0","","40 20:19.113","","0","79 58:06.066","4","0","0","0","2454","0","0","0","N","0","0","0","3","02454","1","","1.0","","1","N","N","","0","","0","0","2","","0","","","3","1","0","0","0","0","0","2","0","3","","","","N","","","","","","","","","",""
"2017072866","0742","3","0","0","0","0","0","0","0","0","1","1","","02","7","2017","6","40.500217","-80.123806","0730","11","0","0","0","0","0","2","1","0","2","0","1","0","","","0","","0","","40 30:00.781","2","0","80 07:25.702","9","0","0","0","2115","0","0","0","","0","0","0","5","68B03","0","","1.0","","9","N","N","","1","","0","0","0","","0","N","","5","0","0","0","0","0","2","2","0","5","","","","N","","","","","","","","","",""
"2017050192","0911","1","0","0","0","0","0","0","0","0","2","0","","02","5","2017","5","40.443885","-79.768655","0906","11","0","0","0","0","0","0","0","0","1","0","0","0","","","2","","1","","40 26:37.986","4","0","79 46:07.158","8","0","0","0","2446","0","0","0","N","0","0","0","3","02446","0","","1.0","","9","N","N","","1","","0","0","0","","0","N","","2","2","1","0","0","2","0","2","0","2","","","","N","","","","","","","","","",""
"2017071092","1635","2","0","0","0","0","0","0","0","0","1","1","","02","7","2017","3","40.478829","-80.04312","1626","11","0","0","0","0","0","0","0","0","3","0","1","0","","","1","","1","","40 28:43.784","5","3","80 02:35.231","3","0","0","0","2301","0","0","0","N","0","0","0","3","02301","0","","1.0","","1","N","N","","0","","1","0","0","","0","N","","3","1","0","0","0","0","0","2","0","3","","","","N","","","","","","","","","",""
"2017056008","0756","0","0","0","0","0","0","0","0","0","8","0","","02","6","2017","5","40.492794","-80.021801","0752","11","0","0","0","0","0","0","0","0","2","0","0","0","","","1","","1","","40 29:34.060","3","0","80 01:18.483","4","0","0","0","2301","1","0","0","N","1","0","0","2","02301","1","","1.0","","1","N","N","","1","","0","0","0","","2","N","","2","1","0","0","0","0","0","2","0","1","","","","N","","","","","","","","","",""
"2017072868","1335","1","0","0","0","0","0","0","0","0","7","0","","02","7","2017","6","40.587337","-79.879957","1325","11","0","0","0","0","0","2","0","0","3","0","0","0","","","0","","0","","40 35:14.414","4","0","79 52:47.844","0","0","0","0","2209","0","0","0","","0","0","0","5","68T02","0","","4.0","","1","N","N","","0","","0","0","1","","0","Y","","2","0","0","0","0","0","0","2","0","2","","","","N","","","","","","","","","",""
"2017038435","1405","2","0","0","0","0","0","0","0","0","4","0","","02","4","2017","1","40.346283","-79.881434","1359","11","0","0","0","1","0","0","0","0","1","0","0","0","","","1","","0","","40 20:46.618","3","0","79 52:53.162","8","0","0","0","2304","0","0","0","N","0","0","0","3","02304","0","","1.0","","1","N","N","","0","","0","0","0","","2","N","","2","1","0","0","0","1","0","2","0","2","","","","N","","","","","","","","","",""
"2017056016","0822","4","0","0","0","0","0","0","0","0","1","0","","02","6","2017","5","40.478908","-80.043019","0813","11","0","0","0","0","0","1","0","0","","0","0","0","","","0","","1","","40 28:44.067","","3","80 02:34.868","0","0","0","0","2301","0","0","0","N","0","0","0","6","02301","0","","1.0","","1","Y","N","","0","","0","0","0","","2","","","4","0","0","0","0","0","0","2","0","4","","","","N","","","","","","","","","",""
"2017037832","0739","0","0","0","0","0","0","0","0","0","8","0","","02","4","2017","3","40.449839","-79.929647","0736","11","0","0","0","0","0","0","0","0","1","0","0","0","","","1","","1","","40 26:59.420","2","0","79 55:46.729","8","0","0","0","2301","1","0","0","N","1","0","0","2","02301","0","","1.0","","1","N","N","","0","","0","0","1","","2","N","","2","1","0","0","0","1","0","2","0","1","","","","N","","","","","","","","","",""
"2017037831","0938","1","0","0","0","0","0","0","0","0","7","0","","02","4","2017","3","40.478931","-79.943962","0923","11","0","0","0","0","0","0","0","0","","0","0","0","","","0","","0","","40 28:44.151","","0","79 56:38.263","0","0","0","0","2301","0","0","0","N","0","0","0","1","02301","0","","5.0","","1","N","N","","0","","0","0","0","","0","","","1","0","0","0","0","0","0","2","0","1","","","","N","","","","","","","","","",""
"2017056027","0836","1","0","0","0","0","0","0","0","0","5","0","","02","6","2017","5","40.419741","-79.933721","0828","11","0","0","0","0","0","1","0","0","2","0","0","0","","","2","","3","","40 25:11.067","6","0","79 56:01.395","3","0","0","0","2301","0","0","0","N","0","0","0","2","02301","0","","1.0","","1","N","N","","0","","2","0","1","","0","Y","","2","2","0","0","0","0","0","2","0","2","","","","N","","","","","","","","","",""
"2017059122","1555","0","0","0","0","0","0","0","0","0","1","0","","02","5","2017","4","40.482501","-80.070097","1553","11","0","0","0","0","0","0","0","0","","0","0","0","","","0","","0","","40 28:57.003","","0","80 04:12.348","0","0","0","0","2122","0","0","0","N","0","0","0","3","02122","0","","1.0","","1","N","N","","0","","0","0","2","","0","","","2","0","0","0","0","0","0","2","0","2","","","","N","","","","","","","","","",""
"2017056035","0938","2","0","0","0","0","0","0","0","0","4","0","","02","5","2017","4","40.535917","-80.183034","0936","11","0","0","0","0","1","1","0","0","1","0","0","0","","","0","","1","","40 32:09.302","1","0","80 10:58.924","0","0","0","0","2458","0","0","0","N","0","0","0","3","02458","0","","1.0","","1","N","N","","0","","0","0","0","","2","N","","2","0","0","0","0","0","0","2","0","2","","","","N","","","","","","","","","",""
"2017058672","2025","2","0","0","0","0","0","0","0","0","4","0","","02","6","2017","4","40.494389","-80.064491","2024","11","0","0","0","0","0","0","0","0","2","0","0","0","","","2","","0","","40 29:39.799","2","0","80 03:52.169","8","0","0","0","2402","0","0","0","N","0","0","0","3","02402","0","","1.0","","1","N","N","","0","","0","0","0","","0","Y","","2","2","0","0","0","2","0","2","0","2","","","","N","","","","","","","","","",""
"2017045183","1514","0","0","0","0","0","0","0","0","0","4","1","","02","4","2017","5","40.538077","-79.839553","1508","11","0","0","0","0","0","0","0","0","1","0","1","0","","","1","","2","","40 32:17.077","4","7","79 50:22.391","8","0","0","0","2208","0","0","0","N","0","0","0","2","02208","0","","1.0","","1","N","N","","1","","0","0","0","","2","Y","","2","1","0","0","0","1","0","2","0","2","","","","N","","","","","","","","","",""
"2017036230","1622","2","0","0","0","0","0","0","0","0","2","0","","02","4","2017","5","40.519406","-79.806176","1615","11","0","0","1","0","0","0","0","1","2","0","0","0","","","1","","0","","40 31:09.861","5","0","79 48:22.235","3","0","0","0","2466","0","0","0","N","0","0","0","2","02466","0","","1.0","","9","N","N","","0","","1","0","0","","0","N","","2","1","0","0","0","0","0","2","0","2","","","","N","","","","","","","","","",""
"2017056037","1000","0","0","0","0","0","0","0","0","0","7","0","","02","6","2017","5","40.430624","-80.053442","0954","11","0","0","0","0","0","0","0","0","3","0","0","0","","","1","","0","","40 25:50.245","6","0","80 03:12.391","8","0","0","0","2301","0","0","0","N","0","0","0","1","02301","0","","4.0","","1","N","N","","1","","0","0","0","","0","Y","","1","1","0","0","0","1","0","2","0","1","","","","N","","","","","","","","","",""
"2017071295","0951","1","0","0","0","0","0","0","0","0","7","0","","02","7","2017","4","","","0937","11","0","0","0","0","0","0","0","0","1","0","0","0","","","0","","7","","00 00:00.00","3","2","00 00:00.0","0","0","0","0","2301","0","0","0","N","0","0","0","1","02301","0","","3.0","","9","N","N","","0","","0","0","0","","0","N","","1","0","0","0","0","0","0","1","0","1","","","","N","","","","","","","","","",""
"2017036010","2144","1","0","0","0","0","0","0","0","0","4","0","","02","4","2017","4","40.422689","-79.960482","2143","11","0","0","0","0","0","1","0","0","1","0","0","0","","","0","","0","","40 25:21.680","3","0","79 57:37.736","0","0","0","0","2301","0","0","0","N","0","0","0","2","02301","0","","1.0","","1","N","N","","0","","0","0","1","","2","N","","2","0","0","0","0","0","0","2","0","2","","","","N","","","","","","","","","",""
"2017038982","1602","0","0","0","0","0","0","0","0","0","2","0","","02","4","2017","6","40.369632","-79.853859","1600","11","0","0","0","0","0","1","0","0","2","0","0","0","","","3","","0","","40 22:10.675","6","0","79 51:13.892","8","0","0","0","2303","0","0","0","N","0","0","0","3","02303","0","","5.0","","1","N","N","","3","","0","0","0","","3","Y","","3","3","0","0","0","3","0","2","0","3","","","","N","","","","","","","","","",""
"2017038105","0114","1","0","0","0","0","0","0","0","0","7","0","","02","4","2017","4","40.287376","-80.002628","0110","11","0","0","0","0","0","0","0","0","3","0","0","0","","","0","","0","","40 17:14.552","1","0","80 00:09.462","0","0","0","0","2219","0","0","0","N","0","0","0","1","02219","0","","2.0","","9","N","N","","0","","0","0","0","","0","N","","1","0","0","0","0","0","0","2","0","1","","","","N","","","","","","","","","",""
"2017048138","1728","0","0","0","0","0","0","0","0","0","99","0","","02","5","2017","7","40.334328","-80.136418","1725","11","0","0","0","0","0","0","0","0","","0","0","0","","","0","","0","","40 20:03.580","","0","80 08:11.106","0","0","0","0","2119","0","0","0","","0","0","0","3","68B03","0","","1.0","","1","N","N","","0","","0","0","1","","0","","","1","0","0","0","0","0","0","2","0","1","","","","N","","","","","","","","","",""
"2017038199","0630","1","0","0","0","0","0","0","0","0","7","0","","02","4","2017","4","40.45298","-79.830419","0624","11","0","0","0","0","0","0","0","0","","0","0","0","","","1","","2","","40 27:10.728","","0","79 49:49.508","3","0","0","0","2113","0","0","0","N","0","0","0","1","02113","0","","5.0","","1","N","N","","0","","1","0","0","","0","","","1","1","0","0","0","0","0","2","0","1","","","","N","","","","","","","","","",""
"2017050440","2000","1","0","0","0","0","0","0","0","0","7","0","","02","5","2017","6","40.656364","-79.723528","1939","11","0","0","0","0","0","0","0","0","","0","0","0","","","0","","0","","40 39:22.912","","0","79 43:24.702","0","0","0","0","2106","0","0","0","","0","0","0","1","68D02","0","","5.0","","1","N","N","","0","","0","0","0","","0","","","1","0","0","0","0","0","0","2","0","1","","","","N","","","","","","","","","",""
"2017035000","1759","0","0","0","0","0","0","0","0","0","8","0","","02","4","2017","2","40.323336","-80.068143","1757","11","0","0","0","0","0","0","0","0","1","0","0","0","","","1","","0","","40 19:24.011","4","0","80 04:05.313","3","0","0","0","2123","1","0","0","N","1","0","0","2","02123","0","","1.0","","1","N","N","","0","","1","0","0","","0","N","","2","1","0","0","0","0","0","2","1","1","","","","N","","","","","","","","","",""
"2017037919","1620","1","0","0","0","0","0","0","0","0","5","0","","02","4","2017","1","40.534243","-79.844338","1617","11","0","0","0","0","1","1","0","0","1","0","0","0","","","0","","0","","40 32:03.275","4","0","79 50:39.615","0","0","0","0","2208","0","0","0","N","0","0","0","2","02208","0","","1.0","","1","N","N","","0","","0","0","1","","0","N","","2","0","0","0","0","0","0","2","0","2","","","","N","","","","","","","","","",""
"2017056059","1101","1","0","0","0","0","0","0","0","0","4","0","","02","6","2017","5","40.462341","-79.943223","1047","11","0","0","0","0","0","0","1","0","","0","0","0","","","1","","1","","40 27:44.427","","0","79 56:35.602","8","0","0","0","2301","0","0","0","N","0","0","0","3","02301","0","","1.0","","1","N","N","","0","","0","0","1","","3","","","2","1","1","0","0","1","0","2","0","2","","","","N","","","","","","","","","",""
"2017047013","0010","1","0","0","0","0","0","0","0","0","7","0","","02","5","2017","6","40.429241","-79.943784","2253","11","0","0","0","1","0","0","0","0","1","0","0","0","","","0","","0","","40 25:45.266","4","0","79 56:37.624","0","0","0","0","2301","0","0","0","","0","0","0","1","68B03","0","","4.0","","9","N","N","","0","","0","0","0","","0","N","","1","0","0","0","0","0","0","2","0","1","","","","N","","","","","","","","","",""
"2017036368","0015","2","0","0","0","0","0","0","0","0","1","0","","02","4","2017","6","40.436234","-79.996157","0010","11","0","0","0","1","0","0","0","0","1","0","0","0","","","0","","2","","40 26:10.441","3","0","79 59:46.165","9","0","0","0","2301","0","0","0","N","0","0","0","2","02301","0","","1.0","","9","N","N","","0","","0","0","0","","2","N","","2","0","0","0","0","0","1","2","0","2","","","","N","","","","","","","","","",""
"2017056068","1208","0","0","0","0","0","0","0","0","0","7","0","","02","6","2017","5","40.423167","-79.984611","1204","11","0","0","0","0","0","0","0","1","4","0","0","0","","","0","","0","","40 25:23.400","5","0","79 59:04.600","0","0","0","0","2301","0","0","0","N","0","0","0","2","02301","0","","5.0","","1","N","N","","0","","0","0","1","","0","Y","","1","0","0","0","0","0","0","2","0","1","","","","N","","","","","","","","","",""
"2017059243","0020","0","0","0","0","0","0","0","0","0","4","0","","02","6","2017","5","40.449222","-80.004583","0013","11","0","0","0","0","0","0","0","0","1","0","0","0","","","0","","1","","40 26:57.200","4","0","80 00:16.500","0","0","0","0","2301","0","0","0","N","0","0","0","2","02301","0","","1.0","","1","N","N","","2","","0","0","0","","1","N","","2","0","0","0","0","0","0","2","0","2","","","","N","","","","","","","","","",""
"2017056070","1219","1","0","0","0","0","0","0","0","0","7","0","","02","6","2017","5","40.383419","-79.955176","1219","11","0","0","0","0","0","0","1","0","2","0","0","0","","","1","","0","","40 23:00.308","2","0","79 57:18.633","2","0","0","0","2403","0","0","0","N","0","0","0","1","02403","0","","5.0","","1","N","N","","0","","0","1","0","","0","N","","1","1","0","0","0","0","0","2","0","1","","","","N","","","","","","","","","",""
"2017074398","1029","0","0","0","0","0","0","0","0","0","0","0","","02","6","2017","1","40.428956","-80.02915","1021","11","0","0","0","0","0","2","0","0","2","0","0","0","","","1","","3","","40 25:44.241","3","0","80 01:44.941","8","0","0","1","2301","0","0","0","","0","0","0","4","68B03","0","","1.0","","1","N","N","","1","","0","0","0","","0","N","","2","1","0","0","0","1","0","2","0","2","","","","N","","","","","","","","","",""
"2017039353","0924","2","0","0","0","0","0","0","0","0","1","0","","02","4","2017","6","40.535401","-79.970312","0922","11","0","0","0","0","0","0","0","0","1","0","0","0","","","2","","0","","40 32:07.445","5","0","79 58:13.122","8","0","0","0","2118","0","0","0","N","0","0","0","2","02118","0","","1.0","","1","N","N","","0","","0","0","0","","0","Y","","2","2","1","0","0","2","0","2","0","2","","","","N","","","","","","","","","",""
"2017036022","0341","0","0","0","0","0","0","0","0","0","7","0","","02","4","2017","7","40.611779","-79.835259","0334","11","0","0","0","0","0","0","0","0","","0","0","0","","","0","","2","","40 36:42.403","","0","79 50:06.932","0","0","0","0","2220","0","0","0","N","0","0","0","1","02220","0","","5.0","","1","N","N","","0","","0","0","1","","0","","","1","0","0","0","0","0","0","2","0","1","","","","N","","","","","","","","","",""
"2017056255","2024","2","0","0","0","0","0","0","0","0","1","0","","02","5","2017","3","40.667544","-80.096595","2024","11","0","0","0","0","0","0","0","0","","0","0","0","","","0","","2","","40 40:03.159","","0","80 05:47.742","0","0","0","0","2212","0","0","0","N","0","0","0","2","02505","0","","1.0","","1","N","N","","0","","0","0","0","","2","","","2","0","0","0","0","0","0","2","0","2","","","","N","","","","","","","","","",""
"2017038045","1730","1","0","0","0","0","0","0","0","0","4","0","","02","4","2017","3","40.424627","-80.030452","1727","11","0","0","0","1","0","0","0","0","","0","0","0","","","0","","7","","40 25:28.658","","2","80 01:49.626","0","0","0","0","2301","0","0","0","N","0","0","0","3","02301","0","","1.0","","1","N","N","","0","","0","0","1","","0","","","2","0","0","0","0","0","0","2","0","2","","","","N","","","","","","","","","",""
"2017049874","1147","2","0","0","0","0","0","0","0","0","4","1","","02","5","2017","5","40.433842","-79.747791","1124","11","0","0","0","0","0","0","0","1","","0","1","0","","","0","","6","","40 26:01.830","","2","79 44:52.048","0","0","0","0","2446","0","0","0","","0","0","0","4","68T09","0","","1.0","","9","N","N","","0","","0","0","0","","0","","","3","0","0","0","0","0","0","2","0","3","","","","N","","","","","","","","","",""
"2017056079","1305","1","0","0","0","0","0","0","0","0","4","0","","02","6","2017","5","40.462072","-79.859558","1301","11","0","0","0","0","0","0","1","0","2","0","0","0","","","2","","0","","40 27:43.459","3","0","79 51:34.409","3","0","0","0","2113","0","0","0","N","0","0","0","2","02113","1","","1.0","","1","N","N","","0","","1","0","1","","0","Y","","2","2","1","0","0","0","0","2","0","2","","","","N","","","","","","","","","",""
"2017056257","1750","1","0","0","0","0","0","0","0","0","1","0","","02","6","2017","5","40.478908","-80.043019","1750","11","0","0","0","1","0","1","0","1","2","0","0","0","","","1","","1","","40 28:44.067","4","3","80 02:34.868","3","0","0","0","2301","0","0","0","N","0","0","0","10","02301","0","","1.0","","1","N","N","","2","","1","0","1","","0","N","","4","1","1","0","0","0","0","2","0","4","","","","N","","","","","","","","","",""
"2017056080","0805","1","0","0","0","0","0","0","0","0","1","0","","02","6","2017","5","40.541911","-80.012913","0805","11","0","0","0","0","0","0","0","0","1","0","0","0","","","0","","1","","40 32:30.878","1","0","80 00:46.485","0","0","0","0","2116","0","0","0","N","0","0","0","2","02116","0","","1.0","","1","N","N","","1","","0","0","0","","2","N","","2","0","0","0","0","0","0","2","0","2","","","","N","","","","","","","","","",""
"2017058751","1529","1","0","0","0","0","0","0","0","0","4","0","","02","6","2017","5","40.437157","-79.963045","1511","11","0","0","0","0","0","0","1","0","2","0","0","0","","","2","","1","","40 26:13.765","1","0","79 57:46.962","4","0","0","0","2301","0","0","0","N","0","0","0","5","02301","2","","1.0","","1","N","N","","0","","0","0","1","","2","Y","","3","2","0","0","0","0","0","2","1","3","","","","N","","","","","","","","","",""