"CRN","ARRIVAL_TM","AUTOMOBILE_COUNT","BELTED_DEATH_COUNT","BELTED_SUSP_SERIOUS_INJ_COUNT","BICYCLE_COUNT","BICYCLE_DEATH_COUNT","BICYCLE_SUSP_SERIOUS_INJ_COUNT","BUS_COUNT","CHLDPAS_DEATH_COUNT","CHLDPAS_SUSP_SERIOUS_INJ_COUNT","COLLISION_TYPE","COMM_VEH_COUNT","CONS_ZONE_SPD_LIM","COUNTY","CRASH_MONTH","CRASH_YEAR","DAY_OF_WEEK","DEC_LATITUDE","DEC_LONGITUDE","DISPATCH_TM","DISTRICT","DRIVER_COUNT_16YR","DRIVER_COUNT_17YR","DRIVER_COUNT_18YR","DRIVER_COUNT_19YR","DRIVER_COUNT_20YR","DRIVER_COUNT_50_64YR","DRIVER_COUNT_65_74YR","DRIVER_COUNT_75PLUS","EST_HRS_CLOSED","FATAL_COUNT","HEAVY_TRUCK_COUNT","HORSE_BUGGY_COUNT","HOUR_OF_DAY","ILLUMINATION","INJURY_COUNT","INTERSECTION_RELATED","INTERSECT_TYPE","LANE_CLOSED","LATITUDE","LN_CLOSE_DIR","LOCATION_TYPE","LONGITUDE","MAX_SEVERITY_LEVEL","MCYCLE_DEATH_COUNT","MCYCLE_SUSP_SERIOUS_INJ_COUNT","MOTORCYCLE_COUNT","MUNICIPALITY","NONMOTR_COUNT","NONMOTR_DEATH_COUNT","NONMOTR_SUSP_SERIOUS_INJ_COUNT","NTFY_HIWY_MAINT","PED_COUNT","PED_DEATH_COUNT","PED_SUSP_SERIOUS_INJ_COUNT","PERSON_COUNT","POLICE_AGCY","POSSIBLE_INJ_COUNT","RDWY_SURF_TYPE_CD","RELATION_TO_ROAD","ROADWAY_CLEARED","ROAD_CONDITION","SCH_BUS_IND","SCH_ZONE_IND","SECONDARY_CRASH","SMALL_TRUCK_COUNT","SPEC_JURIS_CD","SUSP_MINOR_INJ_COUNT","SUSP_SERIOUS_INJ_COUNT","SUV_COUNT","TCD_FUNC_CD","TCD_TYPE","TFC_DETOUR_IND","TIME_OF_DAY","TOTAL_UNITS","TOT_INJ_COUNT","UNBELTED_OCC_COUNT","UNB_DEATH_COUNT","UNB_SUSP_SERIOUS_INJ_COUNT","UNK_INJ_DEG_COUNT","UNK_INJ_PER_COUNT","URBAN_RURAL","VAN_COUNT","VEHICLE_COUNT","WEATHER1","WEATHER2","WORKERS_PRES","WORK_ZONE_IND","WORK_ZONE_LOC","WORK_ZONE_TYPE","WZ_CLOSE_DETOUR","WZ_FLAGGER","WZ_LAW_OFFCR_IND","WZ_LN_CLOSURE","WZ_MOVING","WZ_OTHER","WZ_SHLDER_MDN","WZ_WORKERS_INJ_KILLED"
"2017074854","2352","2","0","0","0","0","0","0","0","0","1","0","","02","7","2017","6","40.55691","-79.807081","2338","11","0","0","0","0","0","0","0","0","","0","0","0","","","0","","0","","40 33:24.877","","0","79 48:25.490","9","0","0","0","2121","0","0","0","","0","0","0","3","68D02","0","","1.0","","1","N","N","","0","","0","0","0","","0","","","2","0","0","0","0","0","1","2","0","2","","","","N","","","","","","","","","",""
"2017039906","1350","0","0","0","0","0","0","0","0","0","1","0","","02","4","2017","4","40.364686","-80.048186","1345","11","0","1","0","0","0","1","0","0","1","0","0","0","","","0","","1","","40 21:52.871","2","0","80 02:53.470","0","0","0","0","2109","0","0","0","","0","0","0","2","02109","0","","1.0","","1","N","N","","1","","0","0","1","","2","N","","2","0","0","0","0","0","0","2","0","2","","","","N","","","","","","","","","",""
"2017062686","0852","2","0","0","0","0","0","0","0","0","1","0","","02","6","2017","6","40.563798","-80.208653","0852","11","0","0","0","0","0","1","0","0","1","0","0","0","","","0","","2","","40 33:49.672","2","0","80 12:31.151","0","0","0","0","2441","0","0","0","N","0","0","0","4","02441","0","","1.0","","1","N","N","","0","","0","0","2","","1","N","","4","0","0","0","0","0","0","2","0","4","","","","N","","","","","","","","","",""
"2017051739","1525","2","0","0","0","0","0","0","0","0","5","1","","02","5","2017","1","40.398376","-80.026205","1512","11","0","0","0","0","0","1","0","0","","0","1","0","","","1","","1","","40 23:54.152","","0","80 01:34.337","4","0","0","0","2301","0","0","0","N","0","0","0","4","02301","1","","1.0","","9","N","N","","0","","0","0","0","","0","","","3","1","0","0","0","0","0","2","0","3","","","","N","","","","","","","","","",""
"2017038200","1407","1","0","0","0","0","0","0","0","0","7","0","","02","4","2017","3","40.645537","-80.009259","1400","11","0","0","0","0","0","0","0","1","2","0","0","0","","","2","","0","","40 38:43.933","2","0","80 00:33.332","3","0","0","0","2216","0","0","0","N","0","0","0","2","02505","0","","5.0","","9","N","N","","0","","2","0","0","","0","N","","1","2","0","0","0","0","0","1","0","1","","","","N","","","","","","","","","",""
"2017036883","1738","1","0","0","0","0","0","0","0","0","6","0","","02","4","2017","7","40.360402","-79.822848","1734","11","1","0","0","0","0","0","0","0","","0","0","0","","","0","","0","","40 21:37.447","","0","79 49:22.252","0","0","0","0","2477","0","0","0","N","0","0","0","6","02477","0","","1.0","","1","N","N","","1","","0","0","0","","0","","","2","0","0","0","0","0","0","2","0","2","","","","N","","","","","","","","","",""
"2017036772","1258","1","0","0","0","0","0","0","0","0","6","0","","02","4","2017","6","40.615957","-80.093195","1257","11","0","0","0","0","0","1","0","0","2","0","0","0","","","0","","1","","40 36:57.446","4","0","80 05:35.502","0","0","0","0","2481","0","0","0","N","0","0","0","2","02481","0","","1.0","","1","N","N","","0","","0","0","1","","2","N","","2","0","0","0","0","0","0","2","0","2","","","","N","","","","","","","","","",""
"2017049776","1829","1","0","0","0","0","0","0","0","0","1","0","","02","5","2017","2","40.288968","-80.007571","1826","11","0","0","0","0","1","0","1","0","1","0","0","0","","","2","","2","","40 17:20.286","3","0","80 00:27.255","8","0","0","0","2219","0","0","0","N","0","0","0","2","02219","0","","1.0","","1","N","N","","0","","0","0","1","","0","N","","2","2","0","0","0","2","0","2","0","2","","","","N","","","","","","","","","",""
"2017036670","2053","1","0","0","0","0","0","0","0","0","8","0","","02","4","2017","6","40.444069","-79.954502","2049","11","0","0","0","0","0","1","0","0","2","0","0","0","","","1","","0","","40 26:38.648","7","0","79 57:16.207","8","0","0","0","2301","1","0","0","N","1","0","0","2","02301","0","","1.0","","1","N","N","","0","","0","0","0","","0","N","","2","1","0","0","0","1","0","2","0","1","","","","N","","","","","","","","","",""
"2017035983","1615","0","0","0","0","0","0","0","0","0","4","0","","02","4","2017","4","40.248869","-79.877099","1602","11","0","0","0","0","0","0","1","0","","0","0","0","","","0","","2","","40 14:55.927","","0","79 52:37.558","0","0","0","0","2204","0","0","0","N","0","0","0","2","02204","0","","1.0","","1","N","N","","1","","0","0","1","","2","","","2","0","0","0","0","0","0","1","0","2","","","","N","","","","","","","","","",""
"2017063266","1635","1","0","0","0","0","0","0","0","0","4","0","","02","6","2017","3","40.409509","-80.080223","1633","11","0","0","0","0","0","0","0","0","1","0","0","0","","","1","","2","","40 24:34.231","3","0","80 04:48.802","3","0","0","0","2415","0","0","0","N","0","0","0","2","02415","0","","1.0","","1","N","N","","0","","1","0","1","","3","N","","2","1","0","0","0","0","0","2","0","2","","","","N","","","","","","","","","",""
"2017049300","1401","1","0","0","0","0","0","0","0","0","1","0","","02","5","2017","6","40.585288","-80.101678","1353","11","0","0","0","0","0","1","1","0","","0","0","0","","","0","","0","","40 35:07.037","","0","80 06:06.041","0","0","0","0","2481","0","0","0","","0","0","0","2","68B03","0","","1.0","","1","N","N","","1","","0","0","0","","0","","","2","0","0","0","0","0","0","2","0","2","","","","N","","","","","","","","","",""
"2017049540","1415","1","0","0","0","0","0","0","0","0","4","0","","02","5","2017","2","40.413464","-80.042733","1359","11","0","0","0","0","0","0","1","0","2","0","0","0","","","0","","1","","40 24:48.470","1","0","80 02:33.838","0","0","0","0","2301","0","0","0","N","0","0","0","2","02301","0","","1.0","","1","N","N","","0","","0","0","1","","3","N","","2","0","0","0","0","0","0","2","0","2","","","","N","","","","","","","","","",""
"2017038285","1445","2","0","0","0","0","0","0","0","0","1","0","","02","4","2017","4","40.452499","-79.826253","1438","11","0","1","0","0","0","1","0","0","","0","0","0","","","1","","0","","40 27:08.997","","0","79 49:34.511","4","0","0","0","2113","0","0","0","N","0","0","0","3","02113","1","","1.0","","1","N","N","","0","","0","0","1","","0","","","3","1","0","0","0","0","0","2","0","3","","","","N","","","","","","","","","",""
"2017064177","0515","3","0","0","0","0","0","0","0","0","1","0","","02","6","2017","7","40.424339","-80.000846","0511","11","0","0","0","0","0","0","0","0","","0","0","0","","","0","","0","","40 25:27.620","","0","80 00:03.045","0","0","0","0","2301","0","0","0","N","0","0","0","1","02301","0","","6.0","","1","N","N","","0","","0","0","0","","0","","","3","0","0","0","0","0","0","2","0","3","","","","N","","","","","","","","","",""
"2017037899","1427","3","0","0","0","0","0","0","0","0","1","0","","02","4","2017","7","40.423704","-79.857341","1425","11","0","0","0","0","0","1","0","1","2","0","0","0","","","3","","0","","40 25:25.335","4","0","79 51:26.427","4","0","0","0","2431","0","0","0","N","0","0","0","4","02431","3","","1.0","","1","N","N","","0","","0","0","0","","0","N","","3","3","0","0","0","0","0","2","0","3","","","","N","","","","","","","","","",""
"2017038774","2350","1","0","0","0","0","0","0","0","0","7","0","","02","4","2017","5","40.449123","-80.024766","2345","11","0","0","0","0","0","0","0","0","","0","0","0","","","0","","10","","40 26:56.843","","0","80 01:29.159","0","0","0","0","2301","0","0","0","N","0","0","0","1","02301","0","","2.0","","1","N","N","","0","","0","0","0","","0","","","1","0","0","0","0","0","0","2","0","1","","","","N","","","","","","","","","",""
"2017039466","2122","0","0","0","0","0","0","0","0","0","7","0","","02","4","2017","7","40.390139","-79.81725","2118","11","0","0","0","0","0","0","0","0","","0","0","0","","","1","","3","","40 23:24.500","","0","79 49:02.100","4","0","0","0","2111","0","0","0","N","0","0","0","1","02111","1","","5.0","","1","N","N","","0","","0","0","1","","0","","","1","1","1","0","0","0","0","2","0","1","","","","N","","","","","","","","","",""
"2017036258","1740","1","0","0","0","0","0","0","0","0","4","0","","02","4","2017","5","40.450547","-79.930075","1730","11","0","0","0","0","0","1","0","0","","0","0","0","","","0","","1","","40 27:01.969","","0","79 55:48.270","0","0","0","0","2301","0","0","0","N","0","0","0","2","02301","0","","1.0","","9","N","N","","0","","0","0","1","","3","","","2","0","0","0","0","0","0","2","0","2","","","","N","","","","","","","","","",""
"2017037323","1349","1","0","0","0","0","0","0","0","0","1","0","","02","4","2017","2","40.541952","-79.774909","1347","11","0","0","0","0","0","0","0","0","1","0","0","0","","","1","","0","","40 32:31.026","1","0","79 46:29.674","8","0","0","0","2462","0","0","0","N","0","0","0","4","02462","0","","1.0","","1","N","N","","0","","0","0","0","","0","N","","2","1","0","0","0","1","0","2","1","2","","","","N","","","","","","","","","",""
"2017037043","1844","0","0","0","0","0","0","0","0","0","4","0","","02","4","2017","7","40.3408","-79.940542","1841","11","0","0","0","0","0","0","0","0","2","0","0","0","","","0","","2","","40 20:26.880","7","0","79 56:25.950","0","0","0","0","2473","0","0","0","N","0","0","0","4","02473","0","","1.0","","1","N","N","","1","","0","0","1","","3","Y","","2","0","0","0","0","0","0","2","0","2","","","","N","","","","","","","","","",""
"2017036782","0820","0","0","0","0","0","0","0","0","0","7","0","","02","4","2017","7","40.464993","-79.865464","0815","11","0","0","0","0","0","0","0","0","2","0","0","0","","","1","","0","","40 27:53.975","2","0","79 51:55.671","3","0","0","0","2113","0","0","0","N","0","0","0","1","02113","0","","5.0","","2","N","N","","0","","1","0","1","","0","Y","","1","1","0","0","0","0","0","2","0","1","","","","N","","","","","","","","","",""
"2017038742","0201","1","0","0","0","0","0","0","0","0","7","0","","02","4","2017","5","40.559813","-79.963295","0156","11","0","0","0","0","0","0","0","0","","0","0","0","","","0","","0","","40 33:35.326","","0","79 57:47.862","0","0","0","0","2207","0","0","0","N","0","0","0","1","02207","0","","4.0","","1","N","N","","0","","0","0","0","","0","","","1","0","0","0","0","0","0","2","0","1","","","","N","","","","","","","","","",""
"2017041850","0143","3","0","0","0","0","0","0","0","0","4","0","","02","4","2017","7","40.429992","-79.892081","0140","11","0","0","0","0","0","0","0","0","2","0","0","0","","","0","","0","","40 25:47.970","5","0","79 53:31.490","0","0","0","0","2426","0","0","0","","0","0","0","1","02426","0","","6.0","","1","N","N","","0","","0","0","0","","0","N","","3","0","0","0","0","0","0","2","0","3","","","","N","","","","","","","","","",""
"2017036814","1253","1","0","0","0","0","0","0","0","0","1","0","","02","4","2017","7","40.472308","-79.97298","1252","11","0","0","0","0","0","1","0","0","1","0","0","0","","","0","","6","","40 28:20.308","2","0","79 58:22.729","0","0","0","0","2445","0","0","0","N","0","0","0","2","02445","0","","1.0","","1","N","N","","1","","0","0","0","","4","N","","2","0","0","0","0","0","0","2","0","2","","","","N","","","","","","","","","",""
"2017038101","0603","0","0","0","0","0","0","0","0","0","6","0","","02","4","2017","3","40.654014","-79.838872","0558","11","0","0","0","0","0","0","0","0","","0","0","0","","","0","","1","","40 39:14.452","","0","79 50:19.939","0","0","0","0","2220","0","0","0","N","0","0","0","2","02220","0","","1.0","","1","N","N","","0","","0","0","2","","3","","","2","0","0","0","0","0","0","1","0","2","","","","N","","","","","","","","","",""
"2017046160","1821","1","0","0","0","0","0","0","0","0","2","0","","02","5","2017","6","40.291053","-79.834494","1817","11","0","0","0","0","0","1","0","0","2","1","0","0","","","2","","0","","40 17:27.789","5","0","79 50:04.179","1","0","0","0","2105","0","0","0","N","0","0","0","3","02105","0","2","1.0","","9","N","N","","0","0","2","0","0","","0","Y","","2","2","0","0","0","0","0","2","1","2","","","","N","","","","","","","","","",""
"2017051071","1627","1","0","0","0","0","0","0","0","0","1","0","","02","5","2017","4","40.425126","-80.119569","1627","11","0","0","0","1","0","0","0","0","1","0","0","0","","","1","","0","","40 25:30.453","4","0","80 07:10.448","8","0","0","0","2102","0","0","0","","0","0","0","3","68B03","0","","1.0","","1","N","N","","0","","0","0","1","","0","N","","2","1","0","0","0","1","0","2","0","2","","","","N","","","","","","","","","",""
"2017049435","1459","0","0","0","0","0","0","0","0","0","99","0","","02","5","2017","7","40.613194","-79.970403","1445","11","0","0","0","0","0","0","0","0","","0","0","0","","","0","","0","","40 36:47.498","","0","79 58:13.450","0","0","0","0","2207","0","0","0","","0","0","0","2","68T02","0","","1.0","","1","N","N","","1","","0","0","0","","0","","","1","0","0","0","0","0","0","1","0","1","","","","N","","","","","","","","","",""
"2017038906","0636","2","0","0","0","0","0","0","0","0","4","0","","02","4","2017","3","40.578393","-80.077909","0632","11","0","0","0","0","0","0","0","0","1","0","0","0","","","0","","2","","40 34:42.216","4","0","80 04:40.474","0","0","0","0","2481","0","0","0","N","0","0","0","3","02481","0","","1.0","","9","N","N","","0","","0","0","0","","0","N","","2","0","1","0","0","0","0","2","0","2","","","","N","","","","","","","","","",""
"2017037613","1449","1","0","0","0","0","0","0","0","0","4","0","","02","4","2017","2","40.311446","-79.950584","1446","11","1","0","0","0","0","1","0","0","","0","0","0","","","0","","0","","40 18:41.205","","0","79 57:02.104","0","0","0","0","2440","0","0","0","N","0","0","0","3","02440","0","","1.0","","1","N","Y","","0","","0","0","1","","3","","","2","0","0","0","0","0","0","2","0","2","","","","N","","","","","","","","","",""
"2017036699","0110","1","0","0","0","0","0","0","0","0","7","0","","02","4","2017","7","40.457662","-79.963511","0058","11","0","0","0","0","0","0","0","0","","0","0","0","","","0","","0","","40 27:27.583","","0","79 57:48.639","0","0","0","0","2301","0","0","0","N","0","0","0","2","02301","0","","2.0","","1","N","N","","0","","0","0","0","","0","","","1","0","0","0","0","0","0","2","0","1","","","","N","","","","","","","","","",""
"2017035058","1257","1","0","0","0","0","0","0","0","0","1","0","","02","4","2017","2","40.378441","-79.989814","1256","11","0","0","0","0","0","0","1","0","3","0","0","0","","","1","","2","","40 22:42.389","6","0","79 59:23.329","4","0","0","0","2476","0","0","0","N","0","0","0","4","02476","1","","1.0","","1","N","N","","0","","0","0","1","","3","Y","","2","1","3","0","0","0","0","2","0","2","","","","N","","","","","","","","","",""
"2017038062","1758","0","0","0","0","0","0","0","0","0","0","0","","02","4","2017","3","40.468749","-80.052166","1755","11","0","0","0","0","0","0","0","0","1","0","0","0","","","1","","0","","40 28:07.495","5","0","80 03:07.796","3","0","0","1","2444","0","0","0","N","0","0","0","1","02444","0","","1.0","","1","N","N","","0","","1","0","0","","0","N","","1","1","0","0","0","0","0","2","0","1","","","","N","","","","","","","","","",""
"2017035106","1710","1","0","0","0","0","0","0","0","0","6","0","","02","4","2017","3","40.45589","-79.965569","1702","11","0","0","0","0","0","1","0","0","1","0","0","0","","","0","","5","","40 27:21.203","3","0","79 57:56.048","9","0","0","0","2301","0","0","0","N","0","0","0","2","02301","0","","1.0","","1","N","N","","0","","0","0","0","","2","N","","2","0","0","0","0","0","1","2","0","2","","","","N","","","","","","","","","",""
"2017039179","1500","2","0","0","0","0","0","0","0","0","4","0","","02","4","2017","5","40.396106","-80.024058","1500","11","0","0","0","0","0","0","0","0","1","0","0","0","","","0","","1","","40 23:45.983","5","0","80 01:26.609","0","0","0","0","2301","0","0","0","N","0","0","0","2","02301","0","","1.0","","1","N","N","","0","","0","0","0","","2","N","","2","0","0","0","0","0","0","2","0","2","","","","N","","","","","","","","","",""
"2017038302","0632","1","0","0","0","0","0","0","0","0","4","0","","02","4","2017","4","40.486953","-80.055027","0626","11","0","0","0","0","0","1","0","0","","0","0","0","","","0","","2","","40 29:13.030","","0","80 03:18.096","0","0","0","0","2404","0","0","0","N","0","0","0","2","02404","0","","1.0","","1","N","N","","0","","0","0","1","","0","","","2","0","0","0","0","0","0","2","0","2","","","","N","","","","","","","","","",""
"2017037617","1732","0","0","0","0","0","0","0","0","0","8","0","","02","4","2017","2","40.452571","-79.94973","1724","11","0","0","0","0","0","1","0","0","","0","0","0","","","1","","1","","40 27:09.255","","0","79 56:59.028","8","0","0","0","2301","1","0","0","N","1","0","0","2","02301","0","","1.0","","1","N","N","","0","","0","0","1","","2","","","2","1","0","0","0","1","0","2","0","1","","","","N","","","","","","","","","",""
"2017048822","1247","3","0","0","0","0","0","0","0","0","1","0","","02","5","2017","1","40.428636","-79.934881","1234","11","0","0","0","0","0","0","1","0","3","0","0","0","","","2","","0","","40 25:43.091","3","0","79 56:05.572","8","0","0","0","2301","0","0","0","","0","0","0","14","68B03","0","","1.0","","1","N","N","","0","","0","0","0","","0","N","","5","2","0","0","0","2","0","2","2","5","","","","N","","","","","","","","","",""
"2017050774","0757","0","0","0","0","0","0","0","0","0","4","0","","02","5","2017","4","40.439808","-80.152447","0755","11","0","0","0","0","0","2","0","0","2","0","0","0","","","1","","1","","40 26:23.308","4","0","80 09:08.810","4","0","0","0","2115","0","0","0","Y","0","0","0","2","02115","1","","1.0","","1","N","N","","1","","0","0","1","","4","N","","2","1","0","0","0","0","0","2","0","2","","","","N","","","","","","","","","",""
"2017047118","0835","1","0","0","0","0","0","0","0","0","4","0","","02","1","2017","3","40.358332","-80.105266","0835","11","0","0","0","0","0","0","0","0","","0","0","0","","","3","","2","","40 21:29.995","","0","80 06:18.957","4","0","0","0","2414","0","0","0","","0","0","0","3","02414","3","","1.0","","9","N","N","","1","","0","0","0","","3","","","2","3","0","0","0","0","0","2","0","2","","","","N","","","","","","","","","",""
"2017038781","2210","1","0","1","0","0","0","0","0","0","4","0","","02","4","2017","5","40.449706","-80.025099","2156","11","0","0","0","0","0","0","0","0","","0","0","0","","","1","","1","","40 26:58.940","","8","80 01:30.356","2","0","0","0","2301","0","0","0","N","0","0","0","2","02301","0","","1.0","","1","N","N","","0","","0","1","1","","2","","","2","1","0","0","0","0","0","2","0","2","","","","N","","","","","","","","","",""
"2017049051","2128","1","0","0","0","0","0","0","0","0","5","0","","02","2","2017","4","40.514944","-80.004327","2126","11","0","0","0","0","0","0","0","0","1","0","0","0","","","1","","0","","40 30:53.797","2","0","80 00:15.578","4","0","0","0","2116","0","0","0","N","0","0","0","3","02116","1","","1.0","","1","N","N","","1","","0","0","1","","0","N","","3","1","0","0","0","0","1","2","0","3","","","","N","","","","","","","","","",""
"2017038550","1442","0","0","0","0","0","0","0","0","0","1","0","","02","4","2017","4","40.410407","-80.084045","1439","11","0","0","0","0","0","1","1","0","","0","0","0","","","0","","1","","40 24:37.466","","0","80 05:02.561","0","0","0","0","2415","0","0","0","N","0","0","0","2","02415","0","","1.0","","1","N","N","","0","","0","0","2","","0","","","2","0","0","0","0","0","0","2","0","2","","","","N","","","","","","","","","",""
"2017037977","1812","1","0","0","0","0","0","0","0","0","7","0","","02","4","2017","3","40.412667","-80.009583","1807","11","0","0","0","0","0","1","0","0","2","0","0","0","","","0","","0","","40 24:45.600","1","0","80 00:34.500","0","0","0","0","2301","0","0","0","N","0","0","0","2","02301","0","","2.0","","9","N","N","","0","","0","0","0","","0","N","","1","0","0","0","0","0","0","2","0","1","","","","N","","","","","","","","","",""
"2017041851","1702","2","0","0","0","0","0","0","0","0","5","0","","02","4","2017","1","40.431381","-79.879986","1659","11","0","0","0","0","0","0","0","1","2","0","0","0","","","0","","0","","40 25:52.970","6","0","79 52:47.950","0","0","0","0","2426","0","0","0","","0","0","0","2","02426","0","","1.0","","1","N","N","","0","","0","0","0","","0","Y","","2","0","0","0","0","0","0","2","0","2","","","","N","","","","","","","","","",""
"2017049105","0955","1","0","0","0","0","0","0","0","0","2","0","","02","3","2017","1","40.429066","-79.956202","0941","11","0","0","0","0","0","0","1","0","1","0","0","0","","","2","","0","","40 25:44.637","4","0","79 57:22.328","3","0","0","0","2301","0","0","0","","0","0","0","3","68B03","0","","1.0","","9","N","N","","0","","2","0","1","","0","N","","2","2","0","0","0","0","0","2","0","2","","","","N","","","","","","","","","",""
"2017050203","1618","1","0","0","0","0","0","1","0","0","1","1","","02","5","2017","2","40.516739","-80.004478","1616","11","0","0","0","0","0","1","0","0","1","0","0","0","","","0","","0","","40 31:00.260","1","0","80 00:16.119","0","0","0","0","2116","0","0","0","N","0","0","0","4","02116","0","","1.0","","1","N","N","","0","","0","0","1","","2","N","","3","0","0","0","0","0","0","2","0","3","","","","N","","","","","","","","","",""
"2017049522","1235","2","0","0","0","0","0","0","0","0","4","0","","02","5","2017","2","40.342899","-79.844855","1235","11","0","0","0","1","0","0","0","0","1","0","0","0","","","3","","1","","40 20:34.436","7","0","79 50:41.478","8","0","0","0","2304","0","0","0","N","0","0","0","5","02304","0","","1.0","","1","N","N","","0","","0","0","0","","0","Y","","2","3","0","0","0","3","0","2","0","2","","","","N","","","","","","","","","",""
"2017048824","1403","1","0","0","0","0","0","0","0","0","1","0","","02","5","2017","2","40.490975","-79.876942","1346","11","0","0","0","0","0","0","0","0","2","0","0","0","","","0","","0","","40 29:27.510","2","0","79 52:36.991","0","0","0","0","2112","0","0","0","","0","0","0","2","68D02","0","","1.0","","1","N","N","","1","","0","0","0","","0","N","","2","0","0","0","0","0","0","2","0","2","","","","N","","","","","","","","","",""
"2017069694","2253","0","0","0","0","0","0","0","0","0","7","0","","02","6","2017","1","40.437641","-80.200164","2242","11","0","0","0","0","0","1","0","0","3","0","0","0","","","0","","0","","40 26:15.508","3","0","80 12:00.592","0","0","0","0","2214","0","0","0","","0","0","0","1","68B03","0","","2.0","","1","N","N","","0","","0","0","1","","0","N","","1","0","1","0","0","0","0","2","0","1","","","","N","","","","","","","","","",""
"2017036023","0115","2","0","0","0","0","0","0","0","0","4","0","","02","4","2017","5","40.478476","-79.955597","0110","11","0","0","0","0","0","0","0","0","","0","0","0","","","0","","0","","40 28:42.514","","0","79 57:20.148","9","0","0","0","2301","0","0","0","N","0","0","0","1","02301","0","","6.0","","1","N","N","","0","","0","0","1","","2","","","3","0","0","0","0","0","1","2","0","3","","","","N","","","","","","","","","",""
"2017037835","0945","1","0","0","0","0","0","0","0","0","7","0","","02","4","2017","3","40.43825","-80.014477","0945","11","0","0","0","0","0","0","0","0","2","0","0","0","","","0","","0","","40 26:17.701","3","2","80 00:52.116","0","0","0","0","2301","0","0","0","N","0","0","0","1","02301","0","","1.0","","1","N","N","","0","","0","0","0","","0","N","","1","0","0","0","0","0","0","2","0","1","","","","N","","","","","","","","","",""
"2017049723","1657","1","0","0","0","0","0","0","0","0","4","0","","02","5","2017","7","40.490501","-79.877432","1643","11","0","0","0","0","0","1","0","0","2","0","0","0","","","0","","0","","40 29:25.803","1","0","79 52:38.755","0","0","0","0","2112","0","0","0","","0","0","0","2","68D02","0","","1.0","","1","N","N","","0","","0","0","1","","0","N","","2","0","0","0","0","0","0","2","0","2","","","","N","","","","","","","","","",""
"2017038645","1526","2","0","0","0","0","0","0","0","0","4","0","","02","4","2017","5","40.439792","-79.923074","1524","11","0","0","0","0","0","0","0","1","","0","0","0","","","1","","1","","40 26:23.251","","0","79 55:23.066","4","0","0","0","2301","0","0","0","N","0","0","0","2","02301","1","","1.0","","1","N","N","","0","","0","0","0","","3","","","2","1","0","0","0","0","0","2","0","2","","","","N","","","","","","","","","",""
"2017037223","0509","1","0","0","0","0","0","0","0","0","2","0","","02","4","2017","2","40.453379","-79.891769","0500","11","0","0","0","0","0","0","1","0","1","0","0","0","","","1","","0","","40 27:12.164","3","0","79 53:30.368","4","0","0","0","2301","0","0","0","N","0","0","0","1","02301","1","","1.0","","1","N","N","","1","","0","0","0","","0","N","","2","1","0","0","0","0","0","2","0","2","","","","N","","","","","","","","","",""
"2017049609","0642","1","0","0","0","0","0","0","0","0","7","0","","02","5","2017","1","40.487814","-80.189446","0640","11","0","0","0","0","0","0","0","0","4","0","0","0","","","1","","1","","40 29:16.129","5","0","80 11:22.005","4","0","0","0","2213","0","0","0","","0","0","0","1","02213","1","","4.0","","9","N","N","","0","","0","0","0","","2","Y","","1","1","0","0","0","0","0","2","0","1","","","","N","","","","","","","","","",""
"2017049354","0053","1","0","0","0","0","0","0","0","0","7","0","","02","4","2017","5","40.443885","-79.768655","0048","11","0","0","0","0","0","0","0","0","1","0","0","0","","","1","","2","","40 26:37.986","4","0","79 46:07.158","3","0","0","0","2446","0","0","0","N","0","0","0","1","02446","0","","2.0","","1","N","N","","0","","1","0","0","","0","N","","1","1","0","0","0","0","0","2","0","1","","","","N","","","","","","","","","",""
"2017050050","1636","2","0","0","0","0","0","0","0","0","1","0","","02","4","2017","3","40.339863","-80.054573","1627","11","0","0","0","0","0","1","0","0","","0","0","0","","","1","","0","","40 20:23.507","","0","80 03:16.464","4","0","0","0","2407","0","0","0","","0","0","0","3","02407","1","","1.0","","1","N","N","","1","","0","0","0","","0","","","3","1","0","0","0","0","0","2","0","3","","","","N","","","","","","","","","",""
"2017037338","1618","1","0","0","0","0","0","0","0","0","1","0","","02","4","2017","2","40.668082","-80.021128","1608","11","0","1","0","0","0","1","0","0","","0","0","0","","","0","","0","","40 40:05.096","","0","80 01:16.060","0","0","0","0","2216","0","0","0","N","0","0","0","2","02505","0","","1.0","","1","N","N","","0","","0","0","1","","0","","","2","0","0","0","0","0","0","2","0","2","","","","N","","","","","","","","","",""
"2017037175","0326","1","0","0","0","0","0","0","0","0","7","0","","02","4","2017","7","40.631133","-79.961459","0322","11","0","0","0","0","0","1","0","0","","0","0","0","","","0","","2","","40 37:52.080","","0","79 57:41.251","0","0","0","0","2217","0","0","0","N","0","0","0","1","02505","0","","5.0","","2","N","N","","0","","0","0","0","","0","","","1","0","0","0","0","0","0","2","0","1","","","","N","","","","","","","","","",""
"2017063980","0810","1","0","0","0","0","0","0","0","0","1","0","","02","6","2017","5","40.427804","-79.928568","0807","11","0","0","0","0","0","0","0","0","","0","0","0","","","1","","1","","40 25:40.096","","0","79 55:42.843","4","0","0","0","2301","0","0","0","N","0","0","0","3","02301","1","","1.0","","1","N","N","","1","","0","0","0","","2","","","2","1","0","0","0","0","0","2","0","2","","","","N","","","","","","","","","",""