"CRN","ARRIVAL_TM","AUTOMOBILE_COUNT","BELTED_DEATH_COUNT","BELTED_SUSP_SERIOUS_INJ_COUNT","BICYCLE_COUNT","BICYCLE_DEATH_COUNT","BICYCLE_SUSP_SERIOUS_INJ_COUNT","BUS_COUNT","CHLDPAS_DEATH_COUNT","CHLDPAS_SUSP_SERIOUS_INJ_COUNT","COLLISION_TYPE","COMM_VEH_COUNT","CONS_ZONE_SPD_LIM","COUNTY","CRASH_MONTH","CRASH_YEAR","DAY_OF_WEEK","DEC_LATITUDE","DEC_LONGITUDE","DISPATCH_TM","DISTRICT","DRIVER_COUNT_16YR","DRIVER_COUNT_17YR","DRIVER_COUNT_18YR","DRIVER_COUNT_19YR","DRIVER_COUNT_20YR","DRIVER_COUNT_50_64YR","DRIVER_COUNT_65_74YR","DRIVER_COUNT_75PLUS","EST_HRS_CLOSED","FATAL_COUNT","HEAVY_TRUCK_COUNT","HORSE_BUGGY_COUNT","HOUR_OF_DAY","ILLUMINATION","INJURY_COUNT","INTERSECTION_RELATED","INTERSECT_TYPE","LANE_CLOSED","LATITUDE","LN_CLOSE_DIR","LOCATION_TYPE","LONGITUDE","MAX_SEVERITY_LEVEL","MCYCLE_DEATH_COUNT","MCYCLE_SUSP_SERIOUS_INJ_COUNT","MOTORCYCLE_COUNT","MUNICIPALITY","NONMOTR_COUNT","NONMOTR_DEATH_COUNT","NONMOTR_SUSP_SERIOUS_INJ_COUNT","NTFY_HIWY_MAINT","PED_COUNT","PED_DEATH_COUNT","PED_SUSP_SERIOUS_INJ_COUNT","PERSON_COUNT","POLICE_AGCY","POSSIBLE_INJ_COUNT","RDWY_SURF_TYPE_CD","RELATION_TO_ROAD","ROADWAY_CLEARED","ROAD_CONDITION","SCH_BUS_IND","SCH_ZONE_IND","SECONDARY_CRASH","SMALL_TRUCK_COUNT","SPEC_JURIS_CD","SUSP_MINOR_INJ_COUNT","SUSP_SERIOUS_INJ_COUNT","SUV_COUNT","TCD_FUNC_CD","TCD_TYPE","TFC_DETOUR_IND","TIME_OF_DAY","TOTAL_UNITS","TOT_INJ_COUNT","UNBELTED_OCC_COUNT","UNB_DEATH_COUNT","UNB_SUSP_SERIOUS_INJ_COUNT","UNK_INJ_DEG_COUNT","UNK_INJ_PER_COUNT","URBAN_RURAL","VAN_COUNT","VEHICLE_COUNT","WEATHER1","WEATHER2","WORKERS_PRES","WORK_ZONE_IND","WORK_ZONE_LOC","WORK_ZONE_TYPE","WZ_CLOSE_DETOUR","WZ_FLAGGER","WZ_LAW_OFFCR_IND","WZ_LN_CLOSURE","WZ_MOVING","WZ_OTHER","WZ_SHLDER_MDN","WZ_WORKERS_INJ_KILLED"
"2017059751","1405","0","0","0","0","0","0","0","0","0","5","0","","02","5","2017","4","40.461045","-79.871821","1405","11","0","0","0","0","0","2","0","0","","0","0","0","","","1","","0","","40 27:39.761","","0","79 52:18.557","4","0","0","0","2113","0","0","0","N","0","0","0","3","02113","1","","4.0","","1","Y","N","","1","","0","0","0","","0","","","2","1","0","0","0","0","0","2","1","2","","","","N","","","","","","","","","",""
"2017061810","0918","0","0","0","0","0","0","0","0","0","7","0","","02","6","2017","6","40.466722","-79.906778","0912","11","0","0","0","0","0","0","0","0","","0","0","0","","","1","","2","","40 28:00.200","","0","79 54:24.400","8","0","0","0","2301","0","0","0","N","0","0","0","1","02301","0","","5.0","","1","N","N","","0","","0","0","1","","0","","","1","1","0","0","0","1","0","2","0","1","","","","N","","","","","","","","","",""
"2017059533","0042","1","0","0","0","0","0","0","0","0","7","0","","02","6","2017","1","40.410958","-80.013538","0039","11","0","0","0","0","0","0","0","0","2","0","0","0","","","2","","0","","40 24:39.450","2","0","80 00:48.737","2","0","0","0","2301","0","0","0","N","0","0","0","2","02301","0","","2.0","","1","N","N","","0","","0","1","0","","0","Y","","1","2","0","0","0","1","0","2","0","1","","","","N","","","","","","","","","",""
"2017057465","1700","0","0","0","0","0","0","0","0","0","4","0","","02","6","2017","2","40.650026","-79.799031","1657","11","0","0","0","0","0","0","0","1","","0","0","0","","","0","","1","","40 39:00.094","","0","79 47:56.512","0","0","0","0","2202","0","0","0","N","0","0","0","3","02202","0","","1.0","","1","","","","2","","0","0","0","","3","","","2","0","0","0","0","0","0","1","0","2","","","","N","","","","","","","","","",""
"2017075642","1538","2","0","0","0","0","0","0","0","0","2","0","","02","5","2017","1","40.382981","-79.806983","1537","11","0","0","1","0","0","0","0","0","1","0","0","0","","","0","","2","","40 22:58.731","1","0","79 48:25.138","0","0","0","0","2424","0","0","0","N","0","0","0","5","02424","0","","1.0","","1","N","N","","0","","0","0","0","","0","N","","2","0","0","0","0","0","0","2","0","2","","","","N","","","","","","","","","",""
"2017059219","1608","2","0","0","0","0","0","0","0","0","4","0","","02","6","2017","6","40.536469","-80.184354","1604","11","0","0","0","0","0","0","1","0","","0","0","0","","","0","","1","","40 32:11.287","","0","80 11:03.675","0","0","0","0","2458","0","0","0","N","0","0","0","2","02458","0","","1.0","","1","N","N","","0","","0","0","0","","2","","","2","0","0","0","0","0","0","2","0","2","","","","N","","","","","","","","","",""
"2017061117","1806","0","0","0","0","0","0","0","0","0","6","0","","02","6","2017","5","40.378921","-80.147808","1802","11","0","0","0","0","0","0","0","0","2","0","0","0","","","0","","0","","40 22:44.114","6","0","80 08:52.110","0","0","0","0","2102","0","0","0","N","0","0","0","4","02102","0","","1.0","","1","N","N","","0","","0","0","2","","0","N","","2","0","0","0","0","0","0","2","0","2","","","","N","","","","","","","","","",""
"2017059216","1621","0","0","0","0","0","0","0","0","0","1","0","","02","6","2017","6","40.444521","-80.028797","1559","11","0","0","0","0","0","1","0","0","","0","0","0","","","1","","3","","40 26:40.276","","0","80 01:43.670","3","0","0","0","2301","0","0","0","N","0","0","0","2","02301","0","","1.0","","1","N","N","","2","","1","0","0","","4","","","2","1","0","0","0","0","0","2","0","2","","","","N","","","","","","","","","",""
"2017059586","1234","1","0","0","0","0","0","0","0","0","5","0","","02","6","2017","5","40.419948","-79.973694","1220","11","0","1","0","0","0","0","0","0","","0","0","0","","","0","","0","","40 25:11.812","","0","79 58:25.298","0","0","0","0","2301","0","0","0","N","0","0","0","1","02301","0","","1.0","","1","N","N","","0","","0","0","1","","0","","","2","0","0","0","0","0","0","2","0","2","","","","N","","","","","","","","","",""
"2017056803","1523","3","0","0","0","0","0","0","0","0","1","0","","02","6","2017","7","40.34837","-79.944808","1521","11","0","0","0","0","0","2","0","0","1","0","0","0","","","0","","2","","40 20:54.133","4","7","79 56:41.310","0","0","0","0","2473","0","0","0","N","0","0","0","4","02473","0","","1.0","","1","N","N","","0","","0","0","1","","2","N","","4","0","0","0","0","0","0","2","0","4","","","","N","","","","","","","","","",""
"2017060086","1245","2","0","0","0","0","0","0","0","0","1","0","","02","6","2017","3","40.426053","-79.897732","1232","11","0","0","0","0","0","0","0","0","","0","0","0","","","1","","0","","40 25:33.791","","0","79 53:51.836","4","0","0","0","2463","0","0","0","","0","0","0","2","68B03","1","","1.0","","1","N","N","","0","","0","0","0","","0","","","2","1","0","0","0","0","0","2","0","2","","","","N","","","","","","","","","",""
"2017058498","2008","1","0","0","0","0","0","0","0","0","7","0","","02","6","2017","4","40.487502","-79.882923","2005","11","0","0","0","0","0","0","0","1","","0","0","0","","","1","","10","","40 29:15.007","","0","79 52:58.523","3","0","0","0","2112","0","0","0","N","0","0","0","1","02112","0","","5.0","","1","N","N","","0","","1","0","0","","0","","","1","1","0","0","0","0","0","2","0","1","","","","N","","","","","","","","","",""
"2017068559","2109","2","0","0","0","0","0","0","0","0","2","0","","02","6","2017","2","40.360166","-79.994506","2109","11","0","0","0","0","1","0","0","0","2","0","0","0","","","1","","0","","40 21:36.597","3","0","79 59:40.221","8","0","0","0","2476","0","0","0","","0","0","0","3","02476","0","","1.0","","1","N","N","","0","","0","0","0","","0","N","","2","1","0","0","0","1","0","2","0","2","","","","N","","","","","","","","","",""
"2017056986","1635","0","0","0","0","0","0","0","0","0","7","0","","02","5","2017","4","","","1558","11","1","0","0","0","0","0","0","0","2","0","0","0","","","0","","0","","","3","0","","0","0","0","0","2301","0","0","0","N","0","0","0","1","02301","0","","2.0","","9","N","N","","1","","0","0","0","","0","Y","","1","0","1","0","0","0","0","1","0","1","","","","N","","","","","","","","","",""
"2017061888","1501","0","0","0","0","0","0","0","0","0","4","0","","02","6","2017","6","40.423543","-79.988838","1458","11","0","0","0","0","0","0","0","0","1","0","0","0","","","0","","0","","40 25:24.754","5","0","79 59:19.816","0","0","0","0","2301","0","0","0","N","0","0","0","3","02301","0","","1.0","","9","N","N","","1","","0","0","1","","0","Y","","2","0","0","0","0","0","0","2","0","2","","","","N","","","","","","","","","",""
"2017044710","1901","1","0","0","0","0","0","0","0","0","1","0","55","02","4","2017","3","40.4712","-80.229155","1854","11","0","0","0","0","0","1","0","1","","0","0","0","","","0","","6","","40 28:16.320","","2","80 13:44.957","0","0","0","0","2203","0","0","0","","0","0","0","2","68B03","0","","1.0","","1","N","N","","0","","0","0","0","","4","","","2","0","0","0","0","0","0","2","1","2","","","N","Y","4","1","N","N","N","N","N","N","Y",""
"2017077860","0047","1","0","0","0","0","0","0","0","0","7","0","","02","6","2017","2","40.529325","-80.129852","0031","11","0","0","0","0","0","0","0","0","","0","0","0","","","1","","0","","40 31:45.569","","2","80 07:47.466","3","0","0","0","2125","0","0","0","","0","0","0","1","68B03","0","","2.0","","9","N","N","","0","","1","0","0","","0","","","1","1","0","0","0","0","0","2","0","1","","","","N","","","","","","","","","",""
"2017077246","0829","0","0","0","0","0","0","0","0","0","1","0","","02","7","2017","6","40.429623","-79.742626","0819","11","0","0","0","0","0","1","0","0","","0","0","0","","","0","","0","","40 25:46.642","","0","79 44:33.452","0","0","0","0","2446","0","0","0","","0","0","0","2","68T09","0","","1.0","","1","N","N","","0","","0","0","2","","0","","","2","0","0","0","0","0","0","2","0","2","","","","N","","","","","","","","","",""
"2017061381","1730","1","0","0","0","0","0","0","0","0","1","0","","02","6","2017","2","40.502863","-80.202469","1729","11","0","0","0","0","0","0","0","0","","0","0","0","","","0","","0","","40 30:10.307","","0","80 12:08.887","0","0","0","0","2213","0","0","0","","0","0","0","2","02213","0","","1.0","","1","N","N","","0","","0","0","1","","0","","","2","0","0","0","0","0","0","2","0","2","","","","N","","","","","","","","","",""
"2017058532","0110","1","0","0","0","0","0","0","0","0","7","0","","02","6","2017","5","40.422862","-79.966699","0110","11","0","0","0","0","0","0","0","0","1","0","0","0","","","0","","0","","40 25:22.303","4","0","79 58:00.116","0","0","0","0","2301","0","0","0","N","0","0","0","1","02301","0","","2.0","","1","N","N","","0","","0","0","0","","0","N","","1","0","0","0","0","0","0","2","0","1","","","","N","","","","","","","","","",""
"2017057445","1740","3","0","0","0","0","0","0","0","0","2","0","","02","6","2017","2","40.402012","-80.000594","1727","11","0","0","0","0","0","1","0","0","","0","0","0","","","0","","1","","40 24:07.244","","0","80 00:02.139","0","0","0","0","2301","0","0","0","N","0","0","0","6","02301","0","","1.0","","1","N","N","","0","","0","0","1","","2","","","4","0","0","0","0","0","0","2","0","4","","","","N","","","","","","","","","",""
"2017058072","1445","1","0","0","0","0","0","0","0","0","99","0","99","02","6","2017","3","40.448786","-80.015101","1441","11","0","0","0","0","0","0","0","2","9","0","0","0","","","1","","0","","40 26:55.628","2","0","80 00:54.365","8","0","0","0","2301","0","0","0","N","0","0","0","2","02301","0","","1.0","","1","N","N","","0","","0","0","0","","0","N","","2","1","0","0","0","1","0","2","1","2","","","Y","Y","3","1","","","N","Y","","","",""
"2017058121","1140","1","0","0","0","0","0","0","0","0","7","0","","02","6","2017","4","40.4423","-80.023205","1130","11","0","0","0","0","0","0","0","1","2","0","0","0","","","0","","0","","40 26:32.281","1","7","80 01:23.539","0","0","0","0","2301","0","0","0","N","0","0","0","1","02301","0","","2.0","","1","N","N","","0","","0","0","0","","0","Y","","1","0","0","0","0","0","0","2","0","1","","","","N","","","","","","","","","",""
"2017077836","1543","1","0","0","0","0","0","0","0","0","4","0","","02","7","2017","2","40.451451","-79.90819","1543","11","0","0","0","0","0","0","0","0","2","0","0","0","","","0","","1","","40 27:05.223","4","0","79 54:29.484","0","0","0","0","2301","0","0","0","Y","0","0","0","3","02301","0","","1.0","","1","N","N","","0","","0","0","2","","2","N","","3","0","0","0","0","0","0","2","0","3","","","","N","","","","","","","","","",""
"2017042270","1628","1","0","0","0","0","0","0","0","0","7","0","","02","4","2017","2","40.52825","-79.985361","1623","11","0","0","0","0","0","0","0","0","","0","0","0","","","0","","0","","40 31:41.700","","0","79 59:07.300","0","0","0","0","2118","0","0","0","N","0","0","0","1","02118","0","","2.0","","1","N","N","","0","","0","0","0","","0","","","1","0","0","0","0","0","0","2","0","1","","","","N","","","","","","","","","",""
"2017057277","1527","1","0","0","0","0","0","0","0","0","1","0","","02","6","2017","2","40.433097","-80.028505","1523","11","0","0","0","0","0","0","1","0","","0","0","0","","","4","","1","","40 25:59.150","","0","80 01:42.617","8","0","0","0","2301","0","0","0","N","0","0","0","5","02301","0","","1.0","","1","N","N","","0","","0","0","1","","0","","","2","4","0","0","0","4","0","2","0","2","","","","N","","","","","","","","","",""
"2017059308","0441","1","0","0","0","0","0","0","0","0","7","0","","02","6","2017","7","40.451406","-79.886124","0441","11","0","0","0","0","0","0","0","0","","0","0","0","","","0","","2","","40 27:05.061","","0","79 53:10.046","0","0","0","0","2301","0","0","0","N","0","0","0","0","02301","0","","4.0","","1","N","N","","0","","0","0","0","","0","","","1","0","0","0","0","0","0","2","0","1","","","","N","","","","","","","","","",""
"2017057966","0010","2","0","0","0","0","0","0","0","0","5","0","","02","6","2017","4","40.402049","-79.903142","0005","11","0","0","0","0","0","0","0","0","3","0","0","0","","","0","","0","","40 24:07.378","4","0","79 54:11.312","0","0","0","0","2438","0","0","0","N","0","0","0","1","02438","0","","6.0","","1","N","N","","0","","0","0","0","","0","N","","2","0","0","0","0","0","0","2","0","2","","","","N","","","","","","","","","",""
"2017046804","1659","1","0","0","0","0","0","0","0","0","5","0","","02","5","2017","6","40.558824","-80.222385","1658","11","0","0","0","0","0","0","0","0","1","0","0","0","","","0","","0","","40 33:31.768","2","0","80 13:20.586","0","0","0","0","2103","0","0","0","N","0","0","0","1","02103","0","","6.0","","1","N","N","","1","","0","0","0","","0","Y","","2","0","0","0","0","0","0","2","0","2","","","","N","","","","","","","","","",""
"2017058886","1739","1","0","0","0","0","0","0","0","0","4","0","","02","6","2017","5","40.448647","-79.899637","1721","11","0","0","0","0","0","1","0","0","","0","0","0","","","1","","1","","40 26:55.129","","0","79 53:58.694","4","0","0","0","2301","0","0","0","N","0","0","0","2","02301","1","","1.0","","1","N","N","","1","","0","0","0","","0","","","2","1","0","0","0","0","0","2","0","2","","","","N","","","","","","","","","",""
"2017061160","1653","1","0","0","0","0","0","0","0","0","4","0","","02","6","2017","4","40.411304","-79.944729","1631","11","0","0","0","0","0","0","0","0","1","0","0","0","","","0","","1","","40 24:40.694","4","0","79 56:41.026","0","0","0","0","2301","0","0","0","N","0","0","0","4","02301","0","","1.0","","9","N","N","","1","","0","0","1","","2","N","","3","0","0","0","0","0","0","2","0","3","","","","N","","","","","","","","","",""
"2017059480","1711","2","0","0","0","0","0","0","0","0","1","0","","02","6","2017","7","40.45641","-79.990375","1701","11","0","0","0","0","0","1","0","0","1","0","0","0","","","0","","6","","40 27:23.076","3","2","79 59:25.351","0","0","0","0","2301","0","0","0","N","0","0","0","7","02301","0","","7.0","","1","N","N","","0","","0","0","0","","4","N","","2","0","0","0","0","0","0","2","0","2","","","","N","","","","","","","","","",""
"2017078028","1650","2","0","0","0","0","0","0","0","0","2","0","","02","7","2017","2","40.444413","-80.129013","1650","11","0","0","1","0","1","0","0","0","","0","0","0","","","0","","2","","40 26:39.885","","0","80 07:44.446","0","0","0","0","2115","0","0","0","N","0","0","0","3","02115","0","","1.0","","1","N","N","","0","","0","0","0","","0","","","2","0","0","0","0","0","0","2","0","2","","","","N","","","","","","","","","",""
"2017046185","2335","2","0","0","0","0","0","0","0","0","4","0","","02","5","2017","6","40.453559","-79.978909","2333","11","0","0","0","0","0","2","0","0","2","0","0","0","","","1","","0","","40 27:12.814","6","0","79 58:44.074","8","0","0","0","2301","0","0","0","N","0","0","0","2","02301","0","","1.0","","9","N","N","","0","","0","0","0","","0","N","","2","1","1","0","0","1","0","2","0","2","","","","N","","","","","","","","","",""
"2017062810","1521","1","0","0","0","0","0","0","0","0","0","0","","02","6","2017","6","40.529123","-80.008174","1507","11","0","0","0","0","0","0","0","0","4","0","0","0","","","0","","0","","40 31:44.841","5","0","80 00:29.426","0","0","0","0","2116","0","0","0","N","0","0","0","3","02116","0","","1.0","","8","N","N","","0","","0","0","0","","0","Y","","1","0","0","0","0","0","0","2","0","1","","","","N","","","","","","","","","",""
"2017057609","0833","1","0","0","0","0","0","0","0","0","7","0","","02","6","2017","2","40.434927","-79.823426","0827","11","0","0","1","0","0","0","0","0","","0","0","0","","","0","","0","","40 26:05.737","","0","79 49:24.335","0","0","0","0","2419","0","0","0","N","0","0","0","1","02419","0","","2.0","","8","N","N","","0","","0","0","0","","0","","","1","0","0","0","0","0","0","2","0","1","","","","N","","","","","","","","","",""
"2017043223","1746","2","0","0","0","0","0","0","0","0","5","0","","02","4","2017","4","40.451336","-80.011377","1738","11","0","0","0","0","0","1","0","0","1","0","0","0","","","0","","0","","40 27:04.810","4","0","80 00:40.956","0","0","0","0","2301","0","0","0","","0","0","0","1","02301","0","","1.0","","1","","","","0","","0","0","0","","0","N","","2","0","0","0","0","0","0","2","0","2","","","","N","","","","","","","","","",""
"2017058900","1836","0","0","0","0","0","0","0","0","0","8","0","","02","6","2017","5","40.454595","-79.937817","1832","11","0","0","0","0","0","0","0","0","","0","0","0","","","1","","0","","40 27:16.543","","0","79 56:16.141","4","0","0","0","2301","1","0","0","N","1","0","0","2","02301","1","","1.0","","1","N","N","","0","","0","0","1","","0","","","2","1","0","0","0","0","0","2","0","1","","","","N","","","","","","","","","",""
"2017062575","1530","1","0","0","0","0","0","0","0","0","7","0","","02","6","2017","6","40.511417","-79.892111","1530","11","0","0","0","0","0","0","0","1","2","0","0","0","","","0","","0","","40 30:41.100","2","3","79 53:31.600","0","0","0","0","2432","0","0","0","N","0","0","0","1","02432","0","","2.0","","9","N","N","","0","","0","0","0","","0","N","","1","0","0","0","0","0","0","2","0","1","","","","N","","","","","","","","","",""
"2017046030","1101","1","0","0","0","0","0","0","0","0","7","0","","02","5","2017","5","40.432226","-80.153602","1050","11","0","0","1","0","0","0","0","0","","0","0","0","","","1","","0","","40 25:56.013","","99","80 09:12.967","8","0","0","0","2102","0","0","0","N","0","0","0","5","02501","0","","5.0","","9","N","N","","0","","0","0","0","","0","","","1","1","0","0","0","1","0","1","0","1","","","","N","","","","","","","","","",""
"2017046785","0650","1","0","0","0","0","0","0","0","0","1","0","","02","5","2017","6","40.406467","-79.826811","0650","11","0","0","0","0","0","1","0","0","","0","0","0","","","0","","1","","40 24:23.281","","0","79 49:36.519","0","0","0","0","2467","0","0","0","N","0","0","0","2","02467","0","","1.0","","9","N","N","","1","","0","0","0","","2","","","3","0","0","0","0","0","0","2","0","2","","","","N","","","","","","","","","",""
"2017061099","1300","0","0","0","1","0","0","0","0","0","8","0","","02","6","2017","4","40.452655","-79.943679","1250","11","0","0","0","0","0","0","0","0","1","0","0","0","","","1","","2","","40 27:09.557","1","0","79 56:37.244","8","0","0","0","2301","1","0","0","N","0","0","0","2","02301","0","","1.0","","1","N","N","","1","","0","0","0","","0","N","","2","1","0","0","0","1","0","2","0","1","","","","N","","","","","","","","","",""
"2017050127","2240","1","0","0","0","0","0","0","0","0","8","0","","02","5","2017","3","40.394309","-80.020641","2135","11","0","0","0","0","0","0","0","0","3","0","0","0","","","1","","0","","40 23:39.512","6","0","80 01:14.307","2","0","0","0","2301","1","0","1","N","1","0","1","2","02301","0","","1.0","","1","N","N","","0","","0","1","0","","0","Y","","2","1","0","0","0","0","0","2","0","1","","","","N","","","","","","","","","",""
"2017058505","2119","1","0","0","0","0","0","0","0","0","0","0","99","02","6","2017","4","40.440694","-79.960472","2115","11","0","0","0","0","0","0","0","0","","0","0","0","","","0","","0","","40 26:26.500","","0","79 57:37.700","0","0","0","0","2301","0","0","0","N","0","0","0","1","02301","0","","1.0","","1","N","N","","0","","0","0","0","","2","","","1","0","0","0","0","0","0","2","0","1","","","Y","Y","4","1","","Y","N","","","","",""
"2017053381","1747","1","0","0","0","0","0","0","0","0","7","0","","02","5","2017","3","40.54533","-80.09863","1746","11","0","0","0","1","0","0","0","0","2","0","0","0","","","2","","0","","40 32:43.187","1","0","80 05:55.069","3","0","0","0","2215","0","0","0","N","0","0","0","2","02215","0","","5.0","","1","N","N","","0","","2","0","0","","0","N","","1","2","0","0","0","0","0","2","0","1","","","","N","","","","","","","","","",""
"2017059019","0736","1","0","0","0","0","0","0","0","0","7","0","","02","6","2017","6","40.420486","-79.986365","0718","11","0","0","0","0","0","1","0","0","","0","0","0","","","0","","3","","40 25:13.750","","0","79 59:10.915","0","0","0","0","2301","0","0","0","N","0","0","0","1","02301","0","","5.0","","1","N","N","","0","","0","0","0","","0","","","1","0","0","0","0","0","0","2","0","1","","","","N","","","","","","","","","",""
"2017072224","1537","0","0","0","0","0","0","0","0","0","4","0","","02","7","2017","6","40.447813","-79.714056","1532","11","0","0","0","0","0","1","1","0","","0","0","0","","","1","","0","","40 26:52.128","","0","79 42:50.600","8","0","0","0","2466","0","0","0","N","0","0","0","5","02466","0","","2.0","","1","N","N","","1","","0","0","1","","0","","","2","1","0","0","0","1","0","2","0","2","","","","N","","","","","","","","","",""
"2017060180","0317","1","0","0","0","0","0","0","0","0","7","0","","02","6","2017","2","40.327224","-79.89241","0315","11","0","0","0","0","0","1","0","0","2","0","0","0","","","0","","0","","40 19:38.006","5","0","79 53:32.676","0","0","0","0","2433","0","0","0","N","0","0","0","1","02433","0","","5.0","","1","N","N","","0","","0","0","0","","0","Y","","1","0","0","0","0","0","0","2","0","1","","","","N","","","","","","","","","",""
"2017078319","1906","0","0","0","0","0","0","0","0","0","4","0","","02","7","2017","1","40.526524","-80.159075","1853","11","0","0","0","0","0","0","1","0","2","0","0","0","","","1","","1","","40 31:35.488","1","0","80 09:32.669","3","0","0","0","2436","0","0","0","","0","0","0","2","68B03","0","","1.0","","1","N","N","","1","","1","0","1","","2","N","","2","1","0","0","0","0","0","2","0","2","","","","N","","","","","","","","","",""
"2017057495","2325","2","0","0","0","0","0","0","0","0","4","0","","02","6","2017","2","40.453496","-79.982288","2320","11","0","0","0","0","0","0","0","0","","0","0","0","","","0","","1","","40 27:12.585","","0","79 58:56.236","0","0","0","0","2301","0","0","0","N","0","0","0","3","02301","0","","1.0","","9","N","N","","0","","0","0","0","","3","","","2","0","0","0","0","0","0","2","0","2","","","","N","","","","","","","","","",""
"2017053416","2210","2","0","0","0","0","0","0","0","0","6","0","","02","5","2017","4","40.43085","-79.923436","2159","11","0","0","0","0","0","0","0","0","1","0","0","0","","","0","","0","","40 25:51.060","2","0","79 55:24.369","0","0","0","0","2301","0","0","0","N","0","0","0","2","02301","0","","1.0","","9","N","N","","0","","0","0","0","","0","N","","2","0","0","0","0","0","0","2","0","2","","","","N","","","","","","","","","",""
"2017075404","1636","2","0","0","0","0","0","0","0","0","5","0","","02","7","2017","2","40.332803","-79.813629","1634","11","0","0","0","0","0","1","0","0","2","0","0","0","","","2","","2","","40 19:58.092","5","0","79 48:49.064","3","0","0","0","2477","0","0","0","N","0","0","0","4","02477","0","","1.0","","1","N","N","","1","","2","0","0","","2","N","","3","2","0","0","0","0","0","2","0","3","","","","N","","","","","","","","","",""
"2017058513","2355","1","0","0","0","0","0","0","0","0","7","0","","02","6","2017","1","40.435722","-79.785528","2355","11","0","1","0","0","0","0","0","0","","0","0","0","","","1","","0","","40 26:08.600","","0","79 47:07.900","3","0","0","0","2446","0","0","0","N","0","0","0","1","02446","0","","4.0","","1","N","N","","0","","1","0","0","","0","","","1","1","0","0","0","0","0","2","0","1","","","","N","","","","","","","","","",""
"2017058482","1655","0","0","0","0","0","0","0","0","0","7","0","","02","6","2017","4","40.45368","-79.888826","1647","11","0","0","0","0","0","0","0","0","","0","0","0","","","1","","1","","40 27:13.249","","0","79 53:19.773","8","0","0","0","2301","0","0","0","N","0","0","0","2","02301","0","","5.0","","1","N","N","","0","","0","0","1","","0","","","1","1","2","0","0","1","0","2","0","1","","","","N","","","","","","","","","",""
"2017062873","1727","0","0","0","0","0","0","0","0","0","1","0","","02","6","2017","6","40.541704","-80.202651","1722","11","0","0","0","0","0","0","0","0","2","0","0","0","","","0","","0","","40 32:30.136","4","0","80 12:09.543","0","0","0","0","2213","0","0","0","","0","0","0","2","02213","0","","1.0","","1","N","N","","1","","0","0","1","","0","N","","2","0","0","0","0","0","0","2","0","2","","","","N","","","","","","","","","",""
"2017056655","2159","0","0","0","0","0","0","0","0","0","0","0","45","02","5","2017","6","40.521298","-80.065631","2154","11","0","0","0","0","0","0","0","0","","0","0","0","","","2","","6","","40 31:16.671","","2","80 03:56.270","8","0","0","1","2116","0","0","0","","0","0","0","2","68B03","0","","1.0","","1","N","N","","0","","0","0","0","","3","","","1","2","0","0","0","2","0","2","0","1","","","Y","Y","4","1","N","N","N","Y","N","N","N",""
"2017052790","0847","1","0","0","0","0","0","0","0","0","1","0","","02","5","2017","2","40.366931","-79.890349","0842","11","0","0","0","0","0","0","1","0","","0","0","0","","","1","","3","","40 22:00.953","","0","79 53:25.255","8","0","0","0","2473","0","0","0","N","0","0","0","2","02473","0","","1.0","","1","N","N","","0","","0","0","1","","3","","","2","1","0","0","0","1","0","2","0","2","","","","N","","","","","","","","","",""
"2017059360","0828","2","0","1","0","0","0","0","0","0","7","0","","02","6","2017","7","40.425756","-80.019757","0821","11","0","0","0","0","1","0","0","0","2","0","0","0","","","2","","1","","40 25:32.722","1","0","80 01:11.125","2","0","0","0","2301","0","0","0","Y","0","0","0","2","02301","0","","5.0","","9","N","N","","0","","1","1","0","","2","Y","","2","2","0","0","0","0","0","2","0","2","","","","N","","","","","","","","","",""
"2017079505","1556","1","0","0","0","0","0","0","0","0","4","0","","02","8","2017","5","40.362247","-80.046618","1551","11","0","0","0","0","0","0","0","0","2","0","0","0","","","1","","2","","40 21:44.089","1","0","80 02:47.825","4","0","0","0","2109","0","0","0","","0","0","0","2","02109","1","","1.0","","1","N","N","","0","","0","0","1","","3","N","","2","1","0","0","0","0","0","2","0","2","","","","N","","","","","","","","","",""
"2017066834","1722","1","0","0","0","0","0","0","0","0","5","0","","02","6","2017","5","40.520508","-80.169326","1721","11","0","0","0","0","0","0","0","0","1","0","0","0","","","0","","0","","40 31:13.829","1","0","80 10:09.575","0","0","0","0","2420","0","0","0","","0","0","0","1","02420","0","","6.0","","1","N","N","","1","","0","0","0","","0","N","","2","0","0","0","0","0","0","2","0","2","","","","N","","","","","","","","","",""
"2017046418","1905","1","0","0","0","0","0","0","0","0","1","0","","02","5","2017","7","40.465185","-79.957944","1858","11","0","0","0","0","0","0","1","0","","0","0","0","","","0","","1","","40 27:54.667","","0","79 57:28.600","0","0","0","0","2301","0","0","0","N","0","0","0","2","02301","0","","1.0","","9","N","N","","0","","0","0","1","","2","","","2","0","0","0","0","0","0","2","0","2","","","","N","","","","","","","","","",""
"2017058115","1050","2","0","0","0","0","0","0","0","0","4","0","","02","6","2017","4","40.463943","-79.957595","1033","11","0","0","0","0","0","1","0","0","","0","0","0","","","0","","1","","40 27:50.195","","0","79 57:27.343","0","0","0","0","2301","0","0","0","N","0","0","0","2","02301","0","","1.0","","1","N","N","","0","","0","0","0","","0","","","2","0","1","0","0","0","0","2","0","2","","","","N","","","","","","","","","",""