"CRN","ARRIVAL_TM","AUTOMOBILE_COUNT","BELTED_DEATH_COUNT","BELTED_SUSP_SERIOUS_INJ_COUNT","BICYCLE_COUNT","BICYCLE_DEATH_COUNT","BICYCLE_SUSP_SERIOUS_INJ_COUNT","BUS_COUNT","CHLDPAS_DEATH_COUNT","CHLDPAS_SUSP_SERIOUS_INJ_COUNT","COLLISION_TYPE","COMM_VEH_COUNT","CONS_ZONE_SPD_LIM","COUNTY","CRASH_MONTH","CRASH_YEAR","DAY_OF_WEEK","DEC_LATITUDE","DEC_LONGITUDE","DISPATCH_TM","DISTRICT","DRIVER_COUNT_16YR","DRIVER_COUNT_17YR","DRIVER_COUNT_18YR","DRIVER_COUNT_19YR","DRIVER_COUNT_20YR","DRIVER_COUNT_50_64YR","DRIVER_COUNT_65_74YR","DRIVER_COUNT_75PLUS","EST_HRS_CLOSED","FATAL_COUNT","HEAVY_TRUCK_COUNT","HORSE_BUGGY_COUNT","HOUR_OF_DAY","ILLUMINATION","INJURY_COUNT","INTERSECTION_RELATED","INTERSECT_TYPE","LANE_CLOSED","LATITUDE","LN_CLOSE_DIR","LOCATION_TYPE","LONGITUDE","MAX_SEVERITY_LEVEL","MCYCLE_DEATH_COUNT","MCYCLE_SUSP_SERIOUS_INJ_COUNT","MOTORCYCLE_COUNT","MUNICIPALITY","NONMOTR_COUNT","NONMOTR_DEATH_COUNT","NONMOTR_SUSP_SERIOUS_INJ_COUNT","NTFY_HIWY_MAINT","PED_COUNT","PED_DEATH_COUNT","PED_SUSP_SERIOUS_INJ_COUNT","PERSON_COUNT","POLICE_AGCY","POSSIBLE_INJ_COUNT","RDWY_SURF_TYPE_CD","RELATION_TO_ROAD","ROADWAY_CLEARED","ROAD_CONDITION","SCH_BUS_IND","SCH_ZONE_IND","SECONDARY_CRASH","SMALL_TRUCK_COUNT","SPEC_JURIS_CD","SUSP_MINOR_INJ_COUNT","SUSP_SERIOUS_INJ_COUNT","SUV_COUNT","TCD_FUNC_CD","TCD_TYPE","TFC_DETOUR_IND","TIME_OF_DAY","TOTAL_UNITS","TOT_INJ_COUNT","UNBELTED_OCC_COUNT","UNB_DEATH_COUNT","UNB_SUSP_SERIOUS_INJ_COUNT","UNK_INJ_DEG_COUNT","UNK_INJ_PER_COUNT","URBAN_RURAL","VAN_COUNT","VEHICLE_COUNT","WEATHER1","WEATHER2","WORKERS_PRES","WORK_ZONE_IND","WORK_ZONE_LOC","WORK_ZONE_TYPE","WZ_CLOSE_DETOUR","WZ_FLAGGER","WZ_LAW_OFFCR_IND","WZ_LN_CLOSURE","WZ_MOVING","WZ_OTHER","WZ_SHLDER_MDN","WZ_WORKERS_INJ_KILLED"
"2017059405","1251","1","0","0","0","0","0","0","0","0","4","0","","02","6","2017","1","40.673686","-80.116262","1232","11","0","0","0","0","0","0","1","0","","0","0","0","","","1","","2","","40 40:25.269","","0","80 06:58.543","4","0","0","0","2212","0","0","0","N","0","0","0","3","02505","1","","1.0","","1","N","N","","1","","0","0","0","","3","","","2","1","1","0","0","0","0","2","0","2","","","","N","","","","","","","","","",""
"2017053448","0520","2","0","0","0","0","0","0","0","0","4","0","","02","5","2017","4","40.452824","-79.980004","0438","11","0","0","0","0","0","2","0","0","3","0","0","0","","","2","","2","","40 27:10.166","6","0","79 58:48.013","3","0","0","0","2301","0","0","0","N","0","0","0","2","02301","0","","1.0","","1","N","N","","0","","2","0","0","","3","Y","","2","2","0","0","0","0","0","2","0","2","","","","N","","","","","","","","","",""
"2017062138","1835","1","0","0","0","0","0","0","0","0","7","0","","02","6","2017","1","40.609458","-79.921302","1830","11","0","0","0","0","0","0","1","0","1","0","0","0","","","1","","0","","40 36:34.049","2","0","79 55:16.688","3","0","0","0","2207","0","0","0","N","0","0","0","1","02207","0","","2.0","","1","N","N","","0","","1","0","0","","0","N","","1","1","0","0","0","0","0","2","0","1","","","","N","","","","","","","","","",""
"2017051941","2045","0","0","0","0","0","0","0","0","0","7","0","","02","5","2017","6","40.395177","-80.021943","2030","11","0","0","0","0","0","0","0","0","3","0","0","0","","","1","","0","","40 23:42.637","5","0","80 01:18.993","2","0","1","1","2301","0","0","0","N","0","0","0","1","02301","0","","1.0","","1","N","N","","0","","0","1","0","","0","Y","","1","1","0","0","0","0","0","2","0","1","","","","N","","","","","","","","","",""
"2017061458","1735","1","0","0","0","0","0","0","0","0","4","0","","02","6","2017","7","40.458862","-79.895764","1726","11","0","0","0","0","0","0","0","0","","0","0","0","","","2","","1","","40 27:31.903","","0","79 53:44.750","8","0","0","0","2301","0","0","0","N","0","0","0","6","02301","0","","1.0","","1","N","N","","0","","0","0","1","","3","","","2","2","2","0","0","2","4","2","0","2","","","","N","","","","","","","","","",""
"2017075470","0634","1","0","0","0","0","0","0","0","0","1","1","","02","7","2017","6","40.423408","-80.030427","0621","11","0","0","0","0","0","0","0","0","1","0","1","0","","","2","","0","","40 25:24.269","3","0","80 01:49.536","4","0","0","0","2301","0","0","0","","0","0","0","6","68B03","2","","1.0","","1","N","N","","0","","0","0","3","","0","N","","5","2","0","0","0","0","0","2","0","5","","","","N","","","","","","","","","",""
"2017057516","2233","1","0","0","0","0","0","0","0","0","99","0","","02","6","2017","2","40.354934","-79.878867","2231","11","0","0","0","1","0","0","0","0","1","0","0","0","","","0","","9","","40 21:17.763","5","0","79 52:43.922","0","0","0","0","2423","0","0","0","N","0","0","0","3","02304","0","","5.0","","9","N","N","","0","","0","0","0","","0","N","","1","0","0","0","0","0","0","2","0","1","","05","","N","","","","","","","","","",""
"2017075341","1525","1","0","0","0","0","0","0","0","0","4","0","","02","7","2017","2","40.398327","-80.026313","1525","11","0","0","1","0","0","0","0","0","1","0","0","0","","","0","","1","","40 23:53.978","2","0","80 01:34.725","0","0","0","0","2301","0","0","0","N","0","0","0","5","02301","0","","1.0","","1","N","N","","0","","0","0","2","","2","N","","3","0","0","0","0","0","0","2","0","3","","","","N","","","","","","","","","",""
"2017062142","1716","2","0","0","0","0","0","0","0","0","1","0","","02","6","2017","6","40.604612","-79.927164","1710","11","0","0","0","0","0","0","0","0","2","0","0","0","","","1","","2","","40 36:16.603","2","0","79 55:37.789","4","0","0","0","2207","0","0","0","N","0","0","0","4","02207","1","","1.0","","1","N","N","","0","","0","0","0","","0","N","","2","1","0","0","0","0","0","2","0","2","","","","N","","","","","","","","","",""
"2017046549","0014","0","0","0","0","0","0","0","0","0","7","0","","02","5","2017","1","40.510174","-79.891893","0009","11","0","0","1","0","0","0","0","0","3","0","0","0","","","0","","0","","40 30:36.625","6","0","79 53:30.816","0","0","0","0","2432","0","0","0","N","0","0","0","2","02432","0","","5.0","","9","N","N","","1","","0","0","0","","0","Y","","1","0","0","0","0","0","0","2","0","1","","","","N","","","","","","","","","",""
"2017051960","2356","0","0","0","0","0","0","0","0","0","4","0","","02","5","2017","6","40.373734","-79.844768","2355","11","0","0","0","0","0","0","0","0","2","0","0","0","","","0","","2","","40 22:25.441","2","7","79 50:41.166","0","0","0","0","2303","0","0","0","N","0","0","0","5","02303","0","","1.0","","1","N","N","","0","","0","0","2","","2","N","","2","0","0","0","0","0","0","2","0","2","","","","N","","","","","","","","","",""
"2017050030","1518","0","0","0","0","0","0","0","0","0","4","0","","02","5","2017","3","40.323614","-79.838883","1515","11","0","0","0","0","0","1","1","0","","0","0","0","","","1","","2","","40 19:25.011","","0","79 50:19.979","4","0","0","0","2304","0","0","0","N","0","0","0","2","02304","1","","1.0","","1","N","N","","1","","0","0","0","","3","","","2","1","1","0","0","0","0","2","1","2","","","","N","","","","","","","","","",""
"2017058169","1650","0","0","0","0","0","0","0","0","0","7","0","","02","6","2017","2","40.468417","-79.928778","1642","11","0","0","0","0","0","0","0","0","","0","0","0","","","1","","0","","40 28:06.300","","0","79 55:43.600","4","0","0","0","2301","0","0","0","N","0","0","0","2","02301","1","","4.0","","1","N","N","","0","","0","0","0","","0","","","1","1","0","0","0","0","0","2","1","1","","","","N","","","","","","","","","",""
"2017050031","1424","0","0","0","0","0","0","0","0","0","1","0","","02","5","2017","3","40.276684","-79.837499","1424","11","0","0","0","0","0","0","0","1","1","0","0","0","","","1","","0","","40 16:36.064","5","0","79 50:14.996","8","0","0","0","2105","0","0","0","N","0","0","0","2","02105","0","","1.0","","1","N","N","","1","","0","0","1","","0","N","","2","1","0","0","0","1","0","2","0","2","","","","N","","","","","","","","","",""
"2017063015","0535","1","0","0","0","0","0","0","0","0","4","0","","02","6","2017","5","40.438214","-79.978629","0530","11","0","0","0","0","0","0","0","0","1","0","0","0","","","0","","0","","40 26:17.570","1","0","79 58:43.064","0","0","0","0","2301","0","0","0","N","0","0","0","1","02301","0","","6.0","","1","N","N","","0","","0","0","1","","0","N","","2","0","0","0","0","0","0","2","0","2","","","","N","","","","","","","","","",""
"2017046316","1425","3","0","0","0","0","0","0","0","0","2","0","","02","5","2017","7","40.494284","-80.064325","1420","11","0","0","0","0","0","1","0","0","2","0","0","0","","","1","","0","","40 29:39.422","1","0","80 03:51.571","3","0","0","0","2402","0","0","0","N","0","0","0","4","02402","0","","1.0","","9","N","N","","0","","1","0","0","","8","Y","","3","1","0","0","0","0","0","2","0","3","","","","N","","","","","","","","","",""
"2017059049","0906","0","0","0","0","0","0","0","0","0","1","0","","02","6","2017","6","40.393679","-79.934454","0857","11","0","0","0","1","0","0","0","0","2","0","0","0","","","0","","6","","40 23:37.243","4","2","79 56:04.036","0","0","0","0","2301","0","0","0","N","0","0","0","2","02301","0","","1.0","","1","N","N","","1","","0","0","1","","0","N","","2","0","0","0","0","0","0","2","0","2","","","","N","","","","","","","","","",""
"2017051978","0845","1","0","0","0","0","0","0","0","0","1","0","","02","5","2017","6","40.292334","-79.915394","0845","11","0","0","0","0","0","0","0","2","2","0","0","0","","","3","","0","","40 17:32.402","5","0","79 54:55.420","3","0","0","0","2440","0","0","0","N","0","0","0","3","02440","2","","1.0","","1","N","N","","0","","1","0","1","","2","Y","","2","3","0","0","0","0","0","2","0","2","","","","N","","","","","","","","","",""
"2017056736","1247","1","0","0","0","0","0","0","0","0","2","0","","02","6","2017","7","40.362351","-79.826162","1245","11","0","0","0","0","0","1","0","0","","0","0","0","","","0","","1","","40 21:44.463","","0","79 49:34.183","0","0","0","0","2111","0","0","0","N","0","0","0","2","02111","0","","1.0","","1","N","N","","1","","0","0","0","","2","","","2","0","0","0","0","0","0","2","0","2","","","","N","","","","","","","","","",""
"2017058134","1340","1","0","0","0","0","0","0","0","0","7","0","","02","6","2017","4","40.449754","-79.827655","1333","11","0","0","0","0","0","0","0","0","1","0","0","0","","","0","","0","","40 26:59.114","4","0","79 49:39.558","0","0","0","0","2113","0","0","0","N","0","0","0","2","02113","0","","5.0","","1","N","N","","0","","0","0","0","","0","Y","","2","0","0","0","0","0","0","2","0","1","","","","N","","","","","","","","","",""
"2017059227","2010","1","0","0","0","0","0","0","0","0","7","0","","02","6","2017","6","40.525017","-79.782474","2004","11","0","0","0","0","0","0","0","0","2","0","0","0","","","1","","0","","40 31:30.061","5","0","79 46:56.905","8","0","0","0","2466","0","0","0","N","0","0","0","1","02466","0","","5.0","","1","N","N","","0","","0","0","0","","0","N","","1","1","0","0","0","1","0","2","0","1","","","","N","","","","","","","","","",""
"2017055826","0735","1","0","0","0","0","0","0","0","0","7","0","","02","5","2017","6","40.441943","-79.804212","0716","11","0","0","0","1","0","0","0","0","","0","0","0","","","0","","0","","40 26:30.995","","0","79 48:15.162","0","0","0","0","2113","0","0","0","","0","0","0","1","68B03","0","","4.0","","9","N","N","","0","","0","0","0","","0","","","1","0","0","0","0","0","0","2","0","1","","","","N","","","","","","","","","",""
"2017050115","1740","1","0","0","0","0","0","0","0","0","7","0","","02","5","2017","1","40.613629","-79.91172","1730","11","0","0","0","0","0","1","0","0","","0","0","0","","","0","","2","","40 36:49.064","","0","79 54:42.192","0","0","0","0","2220","0","0","0","Y","0","0","0","1","02220","0","","4.0","","1","N","N","","0","","0","0","0","","0","","","1","0","0","0","0","0","0","2","0","1","","","","N","","","","","","","","","",""
"2017062561","0529","1","0","0","0","0","0","0","0","0","4","0","","02","6","2017","6","40.383138","-79.827649","0527","11","0","0","0","0","0","1","0","0","","0","0","0","","","1","","1","","40 22:59.298","","0","79 49:39.538","8","0","0","0","2111","0","0","0","N","0","0","0","2","02111","0","","1.0","","1","N","N","","1","","0","0","0","","2","","","2","1","0","0","0","1","0","2","0","2","","","","N","","","","","","","","","",""
"2017045738","1552","1","0","0","0","0","0","0","0","0","2","0","","02","5","2017","5","40.435452","-80.208121","1552","11","0","0","0","0","0","1","0","1","1","0","0","0","","","2","","2","","40 26:07.627","1","0","80 12:29.236","3","0","0","0","2214","0","0","0","Y","0","0","0","2","02214","0","","1.0","","1","N","N","","0","","2","0","1","","3","N","","2","2","0","0","0","0","0","1","0","2","","","","N","","","","","","","","","",""
"2017062412","1720","3","0","0","0","0","0","0","0","0","1","0","","02","6","2017","6","40.347912","-80.112741","1715","11","0","1","0","0","0","2","0","0","","0","0","0","","","0","","2","","40 20:52.483","","0","80 06:45.868","0","0","0","0","2119","0","0","0","N","0","0","0","4","02119","0","","1.0","","1","N","N","","1","","0","0","0","","2","","","4","0","1","0","0","0","0","2","0","4","","","","N","","","","","","","","","",""
"2017061644","2035","0","0","0","0","0","0","0","0","0","7","0","","02","6","2017","5","40.44879","-80.021896","2033","11","0","0","0","0","0","0","0","0","3","0","0","0","","","0","","0","","40 26:55.643","2","0","80 01:18.824","0","0","0","0","2301","0","0","0","N","0","0","0","1","02301","0","","2.0","","9","N","N","","0","","0","0","1","","0","N","","1","0","0","0","0","0","0","2","0","1","","","","N","","","","","","","","","",""
"2017059517","2129","0","0","0","0","0","0","0","0","0","1","0","","02","6","2017","7","40.423706","-79.961974","2129","11","0","1","0","0","0","0","0","0","2","0","0","0","","","2","","3","","40 25:25.341","3","0","79 57:43.105","4","0","0","0","2301","0","0","0","N","0","0","0","5","02301","2","","1.0","","1","N","N","","1","","0","0","1","","2","N","","2","2","0","0","0","0","1","2","0","2","","","","N","","","","","","","","","",""
"2017059097","1556","1","0","0","0","0","0","0","0","0","2","0","","02","6","2017","5","","","1555","11","0","0","0","0","0","1","1","0","1","0","0","0","","","0","","2","","","1","0","","0","0","0","0","2448","0","0","0","N","0","0","0","4","02448","0","","1.0","","1","N","N","","1","","0","0","1","","3","N","","3","0","0","0","0","0","0","1","0","3","","","","N","","","","","","","","","",""
"2017015429","1822","1","0","0","0","0","0","0","0","0","8","0","","02","2","2017","3","40.469023","-80.09811","1820","11","0","0","0","0","0","1","0","0","","0","0","0","","","1","","0","","40 28:08.484","","0","80 05:53.196","8","0","0","0","2126","1","0","0","N","1","0","0","2","02126","0","","2.0","","9","N","N","","0","","0","0","0","","0","","","2","1","0","0","0","1","0","2","0","1","","","","N","","","","","","","","","",""
"2017050123","2350","1","0","0","0","0","0","0","0","0","7","0","","02","5","2017","3","40.322778","-79.931389","2345","11","1","0","0","0","0","0","0","0","2","0","0","0","","","2","","0","","40 19:22.000","4","0","79 55:53.000","3","0","0","0","2440","0","0","0","N","0","0","0","2","02440","1","","2.0","","1","N","N","","0","","1","0","0","","0","N","","1","2","1","0","0","0","0","2","0","1","","","","N","","","","","","","","","",""
"2017057935","1515","0","0","0","0","0","0","0","0","0","2","0","","02","6","2017","1","40.458017","-79.963972","1515","11","0","1","0","0","0","0","0","0","1","0","0","0","","","0","","2","","40 27:28.860","1","0","79 57:50.300","0","0","0","0","2301","0","0","0","N","0","0","0","5","02301","0","","1.0","","1","N","N","","1","","0","0","1","","3","N","","2","0","0","0","0","0","0","2","0","2","","","","N","","","","","","","","","",""
"2017058528","0132","1","0","0","0","0","0","0","0","0","7","0","","02","6","2017","5","40.481432","-79.883989","0126","11","0","0","0","0","0","0","0","0","2","0","0","0","","","1","","0","","40 28:53.154","6","0","79 53:02.362","8","0","0","0","2113","0","0","0","N","0","0","0","1","02113","0","","5.0","","1","N","N","","0","","0","0","0","","0","N","","1","1","0","0","0","1","0","2","0","1","","","","N","","","","","","","","","",""
"2017077819","0204","0","0","0","0","0","0","0","0","0","1","1","","02","7","2017","1","40.362593","-79.825875","0200","11","0","0","0","0","0","0","0","0","2","0","1","0","","","1","","0","","40 21:45.334","5","0","79 49:33.151","3","0","0","0","2111","0","0","0","N","0","0","0","2","02111","0","","1.0","","1","N","N","","0","","1","0","1","","2","Y","","2","1","1","0","0","0","0","2","0","2","","","","N","","","","","","","","","",""
"2017059531","0056","0","0","0","0","0","0","0","0","0","1","0","","02","6","2017","1","40.390265","-79.934328","0041","11","0","0","0","0","0","0","1","0","1","0","0","0","","","1","","3","","40 23:24.954","2","0","79 56:03.582","3","0","0","0","2301","0","0","0","N","0","0","0","2","02301","0","","7.0","","1","N","N","","1","","1","0","1","","0","N","","2","1","0","0","0","0","0","2","0","2","","","","N","","","","","","","","","",""
"2017062870","0320","1","0","0","0","0","0","0","0","0","7","0","","02","6","2017","1","40.519803","-80.190253","0317","11","0","0","0","0","0","0","0","0","2","0","0","0","","","1","","0","","40 31:11.290","7","0","80 11:24.910","4","0","0","0","2213","0","0","0","","0","0","0","1","02213","1","","5.0","","1","N","N","","0","","0","0","0","","0","Y","","1","1","0","0","0","0","0","2","0","1","","","","N","","","","","","","","","",""
"2017076591","1638","2","0","0","0","0","0","0","0","0","1","0","","02","7","2017","4","40.494443","-79.904499","1617","11","0","0","0","0","1","1","0","0","2","0","0","0","","","0","","0","","40 29:39.995","2","0","79 54:16.198","0","0","0","0","2401","0","0","0","","0","0","0","5","68D02","0","","1.0","","1","N","N","","0","","0","0","1","","0","N","","4","0","0","0","0","0","0","2","1","4","","","","N","","","","","","","","","",""
"2017059631","1739","0","0","0","0","0","0","0","0","0","7","0","","02","6","2017","6","40.456953","-79.729043","1733","11","0","0","0","0","0","1","0","0","1","0","0","0","","","0","","0","","40 27:25.030","5","0","79 43:44.556","0","0","0","0","2466","0","0","0","N","0","0","0","1","02466","0","","2.0","","1","N","N","","0","","0","0","1","","0","Y","","1","0","0","0","0","0","0","2","0","1","","","","N","","","","","","","","","",""
"2017056391","1357","0","0","0","0","0","0","0","0","0","4","0","","02","6","2017","5","40.422296","-79.749694","1353","11","0","0","0","0","0","2","0","0","1","0","0","0","","","1","","3","","40 25:20.265","1","0","79 44:58.898","8","0","0","0","2446","0","0","0","N","0","0","0","2","02446","0","","1.0","","1","N","N","","0","","0","0","0","","3","N","","2","1","0","0","0","1","0","2","2","2","","","","N","","","","","","","","","",""
"2017050129","0058","1","0","0","0","0","0","0","0","0","4","0","","02","5","2017","4","40.428834","-79.983255","0052","11","0","0","0","0","1","0","0","0","2","0","0","0","","","1","","0","","40 25:43.803","6","0","79 58:59.718","2","0","1","1","2301","0","0","0","N","0","0","0","1","02301","0","","1.0","","1","N","N","","0","","0","1","0","","0","N","","2","1","0","0","0","0","0","2","0","2","","","","N","","","","","","","","","",""
"2017057051","1754","2","0","0","0","0","0","0","0","0","4","0","","02","6","2017","1","40.417897","-80.218344","1754","11","0","0","0","0","1","0","0","0","1","0","0","0","","","0","","0","","40 25:04.428","4","0","80 13:06.038","0","0","0","0","2214","0","0","0","N","0","0","0","2","02214","0","","1.0","","9","N","N","","0","","0","0","0","","3","N","","2","0","0","0","0","0","0","2","0","2","","","","N","","","","","","","","","",""
"2017076090","1150","1","0","0","0","0","0","0","0","0","1","0","","02","7","2017","4","40.401029","-79.759646","1142","11","0","0","0","0","0","0","0","1","","0","0","0","","","0","","0","","40 24:03.704","","0","79 45:34.725","0","0","0","0","2446","0","0","0","N","0","0","0","4","02446","0","","1.0","","1","Y","N","","0","","0","0","1","","0","","","2","0","0","0","0","0","0","2","0","2","","","","N","","","","","","","","","",""
"2017061529","1438","2","0","0","0","0","0","0","0","0","1","0","","02","6","2017","5","40.371237","-80.088372","1434","11","0","0","0","0","0","1","0","0","","0","0","0","","","0","","2","","40 22:16.453","","0","80 05:18.139","0","0","0","0","2117","0","0","0","N","0","0","0","2","02117","0","","1.0","","1","N","N","","0","","0","0","0","","0","","","2","0","0","0","0","0","0","2","0","2","","","","N","","","","","","","","","",""
"2017078573","1628","2","0","0","0","0","0","0","0","0","4","0","","02","7","2017","3","40.490886","-79.879743","1609","11","0","0","0","0","0","0","0","0","","0","0","0","","","1","","0","","40 29:27.189","","0","79 52:47.075","8","0","0","0","2112","0","0","0","","0","0","0","2","68D02","0","","1.0","","1","N","N","","0","","0","0","0","","0","","","2","1","0","0","0","1","1","2","0","2","","","","N","","","","","","","","","",""
"2017044312","1218","3","0","0","0","0","0","0","0","0","1","0","","02","4","2017","4","40.405376","-80.083648","1215","11","0","0","0","1","0","0","0","0","","0","0","0","","","1","","0","","40 24:19.352","","0","80 05:01.134","3","0","0","0","2415","0","0","0","N","0","0","0","3","02415","0","","1.0","","1","N","N","","0","","1","0","0","","0","","","3","1","0","0","0","0","1","2","0","3","","","","N","","","","","","","","","",""
"2017058116","1203","1","0","0","0","0","0","0","0","0","1","0","","02","6","2017","3","40.273611","-79.884722","1149","11","0","0","0","0","0","0","0","0","","0","0","0","","","0","","0","","40 16:25.000","","0","79 53:05.000","0","0","0","0","2428","0","0","0","N","0","0","0","2","02428","0","","1.0","","1","N","N","","1","","0","0","0","","0","","","2","0","0","0","0","0","0","2","0","2","","","","N","","","","","","","","","",""
"2017056755","1558","2","0","0","0","0","0","0","0","0","4","0","","02","6","2017","7","40.449919","-79.884277","1545","11","0","0","0","0","1","0","0","0","","0","0","0","","","0","","2","","40 26:59.708","","0","79 53:03.397","0","0","0","0","2301","0","0","0","N","0","0","0","5","02301","0","","1.0","","1","N","N","","0","","0","0","0","","0","","","2","0","0","0","0","0","0","2","0","2","","","","N","","","","","","","","","",""
"2017058924","2113","2","0","0","0","0","0","0","0","0","4","0","","02","6","2017","5","40.461496","-79.889542","2107","11","0","0","0","0","0","0","0","0","","0","0","0","","","0","","0","","40 27:41.385","","99","79 53:22.351","0","0","0","0","2301","0","0","0","N","0","0","0","1","02301","0","","6.0","","1","N","N","","0","","0","0","0","","0","","","2","0","0","0","0","0","0","2","0","2","","","","N","","","","","","","","","",""
"2017061291","1902","0","0","0","0","0","0","0","0","0","7","0","","02","6","2017","4","40.501929","-79.893033","1852","11","0","0","0","0","0","0","0","0","","0","0","0","","","0","","3","","40 30:06.944","","0","79 53:34.918","0","0","0","0","2432","0","0","0","N","0","0","0","1","02432","0","","5.0","","9","N","N","","0","","0","0","1","","0","","","1","0","0","0","0","0","0","2","0","1","","","","N","","","","","","","","","",""
"2017066830","2003","1","0","0","0","0","0","0","0","0","7","0","","02","6","2017","1","40.513817","-80.171058","2001","11","0","0","0","0","0","1","0","0","","0","0","0","","","1","","0","","40 30:49.740","","0","80 10:15.810","8","0","0","0","2420","0","0","0","","0","0","0","1","02420","0","","4.0","","1","N","N","","0","","0","0","0","","0","","","1","1","1","0","0","1","0","2","0","1","","","","N","","","","","","","","","",""
"2017047731","0647","1","0","0","0","0","0","0","0","0","1","0","25","02","5","2017","3","40.43553","-79.994812","0641","11","0","0","0","0","0","0","0","0","2","0","0","0","","","0","","0","","40 26:07.909","1","3","79 59:41.322","0","0","0","0","2301","0","0","0","N","0","0","0","3","02301","0","","1.0","","1","N","N","","1","","0","0","1","","0","N","","3","0","0","0","0","0","0","2","0","3","","","N","Y","3","2","","","Y","","","","Y",""
"2017042715","1638","1","0","0","1","0","0","0","0","0","8","0","","02","4","2017","3","40.441557","-80.00489","1636","11","0","0","0","0","0","0","0","0","","0","0","0","","","1","","0","","40 26:29.606","","0","80 00:17.604","3","0","0","0","2301","1","0","0","N","0","0","0","2","02301","0","","1.0","","9","N","N","","0","","1","0","0","","4","","","2","1","0","0","0","0","0","2","0","1","","","","N","","","","","","","","","",""
"2017046864","1057","2","0","0","0","0","0","0","0","0","4","0","","02","5","2017","7","40.522271","-80.034395","1055","11","0","0","0","0","0","1","0","0","","0","0","0","","","1","","1","","40 31:20.176","","0","80 02:03.821","4","0","0","0","2474","0","0","0","N","0","0","0","2","02474","1","","1.0","","9","N","N","","0","","0","0","0","","2","","","2","1","0","0","0","0","0","2","0","2","","","","N","","","","","","","","","",""
"2017059477","0129","1","0","0","0","0","0","0","0","0","7","0","","02","6","2017","7","40.626848","-79.737834","0116","11","0","0","0","0","0","0","0","0","","0","0","0","","","0","","0","","40 37:36.652","","0","79 44:16.204","0","0","0","0","2106","0","0","0","","0","0","0","1","68D02","0","","2.0","","9","N","N","","0","","0","0","0","","0","","","1","0","0","0","0","0","0","2","0","1","","","","N","","","","","","","","","",""
"2017061092","1220","0","0","0","0","0","0","1","0","0","4","1","","02","6","2017","4","40.452824","-79.980004","1218","11","0","0","0","0","0","1","0","0","2","0","0","0","","","0","","2","","40 27:10.166","3","0","79 58:48.013","0","0","0","0","2301","0","0","0","N","0","0","0","5","02503","0","","1.0","","1","N","N","","0","","0","0","1","","3","N","","2","0","0","0","0","0","0","2","0","2","","","","N","","","","","","","","","",""
"2017061847","1048","0","0","0","0","0","0","0","0","0","4","1","","02","6","2017","6","40.440724","-80.239882","1047","11","0","0","0","0","0","0","0","0","","0","1","0","","","1","","1","","40 26:26.606","","0","80 14:23.575","4","0","0","0","2214","0","0","0","N","0","0","0","3","02214","1","","1.0","","1","N","N","","0","","0","0","1","","3","","","2","1","0","0","0","0","0","2","0","2","","","","N","","","","","","","","","",""
"2017058085","1235","0","0","0","0","0","0","0","0","0","0","0","","02","6","2017","2","40.345663","-79.790989","1230","11","0","0","0","0","0","1","0","0","2","0","0","0","","","1","","0","","40 20:44.386","6","0","79 47:27.559","4","0","0","0","2477","0","0","0","N","0","0","0","1","02477","1","","1.0","","1","N","N","","0","","0","0","1","","0","N","","1","1","0","0","0","0","0","2","0","1","","","","N","","","","","","","","","",""
"2017074625","2131","2","0","0","0","0","0","0","0","0","2","0","","02","7","2017","6","40.449426","-79.827124","2129","11","0","0","0","0","1","0","0","0","2","0","0","0","","","2","","0","","40 26:57.934","5","0","79 49:37.645","8","0","0","0","2113","0","0","0","N","0","0","0","3","02113","0","","1.0","","1","N","N","","0","","0","0","0","","0","Y","","2","2","3","0","0","2","0","2","0","2","","","","N","","","","","","","","","",""
"2017060919","1747","2","0","0","0","0","0","0","0","0","4","0","","02","6","2017","2","40.497757","-80.06973","1743","11","0","0","0","0","0","0","0","0","","0","0","0","","","0","","2","","40 29:51.926","","0","80 04:11.029","0","0","0","0","2402","0","0","0","N","0","0","0","3","02402","0","","1.0","","1","N","N","","0","","0","0","0","","3","","","2","0","0","0","0","0","0","2","0","2","","","","N","","","","","","","","","",""
"2017046553","0910","1","0","0","0","0","0","0","0","0","7","0","","02","5","2017","6","40.434852","-79.997538","0906","11","0","0","0","0","0","0","0","0","","0","0","0","","","0","","7","","40 26:05.466","","2","79 59:51.137","0","0","0","0","2301","0","0","0","N","0","0","0","1","02301","0","","2.0","","9","N","N","","0","","0","0","0","","0","","","1","0","0","0","0","0","0","2","0","1","","","","N","","","","","","","","","",""
"2017056745","1247","2","0","0","0","0","0","0","0","0","7","0","","02","6","2017","7","40.521245","-80.005157","1242","11","0","0","0","0","0","1","0","1","2","0","0","0","","","0","","0","","40 31:16.481","1","0","80 00:18.565","0","0","0","0","2116","0","0","0","N","0","0","0","2","02116","0","","5.0","","1","N","N","","1","","0","0","0","","0","N","","4","0","0","0","0","0","0","2","1","4","","","","N","","","","","","","","","",""
"2017045978","0807","1","0","0","0","0","0","0","0","0","1","0","","02","5","2017","6","40.67357","-80.116023","0757","11","0","0","0","0","0","1","1","0","","0","0","0","","","0","","0","","40 40:24.851","","0","80 06:57.681","0","0","0","0","2212","0","0","0","N","0","0","0","2","02505","0","","1.0","","9","N","N","","0","","0","0","1","","0","","","2","0","0","0","0","0","0","2","0","2","","","","N","","","","","","","","","",""