"CRN","ARRIVAL_TM","AUTOMOBILE_COUNT","BELTED_DEATH_COUNT","BELTED_SUSP_SERIOUS_INJ_COUNT","BICYCLE_COUNT","BICYCLE_DEATH_COUNT","BICYCLE_SUSP_SERIOUS_INJ_COUNT","BUS_COUNT","CHLDPAS_DEATH_COUNT","CHLDPAS_SUSP_SERIOUS_INJ_COUNT","COLLISION_TYPE","COMM_VEH_COUNT","CONS_ZONE_SPD_LIM","COUNTY","CRASH_MONTH","CRASH_YEAR","DAY_OF_WEEK","DEC_LATITUDE","DEC_LONGITUDE","DISPATCH_TM","DISTRICT","DRIVER_COUNT_16YR","DRIVER_COUNT_17YR","DRIVER_COUNT_18YR","DRIVER_COUNT_19YR","DRIVER_COUNT_20YR","DRIVER_COUNT_50_64YR","DRIVER_COUNT_65_74YR","DRIVER_COUNT_75PLUS","EST_HRS_CLOSED","FATAL_COUNT","HEAVY_TRUCK_COUNT","HORSE_BUGGY_COUNT","HOUR_OF_DAY","ILLUMINATION","INJURY_COUNT","INTERSECTION_RELATED","INTERSECT_TYPE","LANE_CLOSED","LATITUDE","LN_CLOSE_DIR","LOCATION_TYPE","LONGITUDE","MAX_SEVERITY_LEVEL","MCYCLE_DEATH_COUNT","MCYCLE_SUSP_SERIOUS_INJ_COUNT","MOTORCYCLE_COUNT","MUNICIPALITY","NONMOTR_COUNT","NONMOTR_DEATH_COUNT","NONMOTR_SUSP_SERIOUS_INJ_COUNT","NTFY_HIWY_MAINT","PED_COUNT","PED_DEATH_COUNT","PED_SUSP_SERIOUS_INJ_COUNT","PERSON_COUNT","POLICE_AGCY","POSSIBLE_INJ_COUNT","RDWY_SURF_TYPE_CD","RELATION_TO_ROAD","ROADWAY_CLEARED","ROAD_CONDITION","SCH_BUS_IND","SCH_ZONE_IND","SECONDARY_CRASH","SMALL_TRUCK_COUNT","SPEC_JURIS_CD","SUSP_MINOR_INJ_COUNT","SUSP_SERIOUS_INJ_COUNT","SUV_COUNT","TCD_FUNC_CD","TCD_TYPE","TFC_DETOUR_IND","TIME_OF_DAY","TOTAL_UNITS","TOT_INJ_COUNT","UNBELTED_OCC_COUNT","UNB_DEATH_COUNT","UNB_SUSP_SERIOUS_INJ_COUNT","UNK_INJ_DEG_COUNT","UNK_INJ_PER_COUNT","URBAN_RURAL","VAN_COUNT","VEHICLE_COUNT","WEATHER1","WEATHER2","WORKERS_PRES","WORK_ZONE_IND","WORK_ZONE_LOC","WORK_ZONE_TYPE","WZ_CLOSE_DETOUR","WZ_FLAGGER","WZ_LAW_OFFCR_IND","WZ_LN_CLOSURE","WZ_MOVING","WZ_OTHER","WZ_SHLDER_MDN","WZ_WORKERS_INJ_KILLED"
"2017062051","0438","1","0","0","0","0","0","0","0","0","1","0","","02","6","2017","7","40.352173","-79.977658","0438","11","0","0","0","0","0","1","0","0","1","0","0","0","","","0","","1","","40 21:07.821","2","0","79 58:39.567","0","0","0","0","2476","0","0","0","N","0","0","0","2","02476","0","","1.0","","1","N","N","","1","","0","0","0","","2","N","","2","0","0","0","0","0","0","2","0","2","","","","N","","","","","","","","","",""
"2017042012","1615","2","0","0","0","0","0","0","0","0","4","0","","02","4","2017","1","40.476509","-80.031692","1615","11","0","0","0","0","0","0","0","0","","0","0","0","","","0","","1","","40 28:35.432","","0","80 01:54.091","9","0","0","0","2301","0","0","0","N","0","0","0","3","02301","0","","1.0","","1","N","N","","0","","0","0","0","","2","","","2","0","0","0","0","0","1","2","0","2","","","","N","","","","","","","","","",""
"2017058500","0120","1","0","0","0","0","0","0","0","0","0","0","","02","6","2017","4","40.300358","-79.816994","0112","11","0","0","0","0","0","0","0","0","2","0","0","0","","","0","","0","","40 18:01.288","5","0","79 49:01.179","0","0","0","0","2105","0","0","0","N","0","0","0","0","02105","0","","2.0","","1","N","N","","0","","0","0","0","","0","Y","","1","0","0","0","0","0","0","1","0","1","","","","N","","","","","","","","","",""
"2017059337","1210","0","0","0","0","0","0","0","0","0","4","0","","02","6","2017","6","40.449185","-79.762249","1203","11","0","0","0","0","0","0","0","1","1","0","0","0","","","1","","1","","40 26:57.065","1","0","79 45:44.095","8","0","0","0","2446","0","0","0","N","0","0","0","2","02446","0","","1.0","","1","N","N","","0","","0","0","2","","3","N","","2","1","0","0","0","1","0","2","0","2","","","","N","","","","","","","","","",""
"2017059127","1456","2","0","0","0","0","0","0","0","0","4","0","","02","6","2017","6","40.435639","-79.756064","1452","11","0","0","0","0","0","1","0","0","","0","0","0","","","0","","0","","40 26:08.299","","0","79 45:21.832","0","0","0","0","2446","0","0","0","N","0","0","0","5","02446","0","","1.0","","1","N","N","","1","","0","0","0","","0","","","3","0","0","0","0","0","0","2","0","3","","","","N","","","","","","","","","",""
"2017058149","1511","1","0","0","0","0","0","0","0","0","1","0","","02","6","2017","4","40.35036","-79.926999","1508","11","0","0","0","0","0","1","0","0","1","0","0","0","","","1","","1","","40 21:01.295","4","0","79 55:37.197","8","0","0","0","2473","0","0","0","N","0","0","0","2","02473","0","","1.0","","1","N","N","","0","","0","0","1","","2","N","","2","1","0","0","0","1","0","2","0","2","","","","N","","","","","","","","","",""
"2017075612","2059","0","0","0","0","0","0","0","0","0","7","0","","02","7","2017","1","40.620024","-79.981648","2051","11","0","0","0","0","0","0","0","0","2","0","0","0","","","2","","0","","40 37:12.085","3","0","79 58:53.932","8","0","0","0","2217","0","0","0","","0","0","0","2","68T02","0","","4.0","","8","N","N","","0","","0","0","1","","0","N","","1","2","0","0","0","2","0","1","0","1","","","","N","","","","","","","","","",""
"2017057068","1909","0","0","0","0","0","0","0","0","0","7","0","","02","6","2017","1","40.434721","-79.986157","1859","11","0","0","0","0","0","0","0","0","","0","0","0","","","0","","0","","40 26:04.994","","0","79 59:10.166","0","0","0","0","2301","0","0","0","Y","0","0","0","1","02301","0","","2.0","","1","N","N","","0","","0","0","1","","0","","","1","0","0","0","0","0","0","2","0","1","","","","N","","","","","","","","","",""
"2017057249","1232","1","0","0","0","0","0","0","0","0","4","0","","02","6","2017","2","40.376886","-79.909324","1214","11","0","0","0","0","0","0","1","0","","0","0","0","","","0","","1","","40 22:36.789","","0","79 54:33.568","0","0","0","0","2301","0","0","0","","0","0","0","2","02301","0","","1.0","","1","","","","0","","0","0","1","","2","","","2","0","0","0","0","0","0","2","0","2","","","","N","","","","","","","","","",""
"2017056739","1224","1","0","0","0","0","0","0","0","0","4","0","","02","6","2017","7","40.414656","-79.848711","1223","11","0","0","0","0","0","1","0","0","","0","0","0","","","1","","1","","40 24:52.761","","0","79 50:55.359","4","0","0","0","2431","0","0","0","N","0","0","0","2","02431","1","","1.0","","1","N","N","","0","","0","0","1","","3","","","2","1","0","0","0","0","0","2","0","2","","","","N","","","","","","","","","",""
"2017052545","1713","2","0","0","0","0","0","0","0","0","4","0","","02","5","2017","6","40.518384","-80.218994","1712","11","0","0","0","0","0","0","1","0","","0","0","0","","","2","","0","","40 31:06.181","","0","80 13:08.378","4","0","0","0","2213","0","0","0","","0","0","0","2","02213","1","","1.0","","1","N","N","","0","","0","0","0","","0","","","2","2","0","0","0","1","0","2","0","2","","","","N","","","","","","","","","",""
"2017052900","2127","3","0","0","0","0","0","0","0","0","1","0","","02","5","2017","5","40.497215","-79.930924","2112","11","0","0","0","0","0","0","0","0","","0","0","0","","","0","","0","","40 29:49.973","","0","79 55:51.326","0","0","0","0","2461","0","0","0","","0","0","0","3","68D02","0","","1.0","","9","N","N","","0","","0","0","0","","0","","","3","0","0","0","0","0","0","2","0","3","","","","N","","","","","","","","","",""
"2017038072","2030","2","0","0","0","0","0","0","0","0","1","0","","02","3","2017","7","40.545041","-79.790698","2025","11","0","0","0","0","0","0","0","0","","0","0","0","","","0","","0","","40 32:42.146","","0","79 47:26.511","0","0","0","0","2462","0","0","0","N","0","0","0","1","02462","0","","6.0","","1","N","N","","0","","0","0","1","","0","","","3","0","0","0","0","0","0","2","0","3","","","","N","","","","","","","","","",""
"2017050290","1532","1","0","0","0","0","0","0","0","0","4","0","","02","5","2017","4","40.447164","-79.895156","1522","11","0","0","0","0","0","0","0","0","2","0","0","0","","","0","","1","","40 26:49.792","2","0","79 53:42.561","0","0","0","0","2301","0","0","0","N","0","0","0","5","02301","0","","1.0","","1","N","N","","0","","0","0","0","","2","N","","2","0","0","0","0","0","0","2","1","2","","","","N","","","","","","","","","",""
"2017053387","2306","0","0","0","0","0","0","0","0","0","0","0","","02","5","2017","6","40.592809","-80.186213","2301","11","0","0","0","0","0","0","0","0","2","0","0","0","","","1","","0","","40 35:34.111","2","0","80 11:10.367","3","0","0","0","2480","0","0","0","N","0","0","0","1","02480","0","","5.0","","1","N","N","","1","","1","0","0","","0","N","","1","1","0","0","0","0","0","1","0","1","","","","N","","","","","","","","","",""
"2017051284","2328","1","0","0","0","0","0","0","0","0","4","0","","02","5","2017","6","40.426819","-80.056076","2311","11","0","0","0","0","0","1","0","0","","0","0","0","","","0","","0","","40 25:36.549","","99","80 03:21.875","0","0","0","0","2301","0","0","0","N","0","0","0","2","02301","0","","1.0","","9","N","N","","0","","0","0","1","","0","","","2","0","0","0","0","0","0","2","0","2","","","","N","","","","","","","","","",""
"2017050458","1800","2","0","0","0","0","0","0","0","0","1","0","","02","5","2017","4","40.410279","-80.01568","1749","11","0","0","0","0","0","1","0","0","2","0","0","0","","","1","","0","","40 24:37.006","4","0","80 00:56.447","4","0","0","0","2301","0","0","0","N","0","0","0","2","02301","1","","1.0","","1","N","N","","0","","0","0","0","","0","Y","","2","1","0","0","0","0","0","2","0","2","","","","N","","","","","","","","","",""
"2017059495","2224","1","0","0","0","0","0","0","0","0","1","0","","02","6","2017","6","40.506357","-79.944229","2220","11","0","0","0","0","0","1","0","0","3","0","0","0","","","0","","0","","40 30:22.885","7","7","79 56:39.226","0","0","0","0","2118","0","0","0","N","0","0","0","1","02118","0","","6.0","","1","N","N","","1","","0","0","0","","0","Y","","3","0","0","0","0","0","0","2","1","3","","","","N","","","","","","","","","",""
"2017062763","1040","2","0","0","0","0","0","0","0","0","4","0","","02","6","2017","2","40.461197","-79.920798","1029","11","0","0","0","0","0","0","0","0","2","0","0","0","","","0","","2","","40 27:40.309","3","0","79 55:14.872","0","0","0","0","2301","0","0","0","N","0","0","0","5","02301","0","","1.0","","1","N","N","","0","","0","0","0","","2","N","","2","0","0","0","0","0","0","2","0","2","","","","N","","","","","","","","","",""
"2017050470","1728","0","0","0","0","0","0","0","0","0","4","0","","02","5","2017","4","40.327209","-79.944529","1726","11","0","0","1","0","0","1","0","0","2","0","0","0","","","2","","0","","40 19:37.953","1","0","79 56:40.303","8","0","0","0","2454","0","0","0","N","0","0","0","3","02454","0","","1.0","","1","N","N","","1","","0","0","1","","0","Y","","3","2","0","0","0","2","0","2","1","3","","","","N","","","","","","","","","",""
"2017044953","1038","1","0","0","0","0","0","0","0","0","1","0","","02","5","2017","3","40.611824","-79.894919","1033","11","0","0","0","0","0","1","1","0","2","0","0","0","","","0","","0","","40 36:42.567","6","0","79 53:41.710","0","0","0","0","2220","0","0","0","N","0","0","0","3","02220","0","","1.0","","9","N","N","","0","","0","0","0","","0","Y","","2","0","1","0","0","0","0","1","1","2","","","","N","","","","","","","","","",""
"2017047082","1902","1","0","0","0","0","0","0","0","0","8","0","","02","5","2017","2","40.391776","-79.88446","1902","11","0","0","0","0","0","0","0","0","1","0","0","0","","","1","","0","","40 23:30.392","2","0","79 53:04.056","3","0","0","0","2473","1","0","0","N","1","0","0","2","02473","0","","1.0","","1","N","N","","0","","1","0","0","","0","N","","2","1","0","0","0","0","0","2","0","1","","","","N","","","","","","","","","",""
"2017050206","1412","2","0","3","0","0","0","0","0","0","4","0","","02","5","2017","5","40.345609","-80.014767","1410","11","0","0","0","0","0","2","0","1","","0","0","0","","","3","","0","","40 20:44.194","","0","80 00:53.160","2","0","0","0","2407","0","0","0","","0","0","0","8","02407","0","","1.0","","1","N","N","","0","","0","3","1","","0","","","4","3","0","0","0","0","0","2","1","4","","","","N","","","","","","","","","",""
"2017056985","1535","1","0","0","0","0","0","0","0","0","1","0","","02","6","2017","1","40.522287","-80.084157","1534","11","0","0","0","0","0","0","1","0","","0","0","0","","","0","","2","","40 31:20.233","","0","80 05:02.965","0","0","0","0","2211","0","0","0","N","0","0","0","2","02215","0","","1.0","","9","N","N","","0","","0","0","1","","0","","","2","0","0","0","0","0","0","2","0","2","","","","N","","","","","","","","","",""
"2017053242","1445","1","0","0","0","0","0","0","0","0","4","0","","02","5","2017","4","40.491565","-80.061254","1442","11","0","0","0","0","1","0","0","0","","0","0","0","","","0","","1","","40 29:29.633","","0","80 03:40.514","0","0","0","0","2404","0","0","0","N","0","0","0","2","02404","0","","1.0","","9","N","N","","0","","0","0","1","","2","","","2","0","0","0","0","0","0","2","0","2","","","","N","","","","","","","","","",""
"2017050618","1721","1","0","0","0","0","0","0","0","0","7","0","","02","5","2017","4","40.240967","-79.836364","1713","11","0","0","0","0","0","0","0","0","1","0","0","0","","","0","","0","","40 14:27.480","4","0","79 50:10.910","0","0","0","0","2105","0","0","0","N","0","0","0","1","02105","0","","5.0","","1","N","N","","0","","0","0","0","","0","N","","1","0","0","0","0","0","0","1","0","1","","","","N","","","","","","","","","",""
"2017058931","0150","1","0","0","0","0","0","0","0","0","7","0","","02","6","2017","6","40.416904","-80.014415","0147","11","0","0","0","0","0","0","0","0","1","0","0","0","","","1","","2","","40 25:00.854","1","0","80 00:51.895","4","0","0","0","2301","0","0","0","Y","0","0","0","1","02301","1","","5.0","","1","N","N","","0","","0","0","0","","0","N","","1","1","1","0","0","0","0","2","0","1","","","","N","","","","","","","","","",""
"2017058155","1639","1","0","0","0","0","0","0","0","0","7","0","","02","6","2017","4","40.494825","-79.819385","1631","11","0","0","0","0","0","0","0","0","","0","0","0","","","1","","2","","40 29:41.370","","0","79 49:09.785","4","0","0","0","2113","0","0","0","N","0","0","0","1","02113","1","","5.0","","1","N","N","","0","","0","0","0","","0","","","1","1","0","0","0","0","0","2","0","1","","","","N","","","","","","","","","",""
"2017046310","1249","1","0","0","0","0","0","0","0","0","7","0","","02","5","2017","7","40.456829","-79.812285","1245","11","0","0","0","0","1","0","0","0","4","0","0","0","","","1","","0","","40 27:24.584","6","0","79 48:44.226","3","0","0","0","2113","0","0","0","N","0","0","0","1","02113","0","","5.0","","9","N","N","","0","","1","0","0","","0","Y","","1","1","1","0","0","0","0","2","0","1","","","","N","","","","","","","","","",""
"2017047239","0915","0","0","0","0","0","0","0","0","0","1","0","","02","5","2017","5","40.561114","-80.01327","0910","11","0","0","0","0","0","0","0","0","2","0","0","0","","","0","","0","","40 33:40.010","6","0","80 00:47.772","9","0","0","0","2108","0","0","0","","0","0","0","2","02108","0","","1.0","","9","N","N","","1","","0","0","1","","2","Y","","2","0","0","0","0","0","1","2","0","2","","","","N","","","","","","","","","",""
"2017050632","1620","1","0","0","0","0","0","0","0","0","8","0","","02","5","2017","4","40.412427","-80.010473","1610","11","0","0","0","0","0","1","0","0","","0","0","0","","","1","","2","","40 24:44.737","","0","80 00:37.702","3","0","0","0","2301","1","0","0","N","1","0","0","2","02301","0","","1.0","","1","N","N","","0","","1","0","0","","0","","","2","1","0","0","0","0","0","2","0","1","","","","N","","","","","","","","","",""
"2017050638","1850","0","0","0","0","0","0","0","0","0","7","0","","02","5","2017","4","40.485221","-79.817595","1845","11","0","0","0","0","0","0","0","0","","0","0","0","","","0","","0","","40 29:06.795","","0","79 49:03.343","0","0","0","0","2113","0","0","0","N","0","0","0","1","02113","0","","5.0","","1","N","N","","0","","0","0","1","","0","","","1","0","0","0","0","0","0","2","0","1","","","","N","","","","","","","","","",""
"2017046333","1416","2","0","0","0","0","0","0","0","0","4","0","","02","5","2017","7","40.592301","-79.947911","1410","11","0","0","0","1","0","1","0","0","1","0","0","0","","","1","","0","","40 35:32.283","1","0","79 56:52.479","3","0","0","0","2207","0","0","0","N","0","0","0","4","02207","0","","1.0","","9","N","N","","0","","1","0","0","","0","N","","2","1","0","0","0","0","0","2","0","2","","","","N","","","","","","","","","",""
"2017060946","1640","0","0","0","0","0","0","0","0","0","1","0","","02","4","2017","4","40.402463","-80.106789","1627","11","0","0","0","0","0","0","0","0","","0","0","0","","","0","","0","","40 24:08.868","","0","80 06:24.440","0","0","0","0","2102","0","0","0","","0","0","0","2","68B03","0","","1.0","","1","N","N","","0","","0","0","2","","0","","","2","0","0","0","0","0","0","2","0","2","","","","N","","","","","","","","","",""
"2017058890","1938","1","0","0","0","0","0","0","0","0","4","0","","02","6","2017","5","40.417154","-79.975979","1933","11","0","0","0","0","0","0","0","0","","0","0","0","","","1","","2","","40 25:01.755","","0","79 58:33.524","8","0","0","0","2301","0","0","0","N","0","0","0","5","02301","0","","1.0","","1","N","N","","1","","0","0","0","","3","","","2","1","0","0","0","1","0","2","0","2","","","","N","","","","","","","","","",""
"2017053962","1141","1","0","0","0","0","0","0","0","0","1","0","","02","5","2017","5","40.406944","-79.913472","1135","11","0","0","0","0","0","0","0","0","","0","0","0","","","2","","0","","40 24:25.000","","3","79 54:48.500","4","0","0","0","2438","0","0","0","N","0","0","0","3","02438","2","","1.0","","1","N","N","","0","","0","0","1","","0","","","2","2","0","0","0","0","0","2","0","2","","","","N","","","","","","","","","",""
"2017057535","1641","0","0","0","0","0","0","0","0","0","1","0","","02","5","2017","6","40.525085","-80.130804","1627","11","0","0","0","0","0","0","0","1","1","0","0","0","","","1","","0","","40 31:30.306","1","0","80 07:50.894","4","0","0","0","2434","0","0","0","","0","0","0","3","68B03","1","","1.0","","1","N","N","","2","","0","0","1","","0","Y","","3","1","0","0","0","0","0","2","0","3","","","","N","","","","","","","","","",""
"2017045706","0745","2","0","0","0","0","0","0","0","0","4","0","","02","5","2017","5","40.43741","-79.979513","0736","11","0","0","0","0","0","0","0","0","","0","0","0","","","0","","1","","40 26:14.677","","0","79 58:46.247","0","0","0","0","2301","0","0","0","N","0","0","0","2","02301","0","","1.0","","1","N","N","","0","","0","0","0","","3","","","2","0","0","0","0","0","0","2","0","2","","","","N","","","","","","","","","",""
"2017058690","1045","0","0","0","0","0","0","0","0","0","4","0","","02","6","2017","5","40.440834","-80.006757","1039","11","0","0","0","0","0","1","0","0","","0","0","0","","","0","","1","","40 26:27.002","","0","80 00:24.325","0","0","0","0","2301","0","0","0","N","0","0","0","3","02301","0","","1.0","","1","N","N","","0","","0","0","2","","2","","","2","0","0","0","0","0","0","2","0","2","","","","N","","","","","","","","","",""
"2017050669","0227","2","0","0","0","0","0","0","0","0","1","0","","02","5","2017","5","40.414094","-80.009715","0215","11","0","0","0","0","0","0","0","0","1","0","0","0","","","0","","1","","40 24:50.739","2","4","80 00:34.973","0","0","0","0","2301","0","0","0","N","0","0","0","3","02301","0","","1.0","","1","N","N","","0","","0","0","1","","2","N","","3","0","0","0","0","0","0","2","0","3","","","","N","","","","","","","","","",""
"2017045425","1627","0","0","0","0","0","0","0","0","0","6","0","","02","5","2017","4","40.477812","-79.785915","1618","11","0","0","0","0","0","1","0","0","","0","0","0","","","0","","0","","40 28:40.124","","0","79 47:09.295","0","0","0","0","2113","0","0","0","N","0","0","0","2","02113","0","","1.0","","1","N","N","","0","","0","0","1","","0","","","2","0","0","0","0","0","0","2","1","2","","","","N","","","","","","","","","",""
"2017058591","1825","1","0","0","0","0","0","0","0","0","5","0","","02","6","2017","6","40.333837","-79.891275","1825","11","0","0","0","0","0","0","0","0","","0","0","0","","","0","","0","","40 20:01.813","","0","79 53:28.590","0","0","0","0","2433","0","0","0","N","0","0","0","2","02433","0","","2.0","","1","N","N","","0","","0","0","0","","0","","","2","0","0","0","0","0","0","2","1","2","","","","N","","","","","","","","","",""
"2017032569","0905","1","0","0","0","0","0","0","0","0","4","0","","02","3","2017","2","40.450758","-80.002911","0901","11","0","0","0","0","0","0","0","0","","0","0","0","","","0","","1","","40 27:02.729","","0","80 00:10.481","0","0","0","0","2301","0","0","0","N","0","0","0","2","02301","0","","5.0","","1","N","N","","0","","0","0","1","","2","","","2","0","0","0","0","0","0","2","0","2","","","","N","","","","","","","","","",""
"2017053557","1020","0","0","0","0","0","0","0","0","0","1","0","","02","5","2017","4","40.438872","-79.761503","1016","11","0","0","0","0","0","0","1","0","1","0","0","0","","","1","","0","","40 26:19.939","3","0","79 45:41.412","8","0","0","0","2446","0","0","0","N","0","0","0","4","02446","0","","1.0","","1","N","N","","3","","0","0","0","","2","Y","","3","1","0","0","0","1","0","2","0","3","","","","N","","","","","","","","","",""
"2017045669","1021","2","0","0","0","0","0","0","0","0","4","0","","02","5","2017","4","40.477606","-79.740106","1013","11","0","0","0","0","0","1","0","0","1","0","0","0","","","1","","0","","40 28:39.380","6","7","79 44:24.382","8","0","0","0","2466","0","0","0","N","0","0","0","2","02466","0","","1.0","","9","N","N","","0","","0","0","0","","0","N","","2","1","0","0","0","1","0","2","0","2","","","","N","","","","","","","","","",""
"2017050760","1132","1","0","0","0","0","0","0","0","0","1","0","","02","5","2017","4","40.466528","-80.019611","1125","11","0","0","1","0","0","0","0","0","2","0","0","0","","","2","","0","","40 27:59.500","7","0","80 01:10.600","3","0","0","0","2301","0","0","0","N","0","0","0","2","02301","0","","1.0","","1","N","N","","0","","2","0","1","","0","N","","2","2","0","0","0","0","0","2","0","2","","","","N","","","","","","","","","",""
"2017050775","1247","0","0","0","0","0","0","0","0","0","1","0","90","02","5","2017","4","40.653981","-80.082556","1242","11","0","0","0","0","0","1","0","0","","0","0","0","","","0","","2","","40 39:14.330","","0","80 04:57.200","0","0","0","0","2212","0","0","0","N","0","0","0","5","02505","0","","1.0","","1","N","N","","1","","0","0","2","","7","","","4","0","0","0","0","0","0","2","1","4","","","Y","Y","3","1","","Y","N","Y","","","",""
"2017050852","1623","0","0","0","0","0","0","0","0","0","4","0","","02","5","2017","5","40.485302","-79.820257","1623","11","0","0","0","0","0","0","0","0","1","0","0","0","","","0","","1","","40 29:07.087","5","0","79 49:12.925","0","0","0","0","2113","0","0","0","N","0","0","0","2","02113","0","","1.0","","1","N","N","","0","","0","0","2","","3","Y","","2","0","0","0","0","0","0","2","0","2","","","","N","","","","","","","","","",""
"2017050855","2142","0","0","0","0","0","0","0","0","0","7","0","","02","5","2017","4","40.272475","-79.916788","2134","11","0","0","0","0","0","0","0","0","","0","0","0","","","1","","0","","40 16:20.909","","0","79 55:00.437","3","0","0","1","2440","0","0","0","N","0","0","0","1","02440","0","","5.0","","1","N","N","","0","","1","0","0","","0","","","1","1","0","0","0","0","0","2","0","1","","","","N","","","","","","","","","",""
"2017060066","0802","1","0","0","0","0","0","0","0","0","7","0","","02","5","2017","3","40.428762","-79.945341","0802","11","0","0","0","0","1","0","0","0","2","0","0","0","","","0","","0","","40 25:43.544","3","0","79 56:43.228","0","0","0","0","2301","0","0","0","","0","0","0","2","68B03","0","","4.0","","1","N","N","","0","","0","0","0","","0","N","","1","0","0","0","0","0","0","2","0","1","","","","N","","","","","","","","","",""
"2017052795","1432","3","0","0","0","0","0","0","0","0","1","0","","02","5","2017","7","40.349608","-79.932655","1431","11","0","0","0","0","0","0","1","0","1","0","0","0","","","0","","0","","40 20:58.589","3","0","79 55:57.557","0","0","0","0","2473","0","0","0","N","0","0","0","3","02473","0","","1.0","","1","N","N","","0","","0","0","0","","0","N","","3","0","0","0","0","0","0","2","0","3","","","","N","","","","","","","","","",""
"2017050910","1242","0","0","0","0","0","0","0","0","0","1","0","","02","5","2017","4","40.532453","-80.204359","1239","11","0","0","0","0","0","0","1","0","1","0","0","0","","","1","","0","","40 31:56.831","5","0","80 12:15.694","3","0","0","2","2213","0","0","0","","0","0","0","2","02213","0","","1.0","","1","N","N","","0","","1","0","0","","0","N","","2","1","0","0","0","0","0","2","0","2","","","","N","","","","","","","","","",""
"2017059264","0002","0","0","0","0","0","0","0","0","0","7","0","45","02","5","2017","2","40.48527","-80.008674","2346","11","0","0","0","0","0","0","0","0","","0","0","0","","","0","","0","","40 29:06.971","","0","80 00:31.227","0","0","0","0","2301","0","0","0","","0","0","0","1","68B03","0","","1.0","","1","N","N","","0","","0","0","1","","0","","","1","0","0","0","0","0","0","2","0","1","","","Y","Y","8","1","N","N","N","N","N","Y","N",""
"2017050799","1132","0","0","0","0","0","0","0","0","0","7","0","","02","5","2017","5","40.416423","-79.997213","1125","11","0","1","0","0","0","0","0","0","","0","0","0","","","1","","2","","40 24:59.122","","0","79 59:49.966","3","0","0","0","2301","0","0","0","N","0","0","0","2","02301","0","","5.0","","1","N","N","","1","","1","0","0","","0","","","1","1","0","0","0","0","0","2","0","1","","","","N","","","","","","","","","",""
"2017046507","0724","1","0","0","0","0","0","0","0","0","1","0","","02","5","2017","6","40.358241","-79.831798","0721","11","0","0","0","0","0","1","0","0","","0","0","0","","","1","","3","","40 21:29.668","","0","79 49:54.472","3","0","0","0","2304","0","0","0","N","0","0","0","2","02424","0","","1.0","","9","Y","N","","0","","1","0","0","","0","","","2","1","0","0","0","0","0","2","1","2","","","","N","","","","","","","","","",""
"2017045859","1745","1","0","0","0","0","0","0","0","0","2","0","","02","5","2017","4","40.527904","-80.017692","1742","11","0","1","1","0","0","0","0","0","1","0","0","0","","","0","","2","","40 31:40.454","2","0","80 01:03.691","0","0","0","0","2116","0","0","0","N","0","0","0","3","02116","0","","1.0","","1","N","N","","1","","0","0","1","","0","N","","3","0","0","0","0","0","0","2","0","3","","","","N","","","","","","","","","",""
"2017059095","1300","1","0","0","0","0","0","0","0","0","7","0","","02","6","2017","6","40.489185","-79.776742","1300","11","0","0","0","0","0","0","0","0","1","0","0","0","","","0","","0","","40 29:21.066","4","0","79 46:36.271","0","0","0","0","2466","0","0","0","N","0","0","0","2","02466","0","","5.0","","1","N","N","","0","","0","0","0","","0","N","","1","0","0","0","0","0","0","2","0","1","","","","N","","","","","","","","","",""
"2017047702","2113","1","0","0","0","0","0","0","0","0","7","0","","02","5","2017","5","40.468048","-79.791637","2107","11","0","0","0","0","0","1","0","0","1","0","0","0","","","0","","2","","40 28:04.973","2","0","79 47:29.892","0","0","0","0","2113","0","0","0","N","0","0","0","1","02113","0","","3.0","","9","N","N","","0","","0","0","0","","0","Y","","1","0","0","0","0","0","0","2","0","1","","","","N","","","","","","","","","",""
"2017050805","1224","2","0","0","0","0","0","0","0","0","4","0","","02","5","2017","5","40.454739","-79.932547","1209","11","0","0","0","0","0","0","0","0","","0","0","0","","","0","","1","","40 27:17.060","","0","79 55:57.169","0","0","0","0","2301","0","0","0","N","0","0","0","2","02301","0","","1.0","","1","N","N","","0","","0","0","0","","2","","","2","0","0","0","0","0","0","2","0","2","","","","N","","","","","","","","","",""
"2017046879","1636","1","0","0","0","0","0","0","0","0","8","0","","02","5","2017","2","40.44407","-79.92779","1624","11","0","0","0","0","0","0","0","0","","0","0","0","","","1","","0","","40 26:38.653","","0","79 55:40.045","4","0","0","0","2301","1","0","0","N","1","0","0","2","02301","1","","1.0","","1","N","N","","0","","0","0","0","","0","","","2","1","0","0","0","0","0","2","0","1","","","","N","","","","","","","","","",""
"2017060037","1541","2","0","0","0","0","0","0","0","0","1","0","45","02","4","2017","1","40.510126","-80.04836","1405","11","0","0","0","0","0","1","0","0","1","0","0","0","","","0","","0","","40 30:36.452","1","0","80 02:54.097","9","0","0","0","2116","0","0","0","","0","0","0","8","68B03","0","","1.0","","1","N","N","","0","","0","0","2","","0","N","","5","0","0","0","0","0","1","2","0","5","","","Y","Y","4","1","N","N","N","Y","Y","N","Y",""
"2017059606","1303","2","0","0","0","0","0","0","0","0","1","0","","02","6","2017","6","40.433068","-79.79855","1258","11","0","0","0","0","0","0","0","1","1","0","0","0","","","3","","0","","40 25:59.045","3","3","79 47:54.781","4","0","0","0","2446","0","0","0","N","0","0","0","5","02446","3","","1.0","","1","N","N","","0","","0","0","0","","0","N","","3","3","0","0","0","0","0","2","1","3","","","","N","","","","","","","","","",""