"CRN","ARRIVAL_TM","AUTOMOBILE_COUNT","BELTED_DEATH_COUNT","BELTED_SUSP_SERIOUS_INJ_COUNT","BICYCLE_COUNT","BICYCLE_DEATH_COUNT","BICYCLE_SUSP_SERIOUS_INJ_COUNT","BUS_COUNT","CHLDPAS_DEATH_COUNT","CHLDPAS_SUSP_SERIOUS_INJ_COUNT","COLLISION_TYPE","COMM_VEH_COUNT","CONS_ZONE_SPD_LIM","COUNTY","CRASH_MONTH","CRASH_YEAR","DAY_OF_WEEK","DEC_LATITUDE","DEC_LONGITUDE","DISPATCH_TM","DISTRICT","DRIVER_COUNT_16YR","DRIVER_COUNT_17YR","DRIVER_COUNT_18YR","DRIVER_COUNT_19YR","DRIVER_COUNT_20YR","DRIVER_COUNT_50_64YR","DRIVER_COUNT_65_74YR","DRIVER_COUNT_75PLUS","EST_HRS_CLOSED","FATAL_COUNT","HEAVY_TRUCK_COUNT","HORSE_BUGGY_COUNT","HOUR_OF_DAY","ILLUMINATION","INJURY_COUNT","INTERSECTION_RELATED","INTERSECT_TYPE","LANE_CLOSED","LATITUDE","LN_CLOSE_DIR","LOCATION_TYPE","LONGITUDE","MAX_SEVERITY_LEVEL","MCYCLE_DEATH_COUNT","MCYCLE_SUSP_SERIOUS_INJ_COUNT","MOTORCYCLE_COUNT","MUNICIPALITY","NONMOTR_COUNT","NONMOTR_DEATH_COUNT","NONMOTR_SUSP_SERIOUS_INJ_COUNT","NTFY_HIWY_MAINT","PED_COUNT","PED_DEATH_COUNT","PED_SUSP_SERIOUS_INJ_COUNT","PERSON_COUNT","POLICE_AGCY","POSSIBLE_INJ_COUNT","RDWY_SURF_TYPE_CD","RELATION_TO_ROAD","ROADWAY_CLEARED","ROAD_CONDITION","SCH_BUS_IND","SCH_ZONE_IND","SECONDARY_CRASH","SMALL_TRUCK_COUNT","SPEC_JURIS_CD","SUSP_MINOR_INJ_COUNT","SUSP_SERIOUS_INJ_COUNT","SUV_COUNT","TCD_FUNC_CD","TCD_TYPE","TFC_DETOUR_IND","TIME_OF_DAY","TOTAL_UNITS","TOT_INJ_COUNT","UNBELTED_OCC_COUNT","UNB_DEATH_COUNT","UNB_SUSP_SERIOUS_INJ_COUNT","UNK_INJ_DEG_COUNT","UNK_INJ_PER_COUNT","URBAN_RURAL","VAN_COUNT","VEHICLE_COUNT","WEATHER1","WEATHER2","WORKERS_PRES","WORK_ZONE_IND","WORK_ZONE_LOC","WORK_ZONE_TYPE","WZ_CLOSE_DETOUR","WZ_FLAGGER","WZ_LAW_OFFCR_IND","WZ_LN_CLOSURE","WZ_MOVING","WZ_OTHER","WZ_SHLDER_MDN","WZ_WORKERS_INJ_KILLED"
"2017048258","2255","3","0","0","0","0","0","0","0","0","6","0","","02","5","2017","1","40.413966","-80.026817","2246","11","0","0","0","0","0","0","0","0","1","0","0","0","","","0","","0","","40 24:50.277","2","0","80 01:36.541","0","0","0","0","2301","0","0","0","N","0","0","0","1","02301","0","","1.0","","1","N","N","","0","","0","0","0","","0","N","","3","0","0","0","0","0","0","2","0","3","","","","N","","","","","","","","","",""
"2017047703","1825","1","0","0","0","0","0","0","0","0","7","0","","02","5","2017","3","40.46482","-79.898759","1818","11","0","0","0","0","0","0","0","0","","0","0","0","","","1","","0","","40 27:53.352","","0","79 53:55.532","8","0","0","0","2301","0","0","0","N","0","0","0","3","02301","0","","2.0","","1","N","N","","0","","0","0","0","","0","","","1","1","0","0","0","1","0","2","0","1","","","","N","","","","","","","","","",""
"2017055801","1632","0","0","0","0","0","0","0","0","0","5","0","","02","5","2017","7","40.49337","-79.900498","1608","11","0","0","0","0","0","2","0","0","2","0","0","0","","","1","","0","","40 29:36.133","2","0","79 54:01.791","8","0","0","2","2401","0","0","0","","0","0","0","4","68D02","0","","1.0","","1","N","N","","0","","0","0","0","","0","N","","2","1","0","0","0","1","0","2","0","2","","","","N","","","","","","","","","",""
"2017057975","1851","1","0","0","0","0","0","0","0","0","1","0","","02","5","2017","5","40.336674","-80.024664","1847","11","0","0","0","0","0","0","0","0","","0","0","0","","","2","","2","","40 20:12.026","","0","80 01:28.792","8","0","0","0","2407","0","0","0","","0","0","0","7","02407","0","","1.0","","1","N","N","","0","","0","0","1","","1","","","2","2","2","0","0","2","0","2","0","2","","","","N","","","","","","","","","",""
"2017052815","1423","2","0","0","0","0","0","0","0","0","4","0","","02","5","2017","4","40.514751","-80.029369","1423","11","0","0","0","0","0","0","1","0","","0","0","0","","","0","","0","","40 30:53.105","","0","80 01:45.728","0","0","0","0","2474","0","0","0","N","0","0","0","2","02474","0","","1.0","","1","N","N","","0","","0","0","0","","0","","","2","0","0","0","0","0","0","2","0","2","","","","N","","","","","","","","","",""
"2017050827","1100","2","0","0","0","0","0","0","0","0","4","0","","02","5","2017","5","40.613871","-79.948767","1054","11","0","0","0","0","0","0","0","1","","0","0","0","","","0","","1","","40 36:49.934","","0","79 56:55.561","0","0","0","0","2207","0","0","0","N","0","0","0","2","02207","0","","1.0","","1","N","N","","0","","0","0","0","","0","","","2","0","0","0","0","0","0","2","0","2","","","","N","","","","","","","","","",""
"2017045304","0953","0","0","0","0","0","0","0","0","0","7","0","","02","5","2017","4","40.424389","-79.9885","0943","11","0","0","0","0","0","0","0","0","","0","0","0","","","0","","0","","40 25:27.800","","0","79 59:18.600","0","0","0","0","2301","0","0","0","N","0","0","0","1","02301","0","","5.0","","9","N","N","","1","","0","0","0","","0","","","1","0","0","0","0","0","0","2","0","1","","","","N","","","","","","","","","",""
"2017068122","1044","2","0","0","0","0","0","0","0","0","4","0","","02","6","2017","3","40.538861","-80.206019","1038","11","0","0","0","0","1","0","0","0","1","0","0","0","","","1","","0","","40 32:19.900","5","0","80 12:21.670","3","0","0","0","2213","0","0","0","","0","0","0","3","02213","0","","1.0","","1","N","N","","0","","1","0","0","","0","N","","2","1","1","0","0","0","0","2","0","2","","","","N","","","","","","","","","",""
"2017059213","1757","1","0","0","0","0","0","0","0","0","1","0","","02","6","2017","6","40.448239","-79.986874","1750","11","0","0","0","0","0","0","0","0","","0","0","0","","","2","","2","","40 26:53.660","","0","79 59:12.746","3","0","0","0","2301","0","0","0","N","0","0","0","5","02301","0","","1.0","","1","N","N","","0","","2","0","1","","2","","","2","2","0","0","0","0","0","2","0","2","","","","N","","","","","","","","","",""
"2017053080","1724","1","0","0","0","0","0","0","0","0","4","0","","02","5","2017","5","40.338122","-80.016427","1718","11","0","0","0","0","0","1","0","0","","0","0","0","","","1","","0","","40 20:17.239","","0","80 00:59.138","4","0","0","0","2407","0","0","0","","0","0","0","3","02407","1","","1.0","","1","N","N","","1","","0","0","0","","0","","","2","1","0","0","0","0","0","2","0","2","","","","N","","","","","","","","","",""
"2017059625","1843","1","0","0","0","0","0","0","0","0","5","0","","02","6","2017","7","40.455993","-79.946225","1835","11","0","0","0","0","0","0","0","0","","0","0","0","","","1","","0","","40 27:21.574","","0","79 56:46.410","8","0","0","1","2301","0","0","0","N","0","0","0","1","02301","0","","6.0","","1","N","N","","0","","0","0","0","","0","","","2","1","0","0","0","1","0","2","0","2","","","","N","","","","","","","","","",""
"2017071681","1137","1","0","0","0","0","0","0","0","0","4","1","25","02","7","2017","2","40.415045","-80.011297","1131","11","0","0","0","0","0","2","0","0","2","0","1","0","","","0","","2","","40 24:54.162","1","0","80 00:40.669","0","0","0","0","2301","0","0","0","N","0","0","0","4","02301","0","","1.0","","1","N","N","","0","","0","0","0","","0","N","","2","0","0","0","0","0","0","2","0","2","","","N","Y","5","2","","","N","","","","",""
"2017045176","1858","2","0","0","0","0","0","0","0","0","6","0","","02","5","2017","3","40.465428","-79.934542","1858","11","0","0","0","0","0","0","0","0","","0","0","0","","","2","","0","","40 27:55.542","","0","79 56:04.352","2","0","0","0","2301","0","0","0","N","0","0","0","2","02301","0","","6.0","","1","N","N","","1","","0","2","1","","0","","","4","2","2","0","2","0","0","2","0","4","","","","N","","","","","","","","","",""
"2017053011","1706","1","0","0","0","0","0","0","0","0","1","0","","02","5","2017","4","40.494336","-79.904129","1702","11","0","0","0","0","0","1","0","0","","0","0","0","","","0","","0","","40 29:39.609","","0","79 54:14.863","0","0","0","0","2401","0","0","0","","0","0","0","2","68D02","0","","1.0","","1","N","N","","1","","0","0","0","","0","","","2","0","0","0","0","0","0","2","0","2","","","","N","","","","","","","","","",""
"2017046435","0040","1","0","0","0","0","0","0","0","0","7","0","","02","5","2017","1","40.454306","-80.005139","0036","11","0","0","0","0","0","0","0","0","","0","0","0","","","1","","0","","40 27:15.500","","0","80 00:18.500","3","0","0","0","2301","0","0","0","N","0","0","0","1","02301","0","","5.0","","1","N","N","","0","","1","0","0","","3","","","1","1","1","0","0","0","0","2","0","1","","","","N","","","","","","","","","",""
"2017059128","0724","2","0","0","0","0","0","0","0","0","1","0","","02","1","2017","3","40.595943","-80.047601","0722","11","0","2","1","0","0","0","0","0","2","0","0","0","","","0","","0","","40 35:45.393","1","0","80 02:51.362","0","0","0","0","2108","0","0","0","","0","0","0","7","02108","0","","1.0","","9","N","N","","0","","0","0","2","","0","N","","4","0","0","0","0","0","0","2","0","4","","","","N","","","","","","","","","",""
"2017045899","2327","1","0","0","0","0","0","0","0","0","7","0","","02","5","2017","5","40.604523","-80.074359","2321","11","0","0","0","0","0","0","0","0","","0","0","0","","","0","","0","","40 36:16.282","","0","80 04:27.694","0","0","0","0","2481","0","0","0","N","0","0","0","1","02481","0","","5.0","","1","N","N","","0","","0","0","0","","0","","","1","0","0","0","0","0","0","2","0","1","","","","N","","","","","","","","","",""
"2017046000","1000","1","0","0","0","0","0","0","0","0","2","0","","02","5","2017","6","40.466634","-79.983509","0956","11","0","0","0","0","0","0","0","0","","0","0","0","","","0","","2","","40 27:59.882","","0","79 59:00.631","9","0","0","0","2301","0","0","0","","0","0","0","1","02301","0","","1.0","","98","","","","0","","0","0","0","","0","","","2","0","0","0","0","0","1","2","0","2","","","","N","","","","","","","","","",""
"2017047089","0402","1","0","0","0","0","0","0","0","0","7","0","","02","5","2017","6","40.395765","-79.802502","0359","11","0","0","0","1","0","0","0","0","","0","0","0","","","0","","0","","40 23:44.755","","99","79 48:09.007","0","0","0","0","2479","0","0","0","Y","0","0","0","1","02501","0","","3.0","","9","N","N","","0","","0","0","0","","0","","","1","0","0","0","0","0","0","2","0","1","","","","N","","","","","","","","","",""
"2017046433","2258","1","0","0","0","0","0","0","0","0","6","0","","02","5","2017","7","40.326512","-80.065108","2258","11","0","0","0","0","0","0","0","1","1","0","0","0","","","0","","2","","40 19:35.444","2","0","80 03:54.389","0","0","0","0","2123","0","0","0","N","0","0","0","4","02123","0","","1.0","","9","N","N","","1","","0","0","0","","0","N","","2","0","0","0","0","0","0","2","0","2","","","","N","","","","","","","","","",""
"2017047215","0921","0","0","0","0","0","0","0","0","0","7","0","","02","5","2017","3","40.462135","-79.712524","0905","11","0","0","0","0","0","0","0","0","1","0","0","0","","","2","","0","","40 27:43.687","3","0","79 42:45.087","8","0","0","0","2466","0","0","0","N","0","0","0","2","02466","0","","4.0","","1","N","N","","1","","0","0","0","","0","N","","1","2","0","0","0","2","0","2","0","1","","","","N","","","","","","","","","",""
"2017050190","0730","1","0","0","0","0","0","0","0","0","1","0","","02","5","2017","4","40.477408","-79.953403","0715","11","0","0","0","0","0","0","0","0","1","0","0","0","","","0","","2","","40 28:38.668","4","0","79 57:12.250","0","0","0","0","2301","0","0","0","N","0","0","0","1","02301","0","","1.0","","1","N","N","","1","","0","0","0","","0","N","","2","0","0","0","0","0","0","2","0","2","","","","N","","","","","","","","","",""
"2017046556","1142","1","0","0","0","0","0","0","0","0","4","0","","02","5","2017","1","40.585646","-80.069069","1140","11","0","0","0","0","0","1","0","1","","0","0","0","","","1","","2","","40 35:08.325","","0","80 04:08.648","4","0","0","0","2481","0","0","0","N","0","0","0","4","02481","1","","1.0","","1","N","N","","0","","0","0","1","","3","","","2","1","0","0","0","0","0","2","0","2","","","","N","","","","","","","","","",""
"2017066309","2310","0","0","0","0","0","0","0","0","0","7","0","","02","6","2017","2","40.487106","-80.190914","2308","11","0","0","0","0","0","0","0","0","","0","0","0","","","1","","0","","40 29:13.580","","0","80 11:27.290","8","0","0","0","2213","0","0","0","","0","0","0","1","02213","0","","4.0","","1","N","N","","0","","0","0","1","","0","","","1","1","0","0","0","1","0","2","0","1","","","","N","","","","","","","","","",""
"2017047064","1947","1","0","0","0","0","0","0","0","0","7","0","","02","5","2017","2","40.462607","-80.104908","1945","11","0","0","0","0","0","0","0","0","1","0","0","0","","","0","","0","","40 27:45.385","5","0","80 06:17.668","0","0","0","0","2126","0","0","0","Y","0","0","0","1","02126","0","","2.0","","1","N","N","","0","","0","0","0","","0","N","","1","0","0","0","0","0","0","2","0","1","","","","N","","","","","","","","","",""
"2017045801","1727","1","0","0","0","0","0","0","0","0","4","0","","02","5","2017","5","40.401324","-80.06323","1723","11","0","0","0","0","0","0","0","0","","0","0","0","","","0","","2","","40 24:04.765","","0","80 03:47.629","0","0","0","0","2117","0","0","0","N","0","0","0","2","02117","0","","1.0","","1","N","N","","0","","0","0","1","","3","","","2","0","0","0","0","0","0","2","0","2","","","","N","","","","","","","","","",""
"2017053157","1323","1","0","0","0","0","0","0","0","0","1","0","","02","5","2017","3","40.66734","-80.096368","1320","11","0","0","0","0","0","0","1","0","1","0","0","0","","","0","","2","","40 40:02.423","1","0","80 05:46.925","0","0","0","0","2212","0","0","0","N","0","0","0","4","02505","0","","1.0","","1","N","N","","2","","0","0","0","","2","N","","3","0","1","0","0","0","0","2","0","3","","","","N","","","","","","","","","",""
"2017050197","0728","0","0","0","0","0","0","0","0","0","4","0","","02","5","2017","4","40.430035","-79.987562","0724","11","0","0","0","0","0","1","0","0","1","0","0","0","","","1","","1","","40 25:48.127","3","0","79 59:15.223","8","0","0","1","2301","0","0","0","N","0","0","0","2","02301","0","","1.0","","1","N","N","","0","","0","0","1","","0","N","","2","1","0","0","0","1","0","2","0","2","","","","N","","","","","","","","","",""
"2017047057","1825","1","0","0","0","0","0","0","0","0","1","0","","02","5","2017","2","40.461155","-79.94806","1825","11","0","0","0","0","0","0","0","1","","0","0","0","","","1","","1","","40 27:40.157","","0","79 56:53.016","3","0","0","0","2301","0","0","0","N","0","0","0","1","02301","0","","1.0","","1","N","N","","0","","1","0","0","","2","","","2","1","0","0","0","0","0","2","0","2","","","","N","","","","","","","","","",""
"2017053176","1104","0","0","0","0","0","0","0","0","0","4","0","","02","5","2017","4","40.633507","-80.003968","1101","11","0","0","0","0","0","1","0","0","","0","0","0","","","0","","1","","40 38:00.625","","0","80 00:14.283","0","0","0","0","2216","0","0","0","N","0","0","0","3","02505","0","","1.0","","1","N","N","","0","","0","0","2","","2","","","2","0","0","0","0","0","0","2","0","2","","","","N","","","","","","","","","",""
"2017060823","1458","1","0","0","0","0","0","0","0","0","6","0","","02","6","2017","2","40.361025","-80.028494","1454","11","0","0","0","0","0","0","2","0","1","0","0","0","","","0","","1","","40 21:39.689","3","0","80 01:42.578","0","0","0","0","2416","0","0","0","","0","0","0","3","02416","0","","1.0","","1","N","N","","0","","0","0","1","","2","N","","2","0","0","0","0","0","0","2","0","2","","","","N","","","","","","","","","",""
"2017046528","1037","0","0","0","0","0","0","0","0","0","7","0","","02","5","2017","1","40.591699","-80.10829","1034","11","0","0","0","0","0","1","0","0","","0","0","0","","","1","","0","","40 35:30.118","","0","80 06:29.845","3","0","0","1","2481","0","0","0","N","0","0","0","1","02481","0","","5.0","","1","N","N","","0","","1","0","0","","0","","","1","1","0","0","0","0","0","1","0","1","","","","N","","","","","","","","","",""
"2017050199","0812","1","0","0","0","0","0","0","0","0","1","0","","02","5","2017","4","40.400917","-79.979966","0812","11","0","0","0","0","0","0","0","0","","0","0","0","","","1","","0","","40 24:03.301","","0","79 58:47.879","8","0","0","0","2403","0","0","0","N","0","0","0","5","02403","0","","1.0","","1","N","N","","0","","0","0","1","","0","","","3","1","0","0","0","1","0","2","1","3","","","","N","","","","","","","","","",""
"2017056088","1728","1","0","0","0","0","0","0","0","0","4","0","","02","5","2017","5","40.437586","-79.770019","1726","11","0","0","0","0","0","0","0","0","1","0","0","0","","","0","","0","","40 26:15.310","5","0","79 46:12.070","0","0","0","0","2446","0","0","0","N","0","0","0","2","02446","0","","1.0","","1","N","N","","1","","0","0","0","","3","N","","2","0","1","0","0","0","0","2","0","2","","","","N","","","","","","","","","",""
"2017046292","1114","2","0","0","0","0","0","0","0","0","2","0","","02","5","2017","7","40.437875","-79.999005","1102","11","0","0","0","0","0","0","0","0","2","0","0","0","","","0","","1","","40 26:16.351","2","0","79 59:56.417","9","0","0","0","2301","0","0","0","N","0","0","0","6","02301","0","","1.0","","9","N","N","","0","","0","0","0","","3","N","","2","0","0","0","0","0","2","2","0","2","","","","N","","","","","","","","","",""
"2017058990","1023","2","0","0","0","0","0","0","0","0","1","0","","02","6","2017","3","40.371187","-80.049456","1023","11","0","0","0","0","0","0","0","0","1","0","0","0","","","0","","2","","40 22:16.274","1","0","80 02:58.042","0","0","0","0","2109","0","0","0","","0","0","0","3","02109","0","","1.0","","1","N","N","","0","","0","0","0","","2","Y","","2","0","0","0","0","0","0","2","0","2","","","","N","","","","","","","","","",""
"2017045875","0613","1","0","0","0","0","0","0","0","0","6","0","","02","5","2017","5","40.482949","-79.765459","0611","11","0","0","0","0","0","0","0","0","1","0","0","0","","","0","","0","","40 28:58.617","3","0","79 45:55.652","9","0","0","0","2466","0","0","0","N","0","0","0","3","02466","0","","1.0","","1","N","N","","1","","0","0","1","","0","N","","3","0","0","0","0","0","1","2","0","3","","","","N","","","","","","","","","",""
"2017048848","1414","1","0","0","0","0","0","0","0","0","1","0","","02","5","2017","1","40.474448","-80.07149","1414","11","0","1","0","0","0","0","0","0","","0","0","0","","","1","","0","","40 28:28.012","","0","80 04:17.363","4","0","0","0","2122","0","0","0","N","0","0","0","1","02122","1","","2.0","","1","N","N","","0","","0","0","1","","0","","","2","1","0","0","0","0","0","2","0","2","","","","N","","","","","","","","","",""
"2017061346","0736","1","0","0","0","0","0","0","0","0","7","0","","02","5","2017","2","40.476641","-80.118404","0710","11","0","1","0","0","0","0","0","0","","0","0","0","","","0","","0","","40 28:35.909","","0","80 07:06.256","0","0","0","0","2126","0","0","0","","0","0","0","1","68B03","0","","5.0","","1","N","N","","0","","0","0","0","","0","","","1","0","0","0","0","0","0","2","0","1","","","","N","","","","","","","","","",""
"2017050205","0731","1","0","0","0","0","0","0","0","0","5","0","","02","5","2017","4","40.489575","-79.930106","0728","11","0","0","0","0","0","0","0","0","1","0","0","0","","","1","","0","","40 29:22.470","3","0","79 55:48.383","3","0","0","0","2301","0","0","0","N","0","0","0","2","02301","0","","1.0","","1","N","N","","0","","1","0","0","","0","N","","2","1","0","0","0","0","0","2","1","2","","","","N","","","","","","","","","",""
"2017045538","2220","1","0","0","0","0","0","0","0","0","4","0","","02","5","2017","4","40.429999","-79.957723","2215","11","0","0","0","0","0","0","0","0","1","0","0","0","","","0","","2","","40 25:47.997","3","0","79 57:27.802","0","0","0","0","2301","0","0","0","N","0","0","0","4","02301","0","","1.0","","1","N","N","","0","","0","0","1","","2","N","","2","0","0","0","0","0","0","2","0","2","","","","N","","","","","","","","","",""
"2017061826","0829","3","0","0","0","0","0","0","0","0","4","0","","02","6","2017","5","40.401736","-79.910108","0825","11","0","1","0","0","0","0","0","0","3","0","0","0","","","0","","0","","40 24:06.251","4","0","79 54:36.387","0","0","0","0","2438","0","0","0","N","0","0","0","2","02438","0","","2.0","","1","N","N","","0","","0","0","0","","0","N","","3","0","2","0","0","0","0","2","0","3","","","","N","","","","","","","","","",""
"2017026266","1432","0","0","0","0","0","0","0","0","0","7","0","","02","3","2017","3","40.459306","-80.112833","1428","11","0","0","0","0","0","0","0","0","1","0","0","0","","","0","","0","","40 27:33.500","7","0","80 06:46.200","0","0","0","0","2126","0","0","0","N","0","0","0","1","02126","0","","5.0","","9","N","N","","1","","0","0","0","","0","N","","1","0","0","0","0","0","0","2","0","1","","","","N","","","","","","","","","",""
"2017062528","0823","1","0","0","0","0","0","0","0","0","6","0","","02","6","2017","4","40.307324","-79.837251","0818","11","0","0","0","0","0","0","0","0","2","0","0","0","","","0","","0","","40 18:26.368","3","0","79 50:14.102","9","0","0","0","2443","0","0","0","N","0","0","0","2","02443","0","","1.0","","1","N","N","","0","","0","0","1","","0","Y","","2","0","0","0","0","0","1","1","0","2","","","","N","","","","","","","","","",""
"2017046320","1945","2","0","0","0","0","0","0","0","0","2","0","","02","5","2017","6","40.351601","-79.86509","1945","11","0","0","0","0","0","1","0","0","","0","0","0","","","1","","1","","40 21:05.762","","0","79 51:54.325","3","0","0","0","2304","0","0","0","N","0","0","0","2","02304","0","","1.0","","9","N","N","","0","","1","0","0","","2","","","2","1","0","0","0","0","0","2","0","2","","","","N","","","","","","","","","",""
"2017058806","1650","0","0","0","0","0","0","1","0","0","8","1","","02","6","2017","5","40.436876","-79.970351","1635","11","0","0","0","0","0","0","0","0","2","0","0","0","","","1","","0","","40 26:12.753","4","1","79 58:13.263","4","0","0","0","2301","1","0","0","N","1","0","0","2","02503","1","","1.0","","1","N","N","","0","","0","0","0","","0","N","","2","1","0","0","0","0","0","2","0","1","","","","N","","","","","","","","","",""
"2017050225","0832","1","0","0","0","0","0","0","0","0","8","0","","02","5","2017","4","40.457511","-79.917391","0832","11","0","0","0","0","0","0","0","1","1","0","0","0","","","1","","1","","40 27:27.039","1","0","79 55:02.608","3","0","0","0","2301","1","0","0","N","1","0","0","2","02301","0","","1.0","","1","N","N","","0","","1","0","0","","2","N","","2","1","0","0","0","0","0","2","0","1","","","","N","","","","","","","","","",""
"2017059798","1239","1","0","0","0","0","0","1","0","0","5","1","","02","6","2017","1","40.441772","-79.956666","1226","11","0","0","0","0","0","1","0","0","1","0","0","0","","","1","","0","","40 26:30.379","1","0","79 57:23.996","3","0","0","0","2301","0","0","0","N","0","0","0","2","02503","0","","1.0","","1","N","N","","0","","1","0","0","","0","N","","2","1","0","0","0","0","0","2","0","2","","","","N","","","","","","","","","",""
"2017053326","1748","0","0","0","0","0","0","0","0","0","4","0","","02","5","2017","3","40.499479","-80.208559","1744","11","0","0","0","0","0","0","0","0","1","0","0","0","","","0","","2","","40 29:58.126","5","0","80 12:30.814","0","0","0","0","2213","0","0","0","","0","0","0","2","02213","0","","1.0","","1","N","N","","0","","0","0","2","","3","N","","2","0","0","0","0","0","0","2","0","2","","","","N","","","","","","","","","",""
"2017050228","1153","3","0","0","0","0","0","0","0","0","1","0","","02","5","2017","4","40.536469","-80.184354","1151","11","0","0","0","0","0","1","1","0","2","0","0","0","","","3","","1","","40 32:11.287","2","0","80 11:03.675","2","0","0","0","2458","0","0","0","N","0","0","0","6","02458","0","","1.0","","1","N","N","","0","","2","1","1","","2","N","","4","3","0","0","0","0","0","2","0","4","","","","N","","","","","","","","","",""
"2017059643","1229","2","0","0","0","0","0","0","0","0","1","0","","02","6","2017","7","40.405373","-80.074571","1224","11","0","0","0","0","0","0","0","0","1","0","0","0","","","1","","0","","40 24:19.342","4","0","80 04:28.454","4","0","0","0","2415","0","0","0","N","0","0","0","3","02415","1","","1.0","","1","N","N","","0","","0","0","0","","0","Y","","2","1","0","0","0","0","0","2","0","2","","","","N","","","","","","","","","",""
"2017061045","1200","1","0","0","0","0","0","0","0","0","4","0","","02","6","2017","7","40.456567","-79.939714","1151","11","0","0","0","0","0","0","0","0","1","0","0","0","","","0","","10","","40 27:23.642","1","0","79 56:22.970","0","0","0","0","2301","0","0","0","N","0","0","0","2","02301","0","","1.0","","1","N","N","","0","","0","0","1","","2","Y","","2","0","0","0","0","0","0","2","0","2","","","","N","","","","","","","","","",""
"2017050230","1034","1","0","0","0","0","0","0","0","0","1","0","","02","5","2017","4","40.445953","-79.848798","1029","11","0","0","1","0","0","0","0","0","1","0","0","0","","","0","","0","","40 26:45.430","3","0","79 50:55.671","0","0","0","0","2419","0","0","0","N","0","0","0","4","02419","0","","1.0","","1","N","N","","0","","0","0","1","","0","N","","2","0","0","0","0","0","0","2","0","2","","","","N","","","","","","","","","",""
"2017058483","1922","0","0","0","0","0","0","0","0","0","8","0","","02","6","2017","4","40.448239","-79.986874","1919","11","0","0","0","0","0","0","1","0","","0","0","0","","","1","","2","","40 26:53.660","","0","79 59:12.746","3","0","0","0","2301","1","0","0","N","1","0","0","2","02301","0","","1.0","","1","N","N","","0","","1","0","1","","2","","","2","1","0","0","0","0","0","2","0","1","","","","N","","","","","","","","","",""
"2017053233","1543","1","0","0","0","0","0","0","0","0","4","0","","02","5","2017","4","40.366601","-80.106138","1540","11","0","0","0","0","0","0","0","0","2","0","0","0","","","1","","0","","40 21:59.765","1","0","80 06:22.095","8","0","0","0","2102","0","0","0","N","0","0","0","3","02102","0","","1.0","","1","N","N","","0","","0","0","1","","0","N","","2","1","0","0","0","1","1","2","0","2","","","","N","","","","","","","","","",""
"2017051108","0810","1","0","0","0","0","0","0","0","0","4","0","","02","5","2017","6","40.396218","-79.998194","0805","11","0","0","0","0","0","2","0","0","","0","0","0","","","0","","1","","40 23:46.384","","0","79 59:53.499","0","0","0","0","2301","0","0","0","N","0","0","0","3","02301","0","","1.0","","1","N","N","","0","","0","0","1","","2","","","2","0","0","0","0","0","0","2","0","2","","","","N","","","","","","","","","",""
"2017063873","2223","1","0","0","0","0","0","0","0","0","1","0","","02","6","2017","7","40.420204","-80.05005","2208","11","0","0","0","0","0","0","0","0","","0","0","0","","","0","","6","","40 25:12.734","","2","80 03:00.181","0","0","0","0","2435","0","0","0","","0","0","0","8","68B03","0","","1.0","","1","N","N","","0","","0","0","1","","3","","","2","0","0","0","0","0","0","2","0","2","","","","N","","","","","","","","","",""
"2017061982","0835","1","0","0","0","0","0","0","0","0","1","0","","02","6","2017","4","40.445531","-80.110789","0835","11","0","0","0","0","1","2","0","0","1","0","0","0","","","2","","7","","40 26:43.913","1","2","80 06:38.839","3","0","0","0","2115","0","0","0","","0","0","0","3","68B03","0","","1.0","","1","N","N","","0","","2","0","2","","0","N","","3","2","0","0","0","0","0","2","0","3","","","","N","","","","","","","","","",""
"2017050234","0906","1","0","0","0","0","0","0","0","0","7","0","","02","5","2017","4","40.342231","-79.980149","0901","11","0","0","0","0","0","1","0","0","","0","0","0","","","0","","0","","40 20:32.033","","0","79 58:48.538","0","0","0","0","2403","0","0","0","N","0","0","0","1","02403","0","","5.0","","1","N","N","","0","","0","0","0","","0","","","1","0","0","0","0","0","0","2","0","1","","","","N","","","","","","","","","",""
"2017052633","1757","1","0","0","0","0","0","0","0","0","1","0","","02","5","2017","6","40.621815","-80.054204","1753","11","0","0","1","0","0","0","0","0","1","0","0","0","","","0","","1","","40 37:18.534","1","0","80 03:15.133","0","0","0","0","2216","0","0","0","N","0","0","0","3","02505","0","","1.0","","1","N","N","","0","","0","0","2","","2","N","","3","0","0","0","0","0","0","1","0","3","","","","N","","","","","","","","","",""
"2017060368","1127","1","0","0","0","0","0","0","0","0","7","0","","02","6","2017","3","40.477237","-79.798818","1125","11","0","0","0","0","0","0","0","1","1","0","0","0","","","1","","0","","40 28:38.052","3","0","79 47:55.746","8","0","0","0","2113","0","0","0","N","0","0","0","1","02113","0","","2.0","","1","N","N","","0","","0","0","0","","0","Y","","1","1","0","0","0","1","0","2","0","1","","","","N","","","","","","","","","",""
"2017050241","1423","1","0","0","0","0","0","0","0","0","7","0","","02","5","2017","4","40.46127","-79.846965","1423","11","0","0","0","0","0","0","0","0","3","0","0","0","","","0","","0","","40 27:40.573","6","0","79 50:49.073","0","0","0","0","2113","0","0","0","N","0","0","0","1","02113","0","","2.0","","1","N","N","","0","","0","0","0","","0","Y","","1","0","1","0","0","0","0","2","0","1","","","","N","","","","","","","","","",""