"CRN","ARRIVAL_TM","AUTOMOBILE_COUNT","BELTED_DEATH_COUNT","BELTED_SUSP_SERIOUS_INJ_COUNT","BICYCLE_COUNT","BICYCLE_DEATH_COUNT","BICYCLE_SUSP_SERIOUS_INJ_COUNT","BUS_COUNT","CHLDPAS_DEATH_COUNT","CHLDPAS_SUSP_SERIOUS_INJ_COUNT","COLLISION_TYPE","COMM_VEH_COUNT","CONS_ZONE_SPD_LIM","COUNTY","CRASH_MONTH","CRASH_YEAR","DAY_OF_WEEK","DEC_LATITUDE","DEC_LONGITUDE","DISPATCH_TM","DISTRICT","DRIVER_COUNT_16YR","DRIVER_COUNT_17YR","DRIVER_COUNT_18YR","DRIVER_COUNT_19YR","DRIVER_COUNT_20YR","DRIVER_COUNT_50_64YR","DRIVER_COUNT_65_74YR","DRIVER_COUNT_75PLUS","EST_HRS_CLOSED","FATAL_COUNT","HEAVY_TRUCK_COUNT","HORSE_BUGGY_COUNT","HOUR_OF_DAY","ILLUMINATION","INJURY_COUNT","INTERSECTION_RELATED","INTERSECT_TYPE","LANE_CLOSED","LATITUDE","LN_CLOSE_DIR","LOCATION_TYPE","LONGITUDE","MAX_SEVERITY_LEVEL","MCYCLE_DEATH_COUNT","MCYCLE_SUSP_SERIOUS_INJ_COUNT","MOTORCYCLE_COUNT","MUNICIPALITY","NONMOTR_COUNT","NONMOTR_DEATH_COUNT","NONMOTR_SUSP_SERIOUS_INJ_COUNT","NTFY_HIWY_MAINT","PED_COUNT","PED_DEATH_COUNT","PED_SUSP_SERIOUS_INJ_COUNT","PERSON_COUNT","POLICE_AGCY","POSSIBLE_INJ_COUNT","RDWY_SURF_TYPE_CD","RELATION_TO_ROAD","ROADWAY_CLEARED","ROAD_CONDITION","SCH_BUS_IND","SCH_ZONE_IND","SECONDARY_CRASH","SMALL_TRUCK_COUNT","SPEC_JURIS_CD","SUSP_MINOR_INJ_COUNT","SUSP_SERIOUS_INJ_COUNT","SUV_COUNT","TCD_FUNC_CD","TCD_TYPE","TFC_DETOUR_IND","TIME_OF_DAY","TOTAL_UNITS","TOT_INJ_COUNT","UNBELTED_OCC_COUNT","UNB_DEATH_COUNT","UNB_SUSP_SERIOUS_INJ_COUNT","UNK_INJ_DEG_COUNT","UNK_INJ_PER_COUNT","URBAN_RURAL","VAN_COUNT","VEHICLE_COUNT","WEATHER1","WEATHER2","WORKERS_PRES","WORK_ZONE_IND","WORK_ZONE_LOC","WORK_ZONE_TYPE","WZ_CLOSE_DETOUR","WZ_FLAGGER","WZ_LAW_OFFCR_IND","WZ_LN_CLOSURE","WZ_MOVING","WZ_OTHER","WZ_SHLDER_MDN","WZ_WORKERS_INJ_KILLED"
"2017098251","1705","0","0","0","0","0","0","0","0","0","4","0","","02","8","2017","3","40.445825","-79.71383","1701","11","0","0","0","0","0","1","0","0","","0","0","0","","","0","","1","","40 26:44.970","","0","79 42:49.787","0","0","0","0","2446","0","0","0","N","0","0","0","2","02446","0","","1.0","","1","N","N","","1","","0","0","1","","2","","","2","0","0","0","0","0","0","2","0","2","","","","N","","","","","","","","","",""
"2017080880","1145","1","0","0","0","0","0","0","0","0","1","0","","02","8","2017","3","40.345507","-80.15475","1146","11","0","0","0","0","0","1","0","0","2","0","0","0","","","0","","1","","40 20:43.824","3","0","80 09:17.100","9","0","0","0","2119","0","0","0","N","0","0","0","4","02119","0","","1.0","","1","N","N","","0","","0","0","1","","3","N","","2","0","0","0","0","0","2","2","0","2","","","","N","","","","","","","","","",""
"2017078654","1109","1","0","0","0","0","0","0","0","0","1","0","","02","8","2017","3","40.474016","-79.971901","1102","11","0","0","0","0","0","0","0","0","","0","0","0","","","0","","0","","40 28:26.457","","2","79 58:18.845","0","0","0","0","2445","0","0","0","N","0","0","0","4","02445","0","","1.0","","1","N","N","","0","","0","0","1","","2","","","2","0","1","0","0","0","0","2","0","2","","","","N","","","","","","","","","",""
"2017092907","0710","1","0","0","0","0","0","0","0","0","4","0","","02","9","2017","3","40.657611","-79.961047","0654","11","0","0","1","0","0","0","0","0","","0","0","0","","","2","","2","","40 39:27.401","","0","79 57:39.770","8","0","0","0","2217","0","0","0","N","0","0","0","3","02505","0","","1.0","","9","N","N","","0","","0","0","1","","2","","","2","2","0","0","0","2","0","2","0","2","","","","N","","","","","","","","","",""
"2017077768","0905","2","0","0","0","0","0","0","0","0","1","0","","02","7","2017","2","40.435448","-79.984123","0900","11","0","0","0","0","0","0","0","0","2","0","0","0","","","0","","0","","40 26:07.611","4","0","79 59:02.843","0","0","0","0","2301","0","0","0","N","0","0","0","6","02301","0","","1.0","","1","N","N","","1","","0","0","0","","0","N","","3","0","0","0","0","0","0","2","0","3","","","","N","","","","","","","","","",""
"2017072972","0842","1","0","0","0","0","0","0","0","0","1","0","","02","7","2017","2","40.346988","-80.054955","0836","11","0","0","0","0","0","2","0","0","","0","0","0","","","0","","1","","40 20:49.158","","0","80 03:17.837","0","0","0","0","2123","0","0","0","N","0","0","0","3","02123","0","","1.0","","1","N","N","","0","","0","0","2","","2","","","3","0","0","0","0","0","0","2","0","3","","","","N","","","","","","","","","",""
"2017098406","1835","1","0","0","0","0","0","0","0","0","1","0","","02","9","2017","1","40.427039","-79.863051","1833","11","0","0","0","0","0","0","0","0","","0","0","0","","","1","","2","","40 25:37.339","","6","79 51:46.983","4","0","0","0","2431","0","0","0","N","0","0","0","1","02431","1","","1.0","","1","N","N","","1","","0","0","0","","2","","","2","1","0","0","0","0","0","2","0","2","","","","N","","","","","","","","","",""
"2017096848","0713","1","0","0","0","0","0","0","0","0","1","0","","02","9","2017","3","40.465774","-80.000326","0649","11","0","0","0","0","0","2","0","0","","0","0","0","","","0","","0","","40 27:56.786","","0","80 00:01.173","0","0","0","0","2301","0","0","0","","0","0","0","2","68B03","0","","1.0","","1","N","N","","1","","0","0","0","","0","","","2","0","0","0","0","0","0","2","0","2","","","","N","","","","","","","","","",""
"2017078207","0740","1","0","0","0","0","0","0","0","0","4","0","","02","8","2017","3","40.43799","-79.982631","0725","11","0","0","0","0","0","1","0","0","1","0","0","0","","","1","","1","","40 26:16.764","3","0","79 58:57.472","8","0","0","0","2301","0","0","0","N","0","0","0","3","02301","0","","1.0","","1","N","N","","0","","0","0","1","","3","Y","","2","1","0","0","0","1","0","2","0","2","","","","N","","","","","","","","","",""
"2017095200","2119","2","0","0","0","0","0","0","0","0","4","0","","02","9","2017","2","40.435681","-79.771078","2116","11","0","0","0","0","0","0","0","0","","0","0","0","","","0","","0","","40 26:08.450","","7","79 46:15.880","0","0","0","0","2446","0","0","0","N","0","0","0","2","02446","0","","1.0","","1","N","N","","0","","0","0","0","","2","","","2","0","1","0","0","0","0","2","0","2","","","","N","","","","","","","","","",""
"2017095846","1755","2","0","0","0","0","0","0","0","0","1","0","","02","9","2017","6","40.444174","-79.8414","1714","11","0","0","0","0","0","0","0","0","2","0","0","0","","","2","","0","","40 26:39.028","3","2","79 50:29.039","3","0","0","0","2419","0","0","0","","0","0","0","4","68B03","0","","1.0","","1","N","N","","0","","2","0","0","","4","N","","2","2","0","0","0","0","0","2","0","2","","","","N","","","","","","","","","",""
"2017093478","1534","1","0","0","0","0","0","0","0","0","8","0","","02","9","2017","2","40.382938","-79.857483","1533","11","0","0","0","0","0","0","0","1","","0","0","0","","","1","","2","","40 22:58.576","","7","79 51:26.939","8","0","0","0","2303","1","0","0","N","1","0","0","2","02303","0","","1.0","","1","N","N","","0","","0","0","0","","2","","","2","1","0","0","0","1","0","2","0","1","","","","N","","","","","","","","","",""
"2017095813","2351","1","0","0","0","0","0","0","0","0","99","0","","02","9","2017","6","40.376303","-79.984508","2349","11","0","0","0","1","0","0","0","0","1","0","0","0","","","0","","0","","40 22:34.690","2","0","79 59:04.229","0","0","0","0","2413","0","0","0","N","0","0","0","3","02413","0","","1.0","","1","N","N","","0","","0","0","0","","0","N","","1","0","0","0","0","0","0","2","0","1","","","","N","","","","","","","","","",""
"2017078201","1509","1","0","0","1","0","0","0","0","0","8","0","","02","7","2017","2","40.392963","-80.059321","1507","11","0","0","0","0","0","0","0","0","","0","0","0","","","1","","2","","40 23:34.666","","0","80 03:33.555","4","0","0","0","2117","1","0","0","N","0","0","0","2","02117","1","","1.0","","1","N","N","","0","","0","0","0","","3","","","2","1","0","0","0","0","0","2","0","1","","","","N","","","","","","","","","",""
"2017078208","1350","1","0","0","0","0","0","0","0","0","4","0","","02","7","2017","2","40.456966","-79.898844","1347","11","0","0","0","1","0","0","0","0","2","0","0","0","","","0","","1","","40 27:25.079","6","0","79 53:55.837","0","0","0","0","2301","0","0","0","N","0","0","0","2","02301","0","","1.0","","1","N","N","","0","","0","0","1","","2","Y","","2","0","0","0","0","0","0","2","0","2","","","","N","","","","","","","","","",""
"2017075334","0810","1","0","0","0","0","0","0","0","0","1","1","","02","7","2017","6","40.493169","-79.862381","0805","11","0","0","0","0","0","0","0","0","2","0","1","0","","","1","","0","","40 29:35.408","3","0","79 51:44.571","3","0","0","0","2408","0","0","0","N","0","0","0","1","02408","0","","6.0","","1","N","N","","0","","1","0","0","","0","Y","","2","1","0","0","0","0","0","2","0","2","","","","N","","","","","","","","","",""
"2017093183","1116","0","0","0","0","0","0","0","0","0","6","2","","02","9","2017","6","40.319282","-79.898631","1109","11","0","0","0","0","0","1","0","0","","0","2","0","","","1","","0","","40 19:09.415","","1","79 53:55.072","3","0","0","0","2302","0","0","0","N","0","0","0","4","02440","0","","1.0","","1","N","N","","0","","1","0","0","","0","","","2","1","0","0","0","0","0","2","0","2","","","","N","","","","","","","","","",""
"2017092225","0729","0","0","0","0","0","0","0","0","0","1","0","","02","9","2017","5","40.347113","-80.054665","0725","11","0","0","1","0","0","0","0","0","1","0","0","0","","","0","","0","","40 20:49.607","1","0","80 03:16.795","0","0","0","0","2123","0","0","0","N","0","0","0","3","02123","0","","1.0","","1","N","N","","1","","0","0","2","","2","N","","3","0","0","0","0","0","0","2","0","3","","","","N","","","","","","","","","",""
"2017079731","1928","1","0","0","0","0","0","0","0","0","4","0","","02","8","2017","6","40.485334","-80.009523","1922","11","0","0","0","0","1","0","0","0","","0","0","0","","","0","","3","","40 29:07.202","","0","80 00:34.284","0","0","0","0","2301","0","0","0","N","0","0","0","3","02301","0","","1.0","","1","N","N","","1","","0","0","0","","2","","","2","0","0","0","0","0","0","2","0","2","","","","N","","","","","","","","","",""
"2017095578","0112","1","0","0","0","0","0","0","0","0","5","0","","02","9","2017","6","40.445251","-79.849969","0049","11","0","0","0","0","0","0","0","0","","0","0","0","","","0","","0","","40 26:42.904","","0","79 50:59.888","0","0","0","0","2419","0","0","0","","0","0","0","1","68B03","0","","4.0","","1","N","N","","0","","0","0","1","","0","","","2","0","0","0","0","0","0","2","0","2","","","","N","","","","","","","","","",""
"2017093285","2159","0","0","0","0","0","0","0","0","0","0","0","","02","9","2017","1","40.489112","-79.935169","2155","11","0","0","0","0","0","0","0","0","","0","0","0","","","1","","0","","40 29:20.803","","0","79 56:06.607","8","0","0","1","2301","0","0","0","N","0","0","0","1","02301","0","","2.0","","1","N","N","","0","","0","0","0","","0","","","1","1","0","0","0","1","0","2","0","1","","","","N","","","","","","","","","",""
"2017079987","2214","3","0","0","0","0","0","0","0","0","4","0","","02","8","2017","7","40.485562","-80.033889","2201","11","0","0","0","0","0","0","0","0","2","0","0","0","","","0","","0","","40 29:08.023","4","0","80 02:02.000","0","0","0","0","2301","0","0","0","N","0","0","0","1","02301","0","","1.0","","1","N","N","","0","","0","0","0","","0","N","","3","0","0","0","0","0","0","2","0","3","","","","N","","","","","","","","","",""
"2017096989","1225","2","0","0","0","0","0","0","0","0","4","0","","02","9","2017","4","40.403608","-80.099718","1216","11","0","0","0","0","0","1","0","0","1","0","0","0","","","0","","1","","40 24:12.988","1","0","80 05:58.984","0","0","0","0","2102","0","0","0","N","0","0","0","6","02102","0","","1.0","","1","N","N","","0","","0","0","1","","3","Y","","3","0","0","0","0","0","0","2","0","3","","","","N","","","","","","","","","",""
"2017080347","0912","1","0","0","0","0","0","0","0","0","4","0","","02","8","2017","2","40.401499","-80.095528","0910","11","0","0","0","0","0","0","0","1","","0","0","0","","","0","","0","","40 24:05.398","","0","80 05:43.900","0","0","0","0","2415","0","0","0","N","0","0","0","2","02415","0","","1.0","","9","N","N","","0","","0","0","1","","0","","","2","0","0","0","0","0","0","2","0","2","","","","N","","","","","","","","","",""
"2017077432","2021","4","0","0","0","0","0","0","0","0","1","0","","02","7","2017","7","40.376886","-79.909324","2018","11","0","0","0","0","0","1","2","1","","0","0","0","","","1","","1","","40 22:36.789","","0","79 54:33.568","3","0","0","0","2301","0","0","0","N","0","0","0","4","02301","0","","1.0","","1","N","N","","0","","1","0","0","","2","","","4","1","0","0","0","0","0","2","0","4","","","","N","","","","","","","","","",""
"2017079545","0711","0","0","0","0","0","0","0","0","0","4","0","","02","8","2017","6","40.422067","-80.048145","0707","11","0","0","0","0","0","0","0","0","","0","0","0","","","1","","2","","40 25:19.440","","2","80 02:53.323","4","0","0","0","2435","1","0","0","N","1","0","0","3","02435","1","","1.0","","9","N","N","","0","","0","0","1","","3","","","3","1","0","0","0","0","0","2","1","2","","","","N","","","","","","","","","",""
"2017096786","1937","2","0","0","0","0","0","0","0","0","1","0","99","02","9","2017","3","40.64135","-80.066283","1932","11","0","0","0","0","0","0","0","0","","0","0","0","","","0","","0","","40 38:28.859","","0","80 03:58.617","0","0","0","0","2216","0","0","0","N","0","0","0","2","02505","0","","1.0","","1","N","N","","0","","0","0","0","","0","","","2","0","0","0","0","0","0","2","0","2","","","N","Y","8","1","","","N","","","","",""
"2017091659","1455","2","0","0","0","0","0","0","0","0","5","0","","02","9","2017","4","40.422656","-79.928758","1448","11","0","0","0","0","0","0","0","0","","0","0","0","","","1","","0","","40 25:21.560","","0","79 55:43.530","2","0","0","0","2301","1","0","1","N","1","0","1","3","02301","0","","4.0","","1","N","N","","0","","0","1","0","","0","","","3","1","0","0","0","0","0","2","0","2","","","","N","","","","","","","","","",""
"2017079742","2128","1","0","0","0","0","0","0","0","0","4","0","","02","8","2017","6","40.482447","-80.043547","2120","11","0","0","0","0","0","0","0","0","","0","0","0","","","1","","0","","40 28:56.809","","0","80 02:36.769","4","0","0","0","2301","0","0","0","Y","0","0","0","1","02301","1","","6.0","","9","N","N","","1","","0","0","0","","0","","","2","1","1","0","0","0","0","2","0","2","","","","N","","","","","","","","","",""
"2017092086","0403","2","0","0","0","0","0","0","0","0","4","0","","02","9","2017","1","40.441056","-80.006785","0358","11","0","0","0","1","0","0","0","0","","0","0","0","","","0","","1","","40 26:27.803","","2","80 00:24.425","9","0","0","0","2301","0","0","0","N","0","0","0","2","02301","0","","1.0","","1","N","N","","0","","0","0","0","","2","","","2","0","0","0","0","0","1","2","0","2","","","","N","","","","","","","","","",""
"2017079971","2044","2","0","0","0","0","0","0","0","0","6","0","","02","8","2017","7","40.441666","-79.920854","2044","11","0","0","0","0","0","0","0","2","2","0","0","0","","","1","","0","","40 26:29.997","6","0","79 55:15.074","3","0","0","0","2301","0","0","0","N","0","0","0","3","02301","0","","1.0","","1","N","N","","0","","1","0","0","","0","N","","2","1","0","0","0","0","0","2","0","2","","","","N","","","","","","","","","",""
"2017096916","1347","2","0","0","0","0","0","0","0","0","6","0","","02","9","2017","3","40.445164","-79.858518","1341","11","0","0","0","0","0","0","0","2","","0","0","0","","","0","","1","","40 26:42.590","","0","79 51:30.665","0","0","0","0","2419","0","0","0","N","0","0","0","2","02419","0","","1.0","","1","N","N","","0","","0","0","0","","2","","","2","0","0","0","0","0","0","2","0","2","","","","N","","","","","","","","","",""
"2017077452","2005","1","0","0","0","0","0","0","0","0","1","0","","02","7","2017","7","40.388081","-80.051158","2001","11","0","0","0","0","0","0","0","0","","0","0","0","","","1","","0","","40 23:17.090","","0","80 03:04.170","4","0","0","0","2109","0","0","0","","0","0","0","2","02109","1","","1.0","","1","N","N","","0","","0","0","0","","0","","","2","1","0","0","0","0","0","2","1","2","","","","N","","","","","","","","","",""
"2017079720","1746","3","0","0","0","0","0","0","0","0","1","0","","02","8","2017","6","40.425606","-79.86151","1743","11","0","0","0","0","0","2","0","0","1","0","0","0","","","1","","0","","40 25:32.183","3","0","79 51:41.436","4","0","0","0","2431","0","0","0","N","0","0","0","3","02431","1","","1.0","","1","N","N","","0","","0","0","0","","0","N","","3","1","0","0","0","0","0","2","0","3","","","","N","","","","","","","","","",""
"2017077643","1915","0","0","0","0","0","0","0","0","0","4","0","","02","7","2017","1","40.451743","-79.948598","1907","11","0","0","0","0","0","1","0","0","","0","0","0","","","1","","0","","40 27:06.274","","0","79 56:54.952","4","0","0","0","2301","0","0","0","N","0","0","0","1","02301","1","","1.0","","1","N","N","","0","","0","0","3","","0","","","3","1","0","0","0","0","0","2","0","3","","","","N","","","","","","","","","",""
"2017078588","1350","1","0","0","0","0","0","0","0","0","7","0","","02","8","2017","3","40.239906","-79.863673","1338","11","0","1","0","0","0","0","0","0","2","0","0","0","","","0","","0","","40 14:23.661","3","0","79 51:49.222","0","0","0","0","2105","0","0","0","N","0","0","0","2","02105","0","","2.0","","1","N","N","","0","","0","0","0","","0","N","","1","0","0","0","0","0","0","1","0","1","","","","N","","","","","","","","","",""
"2017078293","1910","0","0","0","0","0","0","0","0","0","0","0","","02","7","2017","1","40.454587","-79.888434","1901","11","0","0","0","0","0","1","0","0","","0","0","0","","","1","","1","","40 27:16.514","","0","79 53:18.363","8","0","0","1","2301","0","0","0","N","0","0","0","1","02301","0","","1.0","","1","N","N","","0","","0","0","0","","2","","","1","1","0","0","0","1","0","2","0","1","","","","N","","","","","","","","","",""
"2017079743","2115","0","0","0","0","0","0","0","0","0","7","0","","02","8","2017","6","40.437026","-79.973568","2105","11","0","0","0","0","0","0","0","0","1","0","0","0","","","0","","0","","40 26:13.294","1","0","79 58:24.846","0","0","0","0","2301","0","0","0","N","0","0","0","1","02301","0","","2.0","","9","N","N","","1","","0","0","0","","0","N","","1","0","0","0","0","0","0","2","0","1","","","","N","","","","","","","","","",""
"2017092962","1841","1","0","1","0","0","0","0","0","0","4","0","","02","9","2017","5","40.653181","-80.079577","1837","11","0","0","0","0","0","1","0","0","","0","0","0","","","4","","1","","40 39:11.453","","0","80 04:46.477","2","0","0","0","2212","0","0","0","N","0","0","0","6","02505","1","","1.0","","9","N","N","","0","","2","1","1","","3","","","2","4","0","0","0","0","0","2","0","2","","","","N","","","","","","","","","",""
"2017077778","1031","2","0","0","0","0","0","0","0","0","4","0","","02","7","2017","2","40.43708","-79.998329","1027","11","0","0","0","0","0","0","1","0","1","0","0","0","","","0","","1","","40 26:13.487","7","0","79 59:53.986","0","0","0","0","2301","0","0","0","N","0","0","0","4","02301","0","","1.0","","1","N","N","","0","","0","0","0","","2","N","","2","0","0","0","0","0","0","2","0","2","","","","N","","","","","","","","","",""
"2017097176","1756","1","0","0","0","0","0","0","0","0","4","0","","02","9","2017","4","40.45094","-79.714277","1748","11","1","0","0","0","0","0","0","0","2","0","0","0","","","4","","0","","40 27:03.385","4","0","79 42:51.398","3","0","0","0","2466","0","0","0","N","0","0","0","4","02466","0","","1.0","","1","N","N","","0","","4","0","1","","0","N","","2","4","0","0","0","0","0","2","0","2","","","","N","","","","","","","","","",""
"2017110720","2100","0","0","0","0","0","0","0","0","0","1","0","","02","10","2017","3","40.454316","-79.883335","2050","11","0","0","0","0","0","0","0","1","","0","0","0","","","0","","0","","40 27:15.539","","0","79 53:00.005","0","0","0","0","2301","0","0","0","N","0","0","0","1","02301","0","","1.0","","1","N","N","","0","","0","0","1","","0","","","2","0","0","0","0","0","0","2","0","2","","","","N","","","","","","","","","",""
"2017079908","2106","1","0","0","0","0","0","0","0","0","6","0","","02","8","2017","5","40.549379","-79.840016","2059","11","1","0","0","0","0","0","0","0","","0","0","0","","","1","","1","","40 32:57.766","","0","79 50:24.056","8","0","0","0","2208","0","0","0","N","0","0","0","3","02208","0","","1.0","","1","N","N","","0","","0","0","1","","2","","","2","1","0","0","0","1","0","2","0","2","","","","N","","","","","","","","","",""
"2017079871","1455","1","0","0","0","0","0","0","0","0","4","0","","02","8","2017","4","40.442356","-80.023369","1444","11","0","0","0","0","0","1","0","0","","0","0","0","","","1","N","0","","40 26:32.482","","7","80 01:24.127","3","0","0","0","2301","0","0","0","N","0","0","0","4","02301","0","","1.0","","1","N","N","","1","","1","0","0","","0","","","2","1","0","0","0","0","0","2","0","2","","","","N","","","","","","","","","",""
"2017079049","2033","1","0","0","0","0","0","0","0","0","7","0","","02","8","2017","4","40.391331","-79.967253","2030","11","0","0","0","0","0","1","0","0","2","0","0","0","","","0","","0","","40 23:28.793","1","0","79 58:02.110","0","0","0","0","2403","0","0","0","N","0","0","0","1","02403","0","","2.0","","1","N","N","","0","","0","0","0","","0","Y","","1","0","0","0","0","0","0","2","0","1","","","","N","","","","","","","","","",""
"2017091389","2159","1","0","0","0","0","0","0","0","0","4","0","","02","9","2017","3","40.426064","-79.980822","2145","11","0","0","0","0","0","0","0","0","1","0","0","0","","","1","","1","","40 25:33.832","1","0","79 58:50.959","4","0","0","0","2301","0","0","0","N","0","0","0","2","02301","1","","1.0","","1","N","N","","1","","0","0","0","","3","N","","2","1","0","0","0","0","0","2","0","2","","","","N","","","","","","","","","",""
"2017080042","0958","1","0","0","0","0","0","0","0","0","1","0","","02","8","2017","5","40.43191","-80.024566","0937","11","0","0","0","0","0","1","1","0","","0","0","0","","","2","","0","","40 25:54.876","","3","80 01:28.439","4","0","0","0","2301","0","0","0","","0","0","0","4","68B03","1","","1.0","","1","N","N","","1","","0","0","1","","0","","","3","2","0","0","0","1","0","2","0","3","","","","N","","","","","","","","","",""
"2017090947","1856","2","0","0","0","0","0","0","0","0","1","1","","02","9","2017","2","40.383318","-79.977162","1843","11","0","0","0","0","0","0","0","0","1","0","1","0","","","0","","0","","40 22:59.946","2","0","79 58:37.782","0","0","0","0","2301","0","0","0","N","0","0","0","3","02301","0","","6.0","","1","N","N","","0","","0","0","0","","0","N","","3","0","0","0","0","0","0","2","0","3","","","","N","","","","","","","","","",""
"2017093668","","2","0","0","0","0","0","0","0","0","1","0","","02","9","2017","7","40.432988","-79.731259","","11","0","0","0","0","1","0","0","0","1","0","0","0","","","1","","0","","40 25:58.757","4","0","79 43:52.531","8","0","0","0","2446","0","0","0","N","0","0","0","2","02446","0","","1.0","","1","N","N","","0","","0","0","0","","2","N","","2","1","0","0","0","1","0","2","0","2","","","","N","","","","","","","","","",""
"2017100409","","1","0","0","0","0","0","0","0","0","1","0","","02","9","2017","2","40.452554","-80.176241","","11","0","1","0","0","0","1","0","0","","0","0","0","","","1","","0","","40 27:09.194","","0","80 10:34.469","8","0","0","0","2214","0","0","0","","0","0","0","2","68B03","0","","1.0","","1","N","N","","0","","0","0","1","","0","","","2","1","0","0","0","1","0","2","0","2","","","","N","","","","","","","","","",""
"2017093287","","1","0","0","0","0","0","0","0","0","7","0","","02","9","2017","1","40.430439","-80.002753","","11","0","0","0","0","0","0","0","0","2","0","0","0","","","0","","0","","40 25:49.580","1","1","80 00:09.910","0","0","0","0","2301","0","0","0","Y","0","0","0","1","02301","0","","5.0","","1","N","N","","0","","0","0","0","","0","N","","1","0","0","0","0","0","0","2","0","1","","","","N","","","","","","","","","",""
"2017078447","","0","0","0","0","0","0","0","0","0","5","0","","02","8","2017","3","40.481001","-80.04535","","11","0","0","0","0","0","0","0","0","","0","0","0","","","1","","0","","40 28:51.604","","0","80 02:43.260","8","0","0","1","2301","0","0","0","N","0","0","0","2","02301","0","","1.0","","1","N","N","","1","","0","0","0","","0","","","2","1","0","0","0","1","0","2","0","2","","","","N","","","","","","","","","",""
"2017095560","","3","0","0","0","0","0","0","0","0","1","0","","02","8","2017","3","40.427398","-79.922699","","11","0","0","1","0","0","0","0","1","1","0","0","0","","","1","","0","","40 25:38.633","3","4","79 55:21.716","8","0","0","0","2301","0","0","0","","0","0","0","4","68B03","0","","1.0","","1","N","N","","0","","0","0","0","","0","N","","3","1","0","0","0","1","0","2","0","3","","","","N","","","","","","","","","",""
"2017097219","","0","0","0","0","0","0","0","0","0","7","0","","02","9","2017","4","40.363826","-79.899166","","11","0","0","0","0","0","0","0","0","2","0","0","0","","","1","","0","","40 21:49.774","6","0","79 53:56.998","3","0","0","0","2473","0","0","0","N","0","0","0","1","02473","0","","5.0","","1","N","N","","0","","1","0","1","","0","Y","","1","1","1","0","0","0","0","2","0","1","","","","N","","","","","","","","","",""
"2017080662","","1","0","0","0","0","0","0","0","0","4","0","","02","8","2017","2","40.452383","-80.016659","","11","0","0","1","0","0","0","0","0","9","0","0","0","","","0","","1","","40 27:08.578","6","0","80 00:59.974","0","0","0","0","2301","0","0","0","N","0","0","0","2","02301","0","","1.0","","1","N","N","","0","","0","0","1","","3","N","","2","0","0","0","0","0","0","2","0","2","","","","N","","","","","","","","","",""
"2017091064","","2","0","0","0","0","0","0","0","0","4","0","","02","9","2017","3","40.491722","-80.048856","","11","0","0","0","0","0","0","0","0","2","0","0","0","","","1","","0","","40 29:30.200","5","7","80 02:55.880","4","0","0","0","2404","0","0","0","N","0","0","0","2","02404","1","","1.0","","9","N","N","","0","","0","0","0","","0","Y","","2","1","0","0","0","0","0","2","0","2","","","","N","","","","","","","","","",""
"2017096401","","1","0","0","0","0","0","0","0","0","3","0","","02","9","2017","3","40.424174","-79.93636","","11","0","0","0","0","0","0","0","0","","0","0","0","","","0","","1","","40 25:27.027","","0","79 56:10.896","0","0","0","0","2301","0","0","0","N","0","0","0","2","02301","0","","2.0","","1","N","N","","1","","0","0","0","","0","","","2","0","0","0","0","0","0","2","0","2","","","","N","","","","","","","","","",""
"2017078553","","0","0","0","0","0","0","0","0","0","1","0","","02","8","2017","3","40.371753","-80.078739","","11","0","0","0","0","0","1","0","0","2","0","0","0","","","2","","0","","40 22:18.310","4","0","80 04:43.460","3","0","0","0","2109","0","0","0","","0","0","0","3","02109","1","","1.0","","1","N","N","","0","","1","0","3","","2","Y","","3","2","0","0","0","0","0","2","0","3","","","","N","","","","","","","","","",""
"2017080204","","1","0","0","0","0","0","0","0","0","7","0","","02","7","2017","1","40.495604","-80.05562","","11","0","0","0","0","0","1","0","0","","0","0","0","","","0","","1","","40 29:44.174","","0","80 03:20.231","0","0","0","0","2404","0","0","0","N","0","0","0","1","02404","0","","4.0","","1","N","N","","0","","0","0","0","","0","","","1","0","0","0","0","0","0","2","0","1","","","","N","","","","","","","","","",""
"2017076832","","2","0","0","0","0","0","0","0","0","1","0","","02","7","2017","5","40.460054","-79.945995","","11","0","0","0","0","0","1","0","0","1","0","0","0","","","1","","1","","40 27:36.194","1","0","79 56:45.582","4","0","0","0","2301","0","0","0","N","0","0","0","2","02301","1","","1.0","","9","N","N","","0","","0","0","0","","2","N","","2","1","0","0","0","0","0","2","0","2","","","","N","","","","","","","","","",""
"2017080680","","1","0","0","0","0","0","0","0","0","4","0","","02","8","2017","3","40.347444","-79.945028","","11","0","0","0","0","0","1","0","0","","0","0","0","","","0","","2","","40 20:50.800","","0","79 56:42.100","0","0","0","0","2473","0","0","0","N","0","0","0","3","02473","0","","1.0","","1","N","N","","1","","0","0","0","","3","","","2","0","2","0","0","0","0","2","0","2","","","","N","","","","","","","","","",""
"2017093939","","2","0","0","0","0","0","0","0","0","4","0","","02","9","2017","3","40.443546","-80.054034","","11","0","0","0","1","0","1","0","0","","0","0","0","","","1","","2","","40 26:36.765","","0","80 03:14.522","8","0","0","0","2301","0","0","0","N","0","0","0","3","02301","0","","1.0","","1","N","N","","0","","0","0","0","","3","","","2","1","0","0","0","1","0","2","0","2","","","","N","","","","","","","","","",""