"CRN","ARRIVAL_TM","AUTOMOBILE_COUNT","BELTED_DEATH_COUNT","BELTED_SUSP_SERIOUS_INJ_COUNT","BICYCLE_COUNT","BICYCLE_DEATH_COUNT","BICYCLE_SUSP_SERIOUS_INJ_COUNT","BUS_COUNT","CHLDPAS_DEATH_COUNT","CHLDPAS_SUSP_SERIOUS_INJ_COUNT","COLLISION_TYPE","COMM_VEH_COUNT","CONS_ZONE_SPD_LIM","COUNTY","CRASH_MONTH","CRASH_YEAR","DAY_OF_WEEK","DEC_LATITUDE","DEC_LONGITUDE","DISPATCH_TM","DISTRICT","DRIVER_COUNT_16YR","DRIVER_COUNT_17YR","DRIVER_COUNT_18YR","DRIVER_COUNT_19YR","DRIVER_COUNT_20YR","DRIVER_COUNT_50_64YR","DRIVER_COUNT_65_74YR","DRIVER_COUNT_75PLUS","EST_HRS_CLOSED","FATAL_COUNT","HEAVY_TRUCK_COUNT","HORSE_BUGGY_COUNT","HOUR_OF_DAY","ILLUMINATION","INJURY_COUNT","INTERSECTION_RELATED","INTERSECT_TYPE","LANE_CLOSED","LATITUDE","LN_CLOSE_DIR","LOCATION_TYPE","LONGITUDE","MAX_SEVERITY_LEVEL","MCYCLE_DEATH_COUNT","MCYCLE_SUSP_SERIOUS_INJ_COUNT","MOTORCYCLE_COUNT","MUNICIPALITY","NONMOTR_COUNT","NONMOTR_DEATH_COUNT","NONMOTR_SUSP_SERIOUS_INJ_COUNT","NTFY_HIWY_MAINT","PED_COUNT","PED_DEATH_COUNT","PED_SUSP_SERIOUS_INJ_COUNT","PERSON_COUNT","POLICE_AGCY","POSSIBLE_INJ_COUNT","RDWY_SURF_TYPE_CD","RELATION_TO_ROAD","ROADWAY_CLEARED","ROAD_CONDITION","SCH_BUS_IND","SCH_ZONE_IND","SECONDARY_CRASH","SMALL_TRUCK_COUNT","SPEC_JURIS_CD","SUSP_MINOR_INJ_COUNT","SUSP_SERIOUS_INJ_COUNT","SUV_COUNT","TCD_FUNC_CD","TCD_TYPE","TFC_DETOUR_IND","TIME_OF_DAY","TOTAL_UNITS","TOT_INJ_COUNT","UNBELTED_OCC_COUNT","UNB_DEATH_COUNT","UNB_SUSP_SERIOUS_INJ_COUNT","UNK_INJ_DEG_COUNT","UNK_INJ_PER_COUNT","URBAN_RURAL","VAN_COUNT","VEHICLE_COUNT","WEATHER1","WEATHER2","WORKERS_PRES","WORK_ZONE_IND","WORK_ZONE_LOC","WORK_ZONE_TYPE","WZ_CLOSE_DETOUR","WZ_FLAGGER","WZ_LAW_OFFCR_IND","WZ_LN_CLOSURE","WZ_MOVING","WZ_OTHER","WZ_SHLDER_MDN","WZ_WORKERS_INJ_KILLED"
"2017077689","","2","0","0","0","0","0","0","0","0","6","0","","02","7","2017","5","40.356424","-80.119157","","11","0","0","0","0","0","0","0","0","1","0","0","0","","","0","","7","","40 21:23.127","3","0","80 07:08.965","0","0","0","0","2119","0","0","0","N","0","0","0","3","02119","0","","1.0","","1","N","N","","0","","0","0","0","","2","N","","2","0","0","0","0","0","0","2","0","2","","","","N","","","","","","","","","",""
"2017095410","","1","0","0","0","0","0","0","0","0","4","0","","02","9","2017","7","40.46119","-79.870168","","11","0","0","0","0","0","0","0","0","1","0","0","0","","","1","","1","","40 27:40.283","3","0","79 52:12.603","8","0","0","0","2301","0","0","0","N","0","0","0","2","02301","0","","1.0","","1","N","N","","1","","0","0","0","","2","N","","2","1","0","0","0","1","0","2","0","2","","","","N","","","","","","","","","",""
"2017063966","","1","0","0","0","0","0","0","0","0","7","0","","02","6","2017","4","40.51308","-79.910253","","11","0","0","0","1","0","0","0","0","","0","0","0","","","0","","2","","40 30:47.088","","0","79 54:36.909","0","0","0","0","2432","0","0","0","N","0","0","0","2","02432","0","","5.0","","9","N","N","","0","","0","0","0","","0","","","1","0","0","0","0","0","0","2","0","1","","","","N","","","","","","","","","",""
"2017095129","","2","0","0","0","0","0","0","0","0","4","0","","02","9","2017","5","40.400002","-80.023994","","11","0","0","1","0","0","0","0","0","1","0","0","0","","","1","","0","","40 24:00.006","2","7","80 01:26.379","3","0","0","0","2301","0","0","0","N","0","0","0","3","02301","0","","1.0","","1","N","N","","0","","1","0","0","","0","N","","2","1","0","0","0","0","0","2","0","2","","","","N","","","","","","","","","",""
"2017063972","","1","0","0","0","0","0","0","0","0","7","0","","02","6","2017","3","40.452376","-79.844203","","11","0","0","0","0","0","0","0","0","4","0","0","0","","","0","","0","","40 27:08.555","5","0","79 50:39.130","0","0","0","0","2113","0","0","0","N","0","0","0","1","02113","0","","2.0","","1","N","N","","0","","0","0","0","","0","Y","","1","0","0","0","0","0","0","2","0","1","","","","N","","","","","","","","","",""
"2017063795","","1","0","0","0","0","0","0","0","0","6","0","","02","6","2017","4","40.339689","-79.853862","","11","0","0","0","0","0","0","0","1","","0","0","0","","","0","","1","","40 20:22.880","","0","79 51:13.903","0","0","0","0","2304","0","0","0","N","0","0","0","3","02304","0","","1.0","","1","N","N","","1","","0","0","0","","3","","","2","0","2","0","0","0","0","2","0","2","","","","N","","","","","","","","","",""
"2017077186","","1","0","0","0","0","0","0","0","0","6","0","","02","7","2017","6","40.458822","-79.972785","","11","0","1","0","0","0","1","0","0","2","0","0","0","","","0","","1","","40 27:31.760","4","0","79 58:22.026","0","0","0","0","2301","0","0","0","N","0","0","0","2","02301","0","","1.0","","9","N","N","","0","","0","0","1","","2","N","","2","0","0","0","0","0","0","2","0","2","","","","N","","","","","","","","","",""
"2017079756","","0","0","0","0","0","0","0","0","0","7","0","","02","8","2017","7","40.403923","-80.030271","","11","0","0","0","0","0","0","0","0","2","0","0","0","","","0","","1","","40 24:14.122","2","0","80 01:48.975","0","0","0","0","2301","0","0","0","N","0","0","0","1","02301","0","","1.0","","1","N","N","","0","","0","0","0","","0","N","","1","0","0","0","0","0","0","2","1","1","","","","N","","","","","","","","","",""
"2017063797","","0","0","0","0","0","0","0","0","0","1","0","","02","6","2017","4","40.447996","-80.162816","","11","0","0","0","0","0","0","0","0","2","0","0","0","","","1","","0","","40 26:52.785","3","0","80 09:46.139","3","0","0","0","2115","0","0","0","N","0","0","0","2","02115","0","","1.0","","1","N","N","","0","","1","0","2","","0","N","","2","1","0","0","0","0","0","2","0","2","","","","N","","","","","","","","","",""
"2017077438","","1","0","0","0","0","0","0","0","0","1","0","","02","7","2017","3","40.634912","-79.939744","","11","0","1","1","0","0","0","0","0","","0","0","0","","","0","","0","","40 38:05.682","","0","79 56:23.080","0","0","0","0","2217","0","0","0","N","0","0","0","2","02505","0","","1.0","","1","N","N","","1","","0","0","0","","2","","","2","0","0","0","0","0","0","2","0","2","","","","N","","","","","","","","","",""
"2017077659","","1","0","0","0","0","0","0","0","0","7","0","","02","7","2017","7","40.422038","-79.854486","","11","0","0","0","0","0","0","0","0","","0","0","0","","","0","","0","","40 25:19.337","","0","79 51:16.150","0","0","0","0","2431","0","0","0","N","0","0","0","1","02431","0","","5.0","","1","N","N","","0","","0","0","0","","0","","","1","0","0","0","0","0","0","2","0","1","","","","N","","","","","","","","","",""
"2017063802","","1","0","0","0","0","0","0","0","0","5","0","","02","6","2017","3","40.537398","-80.186064","","11","0","0","0","1","0","0","0","0","1","0","0","0","","","1","","1","","40 32:14.634","1","0","80 11:09.830","8","0","0","1","2458","0","0","0","N","0","0","0","2","02458","0","","1.0","","1","N","N","","0","","0","0","0","","2","N","","2","1","0","0","0","1","0","2","0","2","","","","N","","","","","","","","","",""
"2017063986","","1","0","0","0","0","0","0","0","0","4","0","","02","6","2017","1","40.520969","-79.837592","","11","0","0","0","0","0","0","1","1","1","0","0","0","","","1","","1","","40 31:15.488","2","0","79 50:15.331","4","0","0","0","2451","0","0","0","N","0","0","0","3","02451","1","","1.0","","1","N","N","","0","","0","0","1","","0","Y","","2","1","0","0","0","0","0","2","0","2","","","","N","","","","","","","","","",""
"2017079762","","1","0","0","0","0","0","0","0","0","1","0","","02","8","2017","7","","","","11","0","0","0","0","0","0","0","0","2","0","0","0","","","0","","0","","00 00:00.00","3","0","00 00:00.0","0","0","0","0","2301","0","0","0","N","0","0","0","2","02301","0","","1.0","","1","N","N","","1","","0","0","0","","0","N","","2","0","0","0","0","0","0","1","0","2","","","","N","","","","","","","","","",""
"2017095756","","1","0","0","0","0","0","0","0","0","3","0","","02","9","2017","1","40.452061","-79.998775","","11","0","0","0","0","0","1","0","0","1","0","0","0","","","1","","0","","40 27:07.420","3","7","79 59:55.590","8","0","0","1","2301","0","0","0","N","0","0","0","4","02301","0","","1.0","","1","N","N","","0","","0","0","0","","0","N","","2","1","0","0","0","1","2","2","0","2","","","","N","","","","","","","","","",""
"2017079202","","1","0","0","0","0","0","0","0","0","4","1","","02","7","2017","2","40.461417","-79.970746","","11","0","0","0","0","0","2","0","0","1","0","1","0","","","0","","1","","40 27:41.101","1","0","79 58:14.685","0","0","0","0","2301","0","0","0","N","0","0","0","2","02301","0","","1.0","","1","N","N","","0","","0","0","0","","3","Y","","2","0","0","0","0","0","0","2","0","2","","","","N","","","","","","","","","",""
"2017079266","","0","0","0","0","0","0","0","0","0","7","0","","02","6","2017","3","40.543793","-79.771409","","11","0","0","0","0","0","0","0","0","6","1","0","0","","","0","","3","","40 32:37.654","5","0","79 46:17.072","1","0","0","0","2462","0","0","0","N","0","0","0","1","02462","0","2","5.0","","1","N","N","","0","0","0","0","0","","0","Y","","1","0","0","0","0","0","0","2","0","1","","","","N","","","","","","","","","",""
"2017063803","","1","0","0","0","0","0","0","0","0","4","0","","02","6","2017","2","40.524724","-79.962108","","11","0","0","0","0","0","1","0","0","1","0","0","0","","","0","","0","","40 31:29.008","2","0","79 57:43.589","0","0","0","0","2118","0","0","0","N","0","0","0","2","02118","0","","1.0","","1","N","N","","0","","0","0","1","","0","N","","2","0","0","0","0","0","0","2","0","2","","","","N","","","","","","","","","",""
"2017079991","","0","0","0","0","0","0","0","0","0","0","0","","02","8","2017","1","40.451464","-80.019159","","11","0","0","0","0","0","0","0","0","","0","0","0","","","1","","0","","40 27:05.271","","0","80 01:08.971","3","0","0","1","2301","0","0","0","N","0","0","0","2","02301","0","","1.0","","1","N","N","","0","","1","0","0","","2","","","1","1","0","0","0","0","0","2","0","1","","","","N","","","","","","","","","",""
"2017060159","","1","0","0","0","0","0","0","0","0","7","0","","02","6","2017","7","40.319093","-79.834454","","11","0","0","0","0","0","0","1","0","1","0","0","0","","","0","","1","","40 19:08.733","1","0","79 50:04.036","0","0","0","0","2469","0","0","0","N","0","0","0","1","02469","0","","5.0","","1","N","N","","0","","0","0","0","","0","N","","1","0","1","0","0","0","0","2","0","1","","","","N","","","","","","","","","",""
"2017080811","","1","0","0","0","0","0","0","0","0","7","0","","02","8","2017","4","40.494982","-79.906379","","11","0","0","0","0","0","0","0","0","","0","0","0","","","0","","7","","40 29:41.936","","8","79 54:22.966","0","0","0","0","2401","0","0","0","","0","0","0","1","68D02","0","","4.0","","9","N","N","","0","","0","0","0","","0","","","1","0","0","0","0","0","0","2","0","1","","","","N","","","","","","","","","",""
"2017064001","","2","0","0","0","0","0","0","0","0","4","0","","02","6","2017","3","40.34466","-80.031162","","11","0","0","0","0","1","0","1","0","","0","0","0","","","0","","2","","40 20:40.775","","0","80 01:52.182","0","0","0","0","2407","0","0","0","","0","0","0","2","02407","0","","1.0","","1","N","N","","0","","0","0","0","","3","","","2","0","0","0","0","0","0","2","0","2","","","","N","","","","","","","","","",""
"2017079773","","1","0","0","0","0","0","0","0","0","7","0","","02","5","2017","3","40.428013","-79.948306","","11","0","0","0","0","0","0","0","0","2","0","0","0","","","1","","0","","40 25:40.846","3","3","79 56:53.902","3","0","0","0","2301","0","0","0","","0","0","0","1","68B03","0","","2.0","","9","N","N","","0","","1","0","0","","0","N","","1","1","0","0","0","0","0","2","0","1","","","","N","","","","","","","","","",""
"2017077567","","1","0","0","0","0","0","0","0","0","1","0","","02","7","2017","7","40.34837","-79.944808","","11","0","0","0","0","1","1","0","0","","0","0","0","","","1","","6","","40 20:54.133","","0","79 56:41.310","4","0","0","0","2473","0","0","0","N","0","0","0","4","02473","1","","1.0","","1","N","N","","0","","0","0","0","","4","","","2","1","0","0","0","0","0","2","1","2","","","","N","","","","","","","","","",""
"2017064002","","0","0","0","0","0","0","0","0","0","4","0","","02","6","2017","3","40.338469","-80.051372","","11","0","0","0","0","1","1","0","0","","0","0","0","","","2","","0","","40 20:18.488","","0","80 03:04.939","3","0","0","0","2407","0","0","0","","0","0","0","4","02407","0","","1.0","","1","N","N","","1","","2","0","0","","0","","","2","2","0","0","0","0","0","2","1","2","","","","N","","","","","","","","","",""
"2017079774","","2","0","0","0","0","0","0","0","0","1","0","45","02","5","2017","6","40.437829","-80.198338","","11","0","0","1","1","0","0","0","0","2","0","0","0","","","0","","0","","40 26:16.185","3","0","80 11:54.015","0","0","0","0","2214","0","0","0","","0","0","0","4","68B03","0","","1.0","","1","N","N","","1","","0","0","1","","0","N","","4","0","0","0","0","0","0","2","0","4","","","Y","Y","3","1","N","N","N","Y","N","N","N",""
"2017081417","","2","0","0","0","0","0","0","0","0","4","0","","02","8","2017","4","40.364583","-79.969417","","11","0","0","0","0","0","0","1","0","1","0","0","0","","","0","","0","","40 21:52.500","1","0","79 58:09.900","0","0","0","0","2476","0","0","0","N","0","0","0","2","02476","0","","1.0","","1","N","N","","0","","0","0","0","","0","N","","2","0","0","0","0","0","0","2","0","2","","","","N","","","","","","","","","",""
"2017077493","","2","0","0","0","0","0","0","0","0","1","0","","02","7","2017","2","40.578061","-79.953778","","11","0","0","0","0","0","0","0","0","1","0","0","0","","","0","","2","","40 34:41.021","1","0","79 57:13.600","0","0","0","0","2207","0","0","0","N","0","0","0","4","02207","0","","1.0","","1","N","N","","0","","0","0","0","","0","N","","2","0","0","0","0","0","0","2","0","2","","","","N","","","","","","","","","",""
"2017079775","","1","0","0","0","0","0","0","0","0","1","0","","02","5","2017","6","40.440658","-80.156326","","11","0","0","0","0","0","0","0","0","","0","0","0","","","0","","0","","40 26:26.367","","0","80 09:22.774","9","0","0","0","2115","0","0","0","","0","0","0","6","68B03","0","","1.0","","1","N","N","","0","","0","0","2","","0","","","3","0","0","0","0","0","3","2","0","3","","","","N","","","","","","","","","",""
"2017064020","","0","0","0","0","0","0","0","0","0","1","0","","02","6","2017","7","40.528316","-80.007206","","11","0","0","0","0","0","2","0","0","1","0","0","0","","","1","","0","","40 31:41.937","2","7","80 00:25.942","4","0","0","0","2116","0","0","0","N","0","0","0","2","02116","1","","1.0","","1","N","N","","0","","0","0","2","","2","N","","2","1","1","0","0","0","0","2","0","2","","","","N","","","","","","","","","",""
"2017077506","","2","0","0","0","0","0","0","0","0","4","0","","02","7","2017","4","40.457988","-79.708385","","11","0","0","0","0","0","0","1","1","1","0","0","0","","","1","","1","","40 27:28.755","4","0","79 42:30.185","4","0","0","0","2466","0","0","0","N","0","0","0","2","02466","1","","1.0","","1","N","N","","0","","0","0","0","","2","N","","2","1","0","0","0","0","0","2","0","2","","","","N","","","","","","","","","",""
"2017097471","","1","0","0","0","0","0","0","0","0","4","0","","02","9","2017","6","40.337878","-80.051214","","11","0","0","0","0","0","0","0","0","","0","0","0","","","1","","0","","40 20:16.360","","7","80 03:04.370","4","0","0","0","2407","0","0","0","","0","0","0","3","02407","1","","1.0","","1","N","N","","0","","0","0","1","","0","","","2","1","0","0","0","0","0","2","0","2","","","","N","","","","","","","","","",""
"2017064042","","1","0","0","0","0","0","0","0","0","7","0","","02","6","2017","1","40.525598","-79.840956","","11","0","0","0","0","0","0","0","0","","0","0","0","","","0","","0","","40 31:32.153","","0","79 50:27.440","0","0","0","0","2451","0","0","0","N","0","0","0","1","02451","0","","5.0","","9","N","N","","0","","0","0","0","","0","","","1","0","0","0","0","0","0","2","0","1","","","","N","","","","","","","","","",""
"2017075520","","0","0","0","0","0","0","0","0","0","7","0","","02","7","2017","2","40.504175","-79.762326","","11","0","0","0","0","0","0","0","0","1","0","0","0","","","1","","0","","40 30:15.029","2","0","79 45:44.373","3","0","0","0","2466","0","0","0","Y","0","0","0","1","02466","0","","5.0","","1","N","N","","0","","1","0","1","","0","N","","1","1","0","0","0","0","0","2","0","1","","","","N","","","","","","","","","",""
"2017079777","","2","0","0","0","0","0","0","0","0","1","0","","02","5","2017","4","40.416135","-80.058869","","11","0","0","0","0","0","0","0","0","","0","0","0","","","0","","0","","40 24:58.087","","0","80 03:31.930","0","0","0","0","2435","0","0","0","","0","0","0","5","68B03","0","","1.0","","1","N","N","","1","","0","0","1","","0","","","4","0","0","0","0","0","0","2","0","4","","","","N","","","","","","","","","",""
"2017079919","","0","0","0","0","0","0","0","0","0","7","0","","02","8","2017","5","","","","11","0","0","0","0","0","0","0","0","1","0","0","0","","","0","","0","","00 00:00.00","5","0","00 00:00.0","0","0","0","0","2413","0","0","0","N","0","0","0","1","02413","0","","5.0","","1","N","N","","0","","0","0","1","","0","N","","1","0","1","0","0","0","0","1","0","1","","","","N","","","","","","","","","",""
"2017095664","","1","0","0","0","0","0","0","0","0","1","0","","02","9","2017","4","40.427364","-79.721381","","11","0","0","0","0","1","0","0","0","1","0","0","0","","","0","","1","","40 25:38.512","3","0","79 43:16.973","0","0","0","0","2446","0","0","0","N","0","0","0","3","02446","0","","1.0","","9","N","N","","0","","0","0","1","","2","N","","2","0","0","0","0","0","0","2","0","2","","","","N","","","","","","","","","",""
"2017079778","","2","0","0","0","0","0","0","0","0","1","0","","02","6","2017","1","40.425147","-80.121354","","11","0","0","0","0","0","0","0","0","2","0","0","0","","","0","","0","","40 25:30.528","4","0","80 07:16.875","0","0","0","0","2102","0","0","0","","0","0","0","4","68B03","0","","1.0","","1","N","N","","0","","0","0","0","","0","N","","2","0","0","0","0","0","0","2","0","2","","","","N","","","","","","","","","",""
"2017080742","","1","0","0","0","0","0","0","0","0","1","0","","02","7","2017","4","40.495606","-79.908865","","11","0","0","0","0","0","1","0","0","2","0","0","0","","","0","","0","","40 29:44.182","2","3","79 54:31.915","0","0","0","0","2461","0","0","0","","0","0","0","2","68D02","0","","1.0","","1","N","N","","0","","0","0","1","","0","N","","2","0","0","0","0","0","0","2","0","2","","","","N","","","","","","","","","",""
"2017099686","","2","0","0","0","0","0","0","0","0","1","0","","02","9","2017","6","40.518736","-80.004754","","11","0","0","0","0","0","0","1","0","","0","0","0","","","1","","0","","40 31:07.448","","0","80 00:17.115","3","0","0","0","2116","0","0","0","N","0","0","0","4","02116","0","","1.0","","1","N","N","","0","","1","0","1","","2","","","3","1","0","0","0","0","0","2","0","3","","","","N","","","","","","","","","",""
"2017076523","","2","0","0","0","0","0","0","0","0","6","0","","02","7","2017","3","40.438689","-79.997271","","11","0","0","0","0","0","1","0","0","1","0","0","0","","","3","","1","","40 26:19.280","3","0","79 59:50.177","3","0","0","0","2301","0","0","0","N","0","0","0","5","02301","1","","1.0","","1","N","N","","0","","2","0","0","","0","N","","2","3","3","0","0","0","0","2","0","2","","","","N","","","","","","","","","",""
"2017080744","","1","0","0","0","0","0","0","0","0","7","0","","02","7","2017","2","40.526871","-80.13066","","11","0","0","0","0","0","1","0","0","1","0","0","0","","","0","","0","","40 31:36.735","2","0","80 07:50.375","0","0","0","0","2125","0","0","0","","0","0","0","1","68B03","0","","2.0","","1","N","N","","0","","0","0","0","","0","N","","1","0","0","0","0","0","0","1","0","1","","","","N","","","","","","","","","",""
"2017079781","","2","0","0","0","0","0","0","0","0","1","0","","02","7","2017","1","40.433747","-79.963712","","11","0","0","0","0","1","1","0","0","2","0","0","0","","","1","","0","","40 26:01.490","3","0","79 57:49.364","4","0","0","0","2301","0","0","0","","0","0","0","6","68B03","1","","1.0","","1","N","N","","0","","0","0","1","","0","N","","3","1","0","0","0","0","0","2","0","3","","","","N","","","","","","","","","",""
"2017079290","","0","0","0","0","0","0","0","0","0","8","0","","02","8","2017","5","40.352282","-79.856711","","11","0","0","0","0","0","1","0","0","1","0","0","0","","","1","","1","","40 21:08.214","3","0","79 51:24.160","8","0","0","0","2304","1","0","0","N","1","0","0","2","02304","0","","1.0","","1","N","N","","0","","0","0","0","","2","Y","","2","1","0","0","0","1","0","2","1","1","","","","N","","","","","","","","","",""
"2017091622","","0","0","0","0","0","0","0","0","0","4","1","","02","9","2017","4","40.419808","-79.964349","","11","0","0","0","0","0","0","0","0","1","0","1","0","","","0","","2","","40 25:11.308","7","0","79 57:51.656","0","0","0","0","2301","0","0","0","N","0","0","0","2","02301","0","","1.0","","1","N","N","","0","","0","0","1","","0","N","","2","0","0","0","0","0","0","2","0","2","","","","N","","","","","","","","","",""
"2017075030","","2","0","0","0","0","0","0","0","0","6","0","","02","7","2017","1","40.446144","-80.22642","","11","0","0","0","0","0","0","0","0","1","0","0","0","","","2","","0","","40 26:46.118","2","0","80 13:35.112","3","0","0","0","2214","0","0","0","N","0","0","0","2","02214","0","","1.0","","9","N","N","","0","","2","0","0","","0","Y","","2","2","0","0","0","0","0","2","0","2","","","","N","","","","","","","","","",""
"2017094167","","1","0","0","0","0","0","0","0","0","1","0","45","02","9","2017","6","40.467451","-80.001498","","11","0","0","0","0","0","1","0","0","","0","0","0","","","1","","0","","40 28:02.822","","0","80 00:05.392","8","0","0","0","2301","0","0","0","","0","0","0","2","68B03","0","","1.0","","1","N","N","","0","","0","0","1","","0","","","2","1","0","0","0","1","0","2","0","2","","","Y","Y","4","1","N","N","N","Y","N","Y","Y",""
"2017078542","","1","0","0","0","0","0","0","0","0","4","0","","02","7","2017","7","40.66626","-79.744036","","11","0","0","0","1","0","0","0","1","","0","0","0","","","2","","2","","40 39:58.536","","0","79 44:38.529","3","0","0","0","2202","0","0","0","","0","0","0","3","68D02","0","","1.0","","1","N","N","","0","","2","0","1","","3","","","2","2","0","0","0","0","0","1","0","2","","","","N","","","","","","","","","",""
"2017062101","","0","0","0","0","0","0","0","0","0","0","0","","02","6","2017","7","40.465611","-79.825028","","11","0","0","0","0","0","1","0","0","1","0","0","0","","","0","","0","","40 27:56.200","3","0","79 49:30.100","0","0","0","0","2113","0","0","0","N","0","0","0","1","02113","0","","1.0","","1","N","N","","1","","0","0","0","","0","Y","","1","0","0","0","0","0","0","2","0","1","","","","N","","","","","","","","","",""
"2017094059","","1","0","0","0","0","0","0","0","0","4","0","","02","9","2017","2","40.569342","-80.037471","","11","0","0","0","0","0","0","0","0","1","0","0","0","","","0","","2","","40 34:09.631","5","0","80 02:14.897","0","0","0","0","2108","0","0","0","","0","0","0","2","02108","0","","1.0","","1","N","N","","0","","0","0","0","","3","N","","2","0","0","0","0","0","0","2","1","2","","","","N","","","","","","","","","",""
"2017064170","","2","0","0","0","0","0","0","0","0","1","0","","02","6","2017","2","40.473628","-79.972269","","11","0","0","0","0","0","0","0","0","1","0","0","0","","","0","","6","","40 28:25.062","2","2","79 58:20.169","0","0","0","0","2445","0","0","0","N","0","0","0","2","02445","0","","7.0","","1","N","N","","0","","0","0","0","","4","N","","2","0","0","0","0","0","0","2","0","2","","","","N","","","","","","","","","",""
"2017094532","","0","0","0","0","0","0","0","0","0","0","0","","02","9","2017","4","40.41508","-80.011694","","11","0","0","0","0","0","0","0","0","","0","0","0","","","1","","0","","40 24:54.288","","0","80 00:42.099","8","0","0","1","2301","0","0","0","N","0","0","0","1","02301","0","","1.0","","1","N","N","","0","","0","0","0","","2","","","1","1","0","0","0","1","0","2","0","1","","","","N","","","","","","","","","",""
"2017081216","","0","0","0","0","0","0","0","0","0","1","0","","02","8","2017","3","40.354194","-79.824417","","11","0","0","0","0","0","1","0","0","1","0","0","0","","","0","","2","","40 21:15.100","4","0","79 49:27.900","0","0","0","0","2477","0","0","0","N","0","0","0","5","02477","0","","1.0","","1","N","N","","1","","0","0","1","","0","N","","2","0","0","0","0","0","0","2","0","2","","","","N","","","","","","","","","",""
"2017095407","","0","0","0","0","0","0","0","0","0","7","0","","02","9","2017","7","40.418689","-80.010378","","11","0","0","0","0","0","0","0","0","2","0","0","0","","","1","","0","","40 25:07.280","5","0","80 00:37.360","3","0","0","0","2301","0","0","0","N","0","0","0","1","02301","0","","2.0","","1","N","N","","1","","1","0","0","","0","Y","","1","1","1","0","0","0","0","2","0","1","","","","N","","","","","","","","","",""
"2017064232","","0","0","0","0","0","0","0","0","0","7","0","","02","6","2017","4","40.377644","-80.040014","","11","0","0","0","0","0","0","0","0","1","0","0","0","","","0","","0","","40 22:39.520","2","0","80 02:24.050","0","0","0","0","2109","0","0","0","","0","0","0","1","02109","0","","4.0","","1","N","N","","1","","0","0","0","","0","N","","1","0","0","0","0","0","0","2","0","1","","","","N","","","","","","","","","",""
"2017062164","","3","0","0","0","0","0","0","0","0","1","0","","02","6","2017","7","40.448933","-79.932572","","11","0","0","1","0","1","0","0","0","1","0","0","0","","","1","","2","","40 26:56.158","3","0","79 55:57.259","8","0","0","0","2301","0","0","0","N","0","0","0","6","02301","0","","1.0","","1","N","N","","1","","0","0","0","","0","N","","4","1","0","0","0","1","0","2","0","4","","","","N","","","","","","","","","",""
"2017062171","","0","0","0","0","0","0","0","0","0","6","0","","02","6","2017","7","40.513967","-79.945304","","11","0","0","0","0","0","0","0","0","1","0","0","0","","","0","","0","","40 30:50.280","3","7","79 56:43.096","0","0","0","0","2118","0","0","0","N","0","0","0","2","02118","0","","1.0","","1","N","N","","0","","0","0","2","","0","N","","2","0","0","0","0","0","0","2","0","2","","","","N","","","","","","","","","",""
"2017091681","","1","0","0","0","0","0","0","0","0","1","0","","02","9","2017","4","40.468175","-80.128536","","11","0","0","0","0","1","0","0","0","2","0","0","0","","","2","","0","","40 28:05.430","4","0","80 07:42.729","4","0","0","0","2115","0","0","0","N","0","0","0","2","02115","2","","1.0","","1","N","N","","0","","0","0","1","","0","N","","2","2","0","0","0","0","0","2","0","2","","","","N","","","","","","","","","",""
"2017077181","","1","0","0","0","0","0","0","0","0","7","0","","02","7","2017","6","40.409678","-80.013464","","11","0","0","0","0","0","0","0","0","2","0","0","0","","","0","","0","","40 24:34.840","5","0","80 00:48.470","0","0","0","0","2301","0","0","0","N","0","0","0","1","02301","0","","5.0","","1","N","N","","0","","0","0","0","","0","N","","1","0","0","0","0","0","0","2","0","1","","","","N","","","","","","","","","",""
"2017062186","","1","0","0","0","0","0","0","0","0","1","0","","02","6","2017","7","40.478224","-79.784523","","11","0","0","0","0","0","1","1","0","","0","0","0","","","1","","0","","40 28:41.606","","0","79 47:04.282","4","0","0","0","2113","0","0","0","N","0","0","0","2","02113","1","","1.0","","1","N","N","","1","","0","0","0","","0","","","2","1","0","0","0","0","0","2","0","2","","","","N","","","","","","","","","",""
"2017098258","","2","0","0","0","0","0","0","0","0","1","0","","02","9","2017","6","40.448958","-79.762461","","11","0","0","0","0","0","0","0","0","","0","0","0","","","6","","0","","40 26:56.250","","0","79 45:44.860","4","0","0","0","2446","0","0","0","N","0","0","0","7","02446","6","","1.0","","1","N","N","","0","","0","0","1","","0","","","3","6","0","0","0","0","0","2","0","3","","","","N","","","","","","","","","",""
"2017091924","","2","0","0","0","0","0","0","0","0","4","0","","02","8","2017","3","40.524043","-80.215071","","11","0","0","0","0","0","0","1","0","","0","0","0","","","0","","0","","40 31:26.555","","0","80 12:54.255","0","0","0","0","2213","0","0","0","","0","0","0","3","02213","0","","1.0","","1","N","N","","0","","0","0","0","","0","","","2","0","0","0","0","0","0","2","0","2","","","","N","","","","","","","","","",""
"2017090700","","2","0","0","0","0","0","0","0","0","4","0","","02","9","2017","1","40.240891","-79.860126","","11","0","0","0","0","0","1","0","0","","0","0","0","","","0","","1","","40 14:27.206","","0","79 51:36.452","0","0","0","0","2105","0","0","0","N","0","0","0","2","02105","0","","1.0","","1","N","N","","0","","0","0","0","","3","","","2","0","0","0","0","0","0","1","0","2","","","","N","","","","","","","","","",""