"CRN","ARRIVAL_TM","AUTOMOBILE_COUNT","BELTED_DEATH_COUNT","BELTED_SUSP_SERIOUS_INJ_COUNT","BICYCLE_COUNT","BICYCLE_DEATH_COUNT","BICYCLE_SUSP_SERIOUS_INJ_COUNT","BUS_COUNT","CHLDPAS_DEATH_COUNT","CHLDPAS_SUSP_SERIOUS_INJ_COUNT","COLLISION_TYPE","COMM_VEH_COUNT","CONS_ZONE_SPD_LIM","COUNTY","CRASH_MONTH","CRASH_YEAR","DAY_OF_WEEK","DEC_LATITUDE","DEC_LONGITUDE","DISPATCH_TM","DISTRICT","DRIVER_COUNT_16YR","DRIVER_COUNT_17YR","DRIVER_COUNT_18YR","DRIVER_COUNT_19YR","DRIVER_COUNT_20YR","DRIVER_COUNT_50_64YR","DRIVER_COUNT_65_74YR","DRIVER_COUNT_75PLUS","EST_HRS_CLOSED","FATAL_COUNT","HEAVY_TRUCK_COUNT","HORSE_BUGGY_COUNT","HOUR_OF_DAY","ILLUMINATION","INJURY_COUNT","INTERSECTION_RELATED","INTERSECT_TYPE","LANE_CLOSED","LATITUDE","LN_CLOSE_DIR","LOCATION_TYPE","LONGITUDE","MAX_SEVERITY_LEVEL","MCYCLE_DEATH_COUNT","MCYCLE_SUSP_SERIOUS_INJ_COUNT","MOTORCYCLE_COUNT","MUNICIPALITY","NONMOTR_COUNT","NONMOTR_DEATH_COUNT","NONMOTR_SUSP_SERIOUS_INJ_COUNT","NTFY_HIWY_MAINT","PED_COUNT","PED_DEATH_COUNT","PED_SUSP_SERIOUS_INJ_COUNT","PERSON_COUNT","POLICE_AGCY","POSSIBLE_INJ_COUNT","RDWY_SURF_TYPE_CD","RELATION_TO_ROAD","ROADWAY_CLEARED","ROAD_CONDITION","SCH_BUS_IND","SCH_ZONE_IND","SECONDARY_CRASH","SMALL_TRUCK_COUNT","SPEC_JURIS_CD","SUSP_MINOR_INJ_COUNT","SUSP_SERIOUS_INJ_COUNT","SUV_COUNT","TCD_FUNC_CD","TCD_TYPE","TFC_DETOUR_IND","TIME_OF_DAY","TOTAL_UNITS","TOT_INJ_COUNT","UNBELTED_OCC_COUNT","UNB_DEATH_COUNT","UNB_SUSP_SERIOUS_INJ_COUNT","UNK_INJ_DEG_COUNT","UNK_INJ_PER_COUNT","URBAN_RURAL","VAN_COUNT","VEHICLE_COUNT","WEATHER1","WEATHER2","WORKERS_PRES","WORK_ZONE_IND","WORK_ZONE_LOC","WORK_ZONE_TYPE","WZ_CLOSE_DETOUR","WZ_FLAGGER","WZ_LAW_OFFCR_IND","WZ_LN_CLOSURE","WZ_MOVING","WZ_OTHER","WZ_SHLDER_MDN","WZ_WORKERS_INJ_KILLED"
"2017113545","","1","0","0","0","0","0","0","0","0","1","0","","02","10","2017","3","40.455914","-79.938604","","11","0","0","0","0","0","0","0","0","","0","0","0","","","1","","1","","40 27:21.291","","0","79 56:18.974","3","0","0","0","2301","0","0","0","N","0","0","0","5","02301","0","","1.0","","1","N","N","","0","","1","0","0","","2","","","2","1","0","0","0","0","0","2","1","2","","","","N","","","","","","","","","",""
"2017126832","","0","0","0","0","0","0","0","0","0","1","0","","02","11","2017","6","40.423999","-80.109757","","11","0","0","0","0","1","1","0","0","2","0","0","0","","","8","","0","","40 25:26.398","3","0","80 06:35.124","4","0","0","0","2115","0","0","0","","0","0","0","8","68B03","8","","1.0","","1","N","N","","1","","0","0","1","","0","N","","3","8","0","0","0","0","0","2","1","3","","","","N","","","","","","","","","",""
"2017097689","","2","0","0","0","0","0","0","0","0","1","0","","02","9","2017","2","40.431863","-79.871908","","11","0","0","0","0","0","1","0","0","","0","0","0","","","1","","6","","40 25:54.708","","2","79 52:18.868","4","0","0","0","2411","0","0","0","","0","0","0","2","68B03","1","","1.0","","1","N","N","","0","","0","0","0","","0","","","2","1","0","0","0","0","0","2","0","2","","","","N","","","","","","","","","",""
"2017062968","","1","0","0","0","0","0","0","0","0","1","0","","02","6","2017","2","40.333064","-79.922424","","11","0","0","0","0","0","0","0","0","2","0","0","0","","","0","","0","","40 19:59.030","3","99","79 55:20.725","0","0","0","0","2473","0","0","0","N","0","0","0","2","02473","0","","1.0","","1","N","N","","0","","0","0","0","","0","N","","2","0","0","0","0","0","0","2","1","2","","","","N","","","","","","","","","",""
"2017080524","","1","0","0","0","0","0","0","0","0","7","0","","02","7","2017","1","40.441659","-79.857658","","11","0","0","0","0","0","0","0","0","","0","0","0","","","0","","0","","40 26:29.973","","0","79 51:27.570","0","0","0","0","2419","0","0","0","","0","0","0","3","68B03","0","","3.0","","1","N","N","","0","","0","0","0","","0","","","1","0","0","0","0","0","0","2","0","1","","","","N","","","","","","","","","",""
"2017062969","","2","0","0","0","0","0","0","0","0","4","0","","02","6","2017","2","40.424215","-79.860718","","11","0","0","0","0","1","0","1","0","1","0","0","0","","","0","","2","","40 25:27.174","2","0","79 51:38.586","0","0","0","0","2431","0","0","0","N","0","0","0","2","02431","0","","1.0","","1","N","N","","0","","0","0","0","","3","N","","2","0","0","0","0","0","0","2","0","2","","","","N","","","","","","","","","",""
"2017113716","","1","0","0","0","0","0","0","0","0","99","0","","02","10","2017","3","40.56435","-80.228912","","11","0","0","0","0","0","0","0","0","","0","0","0","","","0","","2","","40 33:51.661","","0","80 13:44.083","0","0","0","0","2103","0","0","0","N","0","0","0","1","02103","0","","1.0","","9","N","N","","0","","0","0","0","","0","","","1","0","0","0","0","0","0","2","0","1","","","","N","","","","","","","","","",""
"2017080526","","0","0","0","0","0","0","0","0","0","7","0","45","02","7","2017","7","40.531885","-80.072862","","11","0","0","0","0","0","0","1","0","","0","0","0","","","1","","0","","40 31:54.785","","0","80 04:22.303","3","0","0","0","2215","0","0","0","","0","0","0","2","68B03","0","","4.0","","1","N","N","","0","","1","0","1","","0","","","1","1","0","0","0","0","0","2","0","1","","","Y","Y","2","1","N","N","Y","N","Y","N","Y",""
"2017066802","","0","0","0","0","0","0","0","0","0","1","0","","02","6","2017","4","40.432953","-80.140992","","11","0","0","0","0","0","0","0","0","","0","0","0","","","1","","0","","40 25:58.630","","0","80 08:27.571","8","0","0","0","2115","0","0","0","","0","0","0","7","68B03","0","","1.0","","1","N","N","","0","","0","0","4","","0","","","4","1","0","0","0","1","0","2","0","4","","","","N","","","","","","","","","",""
"2017076106","","0","0","0","0","0","0","0","0","0","5","0","20","02","7","2017","4","40.200887","-79.914897","","11","0","0","0","0","0","1","0","0","1","0","0","0","","","1","","0","","40 12:03.193","3","3","79 54:53.630","4","0","0","0","2204","0","0","0","N","0","0","0","3","02204","1","","1.0","","1","N","N","","1","","0","0","0","","0","Y","","2","1","1","0","0","0","0","2","1","2","","","Y","Y","4","2","","","N","","","","Y",""
"2017062986","","1","0","0","0","0","0","0","0","0","0","0","","02","6","2017","2","40.287364","-79.882883","","11","0","0","0","0","0","1","0","0","","0","0","0","","","0","","1","","40 17:14.510","","0","79 52:58.378","0","0","0","0","2302","0","0","0","N","0","0","0","1","02302","0","","5.0","","8","N","N","","0","","0","0","0","","0","","","1","0","0","0","0","0","0","2","0","1","","","","N","","","","","","","","","",""
"2017094735","","1","0","0","0","0","0","0","0","0","4","0","","02","9","2017","5","40.343943","-79.798758","","11","0","0","0","0","0","1","0","1","1","0","0","0","","","2","","2","","40 20:38.193","6","0","79 47:55.529","3","0","0","0","2477","0","0","0","N","0","0","0","3","02477","1","","1.0","","1","N","N","","1","","1","0","0","","3","Y","","2","2","1","0","0","0","0","2","0","2","","","","N","","","","","","","","","",""
"2017092138","","3","0","0","0","0","0","0","0","0","1","1","","02","9","2017","4","40.434398","-79.964917","","11","0","0","0","0","0","2","0","0","3","0","1","0","","","4","","0","","40 26:03.832","4","0","79 57:53.701","8","0","0","0","2301","0","0","0","","0","0","0","5","68B03","0","","1.0","","1","N","N","","0","","0","0","0","","0","N","","4","4","0","0","0","4","0","2","0","4","","","","N","","","","","","","","","",""
"2017081852","","1","0","0","0","0","0","0","0","0","7","0","45","02","8","2017","7","40.507241","-80.041266","","11","0","0","0","0","1","0","0","0","","0","0","0","","","0","","0","","40 30:26.066","","0","80 02:28.556","0","0","0","0","2116","0","0","0","","0","0","0","2","68B03","0","","4.0","","1","N","N","","0","","0","0","0","","0","","","1","0","0","0","0","0","0","2","0","1","","","N","Y","4","1","N","N","N","N","N","Y","N",""
"2017062990","","0","0","0","0","0","0","0","0","0","0","0","","02","6","2017","7","40.532115","-79.712778","","11","0","0","0","0","0","0","0","0","","0","0","0","","","1","","2","","40 31:55.614","","99","79 42:45.999","3","0","0","1","2466","0","0","0","N","0","0","0","1","02466","0","","1.0","","3","N","N","","0","","1","0","0","","0","","","2","1","0","0","0","0","0","1","0","1","","","","N","","","","","","","","","",""
"2017079369","","0","0","0","0","0","0","0","0","0","7","0","","02","6","2017","1","40.491812","-80.125732","","11","0","0","0","0","0","0","0","0","4","1","0","0","","","5","","0","","40 29:30.522","1","0","80 07:32.634","1","0","0","0","2115","0","0","0","","0","0","0","6","68B03","2","2","3.0","","1","N","N","","1","0","2","0","0","","8","Y","","1","5","2","0","0","1","0","2","0","1","","","","N","","","","","","","","","",""
"2017081332","","1","0","0","0","0","0","0","0","0","1","0","","02","8","2017","2","40.425888","-79.898883","","11","0","0","0","0","0","0","0","0","","0","0","0","","","0","","0","","40 25:33.195","","0","79 53:55.977","0","0","0","0","2301","0","0","0","","0","0","0","3","68B03","0","","1.0","","1","N","N","","0","","0","0","2","","0","","","3","0","0","0","0","0","0","2","0","3","","","","N","","","","","","","","","",""
"2017113556","","1","0","0","0","0","0","0","0","0","4","0","","02","10","2017","2","40.503784","-80.138667","","11","0","0","0","0","0","0","0","0","2","0","0","0","","","0","","2","","40 30:13.622","4","0","80 08:19.202","0","0","0","0","2115","0","0","0","N","0","0","0","2","02115","0","","1.0","","1","N","N","","1","","0","0","0","","3","N","","2","0","0","0","0","0","0","2","0","2","","","","N","","","","","","","","","",""
"2017077007","","1","0","0","0","0","0","0","0","0","8","0","","02","7","2017","6","40.324349","-79.891411","","11","0","0","0","1","0","0","1","0","1","0","0","0","","","2","","1","","40 19:27.656","2","0","79 53:29.079","8","0","0","0","2433","2","0","0","N","2","0","0","4","02433","0","","1.0","","9","N","N","","1","","0","0","0","","3","N","","4","2","0","0","0","2","0","2","0","2","","","","N","","","","","","","","","",""
"2017077028","","0","0","0","0","0","0","0","0","0","5","0","","02","7","2017","6","40.448039","-79.897788","","11","0","0","0","0","0","0","0","0","","0","0","0","","","1","","0","","40 26:52.939","","0","79 53:52.035","8","0","0","0","2301","0","0","0","N","0","0","0","2","02301","0","","1.0","","1","N","N","","0","","0","0","2","","0","","","2","1","0","0","0","1","1","2","0","2","","","","N","","","","","","","","","",""
"2017063131","","0","0","0","0","0","0","0","0","0","7","0","","02","6","2017","2","40.478388","-79.754346","","11","0","0","0","0","0","0","0","0","3","0","0","0","","","1","","0","","40 28:42.196","6","0","79 45:15.647","3","0","0","0","2466","0","0","0","N","0","0","0","1","02466","0","","5.0","","9","N","N","","0","","1","0","1","","0","Y","","1","1","0","0","0","0","0","2","0","1","","","","N","","","","","","","","","",""
"2017094572","","2","0","0","0","0","0","0","0","0","1","0","","02","9","2017","7","40.337092","-80.046428","","11","0","0","0","0","0","0","0","0","","0","0","0","","","0","","0","","40 20:13.530","","0","80 02:47.140","0","0","0","0","2407","0","0","0","","0","0","0","2","02407","0","","1.0","","1","N","N","","0","","0","0","0","","2","","","2","0","0","0","0","0","0","2","0","2","","","","N","","","","","","","","","",""
"2017079411","","1","0","0","0","0","0","0","0","0","7","0","","02","2","2017","1","40.536114","-80.07392","","11","0","0","0","0","0","0","0","0","","0","0","0","","","0","","0","","40 32:10.010","","0","80 04:26.112","0","0","0","0","2215","0","0","0","N","0","0","0","1","02215","0","","4.0","","1","N","N","","0","","0","0","0","","0","","","1","0","0","0","0","0","0","2","0","1","","","","N","","","","","","","","","",""
"2017063135","","1","0","0","0","0","0","0","0","0","1","0","","02","6","2017","3","40.479233","-79.966361","","11","0","0","0","0","0","0","1","0","2","0","0","0","","","0","","6","","40 28:45.238","1","2","79 57:58.901","0","0","0","0","2445","0","0","0","N","0","0","0","2","02445","0","","1.0","","3","N","N","","0","","0","0","1","","3","N","","2","0","0","0","0","0","0","2","0","2","","","","N","","","","","","","","","",""
"2017123201","","1","0","0","0","0","0","0","0","0","1","0","","02","11","2017","3","40.416722","-80.057671","","11","0","0","0","0","0","0","0","0","2","0","0","0","","","2","","0","","40 25:00.200","3","0","80 03:27.614","3","0","0","0","2435","0","0","0","","0","0","0","4","68B03","0","","1.0","","1","N","N","","0","","1","0","3","","0","N","","4","2","0","0","0","1","0","2","0","4","","","","N","","","","","","","","","",""
"2017090061","","1","0","0","0","0","0","0","0","0","1","0","","02","9","2017","6","40.447435","-79.911081","","11","0","0","0","0","0","1","0","0","","0","0","0","","","1","","0","","40 26:50.766","","0","79 54:39.891","8","0","0","0","2301","0","0","0","N","0","0","0","2","02301","0","","1.0","","1","N","N","","1","","0","0","0","","0","","","2","1","0","0","0","1","0","2","0","2","","","","N","","","","","","","","","",""
"2017063136","","1","0","0","0","0","0","0","0","0","2","0","","02","6","2017","3","40.422188","-79.986177","","11","0","0","0","0","0","0","0","0","1","0","0","0","","","1","","0","","40 25:19.876","3","0","79 59:10.237","4","0","0","0","2301","0","0","0","N","0","0","0","2","02301","1","","1.0","","1","N","N","","0","","0","0","1","","0","Y","","2","1","0","0","0","0","0","2","0","2","","","","N","","","","","","","","","",""
"2017094682","","1","0","0","0","0","0","0","0","0","4","0","","02","9","2017","5","40.447776","-79.849374","","11","0","0","0","0","0","1","0","0","2","0","0","0","","","2","","2","","40 26:51.992","5","0","79 50:57.747","3","0","0","0","2419","0","0","0","N","0","0","0","5","02419","0","","1.0","","9","N","N","","0","","2","0","0","","0","Y","","2","2","0","0","0","0","0","2","1","2","","","","N","","","","","","","","","",""
"2017075741","","1","0","0","0","0","0","0","0","0","2","0","","02","7","2017","3","40.477847","-79.736007","","11","0","0","0","0","0","0","0","1","","0","0","0","","","0","","1","","40 28:40.250","","0","79 44:09.624","0","0","0","0","2466","0","0","0","N","0","0","0","2","02466","0","","1.0","","1","N","N","","0","","0","0","1","","3","","","2","0","0","0","0","0","0","2","0","2","","","","N","","","","","","","","","",""
"2017063146","","1","0","0","1","0","0","0","0","0","8","0","","02","6","2017","3","40.486703","-79.941974","","11","0","0","0","0","0","0","0","0","","0","0","0","","","1","","0","","40 29:12.132","","0","79 56:31.105","8","0","0","0","2301","1","0","0","N","0","0","0","1","02301","0","","1.0","","1","N","N","","0","","0","0","0","","0","","","2","1","0","0","0","1","0","2","0","1","","","","N","","","","","","","","","",""
"2017126834","","1","0","0","0","0","0","0","0","0","7","0","","02","11","2017","1","40.438399","-80.012122","","11","0","0","0","0","0","0","0","0","2","0","0","0","","","1","","0","","40 26:18.237","3","3","80 00:43.639","8","0","0","0","2301","0","0","0","","0","0","0","1","68B03","0","","2.0","","1","N","N","","0","","0","0","0","","0","N","","1","1","0","0","0","1","0","2","0","1","","","","N","","","","","","","","","",""
"2017075752","","2","0","0","0","0","0","0","0","0","6","0","","02","7","2017","3","40.42279","-79.903954","","11","0","0","0","0","0","0","0","0","2","0","0","0","","","1","","0","","40 25:22.044","4","0","79 54:14.234","4","0","0","0","2301","0","0","0","N","0","0","0","3","02301","1","","1.0","","1","N","N","","0","","0","0","0","","0","N","","2","1","0","0","0","0","0","2","0","2","","","","N","","","","","","","","","",""
"2017063150","","0","0","0","0","0","0","0","0","0","1","0","","02","6","2017","3","40.427039","-79.863051","","11","0","0","0","0","0","0","0","0","1","0","0","0","","","0","","2","","40 25:37.339","4","0","79 51:46.983","0","0","0","0","2431","0","0","0","N","0","0","0","2","02431","0","","1.0","","1","N","N","","1","","0","0","1","","2","N","","2","0","0","0","0","0","0","2","0","2","","","","N","","","","","","","","","",""
"2017126489","","2","0","0","0","0","0","0","0","0","1","0","","02","9","2017","7","40.430548","-80.265853","","11","0","0","0","0","0","0","0","0","","0","0","0","","","0","","0","","40 25:49.972","","0","80 15:57.069","0","0","0","0","2214","0","0","0","","0","0","0","4","68B03","0","","1.0","","1","N","N","","0","","0","0","0","","0","","","2","0","0","0","0","0","0","1","0","2","","","","N","","","","","","","","","",""
"2017118669","","2","0","0","0","0","0","0","0","0","4","0","","02","11","2017","7","40.436107","-79.780524","","11","0","0","0","1","0","0","0","0","1","0","0","0","","","0","","1","","40 26:09.985","3","0","79 46:49.885","0","0","0","0","2446","0","0","0","N","0","0","0","2","02446","0","","1.0","","1","N","N","","0","","0","0","0","","2","N","","2","0","0","0","0","0","0","2","0","2","","","","N","","","","","","","","","",""
"2017062299","","0","0","0","0","0","0","0","0","0","4","0","","02","6","2017","1","40.451508","-80.018919","","11","0","0","0","0","0","1","1","0","","0","0","0","","","1","","1","","40 27:05.428","","0","80 01:08.107","8","0","0","0","2301","0","0","0","N","0","0","0","4","02301","0","","1.0","","1","N","N","","0","","0","0","1","","2","","","2","1","0","0","0","1","0","2","1","2","","","","N","","","","","","","","","",""
"2017081340","","2","0","0","0","0","0","0","0","0","4","0","","02","8","2017","3","40.533933","-80.229035","","11","0","0","0","0","0","0","1","1","","0","0","0","","","1","","1","","40 32:02.158","","0","80 13:44.526","4","0","0","0","2213","0","0","0","","0","0","0","2","02213","1","","1.0","","1","N","N","","0","","0","0","0","","3","","","2","1","0","0","0","0","0","2","0","2","","","","N","","","","","","","","","",""
"2017075922","","2","0","0","0","0","0","0","0","0","1","0","","02","7","2017","3","40.432361","-79.794111","","11","0","0","0","0","0","2","0","0","","0","0","0","","","0","","0","","40 25:56.500","","0","79 47:38.800","0","0","0","0","2446","0","0","0","N","0","0","0","2","02446","0","","1.0","","1","N","N","","0","","0","0","0","","0","","","2","0","1","0","0","0","0","2","0","2","","","","N","","","","","","","","","",""
"2017063163","","2","0","0","0","0","0","0","0","0","1","0","","02","6","2017","3","40.432104","-79.935003","","11","0","0","0","0","0","1","0","0","","0","0","0","","","1","","3","","40 25:55.574","","0","79 56:06.011","4","0","0","0","2301","0","0","0","N","0","0","0","2","02301","1","","1.0","","1","N","N","","0","","0","0","0","","3","","","2","1","0","0","0","0","0","2","0","2","","","","N","","","","","","","","","",""
"2017062310","","2","0","0","0","0","0","0","0","0","2","0","","02","6","2017","1","40.469345","-79.823689","","11","1","0","0","0","0","0","0","0","","0","0","0","","","1","","2","","40 28:09.641","","0","79 49:25.280","8","0","0","0","2113","0","0","0","N","0","0","0","1","02113","0","","1.0","","1","N","N","","1","","0","0","0","","0","","","3","1","1","0","0","1","0","2","0","3","","","","N","","","","","","","","","",""
"2017076948","","1","0","0","0","0","0","0","0","0","1","0","","02","7","2017","6","40.406646","-80.018363","","11","0","0","0","1","0","0","0","0","","0","0","0","","","1","","0","","40 24:23.924","","0","80 01:06.107","8","0","0","0","2301","0","0","0","N","0","0","0","2","02301","0","","1.0","","1","N","N","","0","","0","0","1","","0","","","2","1","0","0","0","1","0","2","0","2","","","","N","","","","","","","","","",""
"2017068865","","1","0","0","0","0","0","0","0","0","1","0","","02","6","2017","7","40.431238","-79.958325","","11","0","0","0","0","1","0","0","0","1","0","0","0","","","0","","0","","40 25:52.457","4","3","79 57:29.970","0","0","0","0","2301","0","0","0","","0","0","0","3","68B03","0","","1.0","","1","N","N","","0","","0","0","1","","0","N","","2","0","0","0","0","0","0","2","0","2","","","","N","","","","","","","","","",""
"2017115814","","2","0","0","0","0","0","0","0","0","1","0","","02","11","2017","5","40.49643","-80.068199","","11","0","0","0","0","0","1","0","0","1","0","0","0","","","0","","0","","40 29:47.148","2","0","80 04:05.518","0","0","0","0","2402","0","0","0","N","0","0","0","3","02402","0","","1.0","","9","N","N","","0","","0","0","0","","0","N","","2","0","0","0","0","0","0","2","0","2","","","","N","","","","","","","","","",""
"2017079442","","1","0","0","0","0","0","0","0","0","4","0","","02","6","2017","5","40.454656","-79.897525","","11","0","0","0","0","0","1","0","0","2","0","0","0","","","1","","1","","40 27:16.761","7","0","79 53:51.089","8","0","0","0","2301","0","0","0","N","0","0","0","5","02301","0","","1.0","","1","N","N","","1","","0","0","0","","2","Y","","2","1","0","0","0","1","1","2","0","2","","","","N","","","","","","","","","",""
"2017077894","","1","0","0","0","0","0","0","0","0","4","0","","02","7","2017","7","40.533933","-80.229035","","11","0","0","0","0","0","1","0","0","2","0","0","0","","","0","","1","","40 32:02.158","1","0","80 13:44.526","0","0","0","0","2213","0","0","0","","0","0","0","4","02213","0","","1.0","","1","N","N","","1","","0","0","0","","3","N","","2","0","0","0","0","0","0","2","0","2","","","","N","","","","","","","","","",""
"2017076799","","2","0","0","0","0","0","0","0","0","4","0","","02","7","2017","4","40.408859","-79.905974","","11","0","0","0","0","0","1","0","0","","0","0","0","","","0","","0","","40 24:31.893","","0","79 54:21.508","0","0","0","0","2438","0","0","0","N","0","0","0","3","02438","0","","6.0","","1","N","N","","0","","0","0","0","","0","","","2","0","0","0","0","0","0","2","0","2","","","","N","","","","","","","","","",""
"2017063188","","0","0","1","0","0","0","0","0","0","4","0","","02","6","2017","3","40.470043","-79.922061","","11","0","0","0","0","0","0","0","0","","0","0","0","","","2","","1","","40 28:12.154","","0","79 55:19.419","2","0","0","0","2301","0","0","0","N","0","0","0","2","02301","1","","1.0","","1","N","N","","0","","0","1","1","","3","","","2","2","0","0","0","0","0","2","1","2","","","","N","","","","","","","","","",""
"2017114864","","2","0","0","0","0","0","0","0","0","4","0","","02","10","2017","3","40.51325","-80.222408","","11","0","0","0","1","0","0","0","0","","0","0","0","","","0","","0","","40 30:47.701","","0","80 13:20.669","0","0","0","0","2213","0","0","0","","0","0","0","3","02213","0","","1.0","","1","N","N","","0","","0","0","0","","0","","","2","0","0","0","0","0","0","2","0","2","","","","N","","","","","","","","","",""
"2017062402","","2","0","0","0","0","0","0","0","0","1","0","","02","6","2017","7","40.318731","-80.087917","","11","0","0","0","0","0","1","0","0","","0","0","0","","","1","","0","","40 19:07.430","","0","80 05:16.501","8","0","0","0","2123","0","0","0","N","0","0","0","2","02123","0","","1.0","","1","N","N","","0","","0","0","0","","0","","","2","1","0","0","0","1","0","2","0","2","","","","N","","","","","","","","","",""
"2017076695","","2","0","0","0","0","0","0","0","0","4","0","","02","7","2017","5","40.398274","-79.999788","","11","0","0","0","0","0","0","0","0","","0","0","0","","","0","","0","","40 23:53.785","","0","79 59:59.236","0","0","0","0","2301","0","0","0","N","0","0","0","3","02301","0","","1.0","","1","N","N","","1","","0","0","0","","0","","","3","0","0","0","0","0","0","2","0","3","","","","N","","","","","","","","","",""
"2017063194","","1","0","0","0","0","0","0","0","0","7","0","","02","6","2017","3","40.411486","-79.87728","","11","0","0","0","0","0","0","0","0","","0","0","0","","","0","","0","","40 24:41.348","","0","79 52:38.209","0","0","0","0","2303","0","0","0","N","0","0","0","2","02303","0","","1.0","","1","N","N","","0","","0","0","0","","0","","","1","0","0","0","0","0","0","2","0","1","","","","N","","","","","","","","","",""
"2017062403","","1","0","0","0","0","0","0","0","0","5","0","","02","6","2017","1","40.442545","-79.957443","","11","0","0","0","0","0","0","0","0","","0","0","0","","","0","","2","","40 26:33.161","","0","79 57:26.794","0","0","0","0","2301","0","0","0","N","0","0","0","4","02301","0","","1.0","","1","N","N","","0","","0","0","1","","2","","","2","0","0","0","0","0","0","2","0","2","","","","N","","","","","","","","","",""
"2017063206","","2","0","0","0","0","0","0","0","0","1","0","","02","6","2017","3","40.454878","-80.002207","","11","0","0","0","0","0","1","0","0","1","0","0","0","","","2","","2","","40 27:17.559","1","0","80 00:07.944","8","0","0","0","2301","0","0","0","N","0","0","0","2","02301","0","","1.0","","1","N","N","","0","","0","0","0","","0","N","","2","2","0","0","0","2","0","2","0","2","","","","N","","","","","","","","","",""
"2017113565","","2","0","0","0","0","0","0","0","0","4","0","","02","10","2017","3","40.454029","-79.912399","","11","0","0","0","0","0","1","0","0","1","0","0","0","","","0","","1","","40 27:14.504","3","0","79 54:44.638","0","0","0","0","2301","0","0","0","N","0","0","0","2","02301","0","","1.0","","1","N","N","","0","","0","0","0","","2","N","","2","0","0","0","0","0","0","2","0","2","","","","N","","","","","","","","","",""
"2017062406","","1","0","0","0","0","0","0","0","0","4","0","","02","6","2017","1","40.549582","-79.914118","","11","0","0","0","0","0","0","0","1","","0","0","0","","","0","","1","","40 32:58.496","","0","79 54:50.825","0","0","0","0","2209","0","0","0","N","0","0","0","2","02209","0","","1.0","","1","N","N","","1","","0","0","0","","2","","","2","0","0","0","0","0","0","2","0","2","","","","N","","","","","","","","","",""
"2017063210","","2","0","0","0","0","0","0","0","0","4","0","35","02","6","2017","2","40.448765","-80.020483","","11","0","0","0","1","0","0","0","0","1","0","0","0","","","0","","3","","40 26:55.555","4","2","80 01:13.738","0","0","0","0","2301","0","0","0","N","0","0","0","2","02301","0","","1.0","","1","N","N","","0","","0","0","0","","0","N","","2","0","0","0","0","0","0","2","0","2","","","Y","Y","4","1","","","N","Y","Y","","Y",""
"2017118715","","2","0","0","0","0","0","0","0","0","1","0","","02","11","2017","4","40.343488","-80.015328","","11","0","0","0","0","0","0","0","0","3","0","0","0","","","1","","0","","40 20:36.558","5","0","80 00:55.179","4","0","0","0","2407","0","0","0","","0","0","0","3","02407","1","","1.0","","9","N","N","","0","","0","0","0","","0","Y","","2","1","0","0","0","0","0","2","0","2","","","","N","","","","","","","","","",""
"2017062409","","1","0","0","0","0","0","0","0","0","7","0","","02","6","2017","1","40.653391","-80.066323","","11","0","1","0","0","0","0","0","0","1","0","0","0","","","1","","0","","40 39:12.206","1","0","80 03:58.762","3","0","0","0","2216","0","0","0","N","0","0","0","1","02505","0","","4.0","","1","N","N","","0","","1","0","0","","0","N","","1","1","0","0","0","0","0","2","0","1","","","","N","","","","","","","","","",""
"2017063213","","1","0","0","0","0","0","0","0","0","7","0","","02","6","2017","3","40.369568","-79.918747","","11","0","0","0","0","0","0","0","0","","0","0","0","","","0","","0","","40 22:10.444","","0","79 55:07.489","0","0","0","0","2301","0","0","0","N","0","0","0","1","02301","0","","4.0","","1","N","N","","1","","0","0","0","","0","","","2","0","0","0","0","0","0","2","0","2","","","","N","","","","","","","","","",""
"2017062417","","0","0","0","0","0","0","0","0","0","7","0","","02","6","2017","7","40.632637","-79.995059","","11","0","0","0","0","0","0","0","0","4","0","0","0","","","0","","0","","40 37:57.494","4","0","79 59:42.214","0","0","0","0","2217","0","0","0","Y","0","0","0","2","02505","0","","2.0","","1","N","N","","1","","0","0","0","","0","N","","1","0","1","0","0","0","0","1","0","1","","","","N","","","","","","","","","",""
"2017081381","","2","0","0","0","0","0","0","0","0","1","0","","02","5","2017","5","40.428686","-79.93859","","11","0","0","0","0","0","0","0","0","2","0","0","0","","","0","","0","","40 25:43.268","3","3","79 56:18.923","0","0","0","0","2301","0","0","0","","0","0","0","4","68B03","0","","1.0","","9","N","N","","0","","0","0","0","","0","N","","2","0","0","0","0","0","0","2","0","2","","","","N","","","","","","","","","",""
"2017063225","","1","0","0","0","0","0","0","0","0","4","0","","02","6","2017","7","40.339923","-79.875327","","11","0","0","0","0","0","0","1","0","1","0","0","0","","","3","","2","","40 20:23.721","5","0","79 52:31.177","8","0","0","0","2455","0","0","0","N","0","0","0","3","02455","0","","1.0","","1","N","N","","1","","0","0","0","","9","Y","","2","3","1","0","0","3","0","2","0","2","","","","N","","","","","","","","","",""
"2017100075","","1","0","0","0","0","0","0","0","0","5","1","","02","6","2017","6","40.428891","-79.931116","","11","0","0","0","0","0","0","0","0","","0","1","0","","","0","","0","","40 25:44.007","","0","79 55:52.019","0","0","0","0","2301","0","0","0","","0","0","0","2","68B03","0","","1.0","","1","N","N","","0","","0","0","0","","0","","","2","0","0","0","0","0","0","2","0","2","","","","N","","","","","","","","","",""