"CRN","ARRIVAL_TM","AUTOMOBILE_COUNT","BELTED_DEATH_COUNT","BELTED_SUSP_SERIOUS_INJ_COUNT","BICYCLE_COUNT","BICYCLE_DEATH_COUNT","BICYCLE_SUSP_SERIOUS_INJ_COUNT","BUS_COUNT","CHLDPAS_DEATH_COUNT","CHLDPAS_SUSP_SERIOUS_INJ_COUNT","COLLISION_TYPE","COMM_VEH_COUNT","CONS_ZONE_SPD_LIM","COUNTY","CRASH_MONTH","CRASH_YEAR","DAY_OF_WEEK","DEC_LATITUDE","DEC_LONGITUDE","DISPATCH_TM","DISTRICT","DRIVER_COUNT_16YR","DRIVER_COUNT_17YR","DRIVER_COUNT_18YR","DRIVER_COUNT_19YR","DRIVER_COUNT_20YR","DRIVER_COUNT_50_64YR","DRIVER_COUNT_65_74YR","DRIVER_COUNT_75PLUS","EST_HRS_CLOSED","FATAL_COUNT","HEAVY_TRUCK_COUNT","HORSE_BUGGY_COUNT","HOUR_OF_DAY","ILLUMINATION","INJURY_COUNT","INTERSECTION_RELATED","INTERSECT_TYPE","LANE_CLOSED","LATITUDE","LN_CLOSE_DIR","LOCATION_TYPE","LONGITUDE","MAX_SEVERITY_LEVEL","MCYCLE_DEATH_COUNT","MCYCLE_SUSP_SERIOUS_INJ_COUNT","MOTORCYCLE_COUNT","MUNICIPALITY","NONMOTR_COUNT","NONMOTR_DEATH_COUNT","NONMOTR_SUSP_SERIOUS_INJ_COUNT","NTFY_HIWY_MAINT","PED_COUNT","PED_DEATH_COUNT","PED_SUSP_SERIOUS_INJ_COUNT","PERSON_COUNT","POLICE_AGCY","POSSIBLE_INJ_COUNT","RDWY_SURF_TYPE_CD","RELATION_TO_ROAD","ROADWAY_CLEARED","ROAD_CONDITION","SCH_BUS_IND","SCH_ZONE_IND","SECONDARY_CRASH","SMALL_TRUCK_COUNT","SPEC_JURIS_CD","SUSP_MINOR_INJ_COUNT","SUSP_SERIOUS_INJ_COUNT","SUV_COUNT","TCD_FUNC_CD","TCD_TYPE","TFC_DETOUR_IND","TIME_OF_DAY","TOTAL_UNITS","TOT_INJ_COUNT","UNBELTED_OCC_COUNT","UNB_DEATH_COUNT","UNB_SUSP_SERIOUS_INJ_COUNT","UNK_INJ_DEG_COUNT","UNK_INJ_PER_COUNT","URBAN_RURAL","VAN_COUNT","VEHICLE_COUNT","WEATHER1","WEATHER2","WORKERS_PRES","WORK_ZONE_IND","WORK_ZONE_LOC","WORK_ZONE_TYPE","WZ_CLOSE_DETOUR","WZ_FLAGGER","WZ_LAW_OFFCR_IND","WZ_LN_CLOSURE","WZ_MOVING","WZ_OTHER","WZ_SHLDER_MDN","WZ_WORKERS_INJ_KILLED"
"2017128154","1439","2","0","0","0","0","0","0","0","0","1","0","","02","12","2017","6","40.313268","-79.938647","1434","11","0","0","0","0","0","0","0","0","","0","0","0","","","1","","1","","40 18:47.763","","0","79 56:19.129","3","0","0","0","2440","0","0","0","","0","0","0","2","02440","0","","1.0","","1","N","N","","0","","1","0","0","","2","","","2","1","0","0","0","0","0","2","0","2","","","","N","","","","","","","","","",""
"2017115496","1346","1","0","0","0","0","0","0","0","0","7","0","","02","11","2017","4","40.345141","-80.023971","1340","11","0","0","0","0","0","0","0","0","4","0","0","0","","","0","","0","","40 20:42.509","5","0","80 01:26.295","0","0","0","0","2407","0","0","0","","0","0","0","1","02407","0","","4.0","","9","N","N","","0","","0","0","0","","0","Y","","1","0","0","0","0","0","0","2","0","1","","","","N","","","","","","","","","",""
"2017114024","1640","1","0","0","0","0","0","0","0","0","5","0","","02","11","2017","4","40.427647","-79.985999","1630","11","0","0","0","0","0","0","0","0","","0","0","0","","","0","","0","","40 25:39.529","","0","79 59:09.598","0","0","0","0","2301","0","0","0","N","0","0","0","1","02301","0","","1.0","","9","N","N","","0","","0","0","1","","0","","","2","0","0","0","0","0","0","2","0","2","","","","N","","","","","","","","","",""
"2017114576","1842","2","0","0","0","0","0","0","0","0","4","0","","02","11","2017","5","40.487889","-79.920286","1842","11","0","0","0","0","0","0","2","0","","0","0","0","","","0","","2","","40 29:16.401","","0","79 55:13.029","0","0","0","0","2301","0","0","0","N","0","0","0","2","02301","0","","1.0","","1","N","N","","0","","0","0","0","","2","","","2","0","0","0","0","0","0","2","0","2","","","","N","","","","","","","","","",""
"2017116898","2110","3","0","0","0","0","0","0","0","0","1","0","","02","11","2017","7","40.448977","-79.983094","2107","11","0","0","0","0","0","0","0","0","","0","0","0","","","1","","0","","40 26:56.318","","0","79 58:59.139","4","0","0","0","2301","0","0","0","N","0","0","0","5","02301","1","","1.0","","1","N","N","","0","","0","0","0","","0","","","3","1","1","0","0","0","0","2","0","3","","","","N","","","","","","","","","",""
"2017122245","1201","2","0","0","0","0","0","0","0","0","1","0","","02","11","2017","4","40.345576","-79.939001","1201","11","0","0","1","0","1","0","0","0","1","0","0","0","","","0","","0","","40 20:44.074","1","0","79 56:20.403","0","0","0","0","2473","0","0","0","N","0","0","0","2","02473","0","","1.0","","1","N","N","","0","","0","0","0","","0","N","","2","0","0","0","0","0","0","2","0","2","","","","N","","","","","","","","","",""
"2017114986","2200","1","0","0","0","0","0","0","0","0","4","0","","02","11","2017","6","40.41326","-79.992963","2156","11","0","0","1","0","0","0","0","0","","0","0","0","","","0","","2","","40 24:47.735","","0","79 59:34.666","0","0","0","0","2301","0","0","0","N","0","0","0","3","02301","0","","5.0","","1","N","N","","0","","0","0","1","","3","","","2","0","0","0","0","0","0","2","0","2","","","","N","","","","","","","","","",""
"2017115799","1901","1","0","0","0","0","0","0","0","0","1","0","","02","11","2017","4","40.511044","-80.099806","1901","11","0","0","0","0","0","2","0","0","2","0","0","0","","","0","","2","","40 30:39.757","2","0","80 05:59.302","0","0","0","0","2429","0","0","0","N","0","0","0","3","02215","0","","1.0","","9","N","N","","0","","0","0","1","","0","N","","3","0","0","0","0","0","0","2","1","3","","","","N","","","","","","","","","",""
"2017114802","1330","2","0","0","0","0","0","0","0","0","4","0","","02","11","2017","6","40.488385","-80.010094","1325","11","0","0","0","0","0","0","0","0","","0","0","0","","","0","","2","","40 29:18.186","","0","80 00:36.337","0","0","0","0","2301","0","0","0","N","0","0","0","2","02301","0","","1.0","","1","N","N","","0","","0","0","0","","2","","","2","0","0","0","0","0","0","2","0","2","","","","N","","","","","","","","","",""
"2017128839","1540","0","0","0","0","0","0","0","0","0","1","1","","02","11","2017","6","40.61142","-80.094778","1505","11","0","0","0","0","0","1","0","0","","0","1","0","","","0","","0","","40 36:41.113","","0","80 05:41.199","0","0","0","0","2481","0","0","0","","0","0","0","2","68B03","0","","1.0","","1","N","N","","0","","0","0","1","","0","","","2","0","0","0","0","0","0","2","0","2","","","","N","","","","","","","","","",""
"2017114372","0933","2","0","0","0","0","0","0","0","0","6","0","","02","11","2017","5","40.38375","-79.993028","0925","11","0","0","0","0","0","1","0","0","1","0","0","0","","","1","","0","","40 23:01.500","7","0","79 59:34.900","8","0","0","0","2301","0","0","0","N","0","0","0","3","02301","0","","1.0","","9","N","N","","0","","0","0","0","","0","N","","2","1","0","0","0","1","0","2","0","2","","","","N","","","","","","","","","",""
"2017114406","0919","1","0","0","0","0","0","0","0","0","7","0","","02","11","2017","5","40.592674","-79.888736","0910","11","0","0","0","0","0","1","0","0","","0","0","0","","","1","","2","","40 35:33.626","","0","79 53:19.450","3","0","0","0","2209","0","0","0","Y","0","0","0","1","02209","0","","2.0","","9","N","N","","0","","1","0","0","","3","","","1","1","0","0","0","0","0","1","0","1","","","","N","","","","","","","","","",""
"2017126340","1230","0","0","0","0","0","0","0","0","0","7","1","","02","12","2017","6","40.333165","-79.88017","1224","11","0","0","0","0","0","0","0","0","","0","1","0","","","0","","0","","40 19:59.395","","0","79 52:48.611","0","0","0","0","2455","0","0","0","Y","0","0","0","1","02304","0","","2.0","","1","N","N","","0","","0","0","0","","0","","","1","0","1","0","0","0","0","2","0","1","","","","N","","","","","","","","","",""
"2017126138","2040","1","0","0","0","0","0","0","0","0","7","0","","02","11","2017","5","40.449261","-79.939791","2036","11","0","0","0","0","0","0","0","1","","0","0","0","","","0","","2","","40 26:57.339","","0","79 56:23.247","0","0","0","0","2301","0","0","0","N","0","0","0","2","02301","0","","2.0","","9","N","N","","0","","0","0","0","","3","","","1","0","0","0","0","0","0","2","0","1","","","","N","","","","","","","","","",""
"2017010138","1840","2","0","0","0","0","0","0","0","0","2","0","","02","1","2017","7","40.398444","-79.839139","1837","11","0","0","0","0","0","0","0","0","2","0","0","0","","","1","","0","","40 23:54.400","7","0","79 50:20.900","8","0","0","0","2425","0","0","0","N","0","0","0","2","02425","0","","4.0","","9","N","N","","0","","0","0","0","","0","Y","","2","1","2","0","0","1","0","2","0","2","","","","N","","","","","","","","","",""
"2017123093","1614","1","0","0","0","0","0","0","0","0","1","0","","02","11","2017","4","40.532382","-79.847163","1606","11","0","0","0","0","0","1","0","0","","0","0","0","","","0","","0","","40 31:56.575","","0","79 50:49.788","0","0","0","0","2208","0","0","0","N","0","0","0","2","02208","0","","1.0","","1","N","N","","1","","0","0","0","","0","","","2","0","0","0","0","0","0","2","0","2","","","","N","","","","","","","","","",""
"2017113107","1549","1","0","0","0","0","0","0","0","0","5","0","","02","10","2017","2","40.487215","-79.917044","1540","11","0","0","0","0","0","0","0","0","","0","0","0","","","1","","0","","40 29:13.974","","0","79 55:01.360","3","0","0","0","2301","0","0","0","N","0","0","0","2","02301","0","","1.0","","1","N","N","","0","","1","0","1","","2","","","2","1","0","0","0","0","0","2","0","2","","","","N","","","","","","","","","",""
"2017114730","0809","2","0","0","0","0","0","0","0","0","4","0","","02","11","2017","6","40.456293","-79.974938","0804","11","0","0","0","0","0","2","0","0","1","0","0","0","","","1","","1","","40 27:22.654","2","0","79 58:29.776","3","0","0","0","2301","0","0","0","N","0","0","0","2","02301","0","","1.0","","9","N","N","","0","","1","0","0","","2","N","","2","1","0","0","0","0","0","2","0","2","","","","N","","","","","","","","","",""
"2017113495","0840","2","0","0","0","0","0","0","0","0","2","0","","02","10","2017","3","40.35788","-79.970571","0837","11","0","0","0","0","0","0","0","0","2","0","0","0","","","1","","3","","40 21:28.368","5","0","79 58:14.057","3","0","0","0","2476","0","0","0","","0","0","0","2","02476","0","","1.0","","1","N","","","0","","1","0","0","","0","N","","2","1","0","0","0","0","0","2","0","2","","","","N","","","","","","","","","",""
"2017121091","1306","1","0","0","0","0","0","0","0","0","1","1","","02","11","2017","6","40.478829","-80.04312","1300","11","0","0","0","0","0","1","0","0","1","0","1","0","","","1","","1","","40 28:43.784","4","3","80 02:35.231","3","0","0","0","2301","0","0","0","N","0","0","0","2","02301","0","","1.0","","1","N","N","","0","","1","0","0","","2","N","","2","1","1","0","0","0","0","2","0","2","","","","N","","","","","","","","","",""
"2017114492","1740","0","0","0","0","0","0","0","0","0","8","0","","02","11","2017","5","40.455905","-79.964448","1734","11","0","0","0","0","0","0","0","0","1","0","0","0","","","1","","0","","40 27:21.258","5","0","79 57:52.012","8","0","0","0","2301","1","0","0","N","1","0","0","2","02301","0","","1.0","","1","N","N","","0","","0","0","1","","0","Y","","2","1","0","0","0","1","0","2","0","1","","","","N","","","","","","","","","",""
"2017080838","0930","1","0","0","0","0","0","0","0","0","1","0","","02","7","2017","5","40.34837","-79.944808","0930","11","0","0","0","0","0","0","0","0","1","0","0","0","","","0","","1","","40 20:54.133","6","0","79 56:41.310","0","0","0","0","2473","0","0","0","N","0","0","0","2","02473","0","","1.0","","1","N","N","","0","","0","0","1","","2","N","","2","0","0","0","0","0","0","2","0","2","","","","N","","","","","","","","","",""
"2017079224","0747","1","0","0","0","0","0","0","0","0","4","0","","02","8","2017","5","40.517856","-80.029389","0741","11","0","0","0","0","0","1","0","0","1","0","0","0","","","0","","2","","40 31:04.281","1","0","80 01:45.802","0","0","0","0","2474","0","0","0","N","0","0","0","2","02474","0","","1.0","","1","N","N","","0","","0","0","1","","3","N","","2","0","0","0","0","0","0","2","0","2","","","","N","","","","","","","","","",""
"2017090024","0510","1","0","0","0","0","0","0","0","0","7","0","","02","9","2017","6","40.462074","-79.859548","0507","11","0","0","0","0","0","0","0","0","1","0","0","0","","","0","","2","","40 27:43.468","4","0","79 51:34.372","9","0","0","0","2113","0","0","0","N","0","0","0","1","02113","0","","4.0","","1","N","N","","0","","0","0","0","","0","Y","","1","0","0","0","0","0","1","2","0","1","","","","N","","","","","","","","","",""
"2017121827","1636","0","0","0","0","0","0","0","0","0","1","0","","02","11","2017","1","40.43457","-79.75433","1630","11","0","0","0","0","0","0","0","0","","0","0","0","","","0","","0","","40 26:04.453","","0","79 45:15.588","0","0","0","0","2446","0","0","0","N","0","0","0","2","02446","0","","1.0","","9","N","N","","0","","0","0","2","","0","","","2","0","0","0","0","0","0","2","0","2","","","","N","","","","","","","","","",""
"2017090577","1432","2","0","0","0","0","0","0","0","0","1","0","","02","9","2017","7","40.553009","-80.020388","1427","11","0","0","0","0","1","0","0","0","1","0","0","0","","","0","","0","","40 33:10.834","1","0","80 01:13.397","0","0","0","0","2116","0","0","0","N","0","0","0","4","02116","0","","1.0","","1","N","N","","0","","0","0","0","","0","N","","2","0","0","0","0","0","0","2","0","2","","","","N","","","","","","","","","",""
"2017080848","1410","1","0","0","0","0","0","0","0","0","4","1","","02","8","2017","3","40.308093","-80.032768","1407","11","0","0","0","0","0","0","0","0","","0","1","0","","","1","","1","","40 18:29.136","","0","80 01:57.963","3","0","0","0","2407","0","0","0","","0","0","0","2","02407","0","","1.0","","1","N","N","","0","","1","0","0","","2","","","2","1","0","0","0","0","0","2","0","2","","","","N","","","","","","","","","",""
"2017080897","1643","1","0","0","0","0","0","0","0","0","4","0","","02","7","2017","4","40.554975","-79.971146","1635","11","0","0","0","0","0","0","0","1","2","0","0","0","","","2","","2","","40 33:17.909","4","0","79 58:16.126","8","0","0","0","2207","0","0","0","N","0","0","0","3","02207","0","","1.0","","1","N","N","","0","","0","0","1","","0","Y","","2","2","0","0","0","2","0","2","0","2","","","","N","","","","","","","","","",""
"2017071672","0611","0","0","0","0","0","0","0","0","0","7","0","","02","7","2017","3","40.363414","-79.826177","0609","11","0","1","0","0","0","0","0","0","1","0","0","0","","","0","","0","","40 21:48.292","5","0","79 49:34.236","0","0","0","0","2111","0","0","0","N","0","0","0","1","02111","0","","2.0","","9","N","N","","1","","0","0","0","","0","N","","1","0","0","0","0","0","0","2","0","1","","","","N","","","","","","","","","",""
"2017090955","1726","1","0","0","0","0","0","0","0","0","7","0","","02","9","2017","2","40.466231","-80.143728","1719","11","0","0","0","0","0","0","0","0","1","0","0","0","","","0","","0","","40 27:58.430","1","0","80 08:37.420","0","0","0","0","2115","0","0","0","N","0","0","0","1","02115","0","","4.0","","1","N","N","","0","","0","0","0","","0","N","","1","0","0","0","0","0","0","2","0","1","","","","N","","","","","","","","","",""
"2017121911","0557","1","0","0","0","0","0","0","0","0","7","0","","02","11","2017","1","40.439431","-80.009223","0551","11","0","0","0","0","0","0","0","0","2","0","0","0","","","1","","0","","40 26:21.950","3","3","80 00:33.202","3","0","0","0","2301","0","0","0","","0","0","0","1","68B03","0","","2.0","","1","N","N","","0","","1","0","0","","0","Y","","1","1","0","0","0","0","0","2","0","1","","","","N","","","","","","","","","",""
"2017090712","1734","0","0","0","0","0","0","0","0","0","0","0","","02","9","2017","1","40.268167","-79.856344","1729","11","0","0","0","0","0","0","0","0","","0","0","0","","","1","","0","","40 16:05.400","","0","79 51:22.840","8","0","0","1","2105","0","0","0","N","0","0","0","1","02105","0","","1.0","","1","N","N","","0","","0","0","0","","0","","","1","1","0","0","0","1","0","2","0","1","","","","N","","","","","","","","","",""
"2017113754","0647","3","0","0","0","0","0","0","0","0","4","0","","02","10","2017","3","40.462","-79.946917","0624","11","0","0","0","0","0","0","1","0","","0","0","0","","","0","","0","","40 27:43.200","","0","79 56:48.900","0","0","0","0","2301","0","0","0","N","0","0","0","1","02301","0","","6.0","","1","N","N","","0","","0","0","0","","0","","","3","0","0","0","0","0","0","2","0","3","","","","N","","","","","","","","","",""
"2017122319","1303","2","0","0","0","0","0","0","0","0","1","0","","02","11","2017","4","40.523403","-80.224308","1257","11","0","0","1","0","0","0","1","0","1","0","0","0","","","1","","0","","40 31:24.251","1","0","80 13:27.508","3","0","0","0","2213","0","0","0","","0","0","0","2","02213","0","","1.0","","1","N","N","","0","","1","0","0","","0","N","","2","1","0","0","0","0","0","2","0","2","","","","N","","","","","","","","","",""
"2017080918","1159","1","0","0","0","0","0","0","0","0","1","0","","02","8","2017","4","40.561025","-80.039371","1152","11","0","0","1","0","0","0","0","1","","0","0","0","","","1","","3","","40 33:39.689","","0","80 02:21.737","8","0","0","0","2108","0","0","0","","0","0","0","4","02108","0","","1.0","","1","N","N","","0","","0","0","1","","3","","","2","1","0","0","0","1","0","2","0","2","","","","N","","","","","","","","","",""
"2017115898","1416","1","0","0","0","0","0","0","0","0","7","0","","02","11","2017","7","40.518139","-79.895222","1411","11","0","1","0","0","0","0","0","0","2","0","0","0","","","0","","0","","40 31:05.300","4","0","79 53:42.800","0","0","0","0","2432","0","0","0","N","0","0","0","1","02432","0","","5.0","","1","N","N","","0","","0","0","0","","0","N","","1","0","0","0","0","0","0","2","0","1","","","","N","","","","","","","","","",""
"2017129260","1140","1","0","0","0","0","0","0","0","0","1","0","","02","12","2017","5","40.434026","-79.992165","1134","11","0","0","0","0","0","1","0","0","1","0","0","0","","","1","","0","","40 26:02.495","4","0","79 59:31.795","8","0","0","0","2301","0","0","0","","0","0","0","2","68B03","0","","1.0","","1","N","N","","1","","0","0","0","","0","N","","2","1","0","0","0","1","0","2","0","2","","","","N","","","","","","","","","",""
"2017112916","0730","1","0","0","0","0","0","0","0","0","7","0","","02","10","2017","2","40.338068","-79.95263","0713","11","0","0","0","0","0","0","0","1","","0","0","0","","","0","","0","","40 20:17.046","","0","79 57:09.469","0","0","0","0","2454","0","0","0","N","0","0","0","1","02454","0","","4.0","","3","N","N","","0","","0","0","0","","0","","","1","0","0","0","0","0","0","2","0","1","","","","N","","","","","","","","","",""
"2017126828","1828","1","0","0","0","0","0","0","0","0","1","0","","02","11","2017","4","40.541666","-80.122011","1828","11","0","0","0","0","0","0","1","0","","0","0","0","","","2","","0","","40 32:29.998","","6","80 07:19.241","3","0","0","0","2460","0","0","0","","0","0","0","4","68B03","0","","1.0","","9","N","N","","0","","2","0","1","","0","","","2","2","0","0","0","0","0","1","0","2","","","","N","","","","","","","","","",""
"2017115724","0855","1","0","0","0","0","0","0","0","0","1","0","55","02","11","2017","6","40.536058","-80.272433","0819","11","0","0","0","0","0","0","0","0","","0","0","0","","","1","","0","","40 32:09.807","","0","80 16:20.759","3","0","0","0","2213","0","0","0","","0","0","0","2","68B03","0","","1.0","","9","N","N","","0","","1","0","1","","0","","","2","1","0","0","0","0","0","1","0","2","","","N","Y","4","1","N","N","N","Y","Y","N","Y",""
"2017128803","1816","2","0","0","0","0","0","0","0","0","4","0","","02","12","2017","1","40.383584","-80.038986","1812","11","0","0","0","0","0","0","0","0","2","0","0","0","","","0","","0","","40 23:00.903","4","0","80 02:20.349","0","0","0","0","2109","0","0","0","","0","0","0","1","02109","0","","6.0","","1","N","N","","0","","0","0","0","","0","Y","","2","0","0","0","0","0","0","2","0","2","","","","N","","","","","","","","","",""
"2017090259","0025","2","0","0","0","0","0","0","0","0","4","0","","02","9","2017","7","40.454029","-79.912399","0019","11","0","0","0","1","0","0","0","0","","0","0","0","","","0","","1","","40 27:14.504","","0","79 54:44.638","0","0","0","0","2301","0","0","0","N","0","0","0","4","02301","0","","1.0","","1","N","N","","0","","0","0","0","","2","","","2","0","0","0","0","0","0","2","0","2","","","","N","","","","","","","","","",""
"2017093953","1326","0","0","0","0","0","0","0","0","0","1","0","","02","9","2017","6","40.514254","-80.005782","1326","11","0","0","0","0","0","2","0","0","","0","0","0","","","1","","0","","40 30:51.315","","0","80 00:20.815","3","0","0","0","2116","0","0","0","N","0","0","0","2","02116","0","","1.0","","1","N","N","","1","","1","0","0","","0","","","2","1","0","0","0","0","0","2","1","2","","","","N","","","","","","","","","",""
"2017117087","0635","2","0","0","0","0","0","0","0","0","4","0","","02","11","2017","4","40.45238","-80.014199","0631","11","0","0","0","0","0","0","0","0","","0","0","0","","","0","","1","","40 27:08.568","","0","80 00:51.115","0","0","0","0","2301","0","0","0","N","0","0","0","2","02301","0","","1.0","","1","N","N","","0","","0","0","0","","2","","","2","0","0","0","0","0","0","2","0","2","","","","N","","","","","","","","","",""
"2017121529","1841","1","0","0","0","0","0","0","0","0","1","0","","02","11","2017","4","40.459522","-79.998869","1825","11","0","0","0","0","0","1","0","0","","0","0","0","","","1","","0","","40 27:34.279","","2","79 59:55.929","4","0","0","0","2301","0","0","0","","0","0","0","2","68B03","1","","1.0","","1","N","N","","0","","0","0","1","","0","","","2","1","0","0","0","0","0","2","0","2","","","","N","","","","","","","","","",""
"2017123686","0001","0","0","0","0","0","0","0","0","0","7","0","","02","11","2017","4","40.520412","-80.063205","2337","11","0","0","0","0","0","0","0","0","2","0","0","0","","","1","","0","","40 31:13.483","1","0","80 03:47.539","2","0","0","0","2116","0","0","0","N","0","0","0","1","68B03","0","","3.0","","1","N","N","","0","","0","1","1","","0","N","","1","1","1","0","1","0","0","2","0","1","","","","N","","","","","","","","","",""
"2017114133","1812","2","0","0","0","0","0","0","0","0","4","0","","02","11","2017","4","40.439984","-79.919574","1811","11","0","0","0","0","0","1","0","0","","0","0","0","","","0","","2","","40 26:23.942","","0","79 55:10.466","0","0","0","0","2301","0","0","0","N","0","0","0","2","02301","0","","1.0","","9","N","N","","0","","0","0","0","","3","","","2","0","0","0","0","0","0","2","0","2","","","","N","","","","","","","","","",""
"2017113587","1700","2","0","0","0","0","0","0","0","0","1","0","","02","10","2017","3","40.472732","-79.972788","1645","11","0","0","0","0","0","1","0","0","","0","0","0","","","0","","6","","40 28:21.836","","2","79 58:22.037","0","0","0","0","2445","0","0","0","N","0","0","0","2","02301","0","","1.0","","1","N","N","","0","","0","0","0","","0","","","2","0","0","0","0","0","0","2","0","2","","","","N","","","","","","","","","",""
"2017114611","1650","1","0","0","0","0","0","0","0","0","8","0","","02","11","2017","5","40.444922","-79.993849","1646","11","0","0","0","0","0","0","0","0","","0","0","0","","","1","","1","","40 26:41.718","","0","79 59:37.856","3","0","0","0","2301","1","0","0","N","1","0","0","2","02301","0","","1.0","","1","N","N","","0","","1","0","0","","2","","","2","1","0","0","0","0","0","2","0","1","","","","N","","","","","","","","","",""
"2017093899","1736","1","0","0","0","0","0","0","0","0","1","0","","02","9","2017","6","40.459162","-80.111638","1719","11","0","0","0","0","0","0","0","0","","0","0","0","","","0","","0","","40 27:32.984","","0","80 06:41.897","0","0","0","0","2126","0","0","0","","0","0","0","2","68B03","0","","1.0","","1","N","Y","","0","","0","0","1","","0","","","2","0","0","0","0","0","0","2","0","2","","","","N","","","","","","","","","",""
"2017092299","0724","2","0","0","0","0","0","0","0","0","1","0","","02","8","2017","5","40.513786","-80.002669","0724","11","0","0","0","0","0","1","0","0","","0","0","0","","","0","","1","","40 30:49.629","","0","80 00:09.607","0","0","0","0","2116","0","0","0","N","0","0","0","3","02116","0","","1.0","","1","N","N","","0","","0","0","1","","0","","","3","0","0","0","0","0","0","2","0","3","","","","N","","","","","","","","","",""
"2017071920","2310","2","0","0","0","0","0","0","0","0","4","0","","02","7","2017","5","40.463189","-79.955073","2300","11","0","0","0","0","0","0","0","0","","0","0","0","","","0","","1","","40 27:47.481","","0","79 57:18.262","9","0","0","0","2301","0","0","0","N","0","0","0","2","02301","0","","1.0","","9","N","N","","0","","0","0","0","","3","","","2","0","0","0","0","0","1","2","0","2","","","","N","","","","","","","","","",""
"2017124206","1619","1","0","0","0","0","0","0","0","0","2","1","90","02","11","2017","7","40.546077","-79.759716","1548","11","0","0","0","0","0","0","0","0","9","0","1","0","","","0","","0","","40 32:45.878","5","0","79 45:34.978","0","0","0","0","2466","0","0","0","N","0","0","0","1","02466","0","","1.0","","1","N","N","","0","","0","0","0","","8","Y","","2","0","0","0","0","0","0","1","0","2","","","N","Y","4","1","Y","","N","","","","",""
"2017121355","1251","1","0","0","0","0","0","0","0","0","7","0","","02","11","2017","3","40.440966","-79.834946","1226","11","0","0","0","0","0","0","0","0","","0","0","0","","","0","","0","","40 26:27.478","","0","79 50:05.805","9","0","0","0","2419","0","0","0","","0","0","0","1","68B03","0","","4.0","","9","N","N","","0","","0","0","0","","0","","","1","0","0","0","0","0","1","2","0","1","","","","N","","","","","","","","","",""
"2017125512","1441","1","0","0","0","0","0","0","0","0","1","0","","02","11","2017","4","40.250667","-79.867889","1435","11","0","0","0","1","0","1","0","0","1","0","0","0","","","1","","0","","40 15:02.400","1","0","79 52:04.400","3","0","0","0","2204","0","0","0","N","0","0","0","2","02204","0","","1.0","","1","Y","N","","1","","1","0","0","","0","N","","2","1","0","0","0","0","0","1","0","2","","","","N","","","","","","","","","",""
"2017089234","1335","1","0","0","0","0","0","0","0","0","4","1","","02","8","2017","5","40.438939","-79.765151","1331","11","0","0","1","0","0","0","0","0","1","0","1","0","","","0","","0","","40 26:20.181","4","0","79 45:54.545","0","0","0","0","2446","0","0","0","N","0","0","0","2","02446","0","","1.0","","1","N","N","","0","","0","0","0","","0","N","","2","0","0","0","0","0","0","2","0","2","","","","N","","","","","","","","","",""
"2017121822","1921","2","0","0","0","0","0","0","0","0","1","0","","02","11","2017","7","40.387268","-79.828204","1919","11","0","0","0","0","0","0","0","0","2","0","0","0","","","0","","2","","40 23:14.166","4","0","79 49:41.536","0","0","0","0","2111","0","0","0","N","0","0","0","3","02111","0","","1.0","","9","N","N","","0","","0","0","1","","0","N","","3","0","0","0","0","0","0","2","0","3","","","","N","","","","","","","","","",""
"2017129127","2227","1","0","0","0","0","0","0","0","0","99","0","","02","12","2017","4","40.667158","-79.731363","2209","11","0","0","0","0","0","0","0","0","","0","0","0","","","0","","0","","40 40:01.769","","0","79 43:52.908","0","0","0","0","2202","0","0","0","","0","0","0","1","68D02","0","","1.0","","1","N","N","","0","","0","0","0","","0","","","1","0","0","0","0","0","0","2","0","1","","","","N","","","","","","","","","",""
"2017094296","1630","1","0","0","0","0","0","0","0","0","1","0","","02","9","2017","3","40.38319","-80.043908","1628","11","0","1","0","0","0","1","0","0","","0","0","0","","","0","","1","","40 22:59.484","","0","80 02:38.069","0","0","0","0","2109","0","0","0","","0","0","0","2","02109","0","","1.0","","1","N","N","","0","","0","0","0","","2","","","2","0","0","0","0","0","0","2","1","2","","","","N","","","","","","","","","",""
"2017120395","1435","0","0","0","0","0","0","0","0","0","7","0","","02","11","2017","6","40.352883","-80.140389","1432","11","0","0","0","0","0","0","0","0","","0","0","0","","","0","","2","","40 21:10.378","","0","80 08:25.401","9","0","0","0","2119","0","0","0","N","0","0","0","2","02119","0","","5.0","","1","","N","","0","","0","0","1","","0","","","1","0","0","0","0","0","2","2","0","1","","","","N","","","","","","","","","",""
"2017113583","1643","0","0","0","0","0","0","0","0","0","1","0","","02","10","2017","3","40.454119","-79.996547","1621","11","0","0","0","0","0","1","0","0","","0","0","0","","","0","","0","","40 27:14.828","","0","79 59:47.570","0","0","0","0","2301","0","0","0","N","0","0","0","2","02301","0","","1.0","","1","N","N","","0","","0","0","1","","0","","","2","0","0","0","0","0","0","2","1","2","","","","N","","","","","","","","","",""
"2017123428","0557","1","0","0","0","0","0","0","0","0","7","0","","02","11","2017","7","40.384299","-80.096898","0537","11","0","0","0","0","0","0","0","0","","0","0","0","","","0","","0","","40 23:03.477","","0","80 05:48.833","0","0","0","0","2102","0","0","0","","0","0","0","1","68B03","0","","4.0","","9","N","N","","0","","0","0","0","","0","","","1","0","0","0","0","0","0","2","0","1","","","","N","","","","","","","","","",""