"CRN","ARRIVAL_TM","AUTOMOBILE_COUNT","BELTED_DEATH_COUNT","BELTED_SUSP_SERIOUS_INJ_COUNT","BICYCLE_COUNT","BICYCLE_DEATH_COUNT","BICYCLE_SUSP_SERIOUS_INJ_COUNT","BUS_COUNT","CHLDPAS_DEATH_COUNT","CHLDPAS_SUSP_SERIOUS_INJ_COUNT","COLLISION_TYPE","COMM_VEH_COUNT","CONS_ZONE_SPD_LIM","COUNTY","CRASH_MONTH","CRASH_YEAR","DAY_OF_WEEK","DEC_LATITUDE","DEC_LONGITUDE","DISPATCH_TM","DISTRICT","DRIVER_COUNT_16YR","DRIVER_COUNT_17YR","DRIVER_COUNT_18YR","DRIVER_COUNT_19YR","DRIVER_COUNT_20YR","DRIVER_COUNT_50_64YR","DRIVER_COUNT_65_74YR","DRIVER_COUNT_75PLUS","EST_HRS_CLOSED","FATAL_COUNT","HEAVY_TRUCK_COUNT","HORSE_BUGGY_COUNT","HOUR_OF_DAY","ILLUMINATION","INJURY_COUNT","INTERSECTION_RELATED","INTERSECT_TYPE","LANE_CLOSED","LATITUDE","LN_CLOSE_DIR","LOCATION_TYPE","LONGITUDE","MAX_SEVERITY_LEVEL","MCYCLE_DEATH_COUNT","MCYCLE_SUSP_SERIOUS_INJ_COUNT","MOTORCYCLE_COUNT","MUNICIPALITY","NONMOTR_COUNT","NONMOTR_DEATH_COUNT","NONMOTR_SUSP_SERIOUS_INJ_COUNT","NTFY_HIWY_MAINT","PED_COUNT","PED_DEATH_COUNT","PED_SUSP_SERIOUS_INJ_COUNT","PERSON_COUNT","POLICE_AGCY","POSSIBLE_INJ_COUNT","RDWY_SURF_TYPE_CD","RELATION_TO_ROAD","ROADWAY_CLEARED","ROAD_CONDITION","SCH_BUS_IND","SCH_ZONE_IND","SECONDARY_CRASH","SMALL_TRUCK_COUNT","SPEC_JURIS_CD","SUSP_MINOR_INJ_COUNT","SUSP_SERIOUS_INJ_COUNT","SUV_COUNT","TCD_FUNC_CD","TCD_TYPE","TFC_DETOUR_IND","TIME_OF_DAY","TOTAL_UNITS","TOT_INJ_COUNT","UNBELTED_OCC_COUNT","UNB_DEATH_COUNT","UNB_SUSP_SERIOUS_INJ_COUNT","UNK_INJ_DEG_COUNT","UNK_INJ_PER_COUNT","URBAN_RURAL","VAN_COUNT","VEHICLE_COUNT","WEATHER1","WEATHER2","WORKERS_PRES","WORK_ZONE_IND","WORK_ZONE_LOC","WORK_ZONE_TYPE","WZ_CLOSE_DETOUR","WZ_FLAGGER","WZ_LAW_OFFCR_IND","WZ_LN_CLOSURE","WZ_MOVING","WZ_OTHER","WZ_SHLDER_MDN","WZ_WORKERS_INJ_KILLED"
"2017094972","1710","2","0","0","0","0","0","0","0","0","1","0","","02","9","2017","4","40.43772","-80.150619","1657","11","0","0","0","0","0","2","0","0","1","0","0","0","","","0","","0","","40 26:15.793","3","0","80 09:02.229","0","0","0","0","2115","0","0","0","","0","0","0","4","68B03","0","","1.0","","1","N","N","","0","","0","0","1","","0","N","","3","0","0","0","0","0","0","2","0","3","","","","N","","","","","","","","","",""
"2017093485","1540","2","0","0","0","0","0","0","0","0","4","0","","02","9","2017","2","40.380342","-79.985928","1530","11","0","0","0","0","0","0","0","0","1","0","0","0","","","0","","0","","40 22:49.230","1","0","79 59:09.340","0","0","0","0","2301","0","0","0","N","0","0","0","2","02301","0","","4.0","","1","N","N","","0","","0","0","0","","0","N","","2","0","0","0","0","0","0","2","0","2","","","","N","","","","","","","","","",""
"2017077032","2051","2","0","0","0","0","0","0","0","0","4","0","","02","7","2017","5","40.347615","-79.832533","2044","11","0","0","0","0","0","1","1","0","","0","0","0","","","0","","1","","40 20:51.413","","0","79 49:57.117","0","0","0","0","2304","0","0","0","N","0","0","0","3","02304","0","","1.0","","1","N","N","","0","","0","0","0","","2","","","2","0","0","0","0","0","0","2","0","2","","","","N","","","","","","","","","",""
"2017078485","0258","1","0","0","0","0","0","0","0","0","7","0","","02","7","2017","4","40.336454","-79.979044","0254","11","0","0","0","0","0","1","0","0","2","0","0","0","","","1","","2","","40 20:11.234","3","0","79 58:44.557","3","0","0","0","2454","0","0","0","N","0","0","0","1","02454","0","","2.0","","1","N","N","","0","","1","0","0","","2","N","","1","1","0","0","0","0","0","2","0","1","","","","N","","","","","","","","","",""
"2017090565","0844","1","0","0","0","0","0","0","0","0","7","0","","02","9","2017","1","40.436668","-79.994748","0828","11","0","0","0","0","0","0","0","0","1","0","0","0","","","0","","0","","40 26:12.006","1","2","79 59:41.091","0","0","0","0","2301","0","0","0","N","0","0","0","1","02301","0","","1.0","","9","N","N","","0","","0","0","0","","0","N","","1","0","0","0","0","0","0","2","0","1","","","","N","","","","","","","","","",""
"2017077759","1427","2","0","0","0","0","0","0","0","0","4","0","","02","7","2017","1","40.381583","-79.859665","1421","11","0","0","0","0","0","0","0","0","","0","0","0","","","0","","1","","40 22:53.699","","0","79 51:34.794","0","0","0","0","2303","0","0","0","N","0","0","0","2","02303","0","","1.0","","1","N","N","","0","","0","0","0","","3","","","2","0","0","0","0","0","0","2","0","2","","","","N","","","","","","","","","",""
"2017072171","1705","3","0","0","0","0","0","0","0","0","2","0","","02","7","2017","6","40.415923","-80.030056","1657","11","0","0","0","0","1","1","0","0","1","0","0","0","","","0","","0","","40 24:57.324","1","0","80 01:48.200","0","0","0","0","2301","0","0","0","N","0","0","0","3","02301","0","","1.0","","1","N","N","","0","","0","0","0","","2","Y","","3","0","0","0","0","0","0","2","0","3","","","","N","","","","","","","","","",""
"2017090231","1523","1","0","0","0","0","0","0","0","0","4","0","","02","9","2017","6","40.45457","-79.954531","1518","11","0","0","0","0","1","1","0","0","","0","0","0","","","0","","0","","40 27:16.453","","7","79 57:16.311","0","0","0","0","2301","0","0","0","N","0","0","0","2","02301","0","","1.0","","1","N","N","","0","","0","0","1","","2","","","2","0","0","0","0","0","0","2","0","2","","","","N","","","","","","","","","",""
"2017077168","2030","2","0","0","0","0","0","0","0","0","4","0","","02","7","2017","6","40.396218","-79.998194","2021","11","0","0","0","0","0","0","0","0","","0","0","0","","","0","","1","","40 23:46.384","","0","79 59:53.499","0","0","0","0","2301","0","0","0","N","0","0","0","5","02301","0","","1.0","","9","N","N","","0","","0","0","0","","2","","","2","0","0","0","0","0","0","2","0","2","","","","N","","","","","","","","","",""
"2017069320","1310","2","0","0","0","0","0","0","0","0","1","0","","02","7","2017","4","40.457384","-80.184119","1305","11","0","0","0","0","0","0","1","0","","0","0","0","","","1","","0","","40 27:26.584","","7","80 11:02.827","8","0","0","0","2213","0","0","0","","0","0","0","2","02213","0","","1.0","","1","N","N","","0","","0","0","0","","0","","","2","1","0","0","0","1","0","2","0","2","","","","N","","","","","","","","","",""
"2017076681","1606","2","0","0","0","0","0","0","0","0","1","0","","02","7","2017","5","40.429084","-80.024318","1551","11","0","0","0","0","0","0","0","0","2","0","0","0","","","1","","6","","40 25:44.701","2","2","80 01:27.544","8","0","0","0","2301","0","0","0","N","0","0","0","5","02301","0","","1.0","","1","N","N","","0","","0","0","0","","4","N","","2","1","0","0","0","1","0","2","0","2","","","","N","","","","","","","","","",""
"2017090370","1324","1","0","0","0","0","0","0","0","0","7","0","","02","9","2017","7","40.467144","-80.035113","1321","11","0","0","0","0","1","0","0","0","1","0","0","0","","","0","","0","","40 28:01.718","1","0","80 02:06.406","0","0","0","0","2301","0","0","0","N","0","0","0","1","02301","0","","1.0","","1","N","N","","0","","0","0","0","","0","N","","1","0","0","0","0","0","0","2","0","1","","","","N","","","","","","","","","",""
"2017079444","0040","1","0","0","0","0","0","0","0","0","7","0","","02","8","2017","5","40.498189","-80.046091","0035","11","0","0","0","0","0","0","0","0","1","0","0","0","","","1","","0","","40 29:53.481","1","0","80 02:45.926","3","0","0","0","2116","0","0","0","N","0","0","0","3","02116","0","","2.0","","1","N","N","","0","","1","0","0","","0","N","","1","1","0","0","0","0","0","2","0","1","","","","N","","","","","","","","","",""
"2017066939","1631","1","0","0","0","0","0","0","0","0","1","0","","02","6","2017","6","40.321129","-79.942219","1631","11","0","0","0","0","0","1","0","0","","0","0","0","","","1","","1","","40 19:16.064","","0","79 56:31.987","4","0","0","0","2454","0","0","0","N","0","0","0","3","02454","1","","1.0","","1","N","N","","2","","0","0","0","","2","","","3","1","0","0","0","0","0","2","0","3","","","","N","","","","","","","","","",""
"2017076100","1243","1","0","0","0","0","0","0","0","0","7","0","","02","7","2017","4","40.469967","-79.827598","1239","11","0","0","0","0","0","0","0","0","","0","0","0","","","0","","0","","40 28:11.880","","0","79 49:39.353","0","0","0","0","2113","0","0","0","N","0","0","0","1","02113","0","","2.0","","1","N","N","","0","","0","0","0","","0","","","1","0","0","0","0","0","0","2","0","1","","","","N","","","","","","","","","",""
"2017077022","1313","2","0","0","0","0","0","0","0","0","1","0","","02","7","2017","4","40.487874","-79.897599","1313","11","0","0","0","0","0","2","0","0","2","0","0","0","","","1","","2","","40 29:16.346","3","0","79 53:51.355","4","0","0","0","2401","0","0","0","N","0","0","0","2","02401","1","","1.0","","1","N","N","","0","","0","0","0","","2","N","","2","1","0","0","0","0","0","2","0","2","","","","N","","","","","","","","","",""
"2017092897","0800","1","0","0","0","0","0","0","0","0","4","0","90","02","9","2017","7","40.447691","-79.938848","0755","11","0","0","0","0","0","0","0","0","9","0","0","0","","","0","","2","","40 26:51.689","3","0","79 56:19.852","0","0","0","0","2301","0","0","0","N","0","0","0","3","02301","0","","1.0","","1","N","N","","0","","0","0","1","","7","N","","2","0","0","0","0","0","0","2","0","2","","","Y","Y","4","1","","Y","Y","Y","","","",""
"2017075646","1710","0","0","0","0","0","0","0","0","0","4","0","","02","7","2017","2","40.348259","-79.947345","1709","11","0","0","0","0","0","1","0","0","2","0","0","0","","","0","","1","","40 20:53.731","4","0","79 56:50.441","0","0","0","0","2473","0","0","0","N","0","0","0","2","02473","0","","1.0","","1","N","N","","1","","0","0","1","","2","N","","2","0","1","0","0","0","0","2","0","2","","","","N","","","","","","","","","",""
"2017071149","1558","1","0","0","0","0","0","0","0","0","4","0","","02","7","2017","1","40.331484","-80.022653","1554","11","0","0","0","0","0","0","0","0","1","0","0","0","","","1","","0","","40 19:53.341","1","7","80 01:21.550","3","0","0","0","2407","0","0","0","","0","0","0","3","02407","0","","1.0","","1","N","N","","0","","1","0","1","","0","N","","2","1","0","0","0","0","0","2","0","2","","","","N","","","","","","","","","",""
"2017090264","0424","3","0","0","0","0","0","0","0","0","4","0","","02","9","2017","6","40.47347","-79.926173","0414","11","0","0","0","0","0","0","0","0","","0","0","0","","","0","","1","","40 28:24.492","","0","79 55:34.222","0","0","0","0","2301","0","0","0","N","0","0","0","1","02301","0","","2.0","","1","N","N","","1","","0","0","0","","0","","","4","0","0","0","0","0","0","2","0","4","","","","N","","","","","","","","","",""
"2017067595","1429","2","0","0","0","0","0","0","0","0","4","0","","02","7","2017","1","40.398957","-80.000088","1422","11","0","0","0","0","0","1","0","0","1","0","0","0","","","0","","2","","40 23:56.245","2","0","80 00:00.316","0","0","0","0","2301","0","0","0","N","0","0","0","2","02301","0","","1.0","","1","N","N","","0","","0","0","1","","3","N","","3","0","0","0","0","0","0","2","0","3","","","","N","","","","","","","","","",""
"2017069238","1645","1","0","0","0","0","0","0","0","0","4","0","","02","7","2017","5","40.419875","-79.850108","1645","11","0","0","0","0","0","2","0","0","","0","0","0","","","0","","1","","40 25:11.550","","0","79 51:00.389","0","0","0","0","2431","0","0","0","N","0","0","0","2","02431","0","","1.0","","9","N","N","","0","","0","0","0","","2","","","2","0","0","0","0","0","0","2","1","2","","","","N","","","","","","","","","",""
"2017078628","0938","2","0","0","0","0","0","0","0","0","2","0","","02","8","2017","4","40.287583","-79.884198","0936","11","0","0","0","0","0","1","1","0","1","0","0","0","","","2","","1","","40 17:15.298","2","0","79 53:03.112","4","0","0","0","2302","0","0","0","N","0","0","0","3","02302","2","","1.0","","1","N","N","","0","","0","0","0","","3","Y","","2","2","0","0","0","0","0","2","0","2","","","","N","","","","","","","","","",""
"2017068575","0639","1","0","0","0","0","0","0","0","0","7","0","","02","7","2017","4","40.328653","-79.840977","0637","11","0","0","0","0","0","0","0","0","","0","0","0","","","0","","2","","40 19:43.152","","0","79 50:27.518","0","0","0","0","2304","0","0","0","N","0","0","0","1","02304","0","","2.0","","1","N","N","","0","","0","0","0","","0","","","1","0","1","0","0","0","0","2","0","1","","","","N","","","","","","","","","",""
"2017075323","1149","1","0","0","0","0","0","0","0","0","7","0","","02","7","2017","2","40.402991","-80.083254","1145","11","0","0","0","0","0","0","0","0","","0","0","0","","","0","","2","","40 24:10.767","","0","80 04:59.714","0","0","0","0","2415","0","0","0","","0","0","0","2","02415","0","","5.0","","1","","","","0","","0","0","0","","0","","","1","0","0","0","0","0","0","2","0","1","","","","N","","","","","","","","","",""
"2017076752","1740","0","0","0","0","0","0","0","0","0","6","0","","02","7","2017","5","40.405234","-79.977303","1730","11","0","0","0","0","0","0","0","0","2","0","0","0","","","1","","0","","40 24:18.842","3","0","79 58:38.291","8","0","0","0","2301","0","0","0","N","0","0","0","2","02301","0","","1.0","","1","N","N","","0","","0","0","2","","0","N","","2","1","0","0","0","1","0","2","0","2","","","","N","","","","","","","","","",""
"2017076428","1722","2","0","0","0","0","0","0","0","0","6","0","","02","7","2017","4","40.449808","-79.803385","1714","11","0","0","0","1","0","0","0","0","","0","0","0","","","0","","2","","40 26:59.308","","0","79 48:12.186","0","0","0","0","2113","0","0","0","N","0","0","0","2","02113","0","","1.0","","1","N","N","","0","","0","0","0","","3","","","2","0","0","0","0","0","0","2","0","2","","","","N","","","","","","","","","",""
"2017090571","0847","1","0","0","0","0","0","1","0","0","7","1","","02","9","2017","7","40.352284","-79.896867","0837","11","0","0","0","0","0","1","0","0","4","1","0","0","","","1","","0","","40 21:08.224","6","0","79 53:48.721","1","0","0","0","2423","0","0","0","N","0","0","0","2","02503","0","2","4.0","","9","N","N","","0","0","1","0","0","","0","Y","","2","1","1","1","0","0","0","2","0","2","","","","N","","","","","","","","","",""
"2017075548","0301","2","0","0","0","0","0","0","0","0","5","0","","02","7","2017","2","40.47007","-79.957833","0259","11","0","0","0","0","0","0","0","0","","0","0","0","","","0","","1","","40 28:12.253","","0","79 57:28.197","9","0","0","0","2301","0","0","0","N","0","0","0","1","02301","0","","1.0","","1","N","N","","0","","0","0","0","","0","","","2","0","0","0","0","0","1","2","0","2","","","","N","","","","","","","","","",""
"2017072398","1044","0","0","0","0","0","0","0","0","0","4","1","","02","7","2017","7","40.515453","-80.027439","1043","11","0","0","0","0","0","2","0","0","1","0","1","0","","","1","","2","","40 30:55.630","1","0","80 01:38.782","3","0","0","0","2474","0","0","0","N","0","0","0","4","02474","0","","1.0","","9","N","N","","1","","1","0","0","","4","Y","","2","1","0","0","0","0","0","2","0","2","","","","N","","","","","","","","","",""
"2017069592","1623","2","0","0","0","0","0","0","0","0","4","0","","02","7","2017","6","40.365326","-80.108272","1618","11","0","1","0","0","0","0","0","0","2","0","0","0","","","0","","0","","40 21:55.172","6","7","80 06:29.778","0","0","0","0","2102","0","0","0","N","0","0","0","3","02102","0","","1.0","","1","N","N","","0","","0","0","0","","2","N","","2","0","0","0","0","0","0","2","0","2","","","","N","","","","","","","","","",""
"2017075644","0636","2","0","0","0","0","0","0","0","0","1","0","","02","7","2017","3","40.435462","-79.895783","0631","11","0","0","0","0","0","1","0","0","","0","0","0","","","0","","0","","40 26:07.663","","0","79 53:44.818","0","0","0","0","2301","0","0","0","N","0","0","0","2","02301","0","","2.0","","1","N","N","","0","","0","0","0","","0","","","2","0","0","0","0","0","0","2","0","2","","","","N","","","","","","","","","",""
"2017071578","0544","0","0","0","0","0","0","0","0","0","1","0","","02","7","2017","4","40.327914","-79.816169","0541","11","0","0","0","0","0","1","1","0","","0","0","0","","","0","","0","","40 19:40.492","","0","79 48:58.209","0","0","0","0","2304","0","0","0","N","0","0","0","2","02304","0","","1.0","","9","N","N","","1","","0","0","1","","0","","","2","0","0","0","0","0","0","2","0","2","","","","N","","","","","","","","","",""
"2017085874","1840","1","0","0","0","0","0","0","0","0","1","0","45","02","8","2017","6","40.530326","-80.072139","1817","11","0","0","0","0","0","1","0","0","1","0","0","0","","","1","","0","","40 31:49.174","1","0","80 04:19.699","8","0","0","0","2215","0","0","0","","0","0","0","2","68B03","0","","1.0","","1","N","N","","0","","0","0","1","","0","N","","2","1","0","0","0","1","0","2","0","2","","","Y","Y","4","1","N","N","N","N","N","N","Y",""
"2017076025","1015","2","0","0","0","0","0","0","0","0","1","0","","02","7","2017","3","40.411014","-80.005933","1012","11","0","0","0","0","0","0","0","0","1","0","0","0","","","0","","2","","40 24:39.651","1","0","80 00:21.360","0","0","0","0","2301","0","0","0","N","0","0","0","3","02301","0","","1.0","","1","N","N","","0","","0","0","0","","2","N","","2","0","0","0","0","0","0","2","0","2","","","","N","","","","","","","","","",""
"2017092579","1222","0","0","0","0","0","0","0","0","0","4","1","","02","9","2017","6","40.424988","-79.953054","1213","11","0","0","0","0","0","0","0","0","","0","1","0","","","0","","2","","40 25:29.956","","1","79 57:10.996","0","0","0","0","2301","0","0","0","N","0","0","0","2","02301","0","","1.0","","1","N","N","","0","","0","0","1","","0","","","2","0","0","0","0","0","0","2","0","2","","","","N","","","","","","","","","",""
"2017092938","0841","1","0","0","0","0","0","0","0","0","7","0","","02","9","2017","7","40.395761","-79.806206","0835","11","0","0","0","0","0","0","0","0","","0","0","0","","","0","","0","","40 23:44.740","","0","79 48:22.340","0","0","0","0","2479","0","0","0","N","0","0","0","2","02501","0","","5.0","","1","N","N","","0","","0","0","0","","3","","","1","0","0","0","0","0","0","2","0","1","","","","N","","","","","","","","","",""
"2017081969","1645","1","0","0","0","0","0","0","0","0","4","0","","02","7","2017","4","40.396162","-79.768014","1637","11","0","0","0","0","0","1","0","0","1","0","0","0","","","0","","0","","40 23:46.182","4","0","79 46:04.850","0","0","0","0","2446","0","0","0","N","0","0","0","4","02446","0","","1.0","","1","N","N","","0","","0","0","1","","0","N","","2","0","1","0","0","0","0","2","0","2","","","","N","","","","","","","","","",""
"2017068283","0220","3","0","0","0","0","0","0","0","0","5","0","","02","7","2017","3","40.474861","-80.013347","0216","11","0","0","0","0","0","0","0","0","2","0","0","0","","","0","","0","","40 28:29.499","7","0","80 00:48.050","0","0","0","0","2301","0","0","0","N","0","0","0","1","02301","0","","6.0","","1","N","N","","0","","0","0","2","","0","N","","5","0","1","0","0","0","0","2","0","5","","","","N","","","","","","","","","",""
"2017092263","1140","0","0","0","0","0","0","0","0","0","1","0","","02","9","2017","5","40.460658","-79.922717","1130","11","0","0","0","0","0","0","1","0","1","0","0","0","","","2","","1","","40 27:38.370","3","0","79 55:21.780","3","0","0","0","2301","0","0","0","N","0","0","0","3","02301","0","","1.0","","1","N","N","","0","","2","0","2","","2","N","","2","2","0","0","0","0","0","2","0","2","","","","N","","","","","","","","","",""
"2017080467","1830","0","0","0","0","0","0","0","0","0","1","0","","02","7","2017","3","40.546265","-80.240597","1827","11","0","0","0","0","0","2","0","0","","0","0","0","","","2","","2","","40 32:46.553","","0","80 14:26.148","8","0","0","0","2213","0","0","0","","0","0","0","3","02213","0","","1.0","","1","N","N","","0","","0","0","2","","0","","","2","2","0","0","0","2","0","2","0","2","","","","N","","","","","","","","","",""
"2017092804","0100","2","0","0","0","0","0","0","0","0","4","0","","02","9","2017","7","40.442723","-80.002191","0043","11","0","0","0","0","0","1","0","0","","0","0","0","","","0","","1","","40 26:33.804","","0","80 00:07.886","0","0","0","0","2301","0","0","0","N","0","0","0","2","02301","0","","1.0","","1","N","N","","0","","0","0","0","","2","","","2","0","0","0","0","0","0","2","0","2","","","","N","","","","","","","","","",""
"2017068261","1522","1","0","0","0","0","0","0","0","0","0","0","","02","6","2017","6","40.34003","-80.080718","1519","11","0","0","0","0","0","0","0","0","2","0","0","0","","","0","","0","","40 20:24.107","6","0","80 04:50.585","0","0","0","0","2123","0","0","0","N","0","0","0","2","02123","0","","1.0","","9","N","N","","0","","0","0","0","","0","N","","1","0","0","0","0","0","0","2","0","1","","","","N","","","","","","","","","",""
"2017094205","1616","3","0","0","0","0","0","0","0","0","1","0","","02","9","2017","3","40.438192","-79.741261","1608","11","0","0","0","0","0","1","0","0","","0","0","0","","","1","","0","","40 26:17.492","","0","79 44:28.540","4","0","0","0","2446","0","0","0","Y","0","0","0","5","02446","1","","1.0","","1","N","N","","1","","0","0","1","","2","","","5","1","0","0","0","0","0","2","0","5","","","","N","","","","","","","","","",""
"2017079227","1259","2","0","0","0","0","0","0","0","0","1","0","","02","7","2017","4","40.445825","-79.71383","1252","11","0","0","0","0","0","1","0","0","","0","0","0","","","0","","1","","40 26:44.970","","0","79 42:49.787","0","0","0","0","2446","0","0","0","N","0","0","0","6","02446","0","","1.0","","1","N","N","","0","","0","0","1","","2","","","3","0","0","0","0","0","0","2","0","3","","","","N","","","","","","","","","",""
"2017091077","","1","0","0","0","0","0","0","0","0","4","0","","02","9","2017","3","40.393165","-79.805017","","11","0","0","0","0","0","1","0","0","1","0","0","0","","","0","","2","","40 23:35.393","4","0","79 48:18.062","0","0","0","0","2479","0","0","0","N","0","0","0","4","02501","0","","1.0","","9","N","N","","1","","0","0","0","","2","N","","2","0","1","0","0","0","0","2","0","2","","","","N","","","","","","","","","",""
"2017087377","","2","0","0","0","0","0","0","0","0","1","0","","02","8","2017","4","40.434724","-80.144717","","11","0","0","0","0","0","0","0","0","","0","0","0","","","1","","0","","40 26:05.008","","0","80 08:40.980","8","0","0","0","2115","0","0","0","","0","0","0","3","68B03","0","","1.0","","1","N","N","","0","","0","0","0","","0","","","2","1","0","0","0","1","0","2","0","2","","","","N","","","","","","","","","",""
"2017067398","","2","0","0","0","0","0","0","0","0","4","0","","02","7","2017","1","40.470262","-79.931758","","11","0","0","0","0","0","0","0","0","","0","0","0","","","0","","2","","40 28:12.943","","0","79 55:54.328","0","0","0","0","2301","0","0","0","N","0","0","0","1","02301","0","","1.0","","1","N","N","","0","","0","0","2","","3","","","4","0","0","0","0","0","0","2","0","4","","","","N","","","","","","","","","",""
"2017092954","","0","0","0","0","0","0","0","0","0","7","0","","02","9","2017","5","40.401716","-80.022249","","11","0","0","0","0","0","0","0","0","1","0","0","0","","","1","","2","","40 24:06.178","1","0","80 01:20.097","8","0","0","0","2301","0","0","0","N","0","0","0","1","02301","0","","5.0","","9","N","N","","0","","0","0","1","","2","N","","1","1","0","0","0","1","0","2","0","1","","","","N","","","","","","","","","",""
"2017072641","","3","0","0","0","0","0","0","0","0","1","0","","02","7","2017","1","40.512393","-79.958034","","11","0","0","0","0","0","0","1","0","","0","0","0","","","0","","0","","40 30:44.615","","0","79 57:28.923","0","0","0","0","2118","0","0","0","N","0","0","0","5","02118","0","","1.0","","1","N","N","","0","","0","0","0","","0","","","3","0","0","0","0","0","0","2","0","3","","","","N","","","","","","","","","",""
"2017068570","","2","0","0","0","0","0","0","0","0","1","0","","02","7","2017","2","40.434428","-79.732968","","11","0","0","0","0","0","0","1","0","1","0","0","0","","","1","","0","","40 26:03.939","3","0","79 43:58.683","4","0","0","0","2446","0","0","0","N","0","0","0","2","02446","1","","1.0","","1","N","N","","0","","0","0","0","","0","N","","2","1","0","0","0","0","0","2","0","2","","","","N","","","","","","","","","",""
"2017090375","","1","0","0","0","0","0","0","0","0","3","0","","02","9","2017","7","40.519124","-80.035449","","11","0","0","0","0","0","0","0","1","","0","0","0","","","0","","0","","40 31:08.846","","0","80 02:07.616","0","0","0","0","2474","0","0","0","N","0","0","0","1","02474","0","","6.0","","1","N","N","","1","","0","0","0","","0","","","2","0","0","0","0","0","0","2","0","2","","","","N","","","","","","","","","",""
"2017095189","","0","0","0","0","0","0","0","0","0","99","0","","02","9","2017","3","40.443042","-79.75329","","11","0","0","0","0","0","1","0","0","","0","0","0","","","0","","0","","40 26:34.951","","0","79 45:11.843","0","0","0","0","2446","0","0","0","","0","0","0","1","68T02","0","","1.0","","1","N","N","","0","","0","0","1","","0","","","1","0","0","0","0","0","0","2","0","1","","","","N","","","","","","","","","",""
"2017076682","","1","0","0","0","0","0","0","0","0","4","0","","02","7","2017","3","40.451509","-79.908149","","11","0","0","1","0","0","0","0","0","2","0","0","0","","","0","","1","","40 27:05.432","3","0","79 54:29.335","0","0","0","0","2301","0","0","0","N","0","0","0","2","02301","0","","1.0","","1","N","N","","0","","0","0","1","","1","N","","2","0","0","0","0","0","0","2","0","2","","","","N","","","","","","","","","",""
"2017090762","","1","0","0","0","0","0","0","0","0","7","0","25","02","9","2017","6","40.434621","-79.995436","","11","0","0","0","0","0","0","0","0","1","0","0","0","","","0","","0","","40 26:04.637","1","3","79 59:43.570","0","0","0","0","2301","0","0","0","N","0","0","0","1","02301","0","","1.0","","1","N","N","","0","","0","0","0","","0","N","","1","0","0","0","0","0","0","2","0","1","","","N","Y","4","1","","","N","Y","","","",""
"2017092931","","1","0","0","0","0","0","0","0","0","4","0","","02","8","2017","4","40.386147","-79.821206","","11","0","0","0","0","0","1","0","0","2","0","0","0","","","1","","1","","40 23:10.129","4","0","79 49:16.341","4","0","0","0","2111","0","0","0","N","0","0","0","2","02111","1","","1.0","","1","N","N","","0","","0","0","1","","1","N","","2","1","0","0","0","0","0","2","0","2","","","","N","","","","","","","","","",""
"2017090621","","3","0","0","0","0","0","0","0","0","4","0","","02","9","2017","7","40.331501","-80.069566","","11","0","0","0","0","0","0","0","0","","0","0","0","","","1","","2","","40 19:53.404","","2","80 04:10.439","4","0","0","0","2123","0","0","0","N","0","0","0","4","02123","1","","1.0","","1","N","N","","0","","0","0","0","","3","","","3","1","0","0","0","0","0","2","0","3","","","","N","","","","","","","","","",""
"2017075330","","1","0","0","0","0","0","0","0","0","1","0","","02","7","2017","2","40.350083","-79.894167","","11","0","0","0","0","0","0","0","0","2","0","0","0","","","2","","2","","40 21:00.300","2","0","79 53:39.000","8","0","0","0","2304","0","0","0","N","0","0","0","3","02304","0","","1.0","","1","N","N","","1","","0","0","0","","0","N","","2","2","0","0","0","2","0","2","0","2","","","","N","","","","","","","","","",""
"2017085653","","0","0","0","0","0","0","0","0","0","7","0","","02","8","2017","3","40.561217","-80.114879","","11","0","0","0","0","0","0","0","0","1","0","0","0","","","1","","0","","40 33:40.381","2","0","80 06:53.563","8","0","0","0","2460","0","0","0","","0","0","0","3","68B03","0","","4.0","","1","N","N","","0","","0","0","1","","0","N","","1","1","0","0","0","1","0","1","0","1","","","","N","","","","","","","","","",""
"2017077196","","2","0","0","0","0","0","0","0","0","1","0","25","02","7","2017","7","40.433944","-79.989611","","11","0","0","0","0","0","0","0","0","","0","0","0","","","0","","0","","40 26:02.200","","3","79 59:22.600","0","0","0","0","2301","0","0","0","N","0","0","0","6","02301","0","","1.0","","9","N","N","","0","","0","0","1","","2","","","3","0","0","0","0","0","0","2","0","3","","","N","Y","8","1","","","N","Y","","","",""
"2017068501","","0","0","0","0","0","0","0","0","0","7","0","","02","7","2017","3","40.451686","-79.952694","","11","0","0","0","0","0","0","0","0","","0","0","0","","","1","","2","","40 27:06.068","","0","79 57:09.700","8","0","0","0","2301","0","0","0","N","0","0","0","1","02301","0","","5.0","","1","N","N","","0","","0","0","1","","0","","","1","1","1","0","0","1","0","2","0","1","","","","N","","","","","","","","","",""
"2017078444","","1","0","0","0","0","0","0","0","0","1","0","","02","8","2017","3","","","","11","1","1","0","0","0","0","0","0","","0","0","0","","","0","","0","","","","0","","0","0","0","0","2301","0","0","0","N","0","0","0","6","02301","0","","1.0","","1","N","N","","0","","0","0","1","","0","","","2","0","0","0","0","0","0","1","0","2","","","","N","","","","","","","","","",""