"CRN","ARRIVAL_TM","AUTOMOBILE_COUNT","BELTED_DEATH_COUNT","BELTED_SUSP_SERIOUS_INJ_COUNT","BICYCLE_COUNT","BICYCLE_DEATH_COUNT","BICYCLE_SUSP_SERIOUS_INJ_COUNT","BUS_COUNT","CHLDPAS_DEATH_COUNT","CHLDPAS_SUSP_SERIOUS_INJ_COUNT","COLLISION_TYPE","COMM_VEH_COUNT","CONS_ZONE_SPD_LIM","COUNTY","CRASH_MONTH","CRASH_YEAR","DAY_OF_WEEK","DEC_LATITUDE","DEC_LONGITUDE","DISPATCH_TM","DISTRICT","DRIVER_COUNT_16YR","DRIVER_COUNT_17YR","DRIVER_COUNT_18YR","DRIVER_COUNT_19YR","DRIVER_COUNT_20YR","DRIVER_COUNT_50_64YR","DRIVER_COUNT_65_74YR","DRIVER_COUNT_75PLUS","EST_HRS_CLOSED","FATAL_COUNT","HEAVY_TRUCK_COUNT","HORSE_BUGGY_COUNT","HOUR_OF_DAY","ILLUMINATION","INJURY_COUNT","INTERSECTION_RELATED","INTERSECT_TYPE","LANE_CLOSED","LATITUDE","LN_CLOSE_DIR","LOCATION_TYPE","LONGITUDE","MAX_SEVERITY_LEVEL","MCYCLE_DEATH_COUNT","MCYCLE_SUSP_SERIOUS_INJ_COUNT","MOTORCYCLE_COUNT","MUNICIPALITY","NONMOTR_COUNT","NONMOTR_DEATH_COUNT","NONMOTR_SUSP_SERIOUS_INJ_COUNT","NTFY_HIWY_MAINT","PED_COUNT","PED_DEATH_COUNT","PED_SUSP_SERIOUS_INJ_COUNT","PERSON_COUNT","POLICE_AGCY","POSSIBLE_INJ_COUNT","RDWY_SURF_TYPE_CD","RELATION_TO_ROAD","ROADWAY_CLEARED","ROAD_CONDITION","SCH_BUS_IND","SCH_ZONE_IND","SECONDARY_CRASH","SMALL_TRUCK_COUNT","SPEC_JURIS_CD","SUSP_MINOR_INJ_COUNT","SUSP_SERIOUS_INJ_COUNT","SUV_COUNT","TCD_FUNC_CD","TCD_TYPE","TFC_DETOUR_IND","TIME_OF_DAY","TOTAL_UNITS","TOT_INJ_COUNT","UNBELTED_OCC_COUNT","UNB_DEATH_COUNT","UNB_SUSP_SERIOUS_INJ_COUNT","UNK_INJ_DEG_COUNT","UNK_INJ_PER_COUNT","URBAN_RURAL","VAN_COUNT","VEHICLE_COUNT","WEATHER1","WEATHER2","WORKERS_PRES","WORK_ZONE_IND","WORK_ZONE_LOC","WORK_ZONE_TYPE","WZ_CLOSE_DETOUR","WZ_FLAGGER","WZ_LAW_OFFCR_IND","WZ_LN_CLOSURE","WZ_MOVING","WZ_OTHER","WZ_SHLDER_MDN","WZ_WORKERS_INJ_KILLED"
"2017090329","","1","0","0","0","0","0","0","0","0","7","0","","02","8","2017","6","40.364806","-80.086611","","11","0","0","0","0","0","0","0","0","2","1","0","0","","","0","","0","","40 21:53.300","2","0","80 05:11.800","1","0","0","0","2117","0","0","0","N","0","0","0","1","02117","0","2","4.0","","1","N","N","","0","0","0","0","0","","0","N","","1","0","1","1","0","0","0","2","0","1","","","","N","","","","","","","","","",""
"2017077715","","0","0","0","0","0","0","0","0","0","7","0","","02","7","2017","4","40.655658","-80.092476","","11","0","0","0","0","0","0","0","0","","0","0","0","","","0","","0","","40 39:20.367","","0","80 05:32.912","0","0","0","0","2212","0","0","0","","0","0","0","1","68B03","0","","3.0","","1","N","N","","1","","0","0","0","","0","","","1","0","0","0","0","0","0","2","0","1","","","","N","","","","","","","","","",""
"2017069155","","2","0","0","0","0","0","0","0","0","1","0","","02","6","2017","1","40.440486","-80.155663","","11","0","0","0","0","0","0","0","0","","0","0","0","","","0","","0","","40 26:25.749","","0","80 09:20.388","0","0","0","0","2115","0","0","0","","0","0","0","7","68B03","0","","1.0","","1","N","N","","0","","0","0","2","","0","","","4","0","0","0","0","0","0","2","0","4","","","","N","","","","","","","","","",""
"2017092174","","0","0","0","0","0","0","0","0","0","99","0","","02","9","2017","1","40.421444","-79.735306","","11","0","0","0","0","0","0","0","0","","0","0","0","","","0","","0","","40 25:17.199","","0","79 44:07.100","0","0","0","0","2446","0","0","0","","0","0","0","2","68T09","0","","1.0","","1","N","N","","1","","0","0","0","","0","","","1","0","0","0","0","0","0","2","0","1","","","","N","","","","","","","","","",""
"2017061675","","2","0","0","0","0","0","0","0","0","5","0","","02","6","2017","6","40.452666","-80.001469","","11","0","0","0","0","0","0","0","0","","0","0","0","","","0","","2","","40 27:09.599","","0","80 00:05.288","0","0","0","0","2301","0","0","0","N","0","0","0","4","02301","0","","1.0","","9","N","N","","0","","0","0","0","","0","","","2","0","0","0","0","0","0","2","0","2","","","","N","","","","","","","","","",""
"2017059990","","1","0","0","0","0","0","0","0","0","4","0","","02","6","2017","2","40.419626","-79.927168","","11","0","0","0","0","0","0","0","0","","0","0","0","","","0","","5","","40 25:10.655","","0","79 55:37.803","0","0","0","0","2301","0","0","0","N","0","0","0","2","02301","0","","1.0","","1","N","N","","0","","0","0","1","","2","","","2","0","0","0","0","0","0","2","0","2","","","","N","","","","","","","","","",""
"2017060136","","1","0","0","0","0","0","0","0","0","4","0","","02","6","2017","2","40.426264","-79.963573","","11","0","0","0","0","0","1","0","0","","0","0","0","","","0","","1","","40 25:34.552","","0","79 57:48.863","0","0","0","0","2301","0","0","0","N","0","0","0","3","02301","0","","1.0","","1","N","N","","1","","0","0","0","","2","","","2","0","0","0","0","0","0","2","0","2","","","","N","","","","","","","","","",""
"2017064013","","1","0","0","0","0","0","0","0","0","1","0","","02","6","2017","5","40.452283","-79.844056","","11","0","0","0","0","0","2","0","0","","0","0","0","","","0","","0","","40 27:08.219","","7","79 50:38.601","0","0","0","0","2113","0","0","0","N","0","0","0","2","02113","0","","1.0","","1","N","N","","1","","0","0","0","","0","","","2","0","0","0","0","0","0","2","0","2","","","","N","","","","","","","","","",""
"2017076938","","0","0","0","0","0","0","0","0","0","7","0","","02","7","2017","3","40.410472","-79.750349","","11","0","0","0","0","0","0","0","0","","0","0","0","","","0","","2","","40 24:37.699","","0","79 45:01.256","0","0","0","0","2446","0","0","0","N","0","0","0","2","02446","0","","2.0","","1","N","N","","0","","0","0","1","","3","","","1","0","0","0","0","0","0","2","0","1","","","","N","","","","","","","","","",""
"2017087602","","2","0","0","0","0","0","0","0","0","1","0","","02","8","2017","7","40.427695","-79.979085","","11","0","0","0","0","0","0","0","0","1","0","0","0","","","0","","0","","40 25:39.702","3","0","79 58:44.706","0","0","0","0","2301","0","0","0","N","0","0","0","2","02301","0","","1.0","","1","N","N","","0","","0","0","0","","0","N","","2","0","0","0","0","0","0","2","0","2","","","","N","","","","","","","","","",""
"2017061294","","0","0","0","0","0","0","0","0","0","7","0","","02","6","2017","4","40.352992","-79.843881","","11","0","0","0","0","1","0","0","0","","0","0","0","","","0","","2","","40 21:10.770","","0","79 50:37.971","0","0","0","0","2304","0","0","0","N","0","0","0","1","02304","0","","2.0","","1","N","N","","0","","0","0","1","","0","","","1","0","0","0","0","0","0","2","0","1","","","","N","","","","","","","","","",""
"2017061839","","1","0","0","0","0","0","0","0","0","1","0","","02","6","2017","6","40.389708","-79.933338","","11","0","0","0","0","0","1","0","0","","0","0","0","","","0","","1","","40 23:22.947","","0","79 56:00.018","0","0","0","0","2301","0","0","0","N","0","0","0","3","02301","0","","1.0","","1","N","N","","0","","0","0","1","","2","","","2","0","0","0","0","0","0","2","0","2","","","","N","","","","","","","","","",""
"2017059537","","1","0","0","0","0","0","0","0","0","4","0","","02","6","2017","1","40.405419","-80.01873","","11","0","0","0","0","0","0","0","0","3","0","0","0","","","0","","3","","40 24:19.507","1","0","80 01:07.428","0","0","0","0","2301","0","0","0","N","0","0","0","3","02301","0","","1.0","","1","N","N","","0","","0","0","1","","2","N","","2","0","0","0","0","0","0","2","0","2","","","","N","","","","","","","","","",""
"2017057082","","0","0","0","0","0","0","0","0","0","99","0","","02","6","2017","5","40.40126","-79.832764","","11","0","0","0","0","0","0","0","0","3","0","0","0","","","0","","0","","40 24:04.536","5","0","79 49:57.950","9","0","0","0","2467","0","0","0","N","0","0","0","1","02467","0","","5.0","","1","N","N","","0","","0","0","1","","0","N","","1","0","0","0","0","0","1","2","0","1","","","","N","","","","","","","","","",""
"2017060148","","2","0","0","0","0","0","0","0","0","1","0","","02","6","2017","2","40.39757","-79.762964","","11","0","0","0","0","0","1","0","0","","0","0","0","","","1","","0","","40 23:51.252","","0","79 45:46.670","8","0","0","0","2446","0","0","0","N","0","0","0","2","02446","0","","1.0","","1","N","N","","0","","0","0","0","","0","","","2","1","0","0","0","1","0","2","0","2","","","","N","","","","","","","","","",""
"2017059681","","1","0","0","0","0","0","0","0","0","4","0","","02","6","2017","1","40.432531","-79.790324","","11","0","0","0","0","0","0","0","0","2","0","0","0","","","1","","2","","40 25:57.111","3","0","79 47:25.166","8","0","0","0","2446","0","0","0","N","0","0","0","4","02446","0","","1.0","","1","N","N","","0","","0","0","1","","2","Y","","2","1","0","0","0","1","0","2","0","2","","","","N","","","","","","","","","",""
"2017076812","","3","0","0","0","0","0","1","0","0","4","1","","02","7","2017","5","40.441858","-79.919918","","11","0","0","0","0","0","0","0","0","2","0","0","0","","","1","","1","","40 26:30.688","2","0","79 55:11.704","3","0","0","0","2301","0","0","0","N","0","0","0","2","02503","0","","1.0","","1","N","N","","0","","1","0","0","","2","Y","","4","1","0","0","0","0","0","2","0","4","","","","N","","","","","","","","","",""
"2017078938","","1","0","0","0","0","0","0","0","0","7","0","55","02","8","2017","3","40.538917","-80.272391","","11","0","0","0","0","0","0","0","0","","0","0","0","","","0","","0","","40 32:20.100","","0","80 16:20.607","0","0","0","0","2213","0","0","0","","0","0","0","1","68B03","0","","4.0","","1","N","N","","0","","0","0","0","","0","","","1","0","0","0","0","0","0","1","0","1","","","N","Y","4","1","N","N","N","Y","Y","N","N",""
"2017085119","","0","0","0","0","0","0","0","0","0","1","0","","02","8","2017","6","40.444498","-80.177111","","11","0","0","0","0","0","0","0","0","","0","0","0","","","2","","0","","40 26:40.192","","0","80 10:37.601","8","0","0","0","2214","0","0","0","","0","0","0","4","68B03","0","","1.0","","1","N","N","","0","","0","0","1","","0","","","2","2","0","0","0","2","0","2","1","2","","","","N","","","","","","","","","",""
"2017077821","","0","0","0","0","0","0","0","0","0","4","0","","02","7","2017","7","40.517639","-80.023675","","11","0","0","0","0","0","0","0","0","1","0","0","0","","","1","","1","","40 31:03.500","7","0","80 01:25.231","8","0","0","1","2474","0","0","0","N","0","0","0","2","02474","0","","1.0","","1","N","N","","0","","0","0","0","","3","Y","","2","1","0","0","0","1","0","2","1","2","","","","N","","","","","","","","","",""
"2017064231","","1","0","0","0","0","0","0","0","0","4","0","","02","6","2017","7","40.383346","-80.056434","","11","0","0","1","0","0","1","0","0","2","0","0","0","","","2","","10","","40 23:00.045","3","0","80 03:23.162","4","0","0","0","2109","0","0","0","","0","0","0","2","02109","1","","1.0","","1","N","N","","0","","0","0","1","","2","N","","2","2","0","0","0","1","0","2","0","2","","","","N","","","","","","","","","",""
"2017061874","","1","0","0","0","0","0","0","0","0","4","0","","02","6","2017","6","40.342423","-79.862122","","11","0","0","0","0","0","2","0","0","","0","0","0","","","0","","1","","40 20:32.721","","0","79 51:43.638","0","0","0","0","2304","0","0","0","N","0","0","0","2","02304","0","","1.0","","9","N","N","","0","","0","0","1","","3","","","2","0","0","0","0","0","0","2","0","2","","","","N","","","","","","","","","",""
"2017063839","","1","0","0","0","0","0","0","0","0","1","0","","02","6","2017","2","40.33598","-80.005628","","11","0","0","1","0","0","0","0","0","2","0","0","0","","","1","","0","","40 20:09.529","4","0","80 00:20.262","3","0","0","0","2407","0","0","0","","0","0","0","3","02407","0","","1.0","","1","N","N","","0","","1","0","1","","0","Y","","2","1","0","0","0","0","0","2","0","2","","","","N","","","","","","","","","",""
"2017092326","","2","0","1","0","0","0","0","0","0","4","0","","02","7","2017","2","40.425542","-79.909015","","11","0","0","0","0","0","1","0","0","3","1","0","0","","","1","","0","","40 25:31.950","4","0","79 54:32.454","1","0","0","0","2301","0","0","0","","0","0","0","2","68B03","0","1","1.0","","1","N","N","","0","0","0","1","0","","0","Y","","2","1","1","1","0","0","0","2","0","2","","","","N","","","","","","","","","",""
"2017061446","","1","0","0","0","0","0","0","0","0","1","0","","02","6","2017","3","40.401701","-80.042428","","11","0","0","0","0","0","0","0","1","","0","0","0","","","1","","0","","40 24:06.123","","0","80 02:32.741","4","0","0","0","2301","0","0","0","N","0","0","0","3","02301","1","","1.0","","1","N","N","","0","","0","0","1","","2","","","2","1","0","0","0","0","0","2","0","2","","","","N","","","","","","","","","",""
"2017073601","","0","0","0","0","0","0","0","0","0","1","0","","02","7","2017","3","40.549461","-80.085086","","11","0","0","0","0","0","2","0","0","1","0","0","0","","","0","","0","","40 32:58.060","1","0","80 05:06.310","0","0","0","0","2215","0","0","0","N","0","0","0","3","02215","0","","1.0","","1","N","N","","0","","0","0","2","","2","N","","3","0","0","0","0","0","0","2","1","3","","","","N","","","","","","","","","",""
"2017073613","","1","0","0","0","0","0","0","0","0","7","0","","02","7","2017","3","40.468361","-79.888675","","11","0","0","0","0","0","0","0","0","","0","0","0","","","0","","0","","40 28:06.100","","0","79 53:19.230","0","0","0","0","2301","0","0","0","N","0","0","0","0","02301","0","","5.0","","1","N","N","","0","","0","0","0","","3","","","1","0","0","0","0","0","0","2","0","1","","","","N","","","","","","","","","",""
"2017089942","","3","0","0","0","0","0","0","0","0","1","0","","02","8","2017","5","40.444188","-80.147855","","11","0","0","0","0","0","1","1","0","1","0","0","0","","","0","","0","","40 26:39.078","3","0","80 08:52.277","0","0","0","0","2115","0","0","0","","0","0","0","4","02115","0","","1.0","","1","","","","0","","0","0","1","","2","N","","4","0","0","0","0","0","0","2","0","4","","","","N","","","","","","","","","",""
"2017062002","","0","0","0","0","0","0","0","0","0","1","0","","02","6","2017","6","40.451769","-80.132398","","11","0","0","0","0","0","0","1","0","","0","0","0","","","0","","0","","40 27:06.369","","0","80 07:56.632","0","0","0","0","2115","0","0","0","N","0","0","0","4","02115","0","","1.0","","1","N","N","","0","","0","0","2","","0","","","2","0","0","0","0","0","0","2","0","2","","","","N","","","","","","","","","",""
"2017091519","","0","0","0","0","0","0","0","0","0","1","0","","02","8","2017","6","40.42421","-80.111182","","11","0","0","0","0","0","1","0","0","","0","0","0","","","1","","0","","40 25:27.157","","0","80 06:40.256","4","0","0","0","2115","0","0","0","","0","0","0","2","68B03","1","","1.0","","1","N","N","","0","","0","0","2","","0","","","2","1","0","0","0","0","0","2","0","2","","","","N","","","","","","","","","",""
"2017059650","","2","0","0","0","0","0","0","0","0","4","0","","02","6","2017","1","40.455576","-79.888103","","11","0","0","0","0","0","1","0","0","","0","0","0","","","2","","1","","40 27:20.073","","0","79 53:17.170","4","0","0","0","2301","0","0","0","N","0","0","0","2","02301","1","","7.0","","1","N","N","","0","","0","0","0","","2","","","2","2","1","0","0","1","0","2","0","2","","","","N","","","","","","","","","",""
"2017077394","","1","0","0","0","0","0","0","0","0","1","0","55","02","7","2017","6","40.492273","-80.273295","","11","0","0","0","0","0","0","0","1","2","0","0","0","","","0","","0","","40 29:32.181","4","0","80 16:23.861","0","0","0","0","2203","0","0","0","","0","0","0","2","68B03","0","","1.0","","1","N","N","","0","","0","0","1","","0","N","","2","0","0","0","0","0","0","2","0","2","","","Y","Y","4","1","N","N","N","N","Y","N","Y",""
"2017065766","","1","0","0","0","0","0","0","0","0","5","0","","02","6","2017","6","40.413436","-80.073804","","11","0","0","0","0","0","0","0","0","2","0","0","0","","","0","","0","","40 24:48.370","5","0","80 04:25.695","0","0","0","0","2435","0","0","0","N","0","0","0","1","02435","0","","5.0","","1","N","N","","1","","0","0","1","","0","N","","3","0","0","0","0","0","0","2","0","3","","","","N","","","","","","","","","",""
"2017066720","","1","0","0","0","0","0","0","0","0","4","0","","02","6","2017","5","40.437766","-80.004431","","11","0","0","0","0","0","1","0","0","","0","0","0","","","0","","2","","40 26:15.957","","0","80 00:15.950","0","0","0","0","2301","0","0","0","N","0","0","0","2","02301","0","","1.0","","1","N","N","","0","","0","0","1","","0","","","2","0","0","0","0","0","0","2","0","2","","","","N","","","","","","","","","",""
"2017061276","","1","0","0","0","0","0","0","0","0","1","0","","02","6","2017","4","40.393733","-80.01997","","11","0","0","0","0","0","0","0","0","1","0","0","0","","","1","","2","","40 23:37.438","3","0","80 01:11.892","3","0","0","0","2301","0","0","0","N","0","0","0","2","02301","0","","1.0","","1","N","N","","0","","1","0","1","","2","N","","2","1","0","0","0","0","0","2","0","2","","","","N","","","","","","","","","",""
"2017061268","","1","0","0","0","0","0","0","0","0","1","0","","02","6","2017","4","40.554946","-80.038677","","11","0","1","0","0","0","1","0","0","","0","0","0","","","0","","0","","40 33:17.806","","0","80 02:19.236","0","0","0","0","2216","0","0","0","N","0","0","0","4","02505","0","","1.0","","1","N","N","","0","","0","0","2","","0","","","3","0","0","0","0","0","0","2","0","3","","","","N","","","","","","","","","",""
"2017065011","","2","0","0","0","0","0","0","0","0","4","0","","02","6","2017","5","40.375534","-79.796728","","11","0","0","0","0","0","1","1","0","2","0","0","0","","","1","","2","","40 22:31.923","3","0","79 47:48.221","4","0","0","0","2111","0","0","0","N","0","0","0","2","02111","1","","1.0","","1","N","N","","0","","0","0","0","","2","Y","","2","1","0","0","0","0","0","2","0","2","","","","N","","","","","","","","","",""
"2017092357","","0","0","0","0","0","0","0","0","0","1","0","","02","8","2017","5","40.377809","-79.987909","","11","0","0","0","0","0","1","0","0","1","0","0","0","","","0","","0","","40 22:40.114","2","0","79 59:16.471","0","0","0","0","2476","0","0","0","","0","0","0","8","02476","0","","1.0","","1","N","N","","0","","0","0","2","","0","N","","3","0","0","0","0","0","0","2","1","3","","","","N","","","","","","","","","",""
"2017090929","","1","0","0","0","0","0","0","0","0","1","0","","02","8","2017","4","40.389813","-80.058347","","11","0","0","0","0","0","0","0","0","","0","0","0","","","1","","2","","40 23:23.325","","0","80 03:30.048","4","0","0","0","2109","0","0","0","","0","0","0","4","02109","1","","1.0","","1","N","N","","0","","0","0","0","","0","","","2","1","0","0","0","0","0","2","1","2","","","","N","","","","","","","","","",""
"2017061987","","1","0","0","0","0","0","0","0","0","1","0","","02","6","2017","6","40.463405","-79.980801","","11","0","0","0","0","0","0","0","0","","0","0","0","","","0","","3","","40 27:48.259","","0","79 58:50.883","0","0","0","0","2301","0","0","0","N","0","0","0","2","02301","0","","1.0","","9","N","N","","0","","0","0","1","","0","","","2","0","0","0","0","0","0","2","0","2","","","","N","","","","","","","","","",""
"2017068585","","0","0","1","0","0","0","0","0","0","1","2","","02","7","2017","4","40.507082","-80.120691","","11","0","0","0","0","0","2","0","0","3","0","2","0","","","2","","0","","40 30:25.495","5","0","80 07:14.487","2","0","0","0","2110","0","0","0","N","0","0","0","2","02215","1","","1.0","","1","N","N","","0","","0","1","0","","0","Y","","2","2","0","0","0","0","0","2","0","2","","","","N","","","","","","","","","",""
"2017059946","","1","0","0","0","0","0","0","0","0","3","0","","02","6","2017","2","40.42308","-79.977805","","11","0","0","0","0","0","0","0","0","","0","0","0","","","0","","0","","40 25:23.088","","0","79 58:40.098","0","0","0","0","2301","0","0","0","N","0","0","0","1","02301","0","","6.0","","1","N","N","","0","","0","0","1","","0","","","2","0","0","0","0","0","0","2","0","2","","","","N","","","","","","","","","",""
"2017078257","","0","0","0","0","0","0","0","0","0","1","1","","02","7","2017","2","40.419774","-79.85022","","11","0","0","0","0","0","0","0","0","1","0","1","0","","","0","","1","","40 25:11.187","4","0","79 51:00.793","0","0","0","0","2431","0","0","0","N","0","0","0","2","02431","0","","1.0","","1","N","N","","0","","0","0","0","","2","N","","2","0","0","0","0","0","0","2","1","2","","","","N","","","","","","","","","",""
"2017077343","","2","0","0","0","0","0","0","0","0","1","0","","02","5","2017","4","40.496897","-79.937683","","11","0","0","0","0","0","0","0","0","2","0","0","0","","","2","","0","","40 29:48.829","2","0","79 56:15.660","3","0","0","0","2461","0","0","0","","0","0","0","2","68D02","0","","1.0","","1","N","N","","0","","2","0","0","","0","N","","2","2","0","0","0","0","0","2","0","2","","","","N","","","","","","","","","",""
"2017078611","","0","0","0","0","0","0","0","0","0","1","2","","02","8","2017","4","40.449706","-80.025099","","11","0","0","0","0","0","2","0","0","2","0","2","0","","","0","","6","","40 26:58.940","1","2","80 01:30.356","0","0","0","0","2301","0","0","0","N","0","0","0","2","02301","0","","1.0","","1","N","N","","0","","0","0","0","","2","N","","2","0","0","0","0","0","0","2","0","2","","","","N","","","","","","","","","",""
"2017092160","","0","0","0","0","0","0","0","0","0","1","0","","02","8","2017","1","40.410468","-80.071852","","11","0","0","0","0","0","1","0","0","1","0","0","0","","","1","","0","","40 24:37.685","3","0","80 04:18.666","4","0","0","0","2117","0","0","0","","0","0","0","5","68B03","1","","1.0","","1","N","N","","1","","0","0","1","","0","N","","2","1","2","0","0","0","2","2","0","2","","","","N","","","","","","","","","",""
"2017061731","","1","0","0","0","0","0","0","0","0","4","0","","02","6","2017","6","40.388109","-79.773389","","11","0","0","0","0","0","1","0","0","2","0","0","0","","","1","","2","","40 23:17.194","1","0","79 46:24.201","3","0","0","0","2470","0","0","0","N","0","0","0","2","02424","0","","1.0","","9","N","N","","0","","1","0","1","","3","N","","2","1","0","0","0","0","0","2","0","2","","","","N","","","","","","","","","",""
"2017044055","","0","0","0","0","0","0","0","0","0","4","1","","02","4","2017","6","40.409846","-80.085122","","11","0","0","0","0","0","2","0","0","","0","1","0","","","0","","0","","40 24:35.446","","0","80 05:06.440","0","0","0","0","2415","0","0","0","N","0","0","0","2","02415","0","","1.0","","1","N","N","","1","","0","0","0","","3","","","2","0","0","0","0","0","0","2","0","2","","","","N","","","","","","","","","",""
"2017078989","","2","0","0","0","0","0","0","0","0","5","0","","02","7","2017","1","40.533601","-79.84716","","11","0","0","0","0","0","0","0","0","2","0","0","0","","","0","","0","","40 32:00.964","2","3","79 50:49.777","0","0","0","0","2208","0","0","0","","0","0","0","3","68D02","0","","1.0","","1","N","N","","0","","0","0","0","","0","N","","2","0","0","0","0","0","0","2","0","2","","","","N","","","","","","","","","",""
"2017062351","","2","0","0","0","0","0","0","0","0","1","0","","02","6","2017","3","40.419707","-79.928534","","11","0","0","0","0","0","0","0","1","","0","0","0","","","1","","0","","40 25:10.946","","0","79 55:42.722","8","0","0","0","2301","0","0","0","N","0","0","0","2","02301","0","","1.0","","1","N","N","","0","","0","0","0","","3","","","2","1","0","0","0","1","0","2","0","2","","","","N","","","","","","","","","",""
"2017082132","","0","0","0","0","0","0","0","0","0","7","0","","02","6","2017","3","40.451544","-80.040997","","11","0","0","0","0","0","0","0","0","3","0","0","0","","","0","","2","","40 27:05.558","5","0","80 02:27.589","9","0","0","0","2301","0","0","0","","0","0","0","1","68B03","0","","4.0","","1","N","N","","0","","0","0","1","","0","N","","1","0","0","0","0","0","1","2","0","1","","","","N","","","","","","","","","",""
"2017065581","","1","0","0","0","0","0","0","0","0","7","0","","02","6","2017","3","40.355278","-79.878452","","11","0","0","0","0","0","0","0","0","","0","0","0","","","0","","0","","40 21:19.000","","0","79 52:42.427","0","0","0","0","2423","0","0","0","Y","0","0","0","0","02304","0","","5.0","","1","N","N","","0","","0","0","0","","0","","","1","0","0","0","0","0","0","2","0","1","","","","N","","","","","","","","","",""
"2017061769","","1","0","0","0","0","0","0","0","0","4","0","","02","6","2017","5","40.628573","-80.056144","","11","0","0","0","0","0","1","0","0","","0","0","0","","","0","","0","","40 37:42.862","","0","80 03:22.119","0","0","0","0","2216","0","0","0","N","0","0","0","2","02505","0","","1.0","","1","N","N","","0","","0","0","1","","0","","","2","0","0","0","0","0","0","2","0","2","","","","N","","","","","","","","","",""
"2017060763","","0","0","0","0","0","0","0","0","0","5","0","","02","6","2017","3","40.633652","-80.056958","","11","0","0","0","0","0","0","1","0","1","0","0","0","","","0","","1","","40 38:01.147","2","0","80 03:25.048","0","0","0","0","2216","0","0","0","N","0","0","0","4","02505","0","","1.0","","1","N","N","","0","","0","0","2","","0","Y","","2","0","0","0","0","0","0","2","0","2","","","","N","","","","","","","","","",""
"2017062184","","1","0","0","0","0","0","0","0","0","4","0","","02","6","2017","5","40.33032","-79.945333","","11","0","0","0","0","0","0","0","0","","0","0","0","","","2","","0","","40 19:49.153","","0","79 56:43.197","3","0","0","0","2454","0","0","0","N","0","0","0","3","02454","1","","1.0","","1","N","N","","1","","1","0","0","","0","","","2","2","0","0","0","0","0","2","0","2","","","","N","","","","","","","","","",""
"2017085492","","1","0","0","0","0","0","0","0","0","5","0","","02","8","2017","5","40.523433","-80.177076","","11","0","0","0","0","0","1","0","0","","0","0","0","","","0","","2","","40 31:24.358","","0","80 10:37.474","0","0","0","0","2213","0","0","0","","0","0","0","4","02213","0","","1.0","","1","N","N","","0","","0","0","1","","2","","","2","0","0","0","0","0","0","2","0","2","","","","N","","","","","","","","","",""
"2017060371","","2","0","0","0","0","0","0","0","0","4","0","","02","6","2017","6","40.585167","-80.036472","","11","0","0","0","0","0","0","1","1","","0","0","0","","","2","","0","","40 35:06.600","","0","80 02:11.300","4","0","0","0","2108","0","0","0","","0","0","0","2","02108","2","","1.0","","1","N","N","","0","","0","0","0","","3","","","2","2","0","0","0","0","0","2","0","2","","","","N","","","","","","","","","",""
"2017077893","","1","0","0","0","0","0","0","0","0","1","0","","02","7","2017","6","40.480542","-80.201598","","11","0","0","0","0","0","1","0","0","","0","0","0","","","0","","0","","40 28:49.952","","0","80 12:05.751","0","0","0","0","2213","0","0","0","","0","0","0","2","02213","0","","1.0","","1","N","N","","0","","0","0","1","","0","","","2","0","0","0","0","0","0","2","0","2","","","","N","","","","","","","","","",""
"2017078538","","1","0","0","0","0","0","0","0","0","1","0","","02","7","2017","6","40.49666","-79.917168","","11","0","0","0","0","0","1","0","0","","0","0","0","","","0","","0","","40 29:47.976","","0","79 55:01.804","0","0","0","0","2461","0","0","0","","0","0","0","2","68D02","0","","1.0","","1","N","N","","0","","0","0","0","","0","","","2","0","0","0","0","0","0","2","1","2","","","","N","","","","","","","","","",""
"2017066214","","1","0","0","0","0","0","0","0","0","4","1","","02","6","2017","4","40.438689","-79.988285","","11","0","0","0","0","0","1","0","0","","0","1","0","","","0","","2","","40 26:19.280","","0","79 59:17.827","0","0","0","0","2301","0","0","0","N","0","0","0","2","02301","0","","1.0","","1","N","N","","0","","0","0","0","","2","","","2","0","0","0","0","0","0","2","0","2","","","","N","","","","","","","","","",""
"2017061093","","2","0","0","0","0","0","0","0","0","4","0","","02","6","2017","3","40.32777","-80.066171","","11","0","0","0","0","0","0","1","0","","0","0","0","","","1","","2","","40 19:39.971","","0","80 03:58.215","3","0","0","0","2123","0","0","0","N","0","0","0","3","02123","0","","1.0","","1","N","N","","0","","1","0","0","","3","","","2","1","0","0","0","0","0","2","0","2","","","","N","","","","","","","","","",""
"2017061841","","2","0","0","0","0","0","0","0","0","4","0","","02","6","2017","6","40.453609","-79.915354","","11","0","0","0","0","0","0","2","0","1","0","0","0","","","3","","2","","40 27:12.994","2","0","79 54:55.273","8","0","0","0","2301","0","0","0","N","0","0","0","3","02301","0","","1.0","","1","N","N","","0","","0","0","0","","2","N","","2","3","0","0","0","3","0","2","0","2","","","","N","","","","","","","","","",""
"2017091255","","2","0","0","0","0","0","0","0","0","7","0","","02","8","2017","2","40.552683","-80.086224","","11","0","0","0","0","0","1","0","0","","0","0","0","","","0","","0","","40 33:09.657","","0","80 05:10.406","0","0","0","0","2215","0","0","0","","0","0","0","2","68B03","0","","4.0","","9","N","N","","0","","0","0","0","","0","","","2","0","0","0","0","0","0","2","0","2","","","","N","","","","","","","","","",""