"CRN","ARRIVAL_TM","AUTOMOBILE_COUNT","BELTED_DEATH_COUNT","BELTED_SUSP_SERIOUS_INJ_COUNT","BICYCLE_COUNT","BICYCLE_DEATH_COUNT","BICYCLE_SUSP_SERIOUS_INJ_COUNT","BUS_COUNT","CHLDPAS_DEATH_COUNT","CHLDPAS_SUSP_SERIOUS_INJ_COUNT","COLLISION_TYPE","COMM_VEH_COUNT","CONS_ZONE_SPD_LIM","COUNTY","CRASH_MONTH","CRASH_YEAR","DAY_OF_WEEK","DEC_LATITUDE","DEC_LONGITUDE","DISPATCH_TM","DISTRICT","DRIVER_COUNT_16YR","DRIVER_COUNT_17YR","DRIVER_COUNT_18YR","DRIVER_COUNT_19YR","DRIVER_COUNT_20YR","DRIVER_COUNT_50_64YR","DRIVER_COUNT_65_74YR","DRIVER_COUNT_75PLUS","EST_HRS_CLOSED","FATAL_COUNT","HEAVY_TRUCK_COUNT","HORSE_BUGGY_COUNT","HOUR_OF_DAY","ILLUMINATION","INJURY_COUNT","INTERSECTION_RELATED","INTERSECT_TYPE","LANE_CLOSED","LATITUDE","LN_CLOSE_DIR","LOCATION_TYPE","LONGITUDE","MAX_SEVERITY_LEVEL","MCYCLE_DEATH_COUNT","MCYCLE_SUSP_SERIOUS_INJ_COUNT","MOTORCYCLE_COUNT","MUNICIPALITY","NONMOTR_COUNT","NONMOTR_DEATH_COUNT","NONMOTR_SUSP_SERIOUS_INJ_COUNT","NTFY_HIWY_MAINT","PED_COUNT","PED_DEATH_COUNT","PED_SUSP_SERIOUS_INJ_COUNT","PERSON_COUNT","POLICE_AGCY","POSSIBLE_INJ_COUNT","RDWY_SURF_TYPE_CD","RELATION_TO_ROAD","ROADWAY_CLEARED","ROAD_CONDITION","SCH_BUS_IND","SCH_ZONE_IND","SECONDARY_CRASH","SMALL_TRUCK_COUNT","SPEC_JURIS_CD","SUSP_MINOR_INJ_COUNT","SUSP_SERIOUS_INJ_COUNT","SUV_COUNT","TCD_FUNC_CD","TCD_TYPE","TFC_DETOUR_IND","TIME_OF_DAY","TOTAL_UNITS","TOT_INJ_COUNT","UNBELTED_OCC_COUNT","UNB_DEATH_COUNT","UNB_SUSP_SERIOUS_INJ_COUNT","UNK_INJ_DEG_COUNT","UNK_INJ_PER_COUNT","URBAN_RURAL","VAN_COUNT","VEHICLE_COUNT","WEATHER1","WEATHER2","WORKERS_PRES","WORK_ZONE_IND","WORK_ZONE_LOC","WORK_ZONE_TYPE","WZ_CLOSE_DETOUR","WZ_FLAGGER","WZ_LAW_OFFCR_IND","WZ_LN_CLOSURE","WZ_MOVING","WZ_OTHER","WZ_SHLDER_MDN","WZ_WORKERS_INJ_KILLED"
"2017085148","","1","0","0","0","0","0","0","0","0","5","0","","02","8","2017","5","40.421024","-80.045764","","11","0","0","0","0","0","0","0","0","","0","1","0","","","0","","0","","40 25:15.685","","0","80 02:44.751","9","0","0","0","2435","0","0","0","","0","0","0","2","68B03","0","","1.0","","1","N","N","","0","","0","0","0","","0","","","2","0","0","0","0","0","1","2","0","2","","","","N","","","","","","","","","",""
"2017061462","","1","0","0","0","0","0","0","0","0","4","0","","02","6","2017","4","40.452566","-79.996108","","11","0","0","0","0","0","1","0","0","2","0","0","0","","","0","","1","","40 27:09.239","3","0","79 59:45.989","0","0","0","0","2301","0","0","0","N","0","0","0","6","02301","0","","1.0","","1","N","N","","0","","0","0","1","","2","N","","2","0","0","0","0","0","0","2","0","2","","","","N","","","","","","","","","",""
"2017060193","","0","0","0","0","0","0","0","0","0","99","0","","02","6","2017","3","40.32651","-79.930174","","11","0","0","0","0","0","0","0","0","","0","0","0","","","0","","0","","40 19:35.437","","0","79 55:48.625","0","0","0","0","2440","0","0","0","N","0","0","0","1","02440","0","","1.0","","1","N","N","","0","","0","0","1","","0","","","1","0","0","0","0","0","0","2","0","1","","","","N","","","","","","","","","",""
"2017059661","","1","0","0","0","0","0","0","0","0","8","0","","02","6","2017","1","40.459221","-79.927347","","11","0","0","0","0","0","0","0","1","","0","0","0","","","1","N","0","","40 27:33.195","","0","79 55:38.448","4","0","0","0","2301","1","0","0","N","1","0","0","3","02301","1","","1.0","","1","N","N","","0","","0","0","0","","2","","","2","1","0","0","0","0","0","2","0","1","","","","N","","","","","","","","","",""
"2017063567","","0","0","0","0","0","0","0","0","0","1","0","","02","6","2017","4","40.440721","-80.093166","","11","0","0","0","0","0","1","0","0","","0","0","0","","","2","","0","","40 26:26.597","","0","80 05:35.399","8","0","0","0","2115","0","0","0","N","0","0","0","3","02115","0","","1.0","","1","N","N","","1","","0","0","0","","0","","","2","2","1","0","0","2","0","2","1","2","","","","N","","","","","","","","","",""
"2017061482","","1","0","0","0","0","0","0","0","0","7","0","","02","6","2017","3","40.583547","-80.032942","","11","0","0","1","0","0","0","0","0","2","0","0","0","","","0","","0","","40 35:00.770","4","0","80 01:58.590","0","0","0","0","2108","0","0","0","","0","0","0","1","02108","0","","4.0","","1","N","N","","0","","0","0","0","","0","N","","1","0","0","0","0","0","0","2","0","1","","","","N","","","","","","","","","",""
"2017091458","","1","0","0","0","0","0","0","0","0","7","0","55","02","8","2017","5","40.533139","-80.272449","","11","0","0","0","0","0","0","0","0","1","0","0","0","","","2","","0","","40 31:59.299","3","0","80 16:20.817","8","0","0","0","2203","0","0","0","","0","0","0","2","68B03","0","","2.0","","1","N","N","","0","","0","0","0","","8","N","","1","2","0","0","0","2","0","2","0","1","","","N","Y","4","1","N","N","N","Y","N","N","N",""
"2017061866","","1","0","0","0","0","0","0","0","0","7","0","","02","6","2017","5","40.50431","-79.923444","","11","0","0","0","0","0","1","0","0","","0","0","0","","","0","","0","","40 30:15.516","","0","79 55:24.398","0","0","0","0","2112","0","0","0","N","0","0","0","1","02112","0","","5.0","","9","N","N","","0","","0","0","0","","0","","","1","0","0","0","0","0","0","2","0","1","","","","N","","","","","","","","","",""
"2017078292","","0","0","0","0","0","0","0","0","0","0","0","90","02","8","2017","3","40.652305","-79.92013","","11","0","0","0","0","0","0","0","0","","0","0","0","","","1","","0","","40 39:08.297","","0","79 55:12.468","3","0","0","1","2220","0","0","0","N","0","0","0","1","02220","0","","1.0","","1","N","N","","0","","1","0","0","","0","","","1","1","0","0","0","0","0","1","0","1","","","Y","Y","1","2","","Y","N","Y","","","",""
"2017091353","","2","0","0","0","0","0","0","0","0","2","0","","02","9","2017","3","40.455019","-79.823132","","11","0","0","0","0","0","0","0","1","2","0","0","0","","","2","","0","","40 27:18.069","2","0","79 49:23.275","8","0","0","0","2113","0","0","0","N","0","0","0","2","02113","0","","1.0","","1","N","N","","0","","0","0","0","","0","N","","2","2","2","0","0","2","0","2","0","2","","","","N","","","","","","","","","",""
"2017060132","","1","0","0","0","0","0","0","0","0","1","0","","02","6","2017","2","40.340364","-79.967244","","11","0","0","0","0","0","0","0","0","2","0","0","0","","","2","","0","","40 20:25.309","4","0","79 58:02.077","4","0","0","0","2454","0","0","0","N","0","0","0","3","02454","2","","1.0","","1","N","N","","0","","0","0","1","","2","N","","2","2","0","0","0","0","0","2","0","2","","","","N","","","","","","","","","",""
"2017084677","","0","0","0","0","0","0","0","0","0","5","1","","02","8","2017","5","40.448006","-79.89453","","11","0","0","0","0","0","0","0","0","","0","1","0","","","1","","1","","40 26:52.822","","0","79 53:40.309","3","0","0","0","2301","0","0","0","N","0","0","0","2","02301","0","","1.0","","1","N","N","","0","","1","0","0","","2","","","2","1","0","0","0","0","1","2","1","2","","","","N","","","","","","","","","",""
"2017091373","","2","0","0","0","0","0","0","0","0","2","0","","02","9","2017","3","40.559458","-79.959267","","11","0","0","0","0","0","0","0","0","2","0","0","0","","","2","","2","","40 33:34.047","2","0","79 57:33.361","3","0","0","0","2207","0","0","0","N","0","0","0","2","02207","1","","1.0","","9","N","N","","0","","1","0","0","","2","N","","2","2","0","0","0","0","0","2","0","2","","","","N","","","","","","","","","",""
"2017067330","","2","0","0","0","0","0","0","0","0","4","0","","02","7","2017","7","40.446306","-79.827893","","11","0","0","0","0","0","1","0","0","1","0","0","0","","","2","","1","","40 26:46.702","2","0","79 49:40.415","3","0","0","0","2113","0","0","0","N","0","0","0","2","02113","0","","1.0","","1","N","N","","0","","2","0","0","","2","N","","2","2","1","0","0","0","0","2","0","2","","","","N","","","","","","","","","",""
"2017078518","","0","0","0","0","0","0","0","0","0","7","0","","02","7","2017","2","40.594841","-79.770931","","11","0","0","0","0","0","0","0","0","2","0","0","0","","","0","","0","","40 35:41.427","1","0","79 46:15.350","0","0","0","0","2104","0","0","0","","0","0","0","1","68D02","0","","4.0","","1","N","N","","0","","0","0","1","","0","N","","1","0","0","0","0","0","0","2","0","1","","","","N","","","","","","","","","",""
"2017083276","","0","0","0","0","0","0","0","0","0","4","1","","02","8","2017","3","40.341376","-79.965962","","11","0","0","0","0","0","1","0","1","2","0","1","0","","","0","","7","","40 20:28.955","3","2","79 57:57.463","0","0","0","0","2454","0","0","0","N","0","0","0","3","02454","0","","1.0","","1","N","N","","0","","0","0","1","","3","Y","","2","0","0","0","0","0","0","2","0","2","","","","N","","","","","","","","","",""
"2017078902","","0","0","0","0","0","0","0","0","0","4","0","","02","8","2017","4","40.341372","-79.965959","","11","0","0","0","0","0","1","0","0","2","0","0","0","","","1","","6","","40 20:28.940","3","2","79 57:57.454","8","0","0","0","2454","0","0","0","Y","0","0","0","3","02454","0","","1.0","","1","N","N","","1","","0","0","1","","3","N","","2","1","1","0","0","1","0","2","0","2","","","","N","","","","","","","","","",""
"2017078655","","2","0","0","0","0","0","0","0","0","4","0","","02","8","2017","4","40.415451","-79.92486","","11","0","0","0","0","0","0","0","0","","0","0","0","","","0","","1","","40 24:55.623","","0","79 55:29.496","0","0","0","0","2301","0","0","0","N","0","0","0","2","02301","0","","1.0","","1","N","N","","0","","0","0","0","","2","","","2","0","0","0","0","0","0","2","0","2","","","","N","","","","","","","","","",""
"2017062141","","1","0","0","0","0","0","0","0","0","4","0","","02","6","2017","6","40.487518","-79.882791","","11","0","0","0","0","0","1","1","0","","0","1","0","","","1","","0","","40 29:15.065","","7","79 52:58.049","3","0","0","0","2112","0","0","0","N","0","0","0","2","02112","0","","1.0","","1","N","N","","0","","1","0","0","","0","","","2","1","0","0","0","0","1","2","0","2","","","","N","","","","","","","","","",""
"2017070712","","1","0","0","0","0","0","0","0","0","4","0","","02","7","2017","1","40.455199","-79.906821","","11","0","0","0","0","0","0","0","0","","0","0","0","","","1","","0","","40 27:18.716","","0","79 54:24.555","4","0","0","0","2301","0","0","0","N","0","0","0","2","02301","1","","1.0","","1","N","N","","0","","0","0","1","","0","","","2","1","0","0","0","0","0","2","0","2","","","","N","","","","","","","","","",""
"2017062025","","2","0","0","0","0","0","0","0","0","4","0","","02","6","2017","6","40.438111","-79.985103","","11","0","0","0","0","0","0","0","0","1","0","0","0","","","2","","2","","40 26:17.198","2","0","79 59:06.371","3","0","0","0","2301","2","0","0","N","2","0","0","6","02301","0","","1.0","","1","N","N","","0","","1","0","0","","3","N","","4","2","0","0","0","1","0","2","0","2","","","","N","","","","","","","","","",""
"2017060400","","3","0","0","0","0","0","0","0","0","7","0","","02","6","2017","1","40.430104","-79.709704","","11","0","0","0","0","0","0","1","0","2","0","0","0","","","1","","0","","40 25:48.375","6","0","79 42:34.935","8","0","0","0","2446","0","0","0","N","0","0","0","10","02446","0","","1.0","","1","N","N","","0","","0","0","1","","0","Y","","5","1","0","0","0","1","0","2","1","5","","","","N","","","","","","","","","",""
"2017060891","","1","0","0","0","0","0","0","0","0","4","0","","02","6","2017","3","40.438034","-79.913079","","11","0","0","0","0","0","1","0","0","","0","0","0","","","0","","1","","40 26:16.922","","0","79 54:47.084","0","0","0","0","2301","0","0","0","N","0","0","0","2","02301","0","","1.0","","9","N","N","","0","","0","0","1","","2","","","2","0","0","0","0","0","0","2","0","2","","","","N","","","","","","","","","",""
"2017061893","","1","0","0","0","0","0","0","0","0","7","0","","02","6","2017","6","40.402069","-80.051396","","11","0","0","0","0","0","0","0","0","","0","0","0","","","0","","0","","40 24:07.448","","0","80 03:05.025","0","0","0","0","2301","0","0","0","N","0","0","0","1","02301","0","","4.0","","9","N","N","","0","","0","0","0","","0","","","1","0","0","0","0","0","0","2","0","1","","","","N","","","","","","","","","",""
"2017078986","","0","0","0","0","0","0","0","0","0","7","0","45","02","7","2017","1","40.536741","-80.077496","","11","0","0","0","0","0","0","0","0","","0","0","0","","","0","","0","","40 32:12.269","","0","80 04:38.985","0","0","0","0","2215","0","0","0","","0","0","0","1","68B03","0","","2.0","","1","N","N","","1","","0","0","0","","0","","","1","0","0","0","0","0","0","2","0","1","","","N","Y","2","1","N","N","N","N","N","Y","N",""
"2017089250","","1","0","0","0","0","0","0","0","0","1","0","","02","8","2017","4","40.437628","-79.738731","","11","0","0","0","0","0","0","1","0","1","0","0","0","","","0","","0","","40 26:15.460","4","0","79 44:19.430","0","0","0","0","2446","0","0","0","N","0","0","0","3","02446","0","","1.0","","1","N","N","","0","","0","0","1","","2","N","","2","0","0","0","0","0","0","2","0","2","","","","N","","","","","","","","","",""
"2017065576","","1","0","0","0","0","0","0","0","0","7","0","","02","6","2017","2","40.390383","-79.996691","","11","0","0","0","0","0","0","0","0","3","0","0","0","","","0","","0","","40 23:25.380","2","0","79 59:48.086","0","0","0","0","2301","0","0","0","Y","0","0","0","2","02301","0","","2.0","","1","N","N","","0","","0","0","0","","0","N","","1","0","0","0","0","0","0","2","0","1","","","","N","","","","","","","","","",""
"2017061157","","0","0","0","0","0","0","0","0","0","7","0","","02","6","2017","3","40.494812","-80.026019","","11","0","0","0","0","0","0","0","0","","0","0","0","","","2","","0","","40 29:41.323","","7","80 01:33.668","8","0","0","0","2301","0","0","0","N","0","0","0","2","02301","0","","4.0","","9","N","N","","0","","0","0","1","","0","","","1","2","0","0","0","2","0","2","0","1","","","","N","","","","","","","","","",""
"2017060327","","0","0","0","0","0","0","0","0","0","1","0","","02","6","2017","2","40.407881","-79.909225","","11","0","0","0","0","0","2","0","0","1","0","0","0","","","1","","0","","40 24:28.370","4","0","79 54:33.210","4","0","0","0","2438","0","0","0","N","0","0","0","4","02438","1","","1.0","","1","N","N","","1","","0","0","2","","0","N","","3","1","0","0","0","0","0","2","0","3","","","","N","","","","","","","","","",""
"2017088366","","0","0","0","0","0","0","0","0","0","1","0","","02","6","2017","3","40.492175","-79.895394","","11","0","0","0","0","1","0","0","0","","0","0","0","","","1","","0","","40 29:31.830","","0","79 53:43.418","3","0","0","1","2401","0","0","0","","0","0","0","1","68D02","0","","1.0","","1","N","N","","0","","1","0","0","","4","","","2","1","0","0","0","0","0","2","0","2","","","","N","","","","","","","","","",""
"2017072781","","0","0","0","0","0","0","0","0","0","2","0","","02","7","2017","1","40.580563","-79.779042","","11","0","0","0","0","0","0","0","0","2","0","0","0","","","1","","0","","40 34:50.025","2","0","79 46:44.550","3","0","0","0","2104","0","0","0","N","0","0","0","1","02104","0","","2.0","","1","N","N","","2","","1","0","0","","0","N","","3","1","0","0","0","0","0","2","0","3","","","","N","","","","","","","","","",""
"2017089637","","0","0","0","0","0","0","0","0","0","5","0","","02","8","2017","4","40.374549","-80.093117","","11","0","0","0","0","0","0","0","0","","0","0","0","","","0","","2","","40 22:28.375","","0","80 05:35.222","0","0","0","0","2117","0","0","0","N","0","0","0","2","02117","0","","1.0","","1","N","N","","0","","0","0","2","","0","","","2","0","0","0","0","0","0","2","0","2","","","","N","","","","","","","","","",""
"2017059924","","2","0","0","0","0","0","0","0","0","5","0","","02","6","2017","2","40.438579","-79.987201","","11","0","0","0","0","0","0","0","0","","0","0","0","","","0","","0","","40 26:18.884","","0","79 59:13.923","0","0","0","0","2301","0","0","0","N","0","0","0","2","02301","0","","1.0","","1","N","N","","0","","0","0","0","","2","","","2","0","0","0","0","0","0","2","0","2","","","","N","","","","","","","","","",""
"2017061787","","1","0","0","0","0","0","0","0","0","7","0","","02","6","2017","5","40.512566","-79.911068","","11","0","1","0","0","0","0","0","0","3","0","0","0","","","1","","0","","40 30:45.237","6","0","79 54:39.846","4","0","0","0","2432","0","0","0","N","0","0","0","1","02432","1","","5.0","","9","N","N","","0","","0","0","0","","0","Y","","1","1","0","0","0","0","0","2","0","1","","","","N","","","","","","","","","",""
"2017064360","","3","0","0","0","0","0","0","0","0","1","0","","02","6","2017","6","40.414008","-80.073044","","11","0","0","0","0","0","1","0","0","2","0","0","0","","","0","","0","","40 24:50.428","1","0","80 04:22.960","0","0","0","0","2301","0","0","0","N","0","0","0","4","02301","0","","1.0","","9","N","N","","0","","0","0","0","","0","N","","3","0","0","0","0","0","0","2","0","3","","","","N","","","","","","","","","",""
"2017089839","","2","0","0","0","0","0","0","0","0","1","0","","02","7","2017","3","40.515528","-80.133794","","11","0","0","0","0","0","0","1","0","","0","0","0","","","0","","0","","40 30:55.902","","3","80 08:01.660","0","0","0","0","2110","0","0","0","","0","0","0","5","68B03","0","","1.0","","1","N","N","","0","","0","0","2","","0","","","4","0","0","0","0","0","0","2","0","4","","","","N","","","","","","","","","",""
"2017070177","","2","0","0","0","0","0","0","0","0","2","0","","02","6","2017","7","40.494926","-80.038857","","11","0","1","0","0","0","0","0","0","1","0","0","0","","","0","","2","","40 29:41.732","4","0","80 02:19.885","0","0","0","0","2116","0","0","0","N","0","0","0","5","02116","0","","1.0","","1","N","N","","0","","0","0","0","","0","N","","2","0","2","0","0","0","0","2","0","2","","","","N","","","","","","","","","",""
"2017090405","","1","0","0","0","0","0","0","0","0","8","0","","02","9","2017","7","40.461381","-79.863097","","11","0","0","0","0","0","0","0","1","","0","0","0","","","1","","1","","40 27:40.973","","0","79 51:47.149","8","0","0","0","2113","1","0","0","N","1","0","0","2","02113","0","","1.0","","9","N","N","","0","","0","0","0","","2","","","2","1","0","0","0","1","0","2","0","1","","","","N","","","","","","","","","",""
"2017060349","","1","0","0","0","0","0","0","0","0","8","0","","02","6","2017","3","40.427804","-79.928568","","11","0","0","0","1","0","0","0","0","","0","0","0","","","1","","1","","40 25:40.096","","0","79 55:42.843","3","0","0","0","2301","1","0","0","N","1","0","0","2","02301","0","","1.0","","1","N","N","","0","","1","0","0","","2","","","2","1","0","0","0","0","0","2","0","1","","","","N","","","","","","","","","",""
"2017061132","","4","0","0","0","0","0","0","0","0","1","0","","02","6","2017","4","40.455783","-79.96586","","11","0","0","0","0","0","1","0","0","1","0","0","0","","","0","","1","","40 27:20.818","4","0","79 57:57.097","0","0","0","0","2301","0","0","0","N","0","0","0","4","02301","0","","1.0","","1","N","N","","0","","0","0","0","","0","N","","4","0","0","0","0","0","0","2","0","4","","","","N","","","","","","","","","",""
"2017061657","","1","0","0","0","0","0","0","0","0","7","0","","02","6","2017","5","40.498775","-79.97808","","11","0","1","0","0","0","0","0","0","1","0","0","0","","","0","","2","","40 29:55.590","2","0","79 58:41.087","0","0","0","0","2118","0","0","0","N","0","0","0","1","02118","0","","2.0","","9","N","N","","0","","0","0","0","","3","N","","1","0","0","0","0","0","0","2","0","1","","","","N","","","","","","","","","",""
"2017083981","","0","0","0","0","0","0","0","0","0","4","0","","02","8","2017","5","40.4768","-80.065967","","11","0","0","0","0","0","2","0","0","","0","0","0","","","0","","2","","40 28:36.480","","0","80 03:57.481","0","0","0","0","2122","0","0","0","N","0","0","0","2","02122","0","","1.0","","1","N","N","","0","","0","0","1","","0","","","2","0","0","0","0","0","0","2","1","2","","","","N","","","","","","","","","",""
"2017089199","","1","0","0","0","0","0","0","0","0","1","0","","02","8","2017","2","40.366944","-80.048921","","11","0","1","0","0","0","1","1","0","2","0","0","0","","","1","","0","","40 22:00.997","1","0","80 02:56.117","8","0","0","0","2109","0","0","0","","0","0","0","3","02109","0","","1.0","","1","N","N","","0","","0","0","2","","0","N","","3","1","0","0","0","1","0","2","0","3","","","","N","","","","","","","","","",""
"2017072231","","2","0","0","0","0","0","0","0","0","4","0","","02","7","2017","3","40.449027","-79.951897","","11","0","0","0","1","0","0","0","0","","0","0","0","","","0","","1","","40 26:56.497","","0","79 57:06.829","0","0","0","0","2301","0","0","0","N","0","0","0","2","02301","0","","1.0","","1","N","N","","0","","0","0","0","","0","","","2","0","0","0","0","0","0","2","0","2","","","","N","","","","","","","","","",""
"2017084331","","0","0","0","0","0","0","0","0","0","4","0","","02","8","2017","4","40.553459","-79.971254","","11","0","1","0","0","0","0","0","0","","0","0","0","","","0","","2","","40 33:12.454","","0","79 58:16.516","9","0","0","0","2118","0","0","0","N","0","0","0","3","02118","0","","1.0","","1","N","N","","0","","0","0","2","","3","","","2","0","0","0","0","0","1","2","0","2","","","","N","","","","","","","","","",""
"2017072240","","4","0","0","0","0","0","0","0","0","4","0","","02","7","2017","6","40.438233","-79.977662","","11","0","0","0","0","0","0","0","0","","0","0","0","","","0","","2","","40 26:17.639","","0","79 58:39.582","9","0","0","0","2301","0","0","0","N","0","0","0","1","02301","0","","2.0","","1","N","N","","0","","0","0","0","","2","","","4","0","0","0","0","0","1","2","0","4","","","","N","","","","","","","","","",""
"2017074149","","0","0","0","0","0","0","0","0","0","4","0","","02","7","2017","5","40.449312","-79.999061","","11","0","0","0","0","0","0","0","0","","0","0","0","","","0","","2","","40 26:57.524","","0","79 59:56.620","0","0","0","0","2301","0","0","0","N","0","0","0","5","02301","0","","1.0","","1","N","N","","0","","0","0","2","","3","","","2","0","0","0","0","0","0","2","0","2","","","","N","","","","","","","","","",""
"2017073014","","0","0","0","0","0","0","0","0","0","7","0","","02","7","2017","2","40.409234","-79.898147","","11","0","0","0","0","0","0","0","0","1","0","0","0","","","1","","0","","40 24:33.243","4","0","79 53:53.328","3","0","0","0","2448","0","0","0","","0","0","0","1","02448","0","","2.0","","1","","","","0","","1","0","1","","0","Y","","1","1","0","0","0","0","0","2","0","1","","","","N","","","","","","","","","",""
"2017075388","","1","0","0","0","0","0","0","0","0","1","0","","02","7","2017","5","40.41161","-80.076321","","11","0","0","0","0","0","0","0","0","","0","0","0","","","0","","0","","40 24:41.795","","2","80 04:34.757","0","0","0","0","2117","0","0","0","","0","0","0","2","68B03","0","","1.0","","1","N","N","","0","","0","0","1","","4","","","2","0","0","0","0","0","0","2","0","2","","","","N","","","","","","","","","",""
"2017091027","","1","0","0","0","0","0","0","0","0","7","0","","02","9","2017","7","40.44063","-80.00885","","11","0","0","0","0","0","0","0","0","1","0","0","0","","","0","","0","","40 26:26.268","1","3","80 00:31.859","0","0","0","0","2301","0","0","0","","0","0","0","1","68B03","0","","4.0","","9","N","N","","0","","0","0","0","","0","Y","","1","0","0","0","0","0","0","2","0","1","","","","N","","","","","","","","","",""
"2017073190","","1","0","0","0","0","0","0","0","0","7","0","","02","7","2017","3","40.520769","-79.833975","","11","0","0","0","0","0","0","0","0","2","0","0","0","","","0","","0","","40 31:14.770","4","0","79 50:02.310","0","0","0","0","2451","0","0","0","N","0","0","0","1","02451","0","","2.0","","1","N","N","","0","","0","0","0","","0","N","","1","0","0","0","0","0","0","2","0","1","","","","N","","","","","","","","","",""
"2017070709","","1","0","0","0","0","0","0","0","0","2","0","","02","7","2017","7","40.472433","-79.936744","","11","0","0","0","0","0","0","0","0","","0","0","0","","","0","","0","","40 28:20.760","","0","79 56:12.280","0","0","0","0","2301","0","0","0","N","0","0","0","0","02301","0","","1.0","","1","N","N","","0","","0","0","1","","0","","","2","0","0","0","0","0","0","2","0","2","","","","N","","","","","","","","","",""
"2017087403","","2","0","0","0","0","0","0","0","0","4","1","","02","8","2017","5","40.449428","-80.107276","","11","0","1","0","0","0","0","0","0","1","0","1","0","","","0","","0","","40 26:57.942","4","0","80 06:26.192","0","0","0","0","2115","0","0","0","N","0","0","0","3","02115","0","","1.0","","1","N","N","","0","","0","0","0","","2","N","","3","0","0","0","0","0","0","2","0","3","","","","N","","","","","","","","","",""
"2017073189","","1","0","0","0","0","0","0","0","0","7","0","","02","7","2017","2","40.275086","-79.915006","","11","0","0","0","1","0","0","0","0","3","0","0","0","","","1","","0","","40 16:30.309","2","0","79 54:54.022","3","0","0","0","2440","0","0","0","N","0","0","0","1","02440","0","","5.0","","1","N","N","","0","","1","0","0","","0","N","","1","1","0","0","0","0","0","2","0","1","","","","N","","","","","","","","","",""
"2017072939","","0","0","0","0","0","0","0","0","0","7","0","","02","7","2017","6","40.582837","-80.045978","","11","0","0","0","0","0","0","1","0","2","0","0","0","","","1","","0","","40 34:58.213","4","0","80 02:45.519","8","0","0","0","2108","0","0","0","","0","0","0","1","02108","0","","4.0","","1","N","N","","1","","0","0","0","","0","N","","1","1","0","0","0","1","0","2","0","1","","","","N","","","","","","","","","",""
"2017075023","","1","0","0","0","0","0","0","0","0","1","0","","02","7","2017","5","40.416775","-79.878166","","11","0","0","0","0","0","1","0","0","","0","0","0","","","0","","0","","40 25:00.390","","0","79 52:41.397","0","0","0","0","2463","0","0","0","N","0","0","0","1","02463","0","","6.0","","1","N","N","","1","","0","0","0","","0","","","2","0","0","0","0","0","0","2","0","2","","","","N","","","","","","","","","",""
"2017075723","","1","0","0","0","0","0","0","0","0","7","0","","02","7","2017","4","40.487815","-79.884698","","11","0","0","0","0","0","0","1","0","","0","0","0","","","0","","0","","40 29:16.133","","7","79 53:04.913","0","0","0","0","2301","0","0","0","N","0","0","0","1","02301","0","","2.0","","1","N","N","","0","","0","0","0","","3","","","1","0","0","0","0","0","0","2","0","1","","","","N","","","","","","","","","",""
"2017089912","","2","0","0","0","0","0","0","0","0","4","0","","02","8","2017","5","40.426957","-79.753234","","11","0","0","0","0","0","0","0","0","1","0","0","0","","","0","","0","","40 25:37.044","1","0","79 45:11.641","0","0","0","0","2446","0","0","0","N","0","0","0","2","02446","0","","1.0","","1","N","N","","0","","0","0","0","","0","N","","2","0","0","0","0","0","0","2","0","2","","","","N","","","","","","","","","",""
"2017071259","","1","0","0","0","0","0","0","0","0","1","0","","02","7","2017","4","40.447691","-79.938848","","11","0","0","0","0","0","0","0","0","","0","0","0","","","0","","2","","40 26:51.689","","0","79 56:19.852","0","0","0","0","2301","0","0","0","N","0","0","0","2","02301","0","","1.0","","9","N","N","","0","","0","0","1","","0","","","2","0","0","0","0","0","0","2","0","2","","","","N","","","","","","","","","",""
"2017091275","","1","0","0","0","0","0","0","0","0","7","0","45","02","8","2017","3","40.519887","-80.061735","","11","0","0","0","0","0","0","0","0","","0","0","0","","","1","","0","","40 31:11.592","","0","80 03:42.245","3","0","0","0","2116","0","0","0","","0","0","0","2","68B03","0","","4.0","","1","N","N","","0","","1","0","0","","0","","","1","1","0","0","0","0","0","2","0","1","","","N","Y","4","1","N","N","N","Y","N","N","N",""
"2017073161","","2","0","0","0","0","0","0","0","0","4","0","","02","7","2017","2","40.447077","-79.947295","","11","0","0","0","0","0","0","0","0","","0","0","0","","","0","","1","","40 26:49.476","","0","79 56:50.263","0","0","0","0","2301","0","0","0","N","0","0","0","3","02301","0","","1.0","","1","N","N","","0","","0","0","0","","2","","","2","0","0","0","0","0","0","2","0","2","","","","N","","","","","","","","","",""
"2017085335","","1","0","0","0","0","0","0","0","0","7","0","","02","8","2017","2","40.495272","-79.782075","","11","0","0","0","0","0","0","0","0","1","0","0","0","","","1","","0","","40 29:42.979","6","0","79 46:55.471","8","0","0","0","2466","0","0","0","N","0","0","0","1","02466","0","","4.0","","1","N","N","","0","","0","0","0","","0","N","","1","1","0","0","0","1","0","2","0","1","","","","N","","","","","","","","","",""
"2017074162","","1","0","0","0","0","0","0","0","0","4","0","","02","7","2017","2","40.3455","-79.882417","","11","0","0","0","0","0","1","0","0","","0","0","0","","","2","","0","","40 20:43.800","","0","79 52:56.700","8","0","0","0","2304","0","0","0","N","0","0","0","5","02304","0","","3.0","","1","N","N","","1","","0","0","0","","0","","","3","2","0","0","0","2","0","2","1","3","","","","N","","","","","","","","","",""