"CRN","ARRIVAL_TM","AUTOMOBILE_COUNT","BELTED_DEATH_COUNT","BELTED_SUSP_SERIOUS_INJ_COUNT","BICYCLE_COUNT","BICYCLE_DEATH_COUNT","BICYCLE_SUSP_SERIOUS_INJ_COUNT","BUS_COUNT","CHLDPAS_DEATH_COUNT","CHLDPAS_SUSP_SERIOUS_INJ_COUNT","COLLISION_TYPE","COMM_VEH_COUNT","CONS_ZONE_SPD_LIM","COUNTY","CRASH_MONTH","CRASH_YEAR","DAY_OF_WEEK","DEC_LATITUDE","DEC_LONGITUDE","DISPATCH_TM","DISTRICT","DRIVER_COUNT_16YR","DRIVER_COUNT_17YR","DRIVER_COUNT_18YR","DRIVER_COUNT_19YR","DRIVER_COUNT_20YR","DRIVER_COUNT_50_64YR","DRIVER_COUNT_65_74YR","DRIVER_COUNT_75PLUS","EST_HRS_CLOSED","FATAL_COUNT","HEAVY_TRUCK_COUNT","HORSE_BUGGY_COUNT","HOUR_OF_DAY","ILLUMINATION","INJURY_COUNT","INTERSECTION_RELATED","INTERSECT_TYPE","LANE_CLOSED","LATITUDE","LN_CLOSE_DIR","LOCATION_TYPE","LONGITUDE","MAX_SEVERITY_LEVEL","MCYCLE_DEATH_COUNT","MCYCLE_SUSP_SERIOUS_INJ_COUNT","MOTORCYCLE_COUNT","MUNICIPALITY","NONMOTR_COUNT","NONMOTR_DEATH_COUNT","NONMOTR_SUSP_SERIOUS_INJ_COUNT","NTFY_HIWY_MAINT","PED_COUNT","PED_DEATH_COUNT","PED_SUSP_SERIOUS_INJ_COUNT","PERSON_COUNT","POLICE_AGCY","POSSIBLE_INJ_COUNT","RDWY_SURF_TYPE_CD","RELATION_TO_ROAD","ROADWAY_CLEARED","ROAD_CONDITION","SCH_BUS_IND","SCH_ZONE_IND","SECONDARY_CRASH","SMALL_TRUCK_COUNT","SPEC_JURIS_CD","SUSP_MINOR_INJ_COUNT","SUSP_SERIOUS_INJ_COUNT","SUV_COUNT","TCD_FUNC_CD","TCD_TYPE","TFC_DETOUR_IND","TIME_OF_DAY","TOTAL_UNITS","TOT_INJ_COUNT","UNBELTED_OCC_COUNT","UNB_DEATH_COUNT","UNB_SUSP_SERIOUS_INJ_COUNT","UNK_INJ_DEG_COUNT","UNK_INJ_PER_COUNT","URBAN_RURAL","VAN_COUNT","VEHICLE_COUNT","WEATHER1","WEATHER2","WORKERS_PRES","WORK_ZONE_IND","WORK_ZONE_LOC","WORK_ZONE_TYPE","WZ_CLOSE_DETOUR","WZ_FLAGGER","WZ_LAW_OFFCR_IND","WZ_LN_CLOSURE","WZ_MOVING","WZ_OTHER","WZ_SHLDER_MDN","WZ_WORKERS_INJ_KILLED"
"2017073729","","1","0","0","0","0","0","0","0","0","1","0","","02","7","2017","4","40.411014","-80.005933","","11","0","0","0","0","0","0","0","0","1","0","0","0","","","0","","2","","40 24:39.651","1","0","80 00:21.360","0","0","0","0","2301","0","0","0","N","0","0","0","2","02301","0","","1.0","","1","N","N","","0","","0","0","1","","2","N","","2","0","0","0","0","0","0","2","0","2","","","","N","","","","","","","","","",""
"2017074176","","1","0","0","0","0","0","0","0","0","7","0","","02","7","2017","4","40.399127","-79.935709","","11","0","0","0","0","0","0","0","0","2","0","0","0","","","2","","0","","40 23:56.858","2","3","79 56:08.552","3","0","0","0","2301","0","0","0","N","0","0","0","2","02301","0","","1.0","","1","N","N","","0","","2","0","0","","0","N","","1","2","0","0","0","0","0","2","0","1","","","","N","","","","","","","","","",""
"2017075107","","1","0","0","0","0","0","0","0","0","7","0","","02","7","2017","7","40.523305","-79.818767","","11","0","0","0","0","0","0","0","0","","0","0","0","","","0","","0","","40 31:23.897","","3","79 49:07.561","0","0","0","0","2466","0","0","0","","0","0","0","2","68T02","0","","3.0","","9","N","N","","0","","0","0","0","","0","","","1","0","0","0","0","0","0","2","0","1","","","","N","","","","","","","","","",""
"2017074125","","1","0","0","0","0","0","0","0","0","4","0","","02","7","2017","2","40.346006","-80.054131","","11","0","0","0","0","0","0","0","1","","0","0","0","","","1","","0","","40 20:45.620","","7","80 03:14.870","3","0","0","0","2407","0","0","0","","0","0","0","3","02407","0","","1.0","","1","N","N","","0","","1","0","1","","0","","","2","1","0","0","0","0","0","2","0","2","","","","N","","","","","","","","","",""
"2017073016","","0","0","0","0","0","0","0","0","0","1","0","","02","7","2017","2","40.657003","-79.934794","","11","0","0","0","0","0","0","0","0","2","0","0","0","","","3","","2","","40 39:25.212","1","0","79 56:05.257","3","0","0","0","2217","0","0","0","N","0","0","0","3","02505","0","","1.0","","1","N","N","","1","","1","0","1","","0","Y","","2","3","0","0","0","2","0","2","0","2","","","","N","","","","","","","","","",""
"2017075514","","0","0","0","0","0","0","0","0","0","2","0","","02","7","2017","2","40.500997","-80.057741","","11","0","0","0","1","0","1","0","0","2","0","0","0","","","1","","2","","40 30:03.589","6","0","80 03:27.867","3","0","0","1","2404","0","0","0","N","0","0","0","2","02404","0","","1.0","","1","N","N","","1","","1","0","0","","0","Y","","2","1","0","0","0","0","0","2","0","2","","","","N","","","","","","","","","",""
"2017073730","","1","0","0","0","0","0","0","0","0","1","0","","02","7","2017","4","40.457293","-79.988522","","11","0","0","1","0","0","0","0","0","","0","0","0","","","0","","0","","40 27:26.256","","0","79 59:18.679","0","0","0","0","2301","0","0","0","N","0","0","0","3","02301","0","","1.0","","1","N","N","","0","","0","0","1","","0","","","3","0","0","0","0","0","0","2","1","3","","","","N","","","","","","","","","",""
"2017071367","","1","0","0","0","0","0","0","0","0","8","0","","02","7","2017","4","40.405226","-79.942735","","11","0","0","0","0","0","0","0","0","","0","0","0","","","1","","0","","40 24:18.812","","7","79 56:33.846","4","0","0","0","2301","1","0","0","N","1","0","0","2","02301","1","","4.0","","1","N","N","","0","","0","0","0","","0","","","2","1","1","0","0","0","0","2","0","1","","","","N","","","","","","","","","",""
"2017070700","","1","0","0","0","0","0","0","0","0","7","0","","02","7","2017","2","40.625464","-79.955492","","11","0","0","0","0","0","0","0","0","2","0","0","0","","","0","","0","","40 37:31.670","1","0","79 57:19.770","0","0","0","0","2217","0","0","0","N","0","0","0","2","02505","0","","4.0","","9","N","N","","0","","0","0","0","","0","N","","1","0","0","0","0","0","0","2","0","1","","","","N","","","","","","","","","",""
"2017072536","","1","0","0","0","0","0","0","0","0","7","0","","02","7","2017","7","40.582925","-79.858936","","11","0","0","0","0","0","0","0","0","2","0","0","0","","","1","","0","","40 34:58.530","2","0","79 51:32.170","3","0","0","0","2209","0","0","0","N","0","0","0","2","02209","0","","5.0","","1","N","N","","0","","1","0","0","","0","N","","1","1","0","0","0","0","0","1","0","1","","","","N","","","","","","","","","",""
"2017074287","","0","0","0","0","0","0","0","0","0","7","0","","02","7","2017","5","40.467761","-80.085913","","11","0","0","0","0","0","1","0","0","1","0","0","0","","","1","","2","","40 28:03.939","1","0","80 05:09.286","8","0","0","0","2126","0","0","0","N","0","0","0","1","02126","0","","5.0","","9","N","N","","0","","0","0","1","","0","N","","1","1","0","0","0","1","0","2","0","1","","","","N","","","","","","","","","",""
"2017061626","","1","0","0","0","0","0","0","0","0","1","0","","02","6","2017","5","40.618427","-79.945175","","11","0","0","0","0","0","2","0","0","1","0","0","0","","","1","","0","","40 37:06.337","1","0","79 56:42.630","4","0","0","0","2217","0","0","0","N","0","0","0","5","02505","1","","1.0","","1","N","N","","0","","0","0","2","","0","N","","3","1","0","0","0","0","0","2","0","3","","","","N","","","","","","","","","",""
"2017080463","","0","0","0","0","0","0","0","0","0","4","0","","02","7","2017","3","40.530577","-80.009757","","11","0","0","0","0","0","0","1","0","1","0","0","0","","","0","","1","","40 31:50.078","1","0","80 00:35.126","0","0","0","0","2116","0","0","0","N","0","0","0","2","02116","0","","1.0","","1","N","N","","1","","0","0","1","","2","N","","2","0","0","0","0","0","0","2","0","2","","","","N","","","","","","","","","",""
"2017074858","","1","0","0","0","0","0","0","0","0","7","0","","02","7","2017","7","40.455149","-80.191925","","11","0","0","0","0","0","0","0","0","2","0","0","0","","","0","","0","","40 27:18.535","1","0","80 11:30.930","0","0","0","0","2214","0","0","0","N","0","0","0","2","02214","0","","4.0","","9","N","N","","0","","0","0","0","","0","N","","1","0","0","0","0","0","0","2","0","1","","","","N","","","","","","","","","",""
"2017091324","","1","0","0","0","0","0","0","0","0","1","0","55","02","9","2017","7","40.472554","-80.218466","","11","0","0","0","0","0","0","0","0","2","0","0","0","","","0","","0","","40 28:21.195","4","0","80 13:06.479","0","0","0","0","2203","0","0","0","","0","0","0","1","68B03","0","","1.0","","1","N","N","","0","","0","0","1","","0","N","","2","0","0","0","0","0","0","2","0","2","","","N","Y","8","1","N","N","N","N","N","Y","N",""
"2017088390","","1","0","0","0","0","0","0","0","0","1","0","","02","6","2017","3","40.493342","-79.900863","","11","0","0","0","0","0","0","0","0","","0","0","0","","","0","","0","","40 29:36.030","","0","79 54:03.108","0","0","0","0","2401","0","0","0","","0","0","0","6","68D02","0","","1.0","","1","N","N","","1","","0","0","3","","0","","","5","0","0","0","0","0","0","2","0","5","","","","N","","","","","","","","","",""
"2017072451","","0","0","0","0","0","0","0","0","0","7","0","25","02","7","2017","7","40.390525","-79.933437","","11","0","0","0","0","0","0","1","0","","0","0","0","","","0","","0","","40 23:25.891","","0","79 56:00.373","0","0","0","0","2301","0","0","0","N","0","0","0","1","02301","0","","5.0","","1","N","N","","0","","0","0","1","","0","","","2","0","0","0","0","0","0","2","0","1","","","N","Y","3","1","","","N","Y","","","",""
"2017071351","","1","0","0","0","0","0","0","0","0","4","0","","02","7","2017","4","40.436125","-79.964449","","11","0","0","0","0","0","0","0","0","2","0","0","0","","","3","","0","","40 26:10.050","3","7","79 57:52.015","3","0","0","0","2301","0","0","0","N","0","0","0","4","02301","2","","1.0","","1","N","N","","0","","1","0","0","","0","N","","2","3","0","0","0","0","0","2","1","2","","","","N","","","","","","","","","",""
"2017071798","","1","0","0","0","0","0","0","0","0","4","0","","02","7","2017","5","40.472335","-79.928368","","11","0","0","0","0","0","0","0","1","","0","0","0","","","3","","1","","40 28:20.405","","0","79 55:42.124","3","0","0","0","2301","0","0","0","N","0","0","0","4","02301","0","","1.0","","1","N","N","","1","","3","0","0","","3","","","2","3","0","0","0","0","0","2","0","2","","","","N","","","","","","","","","",""
"2017071557","","1","0","4","0","0","0","0","0","0","7","0","","02","7","2017","4","40.440689","-80.000108","","11","0","0","0","0","0","0","0","0","3","0","0","0","","","5","","0","","40 26:26.480","6","0","80 00:00.390","2","0","0","0","2301","1","0","1","N","1","0","1","5","02301","0","","5.0","","1","N","N","","0","","0","5","0","","2","Y","","2","5","0","0","0","0","0","2","0","1","","","","N","","","","","","","","","",""
"2017073387","","0","0","0","0","0","0","0","0","0","4","0","","02","7","2017","3","40.460493","-79.924975","","11","0","0","0","0","0","0","0","0","1","0","0","0","","","0","","2","","40 27:37.774","1","0","79 55:29.909","0","0","0","0","2301","0","0","0","N","0","0","0","2","02301","0","","1.0","","1","N","N","","2","","0","0","0","","0","Y","","2","0","0","0","0","0","0","2","0","2","","","","N","","","","","","","","","",""
"2017072096","","2","0","0","0","0","0","0","0","0","5","0","","02","7","2017","6","40.451953","-79.939131","","11","0","0","0","0","0","0","1","0","","0","0","0","","","0","","0","","40 27:07.030","","0","79 56:20.870","0","0","0","0","2301","0","0","0","N","0","0","0","1","02301","0","","6.0","","1","N","N","","0","","0","0","0","","0","","","3","0","0","0","0","0","0","2","0","2","","","","N","","","","","","","","","",""
"2017071909","","2","0","0","0","0","0","0","0","0","1","0","","02","7","2017","5","40.382764","-79.820894","","11","0","0","0","0","0","0","0","0","2","0","0","0","","","1","","2","","40 22:57.951","3","0","79 49:15.218","4","0","0","0","2111","0","0","0","N","0","0","0","3","02111","1","","1.0","","1","N","N","","0","","0","0","1","","0","N","","3","1","0","0","0","0","0","2","0","3","","","","N","","","","","","","","","",""
"2017071530","","1","0","0","0","0","0","0","0","0","7","0","","02","7","2017","4","40.399901","-79.936066","","11","0","0","0","0","1","0","0","0","2","0","0","0","","","1","","0","","40 23:59.643","2","3","79 56:09.838","3","0","0","0","2301","0","0","0","N","0","0","0","2","02301","0","","1.0","","1","N","N","","0","","1","0","0","","0","N","","1","1","0","0","0","0","0","2","0","1","","","","N","","","","","","","","","",""
"2017071758","","0","0","0","0","0","0","0","0","0","1","0","","02","7","2017","4","40.372106","-80.089558","","11","0","0","0","0","0","0","0","1","","0","0","0","","","1","","0","","40 22:19.580","","7","80 05:22.410","4","0","0","0","2117","0","0","0","N","0","0","0","2","02117","1","","1.0","","1","N","N","","0","","0","0","2","","0","","","2","1","0","0","0","0","0","2","0","2","","","","N","","","","","","","","","",""
"2017083531","","2","0","0","0","0","0","0","0","0","4","0","","02","8","2017","4","40.465022","-79.954306","","11","0","0","0","0","0","1","0","0","2","0","0","0","","","2","","2","","40 27:54.078","7","0","79 57:15.501","8","0","0","0","2301","0","0","0","N","0","0","0","3","02301","0","","1.0","","1","N","N","","0","","0","0","0","","3","N","","2","2","1","0","0","2","1","2","0","2","","","","N","","","","","","","","","",""
"2017073976","","2","0","0","0","0","0","0","0","0","4","0","","02","7","2017","4","40.478615","-80.011956","","11","0","0","0","0","0","0","1","1","1","0","0","0","","","2","","2","","40 28:43.014","1","0","80 00:43.040","4","0","0","0","2301","0","0","0","N","0","0","0","2","02301","2","","1.0","","1","N","N","","0","","0","0","0","","0","Y","","2","2","0","0","0","0","0","2","0","2","","","","N","","","","","","","","","",""
"2017072123","","1","0","0","0","0","0","0","0","0","4","0","","02","7","2017","6","40.481376","-79.804671","","11","0","0","0","0","1","0","0","0","1","0","0","0","","","0","","2","","40 28:52.955","4","0","79 48:16.817","0","0","0","0","2113","0","0","0","N","0","0","0","3","02113","0","","1.0","","1","N","N","","0","","0","0","1","","0","N","","2","0","0","0","0","0","0","2","0","2","","","","N","","","","","","","","","",""
"2017072473","","2","0","0","0","0","0","0","0","0","4","0","","02","7","2017","7","40.396964","-79.978661","","11","0","0","0","0","0","1","0","0","2","0","0","0","","","2","","1","","40 23:49.071","1","0","79 58:43.179","3","0","0","0","2301","0","0","0","N","0","0","0","2","02301","0","","1.0","","1","N","N","","0","","2","0","0","","2","N","","2","2","0","0","0","0","0","2","0","2","","","","N","","","","","","","","","",""
"2017074728","","2","0","0","0","0","0","0","0","0","1","0","","02","7","2017","4","40.408834","-79.906378","","11","0","0","0","0","0","0","0","0","","0","0","0","","","0","","0","","40 24:31.801","","0","79 54:22.960","0","0","0","0","2438","0","0","0","N","0","0","0","2","02438","0","","6.0","","1","N","N","","0","","0","0","0","","0","","","2","0","1","0","0","0","0","2","0","2","","","","N","","","","","","","","","",""
"2017071905","","2","0","0","0","0","0","0","0","0","6","0","","02","7","2017","5","40.443694","-79.920503","","11","0","0","0","0","0","1","0","0","2","0","0","0","","","0","","0","","40 26:37.300","7","0","79 55:13.810","0","0","0","0","2301","0","0","0","N","0","0","0","6","02301","0","","1.0","","1","N","N","","0","","0","0","1","","2","Y","","3","0","0","0","0","0","0","2","0","3","","","","N","","","","","","","","","",""
"2017072261","","0","0","0","0","0","0","0","0","0","4","0","","02","7","2017","6","40.465031","-79.919992","","11","0","0","0","0","0","0","0","0","3","0","0","0","","","1","","1","","40 27:54.111","3","0","79 55:11.971","4","0","0","0","2301","0","0","0","N","0","0","0","3","02301","1","","1.0","","1","N","N","","0","","0","0","2","","2","Y","","2","1","0","0","0","0","0","2","0","2","","","","N","","","","","","","","","",""
"2017062029","","1","0","0","0","0","0","0","0","0","7","0","","02","6","2017","1","40.399035","-79.814597","","11","0","0","0","0","0","0","0","0","","0","0","0","","","0","","0","","40 23:56.525","","0","79 48:52.548","0","0","0","0","2479","0","0","0","N","0","0","0","2","02501","0","","5.0","","1","N","N","","0","","0","0","0","","0","","","1","0","0","0","0","0","0","2","0","1","","","","N","","","","","","","","","",""
"2017074509","","0","0","0","0","0","0","0","0","0","1","0","","02","7","2017","6","40.462609","-79.95081","","11","0","0","0","0","0","1","1","0","1","0","0","0","","","2","","1","","40 27:45.391","4","0","79 57:02.916","4","0","0","0","2301","0","0","0","N","0","0","0","2","02301","2","","1.0","","1","N","N","","1","","0","0","1","","2","N","","2","2","0","0","0","0","0","2","0","2","","","","N","","","","","","","","","",""
"2017075671","","1","0","0","0","0","0","0","0","0","1","0","","02","7","2017","4","40.442804","-79.954991","","11","0","0","0","0","0","0","0","0","2","0","0","0","","","1","","0","","40 26:34.094","3","0","79 57:17.968","8","0","0","0","2301","0","0","0","N","0","0","0","2","02506","0","","1.0","","1","N","N","","0","","0","0","1","","0","Y","","2","1","0","0","0","1","0","2","0","2","","","","N","","","","","","","","","",""
"2017070683","","0","0","0","0","0","0","0","0","0","4","0","","02","7","2017","2","40.346725","-79.855876","","11","0","0","0","0","0","0","0","0","","0","0","0","","","1","","1","","40 20:48.210","","0","79 51:21.155","8","0","0","0","2304","0","0","0","N","0","0","0","2","02304","0","","1.0","","9","N","N","","0","","0","0","1","","3","","","2","1","0","0","0","1","0","2","1","2","","","","N","","","","","","","","","",""
"2017074493","","1","0","0","0","0","0","0","0","0","1","0","","02","7","2017","6","40.332466","-80.069548","","11","0","0","0","0","0","2","0","0","2","0","0","0","","","1","","6","","40 19:56.877","1","0","80 04:10.374","8","0","0","0","2123","0","0","0","N","0","0","0","2","02123","0","","1.0","","1","N","N","","0","","0","0","1","","3","N","","2","1","0","0","0","1","0","2","0","2","","","","N","","","","","","","","","",""
"2017089506","","1","0","0","0","0","0","0","0","0","2","0","","02","8","2017","5","40.44858","-79.796174","","11","0","0","0","0","0","1","0","0","","0","0","0","","","1","","2","","40 26:54.889","","0","79 47:46.228","8","0","0","0","2446","0","0","0","N","0","0","0","2","02446","0","","1.0","","1","N","N","","0","","0","0","1","","3","","","2","1","0","0","0","1","1","2","0","2","","","","N","","","","","","","","","",""
"2017074114","","1","0","0","0","0","0","0","0","0","4","0","","02","7","2017","5","40.426584","-79.96878","","11","0","0","0","0","0","1","1","0","","0","0","0","","","3","","1","","40 25:35.703","","0","79 58:07.607","4","0","0","0","2301","0","0","0","N","0","0","0","5","02301","3","","1.0","","1","N","N","","0","","0","0","1","","3","","","2","3","3","0","0","0","0","2","0","2","","","","N","","","","","","","","","",""
"2017072685","","0","0","0","1","0","0","0","0","0","8","0","","02","7","2017","1","40.440889","-80.019413","","11","0","0","0","0","0","0","0","0","1","0","0","0","","","1","","0","","40 26:27.202","3","0","80 01:09.885","3","0","0","0","2301","1","0","0","N","0","0","0","2","02301","0","","1.0","","1","N","N","","0","","1","0","1","","0","N","","2","1","1","0","0","0","0","2","0","1","","","","N","","","","","","","","","",""
"2017072532","","1","0","0","0","0","0","0","0","0","1","0","","02","7","2017","7","40.438048","-79.918293","","11","0","0","0","0","0","0","0","0","","0","0","0","","","0","","0","","40 26:16.971","","0","79 55:05.856","0","0","0","0","2301","0","0","0","N","0","0","0","4","02301","0","","1.0","","1","N","N","","0","","0","0","1","","0","","","2","0","3","0","0","0","0","2","0","2","","","","N","","","","","","","","","",""
"2017073626","","0","0","0","0","0","0","0","0","0","7","0","","02","7","2017","3","40.566504","-79.965166","","11","1","0","0","0","0","0","0","0","2","0","0","0","","","3","","0","","40 33:59.415","5","0","79 57:54.596","8","0","0","0","2207","0","0","0","N","0","0","0","3","02207","0","","5.0","","1","N","N","","1","","0","0","0","","0","Y","","1","3","0","0","0","3","0","2","0","1","","","","N","","","","","","","","","",""
"2017087989","","2","0","0","0","0","0","0","0","0","4","0","","02","8","2017","5","40.449096","-80.119429","","11","0","0","0","0","0","0","0","0","1","0","0","0","","","0","","1","","40 26:56.744","4","0","80 07:09.946","0","0","0","0","2115","0","0","0","N","0","0","0","6","02115","0","","1.0","","9","N","N","","0","","0","0","0","","0","N","","2","0","0","0","0","0","0","2","0","2","","","","N","","","","","","","","","",""
"2017071715","","1","0","0","0","0","0","0","0","0","4","0","","02","7","2017","5","40.472827","-79.925733","","11","0","0","0","1","0","0","0","0","","0","0","0","","","0","","2","","40 28:22.177","","0","79 55:32.638","0","0","0","0","2301","0","0","0","N","0","0","0","3","02301","0","","1.0","","9","N","N","","0","","0","0","1","","3","","","2","0","0","0","0","0","0","2","0","2","","","","N","","","","","","","","","",""
"2017075662","","0","0","0","0","0","0","0","0","0","0","0","","02","7","2017","5","40.374683","-80.094828","","11","0","0","0","0","0","0","0","0","1","0","0","0","","","1","","0","","40 22:28.860","2","0","80 05:41.380","3","0","0","1","2117","0","0","0","N","0","0","0","1","02117","0","","1.0","","9","N","N","","0","","1","0","0","","0","N","","1","1","0","0","0","0","0","2","0","1","","","","N","","","","","","","","","",""
"2017072683","","1","0","0","0","0","0","0","0","0","4","0","","02","7","2017","7","40.400053","-80.023929","","11","0","0","0","0","0","0","0","0","","0","0","0","","","0","","2","","40 24:00.189","","0","80 01:26.146","0","0","0","0","2301","0","0","0","N","0","0","0","2","02301","0","","1.0","","1","N","N","","0","","0","0","1","","0","","","2","0","0","0","0","0","0","2","0","2","","","","N","","","","","","","","","",""
"2017072983","","0","0","0","0","0","0","0","0","0","1","0","","02","7","2017","2","40.338866","-80.065977","","11","0","0","1","0","0","0","0","0","1","0","0","0","","","1","","1","","40 20:19.919","2","0","80 03:57.518","8","0","0","0","2123","0","0","0","N","0","0","0","7","02123","0","","1.0","","1","N","N","","0","","0","0","3","","2","Y","","3","1","0","0","0","1","0","2","0","3","","","","N","","","","","","","","","",""
"2017061361","","0","0","0","0","0","0","0","0","0","7","0","","02","6","2017","1","40.2945","-79.91375","","11","0","0","0","0","0","0","0","0","","0","0","0","","","0","","0","","40 17:40.200","","0","79 54:49.500","0","0","0","0","2440","0","0","0","","0","0","0","1","68T09","0","","5.0","","1","Y","N","","0","","0","0","1","","8","","","1","0","0","0","0","0","0","2","0","1","","","","N","","","","","","","","","",""
"2017076526","","2","0","0","0","0","0","0","0","0","4","0","","02","7","2017","4","40.495751","-80.063022","","11","0","0","0","0","0","1","0","0","","0","0","0","","","0","","0","","40 29:44.702","","0","80 03:46.880","0","0","0","0","2402","0","0","0","N","0","0","0","1","02402","0","","1.0","","1","N","N","","0","","0","0","0","","0","","","2","0","0","0","0","0","0","2","0","2","","","","N","","","","","","","","","",""
"2017072260","","0","0","0","0","0","0","0","0","0","7","0","","02","7","2017","6","40.397856","-79.990653","","11","0","0","0","0","0","0","0","0","","0","0","0","","","0","","0","","40 23:52.280","","0","79 59:26.350","0","0","0","0","2301","0","0","0","N","0","0","0","1","02301","0","","4.0","","1","N","N","","0","","0","0","1","","0","","","1","0","0","0","0","0","0","2","0","1","","","","N","","","","","","","","","",""
"2017085847","","2","0","0","0","0","0","0","0","0","1","0","","02","7","2017","4","40.491594","-79.890248","","11","0","0","0","0","0","0","0","0","","0","0","0","","","0","","0","","40 29:29.738","","0","79 53:24.891","0","0","0","0","2432","0","0","0","","0","0","0","5","68D02","0","","1.0","","1","N","N","","0","","0","0","2","","0","","","4","0","0","0","0","0","0","2","0","4","","","","N","","","","","","","","","",""
"2017071108","","2","0","0","0","0","0","0","0","0","4","0","","02","7","2017","3","40.471532","-79.961586","","11","0","0","1","0","0","0","0","0","1","0","0","0","","","0","","1","","40 28:17.515","4","0","79 57:41.709","0","0","0","0","2301","0","0","0","N","0","0","0","3","02301","0","","1.0","","1","N","N","","0","","0","0","0","","3","Y","","2","0","0","0","0","0","0","2","0","2","","","","N","","","","","","","","","",""
"2017062570","","2","0","0","0","0","0","0","0","0","2","0","","02","6","2017","3","40.350977","-79.864954","","11","0","0","0","0","0","0","1","0","","0","0","0","","","0","","1","","40 21:03.517","","0","79 51:53.833","0","0","0","0","2304","0","0","0","N","0","0","0","3","02304","0","","1.0","","9","N","N","","0","","0","0","0","","1","","","2","0","0","0","0","0","0","2","0","2","","","","N","","","","","","","","","",""
"2017074416","","1","0","0","0","0","0","0","0","0","4","0","","02","7","2017","5","40.366737","-79.917423","","11","0","0","0","0","0","1","0","0","2","0","0","0","","","1","","1","","40 22:00.253","7","0","79 55:02.722","3","0","0","0","2301","0","0","0","N","0","0","0","2","02301","0","","1.0","","1","N","N","","1","","1","0","0","","0","Y","","2","1","0","0","0","0","0","2","0","2","","","","N","","","","","","","","","",""
"2017073157","","0","0","0","0","0","0","0","0","0","8","0","","02","7","2017","2","40.421795","-79.993731","","11","0","0","0","0","0","0","0","0","","0","0","0","","","2","","1","","40 25:18.461","","0","79 59:37.432","4","0","0","0","2301","2","0","0","N","2","0","0","3","02301","2","","1.0","","1","N","N","","0","","0","0","1","","2","","","3","2","0","0","0","0","0","2","0","1","","","","N","","","","","","","","","",""
"2017061775","","1","0","0","0","0","0","0","0","0","0","0","","02","6","2017","3","40.366268","-79.86447","","11","0","0","0","0","0","0","0","0","3","0","0","0","","","1","","0","","40 21:58.564","2","0","79 51:52.093","8","0","0","0","2473","0","0","0","N","0","0","0","1","02473","0","","1.0","","9","N","N","","0","","0","0","0","","0","Y","","1","1","0","0","0","1","0","2","0","1","","","","N","","","","","","","","","",""
"2017073428","","2","0","0","0","0","0","0","0","0","5","0","","02","7","2017","3","40.452144","-79.886786","","11","0","0","0","0","0","0","1","0","","0","0","0","","","0","","0","","40 27:07.720","","0","79 53:12.430","0","0","0","0","2301","0","0","0","N","0","0","0","2","02301","0","","1.0","","1","N","N","","0","","0","0","0","","0","","","2","0","0","0","0","0","0","2","0","2","","","","N","","","","","","","","","",""
"2017072463","","2","0","0","0","0","0","0","0","0","4","0","","02","7","2017","7","40.456331","-80.01545","","11","0","0","0","0","0","1","0","0","","0","0","0","","","0","","0","","40 27:22.790","","7","80 00:55.620","0","0","0","0","2301","0","0","0","N","0","0","0","3","02301","0","","1.0","","1","N","N","","0","","0","0","0","","2","","","2","0","0","0","0","0","0","2","0","2","","","","N","","","","","","","","","",""
"2017071063","","1","0","0","0","0","0","0","0","0","4","0","","02","7","2017","2","40.519134","-80.188338","","11","0","0","0","0","0","0","0","0","2","0","0","0","","","2","","2","","40 31:08.882","2","0","80 11:18.015","8","0","0","0","2213","0","0","0","","0","0","0","3","02213","0","","1.0","","8","N","N","","0","","0","0","1","","3","N","","2","2","0","0","0","2","0","2","0","2","","","","N","","","","","","","","","",""
"2017088544","","2","0","0","0","0","0","0","0","0","1","0","","02","8","2017","6","40.425888","-79.898883","","11","0","0","0","0","0","1","0","0","1","0","0","0","","","1","","0","","40 25:33.195","3","0","79 53:55.977","8","0","0","0","2301","0","0","0","","0","0","0","3","68B03","0","","1.0","","1","N","N","","0","","0","0","1","","0","N","","3","1","0","0","0","1","0","2","0","3","","","","N","","","","","","","","","",""
"2017059954","","0","0","0","0","0","0","0","0","0","2","0","","02","6","2017","2","40.409732","-79.926353","","11","0","0","0","0","0","0","0","0","","0","0","0","","","1","","0","","40 24:35.034","","0","79 55:34.872","8","0","0","0","2301","0","0","0","N","0","0","0","2","02301","0","","1.0","","1","N","N","","0","","0","0","2","","0","","","2","1","0","0","0","1","0","2","0","2","","","","N","","","","","","","","","",""
"2017073302","","1","0","0","0","0","0","0","0","0","7","0","","02","7","2017","3","40.474867","-80.072839","","11","0","0","0","0","0","1","0","0","1","0","0","0","","","0","","0","","40 28:29.520","5","0","80 04:22.220","0","0","0","0","2122","0","0","0","","0","0","0","1","02122","0","","4.0","","1","","","","0","","0","0","0","","0","N","","1","0","0","0","0","0","0","2","0","1","","","","N","","","","","","","","","",""
"2017073431","","2","0","0","0","0","0","0","0","0","1","0","","02","7","2017","3","40.442084","-79.760194","","11","0","0","0","0","1","1","0","0","","0","0","0","","","0","","0","","40 26:31.502","","7","79 45:36.699","0","0","0","0","2446","0","0","0","N","0","0","0","3","02446","0","","1.0","","1","N","N","","0","","0","0","0","","0","","","2","0","0","0","0","0","0","2","0","2","","","","N","","","","","","","","","",""