"CRN","ARRIVAL_TM","AUTOMOBILE_COUNT","BELTED_DEATH_COUNT","BELTED_SUSP_SERIOUS_INJ_COUNT","BICYCLE_COUNT","BICYCLE_DEATH_COUNT","BICYCLE_SUSP_SERIOUS_INJ_COUNT","BUS_COUNT","CHLDPAS_DEATH_COUNT","CHLDPAS_SUSP_SERIOUS_INJ_COUNT","COLLISION_TYPE","COMM_VEH_COUNT","CONS_ZONE_SPD_LIM","COUNTY","CRASH_MONTH","CRASH_YEAR","DAY_OF_WEEK","DEC_LATITUDE","DEC_LONGITUDE","DISPATCH_TM","DISTRICT","DRIVER_COUNT_16YR","DRIVER_COUNT_17YR","DRIVER_COUNT_18YR","DRIVER_COUNT_19YR","DRIVER_COUNT_20YR","DRIVER_COUNT_50_64YR","DRIVER_COUNT_65_74YR","DRIVER_COUNT_75PLUS","EST_HRS_CLOSED","FATAL_COUNT","HEAVY_TRUCK_COUNT","HORSE_BUGGY_COUNT","HOUR_OF_DAY","ILLUMINATION","INJURY_COUNT","INTERSECTION_RELATED","INTERSECT_TYPE","LANE_CLOSED","LATITUDE","LN_CLOSE_DIR","LOCATION_TYPE","LONGITUDE","MAX_SEVERITY_LEVEL","MCYCLE_DEATH_COUNT","MCYCLE_SUSP_SERIOUS_INJ_COUNT","MOTORCYCLE_COUNT","MUNICIPALITY","NONMOTR_COUNT","NONMOTR_DEATH_COUNT","NONMOTR_SUSP_SERIOUS_INJ_COUNT","NTFY_HIWY_MAINT","PED_COUNT","PED_DEATH_COUNT","PED_SUSP_SERIOUS_INJ_COUNT","PERSON_COUNT","POLICE_AGCY","POSSIBLE_INJ_COUNT","RDWY_SURF_TYPE_CD","RELATION_TO_ROAD","ROADWAY_CLEARED","ROAD_CONDITION","SCH_BUS_IND","SCH_ZONE_IND","SECONDARY_CRASH","SMALL_TRUCK_COUNT","SPEC_JURIS_CD","SUSP_MINOR_INJ_COUNT","SUSP_SERIOUS_INJ_COUNT","SUV_COUNT","TCD_FUNC_CD","TCD_TYPE","TFC_DETOUR_IND","TIME_OF_DAY","TOTAL_UNITS","TOT_INJ_COUNT","UNBELTED_OCC_COUNT","UNB_DEATH_COUNT","UNB_SUSP_SERIOUS_INJ_COUNT","UNK_INJ_DEG_COUNT","UNK_INJ_PER_COUNT","URBAN_RURAL","VAN_COUNT","VEHICLE_COUNT","WEATHER1","WEATHER2","WORKERS_PRES","WORK_ZONE_IND","WORK_ZONE_LOC","WORK_ZONE_TYPE","WZ_CLOSE_DETOUR","WZ_FLAGGER","WZ_LAW_OFFCR_IND","WZ_LN_CLOSURE","WZ_MOVING","WZ_OTHER","WZ_SHLDER_MDN","WZ_WORKERS_INJ_KILLED"
"2017079853","","1","0","0","0","0","0","0","0","0","99","0","","02","6","2017","7","40.531593","-80.068234","","11","0","0","0","0","0","2","0","0","1","0","0","0","","","2","","0","","40 31:53.735","7","0","80 04:05.641","3","0","0","1","2215","0","0","0","N","0","0","0","4","02215","1","","1.0","","1","N","N","","1","","1","0","0","","0","N","","3","2","0","0","0","0","0","2","0","3","","","","N","","","","","","","","","",""
"2017074188","","1","0","0","0","0","0","0","0","0","1","0","","02","7","2017","5","40.422993","-79.85626","","11","0","0","0","0","0","0","0","0","1","0","0","0","","","0","","0","","40 25:22.773","3","0","79 51:22.536","0","0","0","0","2431","0","0","0","N","0","0","0","2","02431","0","","1.0","","1","N","N","","0","","0","0","1","","0","N","","2","0","0","0","0","0","0","2","0","2","","","","N","","","","","","","","","",""
"2017068476","","0","0","0","0","0","0","0","0","0","7","0","","02","7","2017","3","40.46791","-80.022248","","11","0","0","0","0","0","1","0","0","","0","0","0","","","1","","0","","40 28:04.475","","0","80 01:20.094","8","0","0","0","2301","0","0","0","N","0","0","0","1","02301","0","","5.0","","1","N","N","","1","","0","0","0","","0","","","1","1","0","0","0","1","0","2","0","1","","","","N","","","","","","","","","",""
"2017071342","","1","0","1","0","0","0","0","0","0","1","0","","02","7","2017","3","40.387149","-79.880663","","11","0","0","0","0","0","1","1","0","2","0","0","0","","","2","","1","","40 23:13.736","5","0","79 52:50.386","2","0","0","0","2473","0","0","0","N","0","0","0","2","02473","0","","1.0","","1","N","N","","0","","0","2","1","","0","Y","","2","2","1","0","1","0","0","2","0","2","","","","N","","","","","","","","","",""
"2017071527","","1","0","0","0","0","0","0","0","0","1","0","","02","7","2017","3","40.482702","-79.962597","","11","0","0","0","0","0","0","0","0","1","0","0","0","","","0","","0","","40 28:57.728","1","0","79 57:45.350","0","0","0","0","2118","0","0","0","N","0","0","0","2","02118","0","","1.0","","1","N","N","","0","","0","0","1","","0","N","","2","0","0","0","0","0","0","2","0","2","","","","N","","","","","","","","","",""
"2017074618","","2","0","0","0","0","0","0","0","0","2","0","","02","7","2017","6","40.342965","-79.840432","","11","0","0","0","0","0","0","0","0","2","0","0","0","","","1","","2","","40 20:34.673","7","0","79 50:25.555","8","0","0","0","2304","0","0","0","N","0","0","0","2","02304","0","","1.0","","1","N","N","","0","","0","0","1","","0","Y","","3","1","0","0","0","1","1","2","0","3","","","","N","","","","","","","","","",""
"2017073792","","1","0","0","0","0","0","0","0","0","4","0","","02","7","2017","4","40.453496","-79.982288","","11","0","0","0","0","0","0","0","0","","0","0","0","","","0","","1","","40 27:12.585","","0","79 58:56.236","0","0","0","0","2301","0","0","0","N","0","0","0","4","02301","0","","1.0","","1","N","N","","0","","0","0","1","","3","","","2","0","1","0","0","0","0","2","0","2","","","","N","","","","","","","","","",""
"2017076012","","1","0","0","0","0","0","0","0","0","1","0","","02","7","2017","7","40.360523","-80.028723","","11","0","0","0","0","0","0","0","0","","0","0","0","","","1","","0","","40 21:37.883","","0","80 01:43.401","3","0","0","0","2416","0","0","0","","0","0","0","2","02416","0","","1.0","","1","N","N","","1","","1","0","0","","0","","","2","1","0","0","0","0","0","2","0","2","","","","N","","","","","","","","","",""
"2017075293","","2","0","0","0","0","0","0","0","0","4","0","","02","7","2017","5","40.58826","-80.048719","","11","1","0","0","0","0","0","0","0","1","0","0","0","","","1","","2","","40 35:17.736","3","0","80 02:55.387","8","0","0","0","2108","0","0","0","","0","0","0","3","02108","0","","1.0","","9","N","N","","0","","0","0","0","","0","N","","2","1","0","0","0","1","0","2","0","2","","","","N","","","","","","","","","",""
"2017074637","","4","0","0","0","0","0","0","0","0","4","0","","02","7","2017","7","40.429267","-79.999168","","11","0","0","0","0","0","0","0","0","","0","0","0","","","2","","1","","40 25:45.362","","3","79 59:57.003","4","0","0","0","2301","0","0","0","N","0","0","0","5","02301","2","","1.0","","1","N","N","","0","","0","0","0","","2","","","4","2","0","0","0","0","0","2","0","4","","","","N","","","","","","","","","",""
"2017084760","","0","0","0","0","0","0","0","0","0","99","1","","02","8","2017","1","40.429605","-79.956926","","11","0","0","0","0","0","0","0","0","1","0","1","0","","","0","","6","","40 25:46.578","3","2","79 57:24.932","0","0","0","0","2301","0","0","0","N","0","0","0","1","02301","0","","1.0","","1","N","N","","0","","0","0","0","","4","N","","1","0","0","0","0","0","0","2","0","1","","","","N","","","","","","","","","",""
"2017072682","","1","0","0","0","0","0","0","0","0","4","0","","02","7","2017","7","40.434398","-79.953183","","11","0","0","0","0","0","0","0","0","","0","0","0","","","1","","1","","40 26:03.832","","0","79 57:11.458","3","0","0","1","2301","0","0","0","N","0","0","0","4","02301","0","","1.0","","1","N","N","","0","","1","0","0","","2","","","2","1","0","0","0","0","0","2","0","2","","","","N","","","","","","","","","",""
"2017078521","","0","0","0","0","0","0","0","0","0","7","0","","02","7","2017","5","40.615897","-79.7533","","11","0","0","0","0","0","0","0","0","","0","0","0","","","0","","0","","40 36:57.230","","0","79 45:11.881","0","0","0","0","2202","0","0","0","","0","0","0","1","68D02","0","","4.0","","9","N","N","","0","","0","0","1","","0","","","1","0","0","0","0","0","0","2","0","1","","","","N","","","","","","","","","",""
"2017072475","","1","0","0","0","0","0","0","0","0","4","0","","02","7","2017","7","40.429062","-79.988598","","11","0","0","0","0","0","0","0","0","2","0","0","0","","","0","","2","","40 25:44.622","3","0","79 59:18.952","0","0","0","0","2301","0","0","0","N","0","0","0","2","02301","0","","1.0","","1","N","N","","0","","0","0","1","","0","Y","","2","0","0","0","0","0","0","2","0","2","","","","N","","","","","","","","","",""
"2017072227","","1","0","0","0","0","0","0","0","0","4","0","","02","7","2017","6","40.410986","-79.955803","","11","0","0","0","0","0","0","0","0","1","0","0","0","","","0","","0","","40 24:39.550","2","7","79 57:20.890","0","0","0","0","2301","0","0","0","N","0","0","0","2","02301","0","","1.0","","1","N","N","","0","","0","0","0","","2","N","","2","0","0","0","0","0","0","2","1","2","","","","N","","","","","","","","","",""
"2017070042","","1","0","0","0","0","0","0","0","0","7","0","","02","7","2017","7","40.432497","-80.152","","11","0","0","1","0","0","0","0","0","","0","0","0","","","0","","0","","40 25:56.990","","0","80 09:07.200","0","0","0","0","2115","0","0","0","","0","0","0","1","02501","0","","5.0","","9","","","","0","","0","0","0","","0","","","1","0","0","0","0","0","0","1","0","1","","","","N","","","","","","","","","",""
"2017068650","","0","0","0","0","0","0","0","0","0","5","0","","02","7","2017","4","40.499718","-80.023017","","11","0","0","0","0","0","1","0","0","","0","0","0","","","0","","0","","40 29:58.984","","0","80 01:22.860","0","0","0","0","2301","0","0","0","N","0","0","0","5","02301","0","","1.0","","1","N","N","","0","","0","0","2","","0","","","2","0","0","0","0","0","0","2","0","2","","","","N","","","","","","","","","",""
"2017071858","","0","0","0","0","0","0","0","0","0","1","0","","02","7","2017","4","40.50839","-80.223119","","11","0","0","0","0","0","0","0","0","2","0","0","0","","","1","","0","","40 30:30.204","5","7","80 13:23.228","4","0","0","1","2213","0","0","0","","0","0","0","2","02213","1","","1.0","","1","N","N","","0","","0","0","1","","0","N","","2","1","0","0","0","0","0","2","0","2","","","","N","","","","","","","","","",""
"2017068245","","1","0","0","0","0","0","0","0","0","7","0","","02","7","2017","2","40.374761","-80.094756","","11","1","0","0","0","0","0","0","0","2","0","0","0","","","2","","3","","40 22:29.139","7","0","80 05:41.122","8","0","0","0","2117","0","0","0","N","0","0","0","2","02117","0","","4.0","","9","N","N","","0","","0","0","0","","0","N","","1","2","0","0","0","2","0","2","0","1","","","","N","","","","","","","","","",""
"2017063835","","1","0","0","0","0","0","0","0","0","7","0","","02","6","2017","5","40.501912","-80.227671","","11","0","0","0","0","1","0","0","0","","0","0","0","","","0","","0","","40 30:06.882","","0","80 13:39.615","0","0","0","0","2213","0","0","0","N","0","0","0","1","02501","0","","2.0","","1","N","N","","0","","0","0","0","","0","","","1","0","0","0","0","0","0","2","0","1","","","","N","","","","","","","","","",""
"2017075196","","2","0","0","0","0","0","0","0","0","1","0","","02","7","2017","4","40.336142","-80.044892","","11","0","0","1","0","0","0","0","0","","0","0","0","","","0","","0","","40 20:10.110","","0","80 02:41.610","0","0","0","0","2407","0","0","0","","0","0","0","4","02407","0","","1.0","","1","N","N","","0","","0","0","0","","0","","","2","0","0","0","0","0","0","2","0","2","","","","N","","","","","","","","","",""
"2017074528","","2","0","0","0","0","0","0","0","0","4","0","","02","7","2017","6","40.427414","-79.973137","","11","0","0","0","0","0","0","0","0","2","0","0","0","","","0","","1","","40 25:38.691","3","0","79 58:23.292","0","0","0","0","2301","0","0","0","N","0","0","0","2","02301","0","","1.0","","1","N","N","","0","","0","0","0","","2","N","","2","0","0","0","0","0","0","2","0","2","","","","N","","","","","","","","","",""
"2017062022","","1","0","0","1","0","0","0","0","0","8","0","","02","6","2017","6","40.428774","-79.985283","","11","0","0","0","0","0","0","0","0","","0","0","0","","","1","","1","","40 25:43.587","","0","79 59:07.020","4","0","0","0","2301","1","0","0","N","0","0","0","3","02301","1","","1.0","","9","N","N","","0","","0","0","0","","2","","","2","1","1","0","0","0","2","2","0","1","","","","N","","","","","","","","","",""
"2017068996","","1","0","0","0","0","0","0","0","0","1","0","","02","7","2017","5","40.44129","-80.240027","","11","0","0","0","0","0","1","0","2","","0","0","0","","","2","","0","","40 26:28.644","","7","80 14:24.097","3","0","0","0","2214","0","0","0","N","0","0","0","4","02214","0","","1.0","","1","N","N","","0","","2","0","1","","0","","","3","2","0","0","0","0","0","2","1","3","","","","N","","","","","","","","","",""
"2017075283","","2","0","0","0","0","0","0","0","0","4","0","","02","7","2017","2","40.591752","-79.947949","","11","0","0","0","0","0","0","0","0","","0","0","0","","","0","","0","","40 35:30.307","","7","79 56:52.618","0","0","0","0","2207","0","0","0","N","0","0","0","2","02207","0","","4.0","","1","N","N","","0","","0","0","0","","0","","","2","0","0","0","0","0","0","2","0","2","","","","N","","","","","","","","","",""
"2017075294","","0","0","0","0","0","0","0","0","0","4","0","","02","7","2017","6","40.56796","-80.049493","","11","0","0","0","0","0","1","1","0","1","0","0","0","","","1","","1","","40 34:04.655","3","0","80 02:58.174","8","0","0","0","2108","0","0","0","","0","0","0","2","02108","0","","1.0","","1","N","N","","0","","0","0","1","","3","N","","2","1","0","0","0","1","0","2","1","2","","","","N","","","","","","","","","",""
"2017074195","","0","0","0","0","0","0","0","0","0","7","0","","02","7","2017","2","40.609233","-80.047952","","11","0","0","0","0","0","0","0","0","1","0","0","0","","","1","","2","","40 36:33.238","6","0","80 02:52.627","4","0","0","0","2108","0","0","0","","0","0","0","2","02108","1","","5.0","","1","N","N","","0","","0","0","1","","0","Y","","1","1","0","0","0","0","1","2","0","1","","","","N","","","","","","","","","",""
"2017071702","","0","0","0","0","0","0","0","0","0","7","0","","02","7","2017","5","40.515779","-79.84337","","11","0","0","0","0","0","0","0","1","","0","0","0","","","0","","0","","40 30:56.804","","0","79 50:36.131","9","0","0","0","2451","0","0","0","N","0","0","0","1","02451","0","","5.0","","1","N","N","","0","","0","0","0","","0","","","1","0","0","0","0","0","1","2","1","1","","","","N","","","","","","","","","",""
"2017069358","","2","0","0","0","0","0","0","0","0","4","0","","02","7","2017","6","40.43115","-80.025621","","11","0","0","0","0","0","0","0","0","2","0","0","0","","","0","","7","","40 25:52.141","3","2","80 01:32.237","0","0","0","0","2301","0","0","0","N","0","0","0","2","02301","0","","1.0","","1","N","N","","0","","0","0","0","","0","N","","2","0","0","0","0","0","0","2","0","2","","","","N","","","","","","","","","",""
"2017071322","","0","0","0","0","0","0","0","0","0","8","0","","02","7","2017","4","40.440766","-79.995889","","11","0","0","0","0","0","1","0","0","1","0","0","0","","","1","","1","","40 26:26.756","1","0","79 59:45.202","3","0","0","0","2301","1","0","0","N","1","0","0","2","02301","0","","1.0","","1","N","N","","1","","1","0","0","","2","N","","2","1","0","0","0","0","0","2","0","1","","","","N","","","","","","","","","",""
"2017074535","","1","0","0","0","0","0","0","0","0","1","0","","02","7","2017","6","40.373046","-80.224738","","11","0","0","0","0","0","0","0","0","","0","0","0","","","0","","2","","40 22:22.965","","0","80 13:29.056","0","0","0","0","2214","0","0","0","N","0","0","0","2","02214","0","","1.0","","1","N","N","","1","","0","0","0","","0","","","2","0","0","0","0","0","0","2","0","2","","","","N","","","","","","","","","",""
"2017085014","","1","0","0","0","0","0","0","0","0","2","0","","02","8","2017","7","40.466081","-79.865233","","11","0","0","0","0","0","1","0","0","1","0","0","0","","","0","","0","","40 27:57.893","2","0","79 51:54.838","0","0","0","0","2113","0","0","0","N","0","0","0","1","02113","0","","4.0","","9","N","N","","0","","0","0","1","","0","N","","2","0","0","0","0","0","0","2","0","2","","","","N","","","","","","","","","",""
"2017072653","","1","0","0","0","0","0","0","0","0","7","0","","02","7","2017","7","40.497491","-80.06955","","11","0","0","0","0","0","0","1","0","1","0","0","0","","","1","","0","","40 29:50.967","2","0","80 04:10.380","8","0","0","0","2402","0","0","0","N","0","0","0","1","02402","0","","5.0","","1","N","N","","0","","0","0","0","","8","N","","1","1","0","0","0","1","0","2","0","1","","","","N","","","","","","","","","",""
"2017072410","","1","0","1","0","0","0","0","0","0","4","0","","02","7","2017","7","40.407064","-80.034226","","11","0","0","0","0","0","2","0","0","3","0","0","0","","","2","","1","","40 24:25.431","3","0","80 02:03.212","2","0","0","0","2301","0","0","0","N","0","0","0","2","02301","0","","1.0","","1","N","N","","0","","1","1","1","","2","N","","2","2","0","0","0","0","0","2","0","2","","","","N","","","","","","","","","",""
"2017085000","","1","0","0","0","0","0","0","0","0","1","0","","02","8","2017","7","40.465666","-79.832172","","11","0","0","0","0","0","0","0","0","","0","0","0","","","2","","2","","40 27:56.396","","0","79 49:55.820","3","0","0","0","2113","0","0","0","N","0","0","0","3","02113","0","","1.0","","1","N","N","","0","","2","0","1","","2","","","2","2","0","0","0","0","0","2","0","2","","","","N","","","","","","","","","",""
"2017068481","","0","0","0","0","0","0","0","0","0","1","0","","02","7","2017","3","40.471338","-80.037397","","11","0","0","0","0","0","0","0","0","1","0","0","0","","","2","","0","","40 28:16.815","1","0","80 02:14.629","3","0","0","1","2301","0","0","0","N","0","0","0","4","02301","1","","1.0","","1","N","N","","0","","1","0","1","","0","N","","2","2","2","0","0","0","0","2","0","2","","","","N","","","","","","","","","",""
"2017074514","","3","0","0","0","0","0","0","0","0","5","0","","02","7","2017","2","40.407403","-80.086804","","11","0","0","0","0","0","0","0","0","","0","0","0","","","0","","1","","40 24:26.649","","0","80 05:12.493","0","0","0","0","2415","0","0","0","N","0","0","0","1","02415","0","","1.0","","1","N","N","","0","","0","0","0","","0","","","3","0","0","0","0","0","0","2","0","3","","","","N","","","","","","","","","",""
"2017061035","","2","0","0","0","0","0","0","0","0","4","0","","02","6","2017","3","40.346061","-79.925821","","11","0","0","0","0","0","1","0","1","","0","0","0","","","0","","2","","40 20:45.818","","0","79 55:32.954","0","0","0","0","2473","0","0","0","N","0","0","0","2","02473","0","","1.0","","1","N","N","","0","","0","0","0","","3","","","2","0","0","0","0","0","0","2","0","2","","","","N","","","","","","","","","",""
"2017072658","","2","0","0","0","0","0","0","0","0","1","0","","02","7","2017","3","40.393327","-80.06534","","11","0","0","0","0","0","0","2","0","","0","0","0","","","2","","0","","40 23:35.976","","0","80 03:55.225","3","0","0","0","2117","0","0","0","N","0","0","0","3","02117","1","","1.0","","1","N","N","","0","","1","0","0","","0","","","2","2","0","0","0","0","0","2","0","2","","","","N","","","","","","","","","",""
"2017071928","","1","0","0","0","0","0","0","0","0","4","0","","02","7","2017","6","40.425233","-79.947228","","11","0","0","0","0","0","1","0","0","1","0","0","0","","","0","","0","","40 25:30.840","3","0","79 56:50.020","0","0","0","0","2301","0","0","0","N","0","0","0","1","02301","0","","6.0","","9","N","N","","1","","0","0","0","","0","N","","2","0","1","0","0","0","0","2","0","2","","","","N","","","","","","","","","",""
"2017087541","","0","0","0","0","0","0","0","0","0","4","1","","02","8","2017","5","40.500044","-80.221987","","11","0","0","0","0","0","0","0","1","3","0","0","0","","","0","","1","","40 30:00.157","4","0","80 13:19.152","0","0","0","0","2213","0","0","0","","0","0","0","2","02213","0","","1.0","","1","N","N","","0","","0","0","1","","2","N","","2","0","0","0","0","0","0","2","1","2","","","","N","","","","","","","","","",""
"2017073828","","2","0","0","0","0","0","0","0","0","1","0","","02","7","2017","3","40.522287","-80.084157","","11","0","0","0","0","0","0","0","0","","0","0","0","","","0","","2","","40 31:20.233","","0","80 05:02.965","0","0","0","0","2211","0","0","0","","0","0","0","2","02215","0","","1.0","","1","","","","0","","0","0","0","","0","","","2","0","0","0","0","0","0","2","0","2","","","","N","","","","","","","","","",""
"2017072267","","3","0","0","0","0","0","0","0","0","2","0","","02","7","2017","6","40.49335","-79.789757","","11","0","0","0","0","1","0","0","0","1","0","0","0","","","1","","0","","40 29:36.061","3","0","79 47:23.126","8","0","0","0","2113","0","0","0","N","0","0","0","1","02113","0","","2.0","","1","N","N","","0","","0","0","0","","0","N","","3","1","1","0","0","1","0","2","0","3","","","","N","","","","","","","","","",""
"2017062243","","0","0","0","0","0","0","0","0","0","4","0","","02","6","2017","6","40.307645","-79.887647","","11","0","0","0","0","0","0","0","0","1","0","0","0","","","1","","2","","40 18:27.521","2","0","79 53:15.530","4","0","0","0","2302","0","0","0","N","0","0","0","5","02302","1","","1.0","","1","N","N","","0","","0","0","1","","3","N","","2","1","0","0","0","0","0","2","1","2","","","","N","","","","","","","","","",""
"2017071370","","1","0","0","0","0","0","0","0","0","4","0","","02","7","2017","4","40.422433","-79.863906","","11","0","0","0","0","0","2","0","0","1","0","0","0","","","1","","1","","40 25:20.757","4","0","79 51:50.063","4","0","0","0","2411","0","0","0","N","0","0","0","2","02431","1","","2.0","","1","N","N","","0","","0","0","0","","3","N","","2","1","0","0","0","0","0","2","1","2","","","","N","","","","","","","","","",""
"2017082095","","1","0","0","0","0","0","0","0","0","7","0","","02","8","2017","6","40.498978","-80.071126","","11","0","0","0","0","0","0","0","0","","0","0","0","","","1","","0","","40 29:56.319","","3","80 04:16.055","8","0","0","0","2402","0","0","0","Y","0","0","0","1","02402","0","","2.0","","9","N","N","","0","","0","0","0","","0","","","1","1","0","0","0","1","0","2","0","1","","","","N","","","","","","","","","",""
"2017071383","","1","0","0","0","0","0","0","0","0","1","0","","02","7","2017","4","40.466333","-79.846871","","11","0","0","0","0","0","0","0","0","","0","0","0","","","0","","2","","40 27:58.797","","0","79 50:48.734","0","0","0","0","2113","0","0","0","N","0","0","0","5","02113","0","","1.0","","1","N","N","","0","","0","0","2","","0","","","3","0","0","0","0","0","0","2","0","3","","","","N","","","","","","","","","",""
"2017076845","","0","0","0","0","0","0","0","0","0","7","0","","02","7","2017","7","40.631708","-79.996856","","11","0","0","0","0","0","0","0","0","2","0","0","0","","","0","","0","","40 37:54.148","4","0","79 59:48.681","0","0","0","1","2216","0","0","0","N","0","0","0","1","02505","0","","5.0","","1","N","N","","0","","0","0","0","","0","N","","1","0","0","0","0","0","0","1","0","1","","","","N","","","","","","","","","",""
"2017074887","","2","0","0","0","0","0","0","0","0","4","0","","02","7","2017","7","40.411235","-80.012774","","11","0","0","0","0","0","0","0","1","3","0","0","0","","","0","","0","","40 24:40.447","3","0","80 00:45.985","0","0","0","0","2301","0","0","0","N","0","0","0","4","02301","0","","1.0","","1","N","N","","0","","0","0","0","","0","N","","2","0","0","0","0","0","0","2","0","2","","","","N","","","","","","","","","",""
"2017059370","","1","0","0","0","0","0","0","0","0","5","0","","02","6","2017","7","40.445642","-79.998558","","11","0","0","0","0","0","1","0","0","","0","0","0","","","1","","2","","40 26:44.310","","0","79 59:54.808","3","0","0","0","2301","0","0","0","N","0","0","0","2","02301","0","","1.0","","1","N","N","","0","","1","0","0","","2","","","2","1","0","0","0","0","0","2","1","2","","","","N","","","","","","","","","",""
"2017074421","","2","0","0","0","0","0","0","0","0","4","0","","02","7","2017","4","40.347707","-79.996065","","11","1","0","0","0","0","0","0","0","","0","0","0","","","0","","1","","40 20:51.745","","0","79 59:45.834","0","0","0","0","2403","0","0","0","N","0","0","0","2","02403","0","","1.0","","1","N","N","","0","","0","0","0","","0","","","2","0","0","0","0","0","0","2","0","2","","","","N","","","","","","","","","",""
"2017077629","","3","0","0","0","0","0","0","0","0","1","0","","02","7","2017","7","40.447816","-79.937146","","11","0","0","0","0","0","0","1","0","2","0","0","0","","","3","","3","","40 26:52.137","1","0","79 56:13.724","4","0","0","0","2301","0","0","0","N","0","0","0","9","02301","3","","1.0","","1","N","N","","0","","0","0","0","","2","N","","3","3","0","0","0","0","0","2","0","3","","","","N","","","","","","","","","",""
"2017075001","","2","0","0","0","0","0","0","0","0","1","0","","02","7","2017","3","40.447456","-79.942642","","11","0","0","0","0","0","0","0","0","1","0","0","0","","","0","","0","","40 26:50.840","4","0","79 56:33.510","0","0","0","0","2301","0","0","0","N","0","0","0","2","02301","0","","1.0","","1","N","N","","0","","0","0","0","","2","N","","2","0","0","0","0","0","0","2","0","2","","","","N","","","","","","","","","",""
"2017072399","","1","0","0","0","0","0","0","0","0","4","0","","02","7","2017","3","40.613841","-80.099981","","11","0","0","1","0","1","0","0","0","","0","0","0","","","0","","2","","40 36:49.826","","0","80 05:59.931","0","0","0","0","2481","0","0","0","N","0","0","0","3","02481","0","","1.0","","9","N","N","","0","","0","0","1","","2","","","2","0","0","0","0","0","0","1","0","2","","","","N","","","","","","","","","",""
"2017071290","","1","0","0","0","0","0","0","0","0","1","0","","02","7","2017","4","40.479161","-80.043437","","11","0","0","0","0","0","0","0","0","1","0","0","0","","","0","","0","","40 28:44.980","2","3","80 02:36.372","0","0","0","0","2301","0","0","0","N","0","0","0","3","02301","0","","1.0","","9","N","N","","0","","0","0","2","","0","N","","3","0","0","0","0","0","0","2","0","3","","","","N","","","","","","","","","",""
"2017070687","","1","0","0","0","0","0","0","0","0","7","0","","02","7","2017","2","40.471619","-79.889278","","11","0","0","0","0","0","0","0","0","","0","0","0","","","0","","0","","40 28:17.830","","0","79 53:21.400","0","0","0","0","2301","0","0","0","Y","0","0","0","1","02301","0","","2.0","","9","N","N","","0","","0","0","0","","0","","","1","0","0","0","0","0","0","2","0","1","","","","N","","","","","","","","","",""
"2017068960","","0","0","0","0","0","0","0","0","0","7","0","","02","7","2017","5","40.454348","-80.016479","","11","0","0","1","0","0","0","0","0","","0","0","0","","","1","","0","","40 27:15.652","","0","80 00:59.324","3","0","0","0","2301","0","0","0","N","0","0","0","2","02301","0","","5.0","","1","N","N","","0","","1","0","1","","0","","","1","1","0","0","0","0","1","2","0","1","","","","N","","","","","","","","","",""
"2017075684","","1","0","0","0","0","0","0","0","0","4","0","","02","7","2017","7","40.43741","-79.979513","","11","0","0","0","0","0","0","0","0","1","0","0","0","","","1","","1","","40 26:14.677","2","0","79 58:46.247","3","0","0","0","2301","0","0","0","N","0","0","0","3","02301","0","","1.0","","1","N","N","","0","","1","0","1","","3","N","","2","1","0","0","0","0","0","2","0","2","","","","N","","","","","","","","","",""
"2017061634","","0","0","0","0","0","0","0","0","0","4","0","","02","6","2017","5","40.350014","-79.871543","","11","0","0","0","0","0","0","0","0","","0","0","0","","","1","","1","","40 21:00.051","","2","79 52:17.553","8","0","0","0","2304","0","0","0","N","0","0","0","5","02304","0","","1.0","","1","N","N","","1","","0","0","1","","2","","","2","1","0","0","0","1","0","2","0","2","","","","N","","","","","","","","","",""
"2017076498","","0","0","0","0","0","0","0","0","0","2","0","","02","7","2017","5","40.534497","-80.05499","","11","0","0","0","0","0","0","0","0","2","0","0","0","","","3","","0","","40 32:04.190","6","0","80 03:17.963","3","0","0","0","2116","0","0","0","N","0","0","0","3","02116","0","","1.0","","1","N","N","","1","","3","0","1","","0","N","","2","3","0","0","0","0","0","2","0","2","","","","N","","","","","","","","","",""
"2017071101","","1","0","0","0","0","0","0","0","0","4","0","","02","7","2017","3","40.29355","-79.888657","","11","0","0","0","1","0","1","0","0","1","0","0","0","","","1","","2","","40 17:36.779","4","0","79 53:19.165","3","0","0","0","2302","0","0","0","N","0","0","0","2","02302","0","","1.0","","1","N","N","","0","","1","0","0","","2","N","","2","1","0","0","0","0","0","2","1","2","","","","N","","","","","","","","","",""
"2017074696","","2","0","0","0","0","0","0","0","0","7","0","","02","7","2017","7","40.344444","-79.884194","","11","0","0","0","0","0","0","0","0","2","0","0","0","","","0","","0","","40 20:40.000","3","3","79 53:03.100","0","0","0","0","2433","0","0","0","N","0","0","0","3","02433","0","","1.0","","1","N","N","","0","","0","0","0","","0","Y","","2","0","0","0","0","0","0","2","0","2","","","","N","","","","","","","","","",""
"2017075966","","2","0","0","0","0","0","0","0","0","4","0","","02","7","2017","7","40.448934","-80.000728","","11","0","0","0","0","0","0","0","0","1","0","0","0","","","2","","1","","40 26:56.164","3","0","80 00:02.622","4","0","0","0","2301","0","0","0","N","0","0","0","2","02301","2","","1.0","","1","N","N","","0","","0","0","0","","1","N","","2","2","0","0","0","0","0","2","0","2","","","","N","","","","","","","","","",""