"CRN","ARRIVAL_TM","AUTOMOBILE_COUNT","BELTED_DEATH_COUNT","BELTED_SUSP_SERIOUS_INJ_COUNT","BICYCLE_COUNT","BICYCLE_DEATH_COUNT","BICYCLE_SUSP_SERIOUS_INJ_COUNT","BUS_COUNT","CHLDPAS_DEATH_COUNT","CHLDPAS_SUSP_SERIOUS_INJ_COUNT","COLLISION_TYPE","COMM_VEH_COUNT","CONS_ZONE_SPD_LIM","COUNTY","CRASH_MONTH","CRASH_YEAR","DAY_OF_WEEK","DEC_LATITUDE","DEC_LONGITUDE","DISPATCH_TM","DISTRICT","DRIVER_COUNT_16YR","DRIVER_COUNT_17YR","DRIVER_COUNT_18YR","DRIVER_COUNT_19YR","DRIVER_COUNT_20YR","DRIVER_COUNT_50_64YR","DRIVER_COUNT_65_74YR","DRIVER_COUNT_75PLUS","EST_HRS_CLOSED","FATAL_COUNT","HEAVY_TRUCK_COUNT","HORSE_BUGGY_COUNT","HOUR_OF_DAY","ILLUMINATION","INJURY_COUNT","INTERSECTION_RELATED","INTERSECT_TYPE","LANE_CLOSED","LATITUDE","LN_CLOSE_DIR","LOCATION_TYPE","LONGITUDE","MAX_SEVERITY_LEVEL","MCYCLE_DEATH_COUNT","MCYCLE_SUSP_SERIOUS_INJ_COUNT","MOTORCYCLE_COUNT","MUNICIPALITY","NONMOTR_COUNT","NONMOTR_DEATH_COUNT","NONMOTR_SUSP_SERIOUS_INJ_COUNT","NTFY_HIWY_MAINT","PED_COUNT","PED_DEATH_COUNT","PED_SUSP_SERIOUS_INJ_COUNT","PERSON_COUNT","POLICE_AGCY","POSSIBLE_INJ_COUNT","RDWY_SURF_TYPE_CD","RELATION_TO_ROAD","ROADWAY_CLEARED","ROAD_CONDITION","SCH_BUS_IND","SCH_ZONE_IND","SECONDARY_CRASH","SMALL_TRUCK_COUNT","SPEC_JURIS_CD","SUSP_MINOR_INJ_COUNT","SUSP_SERIOUS_INJ_COUNT","SUV_COUNT","TCD_FUNC_CD","TCD_TYPE","TFC_DETOUR_IND","TIME_OF_DAY","TOTAL_UNITS","TOT_INJ_COUNT","UNBELTED_OCC_COUNT","UNB_DEATH_COUNT","UNB_SUSP_SERIOUS_INJ_COUNT","UNK_INJ_DEG_COUNT","UNK_INJ_PER_COUNT","URBAN_RURAL","VAN_COUNT","VEHICLE_COUNT","WEATHER1","WEATHER2","WORKERS_PRES","WORK_ZONE_IND","WORK_ZONE_LOC","WORK_ZONE_TYPE","WZ_CLOSE_DETOUR","WZ_FLAGGER","WZ_LAW_OFFCR_IND","WZ_LN_CLOSURE","WZ_MOVING","WZ_OTHER","WZ_SHLDER_MDN","WZ_WORKERS_INJ_KILLED"
"2017085192","","1","0","0","0","0","0","0","0","0","7","0","","02","8","2017","2","40.442075","-79.775161","","11","0","0","0","0","0","0","0","0","1","0","0","0","","","0","","0","","40 26:31.470","2","0","79 46:30.580","0","0","0","0","2446","0","0","0","N","0","0","0","1","02446","0","","2.0","","1","N","N","","0","","0","0","0","","0","N","","1","0","0","0","0","0","0","2","0","1","","","","N","","","","","","","","","",""
"2017073983","","1","0","0","0","0","0","0","0","0","6","0","","02","7","2017","4","40.419439","-79.995789","","11","0","0","0","0","0","0","0","0","","0","0","0","","","0","","0","","40 25:09.980","","0","79 59:44.840","9","0","0","0","2301","0","0","0","N","0","0","0","1","02301","0","","1.0","","1","N","N","","0","","0","0","0","","0","","","2","0","0","0","0","0","1","2","1","2","","","","N","","","","","","","","","",""
"2017075191","","0","0","0","0","0","0","0","0","0","7","0","","02","7","2017","7","40.396106","-80.024058","","11","0","0","0","0","0","0","0","0","1","0","0","0","","","0","","1","","40 23:45.983","4","0","80 01:26.609","9","0","0","0","2301","0","0","0","N","0","0","0","1","02301","0","","2.0","","1","N","N","","0","","0","0","1","","2","N","","1","0","0","0","0","0","1","2","0","1","","","","N","","","","","","","","","",""
"2017074451","","2","0","0","0","0","0","0","0","0","5","0","","02","7","2017","6","40.419034","-79.926789","","11","0","0","0","0","0","0","0","0","","0","0","0","","","0","","0","","40 25:08.522","","0","79 55:36.440","0","0","0","0","2301","0","0","0","N","0","0","0","5","02301","0","","1.0","","1","N","N","","0","","0","0","1","","0","","","3","0","0","0","0","0","0","2","0","3","","","","N","","","","","","","","","",""
"2017074084","","1","0","0","0","0","0","0","0","0","7","0","","02","7","2017","2","40.469601","-79.892359","","11","0","0","0","0","0","0","0","0","1","0","0","0","","","0","","1","","40 28:10.563","3","0","79 53:32.492","0","0","0","0","2301","0","0","0","N","0","0","0","2","02301","0","","4.0","","1","N","N","","0","","0","0","0","","0","N","","1","0","0","0","0","0","0","2","0","1","","","","N","","","","","","","","","",""
"2017089576","","0","0","0","0","0","0","0","0","0","4","0","","02","8","2017","1","40.526477","-80.159123","","11","0","1","0","0","0","0","0","0","1","0","0","0","","","0","","1","","40 31:35.318","2","0","80 09:32.841","0","0","0","0","2452","0","0","0","","0","0","0","5","68B03","0","","1.0","","1","N","N","","0","","0","0","2","","2","N","","2","0","0","0","0","0","0","2","0","2","","","","N","","","","","","","","","",""
"2017074797","","1","0","0","0","0","0","0","0","0","6","0","","02","7","2017","1","40.330992","-79.999311","","11","0","0","0","0","0","0","0","0","","0","0","0","","","0","","0","","40 19:51.570","","0","79 59:57.520","0","0","0","0","2219","0","0","0","N","0","0","0","5","02501","0","","1.0","","1","N","N","","0","","0","0","1","","0","","","2","0","0","0","0","0","0","2","0","2","","","","N","","","","","","","","","",""
"2017089907","","1","0","0","0","0","0","0","0","0","1","0","","02","8","2017","5","40.426776","-79.892271","","11","0","0","0","0","0","0","0","0","","0","0","0","","","0","","0","","40 25:36.392","","0","79 53:32.176","0","0","0","0","2301","0","0","0","","0","0","0","2","68B03","0","","1.0","","1","N","N","","0","","0","0","1","","0","","","2","0","0","0","0","0","0","2","0","2","","","","N","","","","","","","","","",""
"2017074094","","0","0","0","0","0","0","0","0","0","7","0","","02","7","2017","5","40.466105","-79.985293","","11","0","0","0","0","0","1","0","0","","0","0","0","","","1","","2","","40 27:57.978","","0","79 59:07.054","8","0","0","0","2301","0","0","0","N","0","0","0","1","02301","0","","5.0","","1","N","N","","0","","0","0","1","","3","","","1","1","0","0","0","1","0","2","0","1","","","","N","","","","","","","","","",""
"2017073962","","1","0","0","0","0","0","0","0","0","1","0","45","02","7","2017","4","40.454152","-80.028673","","11","0","0","0","0","0","0","0","0","","0","0","0","","","0","","0","","40 27:14.947","","3","80 01:43.224","0","0","0","0","2301","0","0","0","Y","0","0","0","3","02301","0","","1.0","","1","N","N","","0","","0","0","1","","0","","","2","0","0","0","0","0","0","2","0","2","","","Y","Y","3","1","","","N","Y","Y","","Y",""
"2017075117","","1","0","0","0","0","0","0","0","0","7","0","","02","7","2017","7","40.373981","-80.050708","","11","0","0","1","0","0","0","0","0","","0","0","0","","","0","","0","","40 22:26.330","","0","80 03:02.550","0","0","0","0","2109","0","0","0","","0","0","0","1","02109","0","","4.0","","1","N","N","","0","","0","0","0","","0","","","1","0","0","0","0","0","0","2","0","1","","","","N","","","","","","","","","",""
"2017075342","","2","0","1","0","0","0","0","0","0","4","0","","02","7","2017","2","40.4129","-79.908547","","11","0","0","0","0","0","1","0","0","2","0","0","0","","","2","","0","","40 24:46.440","3","7","79 54:30.770","2","0","0","0","2438","0","0","0","N","0","0","0","2","02438","0","","1.0","","1","N","N","","0","","1","1","0","","3","Y","","2","2","0","0","0","0","0","2","0","2","","","","N","","","","","","","","","",""
"2017098173","","2","0","0","0","0","0","0","0","0","4","0","","02","9","2017","6","40.410381","-79.990392","","11","0","0","0","0","0","1","0","0","","0","0","0","","","0","","2","","40 24:37.371","","0","79 59:25.411","0","0","0","0","2301","0","0","0","N","0","0","0","4","02301","0","","1.0","","1","N","N","","0","","0","0","0","","0","","","2","0","0","0","0","0","0","2","0","2","","","","N","","","","","","","","","",""
"2017108395","","1","0","0","0","0","0","0","0","0","4","0","","02","10","2017","5","40.452914","-80.039369","","11","0","0","0","0","0","0","0","0","3","0","0","0","","","2","","2","","40 27:10.489","5","4","80 02:21.730","8","0","0","0","2301","0","0","0","N","0","0","0","2","02301","0","","1.0","","1","N","N","","0","","0","0","1","","2","N","","2","2","0","0","0","2","0","2","0","2","","","","N","","","","","","","","","",""
"2017108299","","1","0","0","0","0","0","0","0","0","1","0","","02","10","2017","6","40.557473","-79.805365","","11","0","0","0","0","0","1","0","0","2","0","0","0","","","1","","0","","40 33:26.902","1","0","79 48:19.313","3","0","0","0","2121","0","0","0","","0","0","0","2","68D02","0","","1.0","","1","N","N","","1","","1","0","0","","0","N","","2","1","1","0","0","0","0","2","0","2","","","","N","","","","","","","","","",""
"2017093914","","1","0","0","0","0","0","0","0","0","4","0","","02","9","2017","1","40.391729","-80.049266","","11","0","0","0","0","0","0","1","0","","0","0","0","","","0","","1","","40 23:30.224","","0","80 02:57.357","0","0","0","0","2109","0","0","0","","0","0","0","3","02109","0","","1.0","","1","N","N","","0","","0","0","1","","3","","","2","0","0","0","0","0","0","2","0","2","","","","N","","","","","","","","","",""
"2017099617","","1","0","0","0","0","0","0","0","0","5","1","","02","9","2017","4","40.451068","-80.02791","","11","0","0","0","0","0","0","0","0","1","0","1","0","","","0","","0","","40 27:03.846","2","0","80 01:40.475","0","0","0","0","2301","0","0","0","N","0","0","0","3","02301","0","","1.0","","1","N","N","","0","","0","0","1","","0","N","","3","0","0","0","0","0","0","2","0","3","","","","N","","","","","","","","","",""
"2017107956","","2","0","0","0","0","0","0","0","0","1","0","","02","10","2017","3","40.322606","-79.92636","","11","0","0","1","0","0","1","0","0","2","0","0","0","","","0","","2","","40 19:21.383","1","0","79 55:34.896","0","0","0","0","2440","0","0","0","N","0","0","0","2","02440","0","","1.0","","1","N","N","","0","","0","0","0","","0","N","","2","0","0","0","0","0","0","2","0","2","","","","N","","","","","","","","","",""
"2017107553","","0","0","0","0","0","0","0","0","0","4","0","","02","10","2017","3","40.448409","-79.934231","","11","0","0","0","0","0","0","0","0","1","0","0","0","","","0","","2","","40 26:54.272","4","0","79 56:03.231","0","0","0","0","2301","0","0","0","N","0","0","0","3","02301","0","","1.0","","1","N","N","","0","","0","0","1","","2","N","","2","0","0","0","0","0","0","2","1","2","","","","N","","","","","","","","","",""
"2017109050","","1","0","0","0","0","0","0","0","0","8","0","","02","10","2017","6","40.444028","-79.9957","","11","0","0","0","0","0","0","0","0","","0","0","0","","","1","","0","","40 26:38.500","","0","79 59:44.520","4","0","0","0","2301","1","0","0","N","1","0","0","2","02301","1","","1.0","","1","N","N","","0","","0","0","0","","0","","","2","1","0","0","0","0","0","2","0","1","","","","N","","","","","","","","","",""
"2017096909","","2","0","0","0","0","0","0","0","0","1","0","","02","9","2017","3","40.345753","-80.057252","","11","0","0","0","0","0","0","0","0","1","0","0","0","","","0","","0","","40 20:44.711","1","0","80 03:26.108","0","0","0","0","2123","0","0","0","N","0","0","0","3","02123","0","","1.0","","1","N","N","","0","","0","0","0","","2","N","","2","0","0","0","0","0","0","2","0","2","","","","N","","","","","","","","","",""
"2017112531","","1","0","0","0","0","0","0","0","0","7","0","55","02","10","2017","6","40.515588","-80.133772","","11","0","0","0","0","1","0","0","0","","0","0","0","","","0","","0","","40 30:56.116","","3","80 08:01.578","0","0","0","0","2434","0","0","0","","0","0","0","1","68B03","0","","2.0","","1","N","N","","0","","0","0","0","","0","","","1","0","0","0","0","0","0","2","0","1","","","Y","Y","4","2","N","N","Y","Y","N","N","N",""
"2017107954","","1","0","0","0","0","0","0","0","0","5","0","","02","10","2017","4","40.492535","-80.021594","","11","0","0","0","0","0","2","0","0","2","0","0","0","","","3","","0","","40 29:33.125","2","0","80 01:17.737","8","0","0","0","2301","0","0","0","N","0","0","0","3","02301","0","","5.0","","1","N","N","","0","","0","0","1","","2","N","","2","3","0","0","0","3","0","2","0","2","","","","N","","","","","","","","","",""
"2017112287","","2","0","0","0","0","0","0","0","0","1","0","","02","10","2017","6","40.541911","-80.012913","","11","0","0","0","0","0","0","0","0","1","0","0","0","","","1","","2","","40 32:30.878","3","0","80 00:46.485","3","0","0","0","2116","0","0","0","N","0","0","0","4","02116","0","","1.0","","1","N","N","","1","","1","0","0","","0","Y","","3","1","0","0","0","0","0","2","0","3","","","","N","","","","","","","","","",""
"2017107495","","1","0","0","0","0","0","0","0","0","4","0","","02","10","2017","3","40.441814","-79.950142","","11","0","0","0","0","0","0","0","0","1","0","0","0","","","1","","0","","40 26:30.530","3","7","79 57:00.510","3","0","0","1","2301","0","0","0","N","0","0","0","3","02301","0","","1.0","","1","N","N","","0","","1","0","0","","0","N","","2","1","0","0","0","0","0","2","0","2","","","","N","","","","","","","","","",""
"2017107937","","2","0","0","0","0","0","0","0","0","6","0","","02","10","2017","4","40.461318","-79.813052","","11","0","0","0","1","0","0","0","0","","0","0","0","","","2","","2","","40 27:40.744","","0","79 48:46.987","8","0","0","0","2113","0","0","0","N","0","0","0","4","02113","0","","1.0","","1","N","N","","0","","0","0","0","","3","","","2","2","0","0","0","2","0","2","0","2","","","","N","","","","","","","","","",""
"2017103188","","0","0","0","0","0","0","0","0","0","7","0","","02","10","2017","6","40.516911","-79.8335","","11","0","0","0","0","0","0","1","0","","0","0","0","","","0","","0","","40 31:00.880","","0","79 50:00.600","0","0","0","0","2451","0","0","0","N","0","0","0","1","02451","0","","5.0","","1","N","N","","0","","0","0","0","","0","","","1","0","0","0","0","0","0","2","1","1","","","","N","","","","","","","","","",""
"2017109500","","1","0","0","0","0","0","0","0","0","1","0","","02","10","2017","1","40.429915","-79.714238","","11","0","0","0","0","0","0","0","0","2","0","0","0","","","2","","0","","40 25:47.694","3","0","79 42:51.258","3","0","0","0","2446","0","0","0","N","0","0","0","3","02446","0","","1.0","","1","N","N","","0","","2","0","1","","0","Y","","2","2","2","0","0","0","0","2","0","2","","","","N","","","","","","","","","",""
"2017112689","","1","0","0","0","0","0","0","0","0","7","0","","02","10","2017","1","40.435509","-79.993558","","11","0","0","0","0","1","0","0","0","1","0","0","0","","","0","","0","","40 26:07.831","1","2","79 59:36.808","0","0","0","0","2301","0","0","0","N","0","0","0","2","02301","0","","2.0","","9","N","N","","0","","0","0","0","","0","N","","1","0","0","0","0","0","0","2","0","1","","","","N","","","","","","","","","",""
"2017109054","","1","0","0","0","0","0","0","0","0","5","1","","02","10","2017","6","40.463706","-79.980576","","11","0","0","0","0","0","1","0","0","2","0","1","0","","","0","","0","","40 27:49.342","1","0","79 58:50.074","0","0","0","0","2301","0","0","0","","0","0","0","2","02301","0","","1.0","","1","","","","0","","0","0","0","","0","N","","2","0","0","0","0","0","0","2","0","2","","","","N","","","","","","","","","",""
"2017108315","","1","0","0","0","0","0","0","0","0","1","0","","02","10","2017","3","40.494059","-79.903164","","11","0","0","0","0","0","1","0","0","1","0","0","0","","","0","","0","","40 29:38.611","2","0","79 54:11.390","0","0","0","0","2401","0","0","0","","0","0","0","4","68D02","0","","1.0","","1","N","N","","1","","0","0","2","","0","N","","4","0","0","0","0","0","0","2","0","4","","","","N","","","","","","","","","",""
"2017112110","","1","0","0","0","0","0","0","0","0","7","0","","02","10","2017","6","40.541301","-80.051146","","11","0","1","0","0","0","0","0","0","4","0","0","0","","","1","","0","","40 32:28.684","5","0","80 03:04.124","4","0","0","0","2116","0","0","0","N","0","0","0","1","02116","1","","5.0","","1","N","N","","0","","0","0","0","","0","Y","","1","1","0","0","0","0","0","2","0","1","","","","N","","","","","","","","","",""
"2017106786","","0","0","0","0","0","0","0","0","0","8","0","","02","10","2017","1","40.442235","-79.957883","","11","0","0","0","0","0","0","0","0","2","0","0","0","","","1","","1","","40 26:32.047","4","0","79 57:28.377","2","0","0","0","2301","1","0","1","N","1","0","1","2","02301","0","","1.0","","9","N","N","","1","","0","1","0","","2","N","","2","1","0","0","0","0","0","2","0","1","","","","N","","","","","","","","","",""
"2017072437","","0","0","0","0","0","0","0","0","0","8","0","","02","7","2017","7","40.437119","-79.919406","","11","0","0","0","0","0","0","0","1","","0","0","0","","","1","","0","","40 26:13.630","","0","79 55:09.860","8","0","0","0","2301","1","0","0","N","1","0","0","2","02301","0","","1.0","","1","N","N","","0","","0","0","1","","0","","","2","1","0","0","0","1","0","2","0","1","","","","N","","","","","","","","","",""
"2017086015","","1","0","0","0","0","0","0","0","0","7","0","","02","8","2017","4","","","","11","0","0","0","0","0","0","0","0","1","0","0","0","","","0","","0","","","7","0","","0","0","0","0","2301","0","0","0","N","0","0","0","1","02301","0","","2.0","","1","N","N","","0","","0","0","0","","0","N","","1","0","0","0","0","0","0","1","0","1","","","","N","","","","","","","","","",""
"2017107552","","0","0","0","0","0","0","0","0","0","1","0","","02","10","2017","3","40.433999","-79.965158","","11","0","0","0","0","0","0","0","0","2","0","0","0","","","0","","0","","40 26:02.396","4","0","79 57:54.569","0","0","0","0","2301","0","0","0","N","0","0","0","2","02301","0","","1.0","","1","N","N","","0","","0","0","2","","0","N","","2","0","0","0","0","0","0","2","0","2","","","","N","","","","","","","","","",""
"2017072230","","1","0","0","1","0","0","0","0","0","8","0","","02","7","2017","6","40.463754","-79.923805","","11","0","0","0","0","0","0","0","0","","0","0","0","","","1","","1","","40 27:49.514","","0","79 55:25.697","8","0","0","0","2301","1","0","0","N","0","0","0","2","02301","0","","1.0","","1","N","N","","0","","0","0","0","","2","","","2","1","0","0","0","1","0","2","0","1","","","","N","","","","","","","","","",""
"2017094876","","2","0","0","0","0","0","0","0","0","1","0","","02","9","2017","6","40.460436","-79.913794","","11","0","0","0","0","0","0","1","0","1","0","0","0","","","0","","5","","40 27:37.569","4","0","79 54:49.658","0","0","0","0","2301","0","0","0","N","0","0","0","4","02301","0","","1.0","","1","N","N","","0","","0","0","0","","2","N","","2","0","1","0","0","0","0","2","0","2","","","","N","","","","","","","","","",""
"2017085070","","1","0","0","0","0","0","0","0","0","7","0","","02","8","2017","2","40.392724","-79.933708","","11","0","0","0","0","0","0","0","0","2","0","0","0","","","0","","7","","40 23:33.805","4","2","79 56:01.348","0","0","0","0","2301","0","0","0","N","0","0","0","1","02301","0","","7.0","","1","N","N","","0","","0","0","0","","0","N","","1","0","0","0","0","0","0","2","0","1","","","","N","","","","","","","","","",""
"2017111383","","0","0","0","0","0","0","0","0","0","8","0","","02","10","2017","5","40.471547","-79.926308","","11","0","0","0","0","0","0","0","0","1","0","0","0","","","1","","1","","40 28:17.569","3","0","79 55:34.708","8","0","0","0","2301","1","0","0","N","1","0","0","2","02301","0","","1.0","","1","N","N","","0","","0","0","1","","2","N","","2","1","0","0","0","1","0","2","0","1","","","","N","","","","","","","","","",""
"2017108722","","2","0","0","0","0","0","0","0","0","1","0","","02","10","2017","6","40.47592","-79.917914","","11","0","0","0","0","0","1","0","0","","0","0","0","","","1","","2","","40 28:33.311","","0","79 55:04.490","4","0","0","0","2301","0","0","0","N","0","0","0","2","02301","1","","1.0","","1","N","N","","0","","0","0","0","","3","","","2","1","0","0","0","0","0","2","0","2","","","","N","","","","","","","","","",""
"2017109165","","1","0","0","0","0","0","0","0","0","7","0","","02","10","2017","7","40.444563","-79.848066","","11","0","0","0","0","0","0","0","0","3","0","0","0","","","0","","0","","40 26:40.427","3","0","79 50:53.039","0","0","0","0","2419","0","0","0","Y","0","0","0","1","02419","0","","4.0","","1","N","N","","0","","0","0","0","","0","Y","","1","0","0","0","0","0","0","2","0","1","","","","N","","","","","","","","","",""
"2017107505","","0","0","0","0","0","0","0","0","0","7","0","","02","10","2017","3","40.294439","-79.904183","","11","0","0","0","0","0","0","0","0","3","0","0","0","","","1","","0","","40 17:39.980","6","0","79 54:15.058","8","0","0","1","2440","0","0","0","N","0","0","0","1","02440","0","","5.0","","1","N","N","","0","","0","0","0","","8","Y","","1","1","0","0","0","1","0","2","0","1","","","","N","","","","","","","","","",""
"2017113232","","1","0","0","0","0","0","0","0","0","7","0","","02","10","2017","1","40.570803","-79.791983","","11","0","0","0","0","0","0","0","0","","0","0","0","","","0","","0","","40 34:14.889","","0","79 47:31.140","0","0","0","0","2206","0","0","0","","0","0","0","1","68D02","0","","4.0","","9","N","N","","0","","0","0","0","","0","","","1","0","0","0","0","0","0","2","0","1","","","","N","","","","","","","","","",""
"2017109989","","0","0","0","0","0","0","0","0","0","0","0","","02","10","2017","5","40.466022","-79.865278","","11","0","0","0","0","0","0","0","0","3","0","0","0","","","0","","0","","40 27:57.679","5","0","79 51:55.000","9","0","0","0","2113","0","0","0","N","0","0","0","1","02113","0","","4.0","","1","N","N","","0","","0","0","1","","0","Y","","1","0","0","0","0","0","1","2","0","1","","","","N","","","","","","","","","",""
"2017102926","","1","0","0","0","0","0","0","0","0","1","0","","02","10","2017","5","40.550703","-80.099415","","11","0","0","0","0","0","1","0","0","","0","0","0","","","0","","2","","40 33:02.530","","0","80 05:57.895","0","0","0","0","2215","0","0","0","N","0","0","0","3","02215","0","","1.0","","9","N","N","","1","","0","0","0","","0","","","2","0","0","0","0","0","0","2","0","2","","","","N","","","","","","","","","",""
"2017108472","","3","0","0","0","0","0","0","0","0","4","0","","02","10","2017","4","40.322195","-80.056712","","11","0","0","0","0","0","0","0","2","","0","0","0","","","2","","1","","40 19:19.902","","0","80 03:24.163","3","0","0","0","2407","0","0","0","","0","0","0","4","02407","0","","1.0","","1","N","N","","1","","1","0","0","","3","","","4","2","2","0","0","1","0","2","0","4","","","","N","","","","","","","","","",""
"2017111430","","1","0","0","0","0","0","0","0","0","1","0","","02","10","2017","7","40.390254","-79.868803","","11","0","0","1","0","0","1","0","0","1","0","0","0","","","0","","0","","40 23:24.914","1","0","79 52:07.692","0","0","0","0","2473","0","0","0","N","0","0","0","5","02473","0","","1.0","","1","N","N","","0","","0","0","1","","0","N","","2","0","0","0","0","0","0","2","0","2","","","","N","","","","","","","","","",""
"2017112840","","1","0","0","0","0","0","0","0","0","7","0","","02","10","2017","1","40.54075","-79.816135","","11","0","0","0","0","0","0","1","0","","0","0","0","","","0","","2","","40 32:26.700","","0","79 48:58.085","9","0","0","0","2208","0","0","0","N","0","0","0","1","02208","0","","5.0","","9","N","N","","0","","0","0","0","","2","","","1","0","0","0","0","0","1","2","0","1","","","","N","","","","","","","","","",""
"2017111063","","1","0","0","0","0","0","0","0","0","1","0","","02","10","2017","6","40.659984","-79.934041","","11","0","0","0","0","1","0","0","0","1","0","0","0","","","1","","0","","40 39:35.944","2","7","79 56:02.546","8","0","0","0","2217","0","0","0","N","0","0","0","4","02505","0","","1.0","","1","N","N","","0","","0","0","1","","0","N","","2","1","0","0","0","1","0","2","0","2","","","","N","","","","","","","","","",""
"2017109092","","1","0","0","0","0","0","0","0","0","0","0","","02","10","2017","7","40.434418","-80.006191","","11","0","0","0","0","0","0","0","0","2","0","0","0","","","0","","0","","40 26:03.904","1","0","80 00:22.287","0","0","0","0","2301","0","0","0","N","0","0","0","1","02301","0","","1.0","","1","N","N","","0","","0","0","0","","0","Y","","1","0","0","0","0","0","0","2","0","1","","","","N","","","","","","","","","",""
"2017108517","","0","0","0","0","0","0","0","0","0","4","0","","02","10","2017","5","40.441988","-80.030249","","11","0","0","0","0","0","1","0","0","","0","0","0","","","1","","0","","40 26:31.158","","0","80 01:48.898","8","0","0","0","2301","0","0","0","N","0","0","0","3","02301","0","","1.0","","1","N","N","","0","","0","0","1","","0","","","2","1","0","0","0","1","0","2","1","2","","","","N","","","","","","","","","",""
"2017106998","","0","0","0","0","0","0","0","0","0","4","0","","02","10","2017","2","40.347052","-79.95251","","11","0","0","0","0","0","1","1","0","","0","0","0","","","0","","2","","40 20:49.387","","7","79 57:09.035","0","0","0","0","2473","0","0","0","N","0","0","0","2","02473","0","","1.0","","1","N","N","","0","","0","0","2","","0","","","2","0","0","0","0","0","0","2","0","2","","","","N","","","","","","","","","",""
"2017078472","","0","0","0","0","0","0","0","0","0","7","0","","02","8","2017","3","40.470864","-79.964972","","11","0","0","0","0","0","0","0","0","","0","0","0","","","0","","2","","40 28:15.110","","0","79 57:53.899","0","0","0","0","2301","0","0","0","N","0","0","0","1","02301","0","","5.0","","1","N","N","","0","","0","0","1","","0","","","1","0","0","0","0","0","0","2","0","1","","","","N","","","","","","","","","",""
"2017106774","","1","0","0","0","0","0","0","0","0","4","0","","02","10","2017","1","40.455059","-80.008601","","11","0","0","0","0","0","0","0","0","1","0","0","0","","","0","","1","","40 27:18.212","7","0","80 00:30.965","0","0","0","0","2301","0","0","0","N","0","0","0","3","02301","0","","1.0","","1","N","N","","0","","0","0","1","","2","N","","2","0","0","0","0","0","0","2","0","2","","","","N","","","","","","","","","",""
"2017106654","","0","0","0","0","0","0","0","0","0","8","0","","02","10","2017","1","40.447435","-79.942465","","11","0","0","0","0","0","0","0","0","1","0","0","0","","","1","","1","","40 26:50.767","3","0","79 56:32.873","8","0","0","0","2301","1","0","0","N","1","0","0","2","02301","0","","1.0","","1","N","N","","1","","0","0","0","","2","Y","","2","1","0","0","0","1","0","2","0","1","","","","N","","","","","","","","","",""
"2017108360","","2","0","0","0","0","0","0","0","0","4","0","","02","10","2017","4","40.455059","-80.008601","","11","0","0","0","0","0","1","0","0","1","0","0","0","","","0","","1","","40 27:18.212","2","0","80 00:30.965","0","0","0","0","2301","0","0","0","N","0","0","0","2","02301","0","","1.0","","1","N","N","","0","","0","0","0","","2","N","","2","0","0","0","0","0","0","2","0","2","","","","N","","","","","","","","","",""
"2017108448","","2","0","0","0","0","0","0","0","0","6","0","","02","10","2017","4","40.332861","-79.970917","","11","0","0","0","0","0","0","1","0","","0","0","0","","","0","","0","","40 19:58.300","","0","79 58:15.300","0","0","0","0","2454","0","0","0","N","0","0","0","1","02454","0","","1.0","","1","N","N","","1","","0","0","0","","0","","","3","0","0","0","0","0","0","2","0","3","","","","N","","","","","","","","","",""
"2017075885","","2","0","0","0","0","0","0","0","0","4","0","","02","7","2017","5","40.421909","-80.03083","","11","0","0","0","0","0","0","0","0","1","0","0","0","","","1","","0","","40 25:18.874","4","0","80 01:50.989","3","0","0","0","2301","0","0","0","","0","0","0","2","68B03","0","","1.0","","1","N","N","","0","","1","0","0","","0","N","","2","1","0","0","0","0","0","2","0","2","","","","N","","","","","","","","","",""
"2017111910","","1","0","0","0","0","0","0","0","0","1","0","","02","10","2017","6","40.34837","-79.944808","","11","0","0","0","0","0","0","1","0","1","0","0","0","","","1","","1","","40 20:54.133","2","0","79 56:41.310","8","0","0","0","2473","0","0","0","N","0","0","0","2","02473","0","","1.0","","1","N","N","","0","","0","0","1","","4","N","","2","1","0","0","0","1","0","2","0","2","","","","N","","","","","","","","","",""
"2017112152","","1","0","0","0","0","0","0","0","0","1","0","","02","10","2017","4","40.362263","-80.046703","","11","0","1","0","0","0","0","0","0","2","0","0","0","","","0","","1","","40 21:44.146","2","0","80 02:48.129","0","0","0","0","2109","0","0","0","","0","0","0","3","02109","0","","1.0","","9","N","N","","0","","0","0","1","","0","N","","2","0","0","0","0","0","0","2","0","2","","","","N","","","","","","","","","",""
"2017108592","","2","0","0","0","0","0","0","0","0","1","0","","02","10","2017","5","40.427039","-79.863051","","11","0","0","0","0","0","0","0","0","1","0","0","0","","","1","","2","","40 25:37.339","3","0","79 51:46.983","4","0","0","0","2431","0","0","0","N","0","0","0","2","02431","1","","1.0","","1","N","N","","0","","0","0","0","","2","N","","2","1","0","0","0","0","1","2","0","2","","","","N","","","","","","","","","",""
"2017107924","","1","0","0","0","0","0","0","0","0","1","0","","02","10","2017","4","40.343101","-79.813568","","11","0","0","0","0","0","0","0","0","","0","0","0","","","2","","0","","40 20:35.165","","0","79 48:48.846","4","0","0","0","2477","0","0","0","N","0","0","0","3","02477","2","","1.0","","1","N","N","","1","","0","0","0","","0","","","2","2","0","0","0","0","0","2","0","2","","","","N","","","","","","","","","",""