"CRN","ARRIVAL_TM","AUTOMOBILE_COUNT","BELTED_DEATH_COUNT","BELTED_SUSP_SERIOUS_INJ_COUNT","BICYCLE_COUNT","BICYCLE_DEATH_COUNT","BICYCLE_SUSP_SERIOUS_INJ_COUNT","BUS_COUNT","CHLDPAS_DEATH_COUNT","CHLDPAS_SUSP_SERIOUS_INJ_COUNT","COLLISION_TYPE","COMM_VEH_COUNT","CONS_ZONE_SPD_LIM","COUNTY","CRASH_MONTH","CRASH_YEAR","DAY_OF_WEEK","DEC_LATITUDE","DEC_LONGITUDE","DISPATCH_TM","DISTRICT","DRIVER_COUNT_16YR","DRIVER_COUNT_17YR","DRIVER_COUNT_18YR","DRIVER_COUNT_19YR","DRIVER_COUNT_20YR","DRIVER_COUNT_50_64YR","DRIVER_COUNT_65_74YR","DRIVER_COUNT_75PLUS","EST_HRS_CLOSED","FATAL_COUNT","HEAVY_TRUCK_COUNT","HORSE_BUGGY_COUNT","HOUR_OF_DAY","ILLUMINATION","INJURY_COUNT","INTERSECTION_RELATED","INTERSECT_TYPE","LANE_CLOSED","LATITUDE","LN_CLOSE_DIR","LOCATION_TYPE","LONGITUDE","MAX_SEVERITY_LEVEL","MCYCLE_DEATH_COUNT","MCYCLE_SUSP_SERIOUS_INJ_COUNT","MOTORCYCLE_COUNT","MUNICIPALITY","NONMOTR_COUNT","NONMOTR_DEATH_COUNT","NONMOTR_SUSP_SERIOUS_INJ_COUNT","NTFY_HIWY_MAINT","PED_COUNT","PED_DEATH_COUNT","PED_SUSP_SERIOUS_INJ_COUNT","PERSON_COUNT","POLICE_AGCY","POSSIBLE_INJ_COUNT","RDWY_SURF_TYPE_CD","RELATION_TO_ROAD","ROADWAY_CLEARED","ROAD_CONDITION","SCH_BUS_IND","SCH_ZONE_IND","SECONDARY_CRASH","SMALL_TRUCK_COUNT","SPEC_JURIS_CD","SUSP_MINOR_INJ_COUNT","SUSP_SERIOUS_INJ_COUNT","SUV_COUNT","TCD_FUNC_CD","TCD_TYPE","TFC_DETOUR_IND","TIME_OF_DAY","TOTAL_UNITS","TOT_INJ_COUNT","UNBELTED_OCC_COUNT","UNB_DEATH_COUNT","UNB_SUSP_SERIOUS_INJ_COUNT","UNK_INJ_DEG_COUNT","UNK_INJ_PER_COUNT","URBAN_RURAL","VAN_COUNT","VEHICLE_COUNT","WEATHER1","WEATHER2","WORKERS_PRES","WORK_ZONE_IND","WORK_ZONE_LOC","WORK_ZONE_TYPE","WZ_CLOSE_DETOUR","WZ_FLAGGER","WZ_LAW_OFFCR_IND","WZ_LN_CLOSURE","WZ_MOVING","WZ_OTHER","WZ_SHLDER_MDN","WZ_WORKERS_INJ_KILLED"
"2017103667","","1","0","0","0","0","0","0","0","0","4","0","","02","10","2017","1","40.39919","-80.025075","","11","0","0","0","0","0","0","0","0","1","0","0","0","","","0","","2","","40 23:57.084","2","0","80 01:30.271","9","0","0","0","2301","0","0","0","N","0","0","0","3","02301","0","","1.0","","9","N","N","","0","","0","0","1","","3","N","","2","0","0","0","0","0","1","2","0","2","","","","N","","","","","","","","","",""
"2017113661","","1","0","0","0","0","0","0","0","0","7","0","","02","10","2017","7","40.428985","-79.944928","","11","0","0","0","1","0","0","0","0","","0","0","0","","","0","","0","","40 25:44.345","","0","79 56:41.739","0","0","0","0","2301","0","0","0","","0","0","0","3","68B03","0","","3.0","","9","N","N","","0","","0","0","0","","0","","","1","0","0","0","0","0","0","2","0","1","","","","N","","","","","","","","","",""
"2017109205","","0","0","0","0","0","0","0","0","0","5","0","","02","10","2017","7","40.418331","-79.889928","","11","0","0","0","0","0","1","0","0","","0","0","0","","","1","","0","","40 25:05.990","","0","79 53:23.740","3","0","0","1","2463","0","0","0","N","0","0","0","1","02463","0","","1.0","","1","N","N","","0","","1","0","0","","0","","","2","1","0","0","0","0","0","2","1","2","","","","N","","","","","","","","","",""
"2017108935","","1","0","0","0","0","0","0","0","0","4","0","","02","10","2017","6","40.354053","-80.005093","","11","0","0","0","0","0","1","0","0","1","0","0","0","","","2","","1","","40 21:14.590","1","0","80 00:18.334","8","0","0","0","2476","0","0","0","N","0","0","0","2","02476","0","","1.0","","1","N","N","","0","","0","0","1","","3","Y","","2","2","0","0","0","2","0","2","0","2","","","","N","","","","","","","","","",""
"2017111585","","2","0","0","0","0","0","0","0","0","4","0","","02","10","2017","5","40.448893","-80.018307","","11","0","0","0","0","0","1","0","0","","0","0","0","","","0","","6","","40 26:56.014","","2","80 01:05.906","0","0","0","0","2301","0","0","0","N","0","0","0","3","02301","0","","1.0","","1","N","N","","0","","0","0","1","","0","","","3","0","0","0","0","0","0","2","0","3","","","","N","","","","","","","","","",""
"2017124124","","0","0","0","0","0","0","0","0","0","2","0","","02","11","2017","6","40.332422","-79.933883","","11","0","0","1","0","0","1","0","0","","0","0","0","","","1","","1","","40 19:56.719","","0","79 56:01.978","8","0","0","0","2473","0","0","0","N","0","0","0","2","02473","0","","1.0","","1","N","N","","0","","0","0","2","","2","","","2","1","0","0","0","1","0","2","0","2","","","","N","","","","","","","","","",""
"2017106417","","0","0","0","0","0","0","0","0","0","0","0","","02","10","2017","7","40.46713","-80.075433","","11","0","0","0","1","0","1","0","0","","0","0","0","","","1","","0","","40 28:01.668","","0","80 04:31.558","3","0","0","0","2444","0","0","0","N","0","0","0","2","02444","0","","1.0","","1","N","N","","0","","1","0","1","","0","","","2","1","0","0","0","0","0","2","1","2","","","","N","","","","","","","","","",""
"2017107417","","0","0","0","0","0","0","0","0","0","99","0","","02","10","2017","6","40.568062","-80.037644","","11","0","0","0","0","0","0","0","0","1","0","0","0","","","0","","2","","40 34:05.023","1","0","80 02:15.520","0","0","0","0","2108","0","0","0","","0","0","0","1","02108","0","","1.0","","1","N","N","","0","","0","0","1","","0","N","","1","0","0","0","0","0","0","2","0","1","","","","N","","","","","","","","","",""
"2017112945","","3","0","0","0","0","0","0","0","0","4","0","","02","10","2017","6","40.558199","-80.023334","","11","0","0","0","0","0","0","1","0","2","0","0","0","","","2","","1","","40 33:29.515","5","0","80 01:24.001","8","0","0","0","2108","0","0","0","","0","0","0","5","02108","0","","1.0","","1","N","N","","0","","0","0","0","","2","N","","3","2","0","0","0","2","0","2","0","3","","","","N","","","","","","","","","",""
"2017115368","","1","0","0","0","0","0","0","0","0","7","0","","02","11","2017","5","40.427419","-79.952643","","11","0","0","0","0","0","0","0","0","","0","0","0","","","0","","0","","40 25:38.710","","0","79 57:09.515","0","0","0","0","2301","0","0","0","","0","0","0","1","68B03","0","","3.0","","9","N","N","","0","","0","0","0","","0","","","1","0","0","0","0","0","0","2","0","1","","","","N","","","","","","","","","",""
"2017108934","","1","0","0","0","0","0","0","0","0","4","2","","02","10","2017","6","40.382205","-79.995981","","11","0","0","0","0","0","1","0","0","1","0","2","0","","","0","","1","","40 22:55.939","7","0","79 59:45.533","0","0","0","0","2301","0","0","0","N","0","0","0","7","02301","0","","1.0","","1","N","N","","0","","0","0","0","","2","Y","","3","0","2","0","0","0","0","2","0","3","","","","N","","","","","","","","","",""
"2017112375","","1","0","0","0","0","0","0","0","0","7","0","","02","10","2017","7","40.364292","-79.898396","","11","0","0","0","0","0","1","0","0","","0","0","0","","","1","","0","","40 21:51.451","","0","79 53:54.227","8","0","0","0","2473","0","0","0","N","0","0","0","1","02473","0","","2.0","","1","N","N","","0","","0","0","0","","0","","","1","1","0","0","0","1","0","2","0","1","","","","N","","","","","","","","","",""
"2017113376","","1","0","0","0","0","0","0","0","0","1","0","","02","10","2017","1","40.365821","-80.016083","","11","0","0","0","0","0","1","1","0","1","0","0","0","","","4","","0","","40 21:56.954","5","0","80 00:57.899","8","0","0","0","2416","0","0","0","","0","0","0","7","02416","0","","1.0","","9","N","N","","0","","0","0","2","","0","Y","","3","4","1","0","0","4","0","2","0","3","","","","N","","","","","","","","","",""
"2017108353","","1","0","0","0","0","0","0","0","0","4","0","","02","10","2017","5","40.650291","-80.078811","","11","0","1","0","0","0","0","0","0","","0","0","0","","","0","","1","","40 39:01.048","","0","80 04:43.719","0","0","0","0","2212","0","0","0","N","0","0","0","2","02505","0","","1.0","","1","N","N","","0","","0","0","1","","2","","","2","0","0","0","0","0","0","2","0","2","","","","N","","","","","","","","","",""
"2017109309","","0","0","0","0","0","0","0","0","0","1","0","","02","10","2017","6","40.522671","-80.005299","","11","0","0","0","0","0","2","0","0","1","0","0","0","","","0","","0","","40 31:21.617","1","0","80 00:19.075","0","0","0","0","2116","0","0","0","N","0","0","0","2","02116","0","","1.0","","1","N","N","","1","","0","0","1","","0","N","","2","0","0","0","0","0","0","2","0","2","","","","N","","","","","","","","","",""
"2017102300","","0","0","0","0","0","0","0","0","0","4","0","","02","9","2017","7","40.573162","-79.99433","","11","0","0","0","0","0","0","0","0","2","0","0","0","","","2","","2","","40 34:23.382","5","0","79 59:39.587","8","0","0","0","2108","0","0","0","","0","0","0","6","02108","0","","1.0","","1","N","N","","0","","0","0","2","","3","Y","","2","2","0","0","0","2","0","2","0","2","","","","N","","","","","","","","","",""
"2017109162","","1","0","0","0","0","0","0","0","0","1","0","","02","10","2017","2","40.419571","-80.051879","","11","0","0","0","0","0","2","1","0","","0","0","0","","","0","","6","","40 25:10.454","","2","80 03:06.765","9","0","0","0","2435","0","0","0","","0","0","0","4","68B03","0","","1.0","","1","N","N","","0","","0","0","2","","4","","","3","0","0","0","0","0","1","2","0","3","","","","N","","","","","","","","","",""
"2017106778","","0","0","0","0","0","0","0","0","0","1","0","","02","10","2017","1","40.438771","-79.749879","","11","0","0","0","0","0","0","0","0","1","0","0","0","","","0","","0","","40 26:19.576","4","0","79 44:59.566","0","0","0","0","2446","0","0","0","N","0","0","0","2","02446","0","","1.0","","1","N","N","","0","","0","0","2","","0","Y","","2","0","0","0","0","0","0","2","0","2","","","","N","","","","","","","","","",""
"2017126252","","1","0","0","0","0","0","0","0","0","4","0","","02","11","2017","5","40.650026","-79.799031","","11","0","0","0","0","0","0","0","0","1","0","0","0","","","1","","5","","40 39:00.094","6","0","79 47:56.512","3","0","0","0","2202","0","0","0","","0","0","0","2","68D02","0","","1.0","","9","N","N","","0","","1","0","0","","3","Y","","2","1","0","0","0","0","0","1","1","2","","","","N","","","","","","","","","",""
"2017107465","","1","0","0","0","0","0","0","0","0","4","0","","02","10","2017","3","40.339144","-79.968162","","11","0","0","0","0","1","0","0","1","1","0","0","0","","","1","","0","","40 20:20.919","4","7","79 58:05.384","4","0","0","0","2454","0","0","0","N","0","0","0","3","02454","1","","1.0","","1","N","N","","0","","0","0","0","","0","N","","2","1","0","0","0","0","0","2","1","2","","","","N","","","","","","","","","",""
"2017099984","","0","0","0","0","0","0","0","0","0","8","0","","02","9","2017","4","40.403929","-80.09056","","11","0","0","0","0","0","0","0","0","","0","0","0","","","1","","1","","40 24:14.144","","0","80 05:26.015","8","0","0","0","2415","1","0","0","N","1","0","0","2","02415","0","","1.0","","1","N","N","","0","","0","0","1","","3","","","2","1","0","0","0","1","0","2","0","1","","","","N","","","","","","","","","",""
"2017109239","","2","0","0","0","0","0","0","0","0","4","0","","02","10","2017","7","40.32309","-79.956534","","11","0","0","0","0","0","0","0","0","2","0","0","0","","","0","","1","","40 19:23.124","2","0","79 57:23.522","0","0","0","0","2454","0","0","0","N","0","0","0","6","02454","0","","1.0","","1","N","N","","0","","0","0","0","","0","N","","2","0","0","0","0","0","0","2","0","2","","","","N","","","","","","","","","",""
"2017108354","","1","0","0","0","0","0","0","0","0","1","0","","02","10","2017","5","40.594066","-79.939828","","11","0","0","0","0","0","0","0","0","1","0","0","0","","","0","","0","","40 35:38.637","4","0","79 56:23.382","0","0","0","0","2207","0","0","0","N","0","0","0","4","02207","0","","1.0","","1","N","N","","0","","0","0","2","","0","N","","3","0","0","0","0","0","0","2","0","3","","","","N","","","","","","","","","",""
"2017110215","","2","0","0","0","0","0","0","0","0","1","0","","02","10","2017","7","40.48216","-79.963328","","11","0","0","0","0","0","1","0","0","","0","0","0","","","0","","0","","40 28:55.776","","0","79 57:47.981","0","0","0","0","2118","0","0","0","N","0","0","0","2","02118","0","","1.0","","1","N","N","","0","","0","0","0","","0","","","2","0","0","0","0","0","0","2","0","2","","","","N","","","","","","","","","",""
"2017112910","","3","0","0","0","0","0","0","0","0","1","0","","02","10","2017","2","40.482606","-79.894918","","11","0","0","0","0","0","2","0","0","1","0","0","0","","","0","","0","","40 28:57.381","4","0","79 53:41.706","0","0","0","0","2301","0","0","0","N","0","0","0","3","02301","0","","1.0","","1","N","N","","0","","0","0","0","","0","N","","3","0","0","0","0","0","0","2","0","3","","","","N","","","","","","","","","",""
"2017067542","","1","0","0","0","0","0","0","0","0","99","0","","02","7","2017","2","40.44958","-80.017348","","11","0","0","0","0","0","0","0","0","","0","0","0","","","1","","0","","40 26:58.489","","0","80 01:02.453","4","0","0","0","2301","0","0","0","N","0","0","0","1","02301","1","","3.0","","1","N","N","","0","","0","0","0","","0","","","1","1","0","0","0","0","0","2","0","1","","","","N","","","","","","","","","",""
"2017112367","","1","0","0","0","0","0","0","0","0","1","1","","02","10","2017","6","40.420431","-80.038707","","11","0","0","0","1","0","0","0","0","","0","1","0","","","0","","0","","40 25:13.550","","0","80 02:19.344","0","0","0","0","2301","0","0","0","","0","0","0","3","68B03","0","","1.0","","1","N","N","","0","","0","0","0","","0","","","2","0","0","0","0","0","0","2","0","2","","","","N","","","","","","","","","",""
"2017109253","","1","0","0","0","0","0","0","0","0","6","0","","02","10","2017","7","40.431502","-80.008769","","11","0","0","0","0","0","0","0","0","","0","0","0","","","0","","1","","40 25:53.407","","0","80 00:31.568","9","0","0","0","2301","0","0","0","N","0","0","0","5","02301","0","","1.0","","1","N","N","","0","","0","0","0","","0","","","2","0","0","0","0","0","1","2","1","2","","","","N","","","","","","","","","",""
"2017090237","","1","0","0","0","0","0","0","0","0","7","0","","02","8","2017","7","40.391488","-79.93413","","11","0","0","0","0","0","0","0","0","","0","0","0","","","0","","0","","40 23:29.355","","2","79 56:02.868","0","0","0","0","2301","0","0","0","N","0","0","0","1","02301","0","","4.0","","1","N","N","","0","","0","0","0","","0","","","1","0","0","0","0","0","0","2","0","1","","","","N","","","","","","","","","",""
"2017124829","","0","0","0","0","0","0","0","0","0","7","0","55","02","9","2017","1","40.50389","-80.282559","","11","0","0","0","0","0","0","0","0","","0","0","0","","","1","","6","","40 30:14.004","","2","80 16:57.212","3","0","0","0","2203","0","0","0","","0","0","0","1","68B03","0","","4.0","","1","N","N","","0","","1","0","0","","8","","","1","1","0","0","0","0","0","1","1","1","","","N","Y","4","1","N","N","N","Y","N","N","N",""
"2017115228","","0","0","0","0","0","0","0","0","0","99","0","","02","11","2017","6","40.656957","-80.082033","","11","0","0","0","0","0","0","0","0","","0","0","0","","","0","","0","","40 39:25.045","","0","80 04:55.318","0","0","0","0","2212","0","0","0","","0","0","0","1","68T02","0","","1.0","","1","N","N","","1","","0","0","0","","0","","","1","0","0","0","0","0","0","2","0","1","","","","N","","","","","","","","","",""
"2017084747","","1","0","0","0","0","0","0","0","0","7","0","","02","8","2017","7","40.437571","-79.965231","","11","0","0","0","0","0","0","0","0","","0","0","0","","","0","","3","","40 26:15.255","","0","79 57:54.830","9","0","0","0","2301","0","0","0","N","0","0","0","2","02301","0","","2.0","","9","N","N","","0","","0","0","0","","4","","","1","0","0","0","0","0","2","2","0","1","","","","N","","","","","","","","","",""
"2017115343","","3","0","0","0","0","0","0","0","0","1","0","","02","10","2017","6","40.428917","-79.930313","","11","0","0","0","0","0","1","1","0","1","0","0","0","","","1","","0","","40 25:44.102","4","0","79 55:49.128","3","0","0","0","2301","0","0","0","","0","0","0","5","68B03","0","","1.0","","1","N","N","","0","","1","0","0","","0","N","","4","1","0","0","0","0","0","2","1","4","","","","N","","","","","","","","","",""
"2017100525","","1","0","0","0","0","0","0","0","0","1","0","","02","9","2017","7","40.467612","-80.035438","","11","0","0","0","0","0","1","0","0","1","0","0","0","","","1","","0","","40 28:03.404","1","0","80 02:07.577","4","0","0","0","2301","0","0","0","N","0","0","0","3","02301","1","","1.0","","1","N","N","","0","","0","0","0","","0","N","","2","1","0","0","0","0","0","2","1","2","","","","N","","","","","","","","","",""
"2017101318","","1","0","0","0","0","0","0","0","0","4","0","","02","9","2017","7","40.637758","-79.941139","","11","0","0","0","0","0","1","0","0","","0","0","0","","","0","","0","","40 38:15.930","","7","79 56:28.100","0","0","0","0","2217","0","0","0","N","0","0","0","3","02505","0","","6.0","","1","N","N","","0","","0","0","1","","0","","","2","0","0","0","0","0","0","2","0","2","","","","N","","","","","","","","","",""
"2017104708","","3","0","0","0","0","0","0","0","0","1","0","","02","10","2017","5","40.494147","-79.871366","","11","0","0","0","0","0","1","0","0","","0","0","0","","","0","","0","","40 29:38.929","","0","79 52:16.919","0","0","0","0","2112","0","0","0","","0","0","0","3","68D02","0","","1.0","","1","N","N","","0","","0","0","0","","0","","","3","0","0","0","0","0","0","2","0","3","","","","N","","","","","","","","","",""
"2017077646","","2","0","0","0","0","0","0","0","0","4","0","","02","7","2017","7","40.43741","-79.979513","","11","0","0","0","0","0","0","0","0","1","0","0","0","","","0","","1","","40 26:14.677","2","0","79 58:46.247","0","0","0","0","2301","0","0","0","N","0","0","0","2","02301","0","","1.0","","1","N","N","","0","","0","0","0","","3","N","","2","0","0","0","0","0","0","2","0","2","","","","N","","","","","","","","","",""
"2017100340","","0","0","0","0","0","0","0","0","0","2","0","","02","9","2017","6","40.377321","-80.004153","","11","0","0","0","0","0","1","0","0","","0","0","0","","","0","","0","","40 22:38.356","","0","80 00:14.952","0","0","0","0","2301","0","0","0","N","0","0","0","2","02301","0","","4.0","","1","N","N","","1","","0","0","0","","0","","","2","0","0","0","0","0","0","2","1","2","","","","N","","","","","","","","","",""
"2017105604","","1","0","0","0","0","0","0","0","0","7","0","","02","10","2017","5","40.339035","-79.960608","","11","0","0","0","0","0","0","0","0","","0","0","0","","","0","","0","","40 20:20.525","","0","79 57:38.190","0","0","0","0","2454","0","0","0","","0","0","0","1","02454","0","","2.0","","1","N","N","","0","","0","0","0","","0","","","1","0","0","0","0","0","0","2","0","1","","","","N","","","","","","","","","",""
"2017084496","","1","0","0","0","0","0","0","0","0","1","0","","02","8","2017","6","40.599458","-79.930725","","11","0","0","0","0","1","1","0","0","","0","0","0","","","1","","2","","40 35:58.048","","0","79 55:50.610","4","0","0","0","2207","0","0","0","N","0","0","0","2","02207","1","","1.0","","1","N","N","","0","","0","0","1","","0","","","2","1","0","0","0","0","0","1","0","2","","","","N","","","","","","","","","",""
"2017082722","","1","0","0","0","0","0","0","0","0","2","0","","02","8","2017","6","40.453987","-79.997852","","11","0","0","0","0","0","0","0","0","2","0","0","0","","","1","","1","","40 27:14.353","3","0","79 59:52.267","4","0","0","0","2301","0","0","0","N","0","0","0","2","02301","1","","1.0","","1","N","N","","0","","0","0","1","","2","N","","2","1","0","0","0","0","0","2","0","2","","","","N","","","","","","","","","",""
"2017095264","","2","0","0","0","0","0","0","0","0","5","0","","02","9","2017","6","40.454125","-79.813777","","11","0","0","0","0","0","0","1","0","","0","0","0","","","0","","0","","40 27:14.849","","0","79 48:49.596","0","0","0","0","2113","0","0","0","N","0","0","0","2","02113","0","","1.0","","1","N","N","","0","","0","0","0","","0","","","2","0","0","0","0","0","0","2","0","2","","","","N","","","","","","","","","",""
"2017094096","","1","0","0","0","0","0","0","0","0","1","0","","02","9","2017","2","40.543262","-80.209895","","11","0","0","0","0","0","2","0","0","","0","0","0","","","0","","0","","40 32:35.744","","0","80 12:35.622","0","0","0","0","2213","0","0","0","","0","0","0","2","02213","0","","1.0","","1","N","N","","0","","0","0","1","","0","","","2","0","0","0","0","0","0","2","0","2","","","","N","","","","","","","","","",""
"2017094042","","1","0","0","0","0","0","0","0","0","4","0","","02","9","2017","6","40.490009","-79.905433","","11","0","0","0","0","0","2","0","0","","0","0","0","","","0","","2","","40 29:24.031","","0","79 54:19.557","0","0","0","0","2401","0","0","0","N","0","0","0","2","02401","0","","1.0","","1","N","N","","0","","0","0","1","","2","","","2","0","0","0","0","0","0","2","0","2","","","","N","","","","","","","","","",""
"2017105735","","1","0","0","0","0","0","0","0","0","6","0","","02","8","2017","3","40.5218","-80.130697","","11","0","0","0","0","0","2","0","0","2","0","0","0","","","2","","2","","40 31:18.481","6","0","80 07:50.509","3","0","0","0","2434","0","0","0","","0","0","0","2","68B03","0","","1.0","","1","N","N","","0","","2","0","1","","0","N","","2","2","0","0","0","0","0","2","0","2","","","","N","","","","","","","","","",""
"2017095887","","1","0","0","0","0","0","0","0","0","4","0","","02","9","2017","2","40.487453","-79.918093","","11","0","0","0","0","0","0","0","0","1","0","0","0","","","1","","2","","40 29:14.831","7","0","79 55:05.135","3","0","0","0","2301","0","0","0","N","0","0","0","3","02301","0","","1.0","","1","N","N","","0","","1","0","0","","2","N","","2","1","0","0","0","0","0","2","1","2","","","","N","","","","","","","","","",""
"2017100658","","0","0","0","0","0","0","0","0","0","1","0","","02","9","2017","7","40.415032","-80.011266","","11","0","0","0","0","0","2","0","0","","0","0","0","","","1","","1","","40 24:54.114","","0","80 00:40.556","3","0","0","1","2301","0","0","0","N","0","0","0","3","02301","0","","1.0","","1","N","N","","0","","1","0","1","","0","","","2","1","0","0","0","0","0","2","0","2","","","","N","","","","","","","","","",""
"2017094032","","0","0","0","0","0","0","0","0","0","4","0","","02","9","2017","3","40.452821","-79.825989","","11","0","0","0","0","0","0","0","0","","0","0","0","","","0","","2","","40 27:10.157","","0","79 49:33.562","0","0","0","0","2113","0","0","0","N","0","0","0","3","02113","0","","1.0","","1","N","N","","1","","0","0","1","","3","","","2","0","0","0","0","0","0","2","0","2","","","","N","","","","","","","","","",""
"2017085495","","0","0","0","0","0","0","0","0","0","1","0","","02","8","2017","5","40.516293","-80.197378","","11","0","0","0","0","0","1","0","0","","0","0","0","","","2","","2","","40 30:58.653","","0","80 11:50.561","3","0","0","0","2213","0","0","0","","0","0","0","3","02213","1","","1.0","","9","N","N","","0","","1","0","2","","0","","","2","2","0","0","0","0","0","2","0","2","","","","N","","","","","","","","","",""
"2017101699","","0","0","0","0","0","0","0","0","0","4","0","","02","9","2017","7","40.527129","-79.816606","","11","0","0","0","0","0","0","1","0","1","0","0","0","","","0","","2","","40 31:37.663","4","0","79 48:59.780","0","0","0","0","2466","0","0","0","N","0","0","0","5","02466","0","","1.0","","1","N","N","","1","","0","0","1","","0","N","","2","0","0","0","0","0","0","2","0","2","","","","N","","","","","","","","","",""
"2017084142","","2","0","0","0","0","0","0","0","0","5","0","","02","8","2017","5","40.385845","-79.978968","","11","0","0","0","0","0","0","0","0","","0","0","0","","","0","","3","","40 23:09.042","","0","79 58:44.284","0","0","0","0","2301","0","0","0","N","0","0","0","1","02301","0","","1.0","","1","N","N","","0","","0","0","0","","3","","","2","0","0","0","0","0","0","2","0","2","","","","N","","","","","","","","","",""
"2017104761","","1","0","0","0","0","0","0","0","0","7","0","","02","9","2017","7","40.397094","-79.859106","","11","0","0","0","0","0","1","0","0","","0","0","0","","","0","","0","","40 23:49.540","","0","79 51:32.780","0","0","0","0","2449","0","0","0","N","0","0","0","1","02449","0","","2.0","","1","N","N","","0","","0","0","0","","0","","","1","0","1","0","0","0","0","2","0","1","","","","N","","","","","","","","","",""
"2017084116","","1","0","0","0","0","0","0","0","0","1","0","","02","8","2017","4","40.437973","-79.991981","","11","0","0","0","0","0","1","0","0","1","0","0","0","","","0","","0","","40 26:16.703","3","3","79 59:31.131","0","0","0","0","2301","0","0","0","N","0","0","0","3","02301","0","","1.0","","1","N","N","","0","","0","0","1","","0","N","","2","0","0","0","0","0","0","2","0","2","","","","N","","","","","","","","","",""
"2017105675","","1","0","0","0","0","0","0","0","0","1","0","","02","6","2017","6","40.434032","-79.987004","","11","0","0","0","0","0","0","0","0","1","0","0","0","","","0","","0","","40 26:02.515","4","0","79 59:13.216","0","0","0","0","2301","0","0","0","","0","0","0","2","68B03","0","","1.0","","1","N","N","","0","","0","0","1","","0","N","","2","0","0","0","0","0","0","2","0","2","","","","N","","","","","","","","","",""
"2017098662","","2","0","0","0","0","0","0","0","0","4","0","","02","9","2017","1","40.447435","-79.942465","","11","0","0","0","0","0","0","0","1","","0","0","0","","","0","","1","","40 26:50.767","","0","79 56:32.873","0","0","0","0","2301","0","0","0","N","0","0","0","2","02301","0","","1.0","","1","N","N","","0","","0","0","0","","2","","","2","0","0","0","0","0","0","2","0","2","","","","N","","","","","","","","","",""
"2017104948","","0","0","0","0","0","0","1","0","0","8","1","","02","10","2017","4","40.440766","-79.995889","","11","0","0","0","0","0","0","0","0","","0","0","0","","","1","","1","","40 26:26.756","","0","79 59:45.202","4","0","0","0","2301","1","0","0","N","1","0","0","2","02503","1","","1.0","","9","N","N","","0","","0","0","0","","2","","","2","1","0","0","0","0","0","2","0","1","","","","N","","","","","","","","","",""
"2017082400","","2","0","0","0","0","0","0","0","0","6","0","","02","8","2017","7","40.455729","-79.968638","","11","0","0","0","0","0","0","0","0","1","0","0","0","","","0","","0","","40 27:20.626","1","0","79 58:07.096","0","0","0","0","2301","0","0","0","N","0","0","0","4","02301","0","","1.0","","1","N","N","","0","","0","0","0","","0","N","","2","0","0","0","0","0","0","2","0","2","","","","N","","","","","","","","","",""
"2017099825","","1","0","0","0","0","0","0","0","0","4","0","","02","9","2017","7","40.54246","-79.80423","","11","0","0","0","0","0","0","1","0","","0","0","0","","","0","","1","","40 32:32.855","","0","79 48:15.227","0","0","0","0","2418","0","0","0","N","0","0","0","2","02418","0","","1.0","","1","N","N","","0","","0","0","1","","3","","","2","0","0","0","0","0","0","2","0","2","","","","N","","","","","","","","","",""
"2017105677","","1","0","0","0","0","0","0","0","0","5","1","","02","7","2017","6","40.425845","-79.901683","","11","0","0","0","0","1","0","0","0","1","0","1","0","","","0","","0","","40 25:33.043","3","0","79 54:06.058","0","0","0","0","2301","0","0","0","","0","0","0","4","68B03","0","","1.0","","1","N","N","","0","","0","0","0","","0","N","","2","0","0","0","0","0","0","2","0","2","","","","N","","","","","","","","","",""
"2017102414","","0","0","0","0","0","0","0","0","0","0","0","","02","10","2017","2","40.504694","-79.859608","","11","0","0","0","0","0","1","0","0","2","0","0","0","","","0","","0","","40 30:16.900","2","0","79 51:34.590","0","0","0","0","2112","0","0","0","","0","0","0","1","68D02","0","","4.0","","1","N","N","","0","","0","0","1","","0","N","","1","0","1","0","0","0","0","2","0","1","","","","N","","","","","","","","","",""
"2017100832","","0","0","0","0","0","0","0","0","0","0","0","","02","9","2017","7","40.482901","-79.819967","","11","0","0","0","0","0","0","0","0","","0","0","0","","","1","","0","","40 28:58.442","","0","79 49:11.881","8","0","0","1","2113","0","0","0","N","0","0","0","1","02113","0","","1.0","","1","N","N","","0","","0","0","0","","0","","","1","1","0","0","0","1","0","2","0","1","","","","N","","","","","","","","","",""
"2017084656","","0","0","0","0","0","0","0","0","0","7","0","","02","8","2017","7","40.543163","-79.887053","","11","0","0","0","0","0","0","0","0","2","0","0","0","","","1","","0","","40 32:35.388","1","0","79 53:13.389","3","0","0","0","2432","0","0","0","N","0","0","0","1","02432","0","","5.0","","1","N","N","","0","","1","0","0","","0","Y","","1","1","0","0","0","0","0","2","1","1","","","","N","","","","","","","","","",""
"2017105086","","0","0","0","0","0","0","0","0","0","4","0","","02","10","2017","4","40.43565","-79.770825","","11","0","0","0","0","1","0","0","0","1","0","0","0","","","0","","0","","40 26:08.340","3","0","79 46:14.970","0","0","0","0","2446","0","0","0","N","0","0","0","2","02446","0","","1.0","","1","N","N","","0","","0","0","1","","2","N","","2","0","0","0","0","0","0","2","1","2","","","","N","","","","","","","","","",""