"CRN","ARRIVAL_TM","AUTOMOBILE_COUNT","BELTED_DEATH_COUNT","BELTED_SUSP_SERIOUS_INJ_COUNT","BICYCLE_COUNT","BICYCLE_DEATH_COUNT","BICYCLE_SUSP_SERIOUS_INJ_COUNT","BUS_COUNT","CHLDPAS_DEATH_COUNT","CHLDPAS_SUSP_SERIOUS_INJ_COUNT","COLLISION_TYPE","COMM_VEH_COUNT","CONS_ZONE_SPD_LIM","COUNTY","CRASH_MONTH","CRASH_YEAR","DAY_OF_WEEK","DEC_LATITUDE","DEC_LONGITUDE","DISPATCH_TM","DISTRICT","DRIVER_COUNT_16YR","DRIVER_COUNT_17YR","DRIVER_COUNT_18YR","DRIVER_COUNT_19YR","DRIVER_COUNT_20YR","DRIVER_COUNT_50_64YR","DRIVER_COUNT_65_74YR","DRIVER_COUNT_75PLUS","EST_HRS_CLOSED","FATAL_COUNT","HEAVY_TRUCK_COUNT","HORSE_BUGGY_COUNT","HOUR_OF_DAY","ILLUMINATION","INJURY_COUNT","INTERSECTION_RELATED","INTERSECT_TYPE","LANE_CLOSED","LATITUDE","LN_CLOSE_DIR","LOCATION_TYPE","LONGITUDE","MAX_SEVERITY_LEVEL","MCYCLE_DEATH_COUNT","MCYCLE_SUSP_SERIOUS_INJ_COUNT","MOTORCYCLE_COUNT","MUNICIPALITY","NONMOTR_COUNT","NONMOTR_DEATH_COUNT","NONMOTR_SUSP_SERIOUS_INJ_COUNT","NTFY_HIWY_MAINT","PED_COUNT","PED_DEATH_COUNT","PED_SUSP_SERIOUS_INJ_COUNT","PERSON_COUNT","POLICE_AGCY","POSSIBLE_INJ_COUNT","RDWY_SURF_TYPE_CD","RELATION_TO_ROAD","ROADWAY_CLEARED","ROAD_CONDITION","SCH_BUS_IND","SCH_ZONE_IND","SECONDARY_CRASH","SMALL_TRUCK_COUNT","SPEC_JURIS_CD","SUSP_MINOR_INJ_COUNT","SUSP_SERIOUS_INJ_COUNT","SUV_COUNT","TCD_FUNC_CD","TCD_TYPE","TFC_DETOUR_IND","TIME_OF_DAY","TOTAL_UNITS","TOT_INJ_COUNT","UNBELTED_OCC_COUNT","UNB_DEATH_COUNT","UNB_SUSP_SERIOUS_INJ_COUNT","UNK_INJ_DEG_COUNT","UNK_INJ_PER_COUNT","URBAN_RURAL","VAN_COUNT","VEHICLE_COUNT","WEATHER1","WEATHER2","WORKERS_PRES","WORK_ZONE_IND","WORK_ZONE_LOC","WORK_ZONE_TYPE","WZ_CLOSE_DETOUR","WZ_FLAGGER","WZ_LAW_OFFCR_IND","WZ_LN_CLOSURE","WZ_MOVING","WZ_OTHER","WZ_SHLDER_MDN","WZ_WORKERS_INJ_KILLED"
"2017084328","","0","0","0","0","0","0","0","0","0","1","0","","02","8","2017","6","40.413781","-79.922733","","11","0","0","0","0","0","0","0","0","","0","0","0","","","0","","1","","40 24:49.612","","0","79 55:21.837","0","0","0","0","2301","0","0","0","N","0","0","0","2","02301","0","","1.0","","1","N","N","","0","","0","0","2","","2","","","2","0","0","0","0","0","0","2","0","2","","","","N","","","","","","","","","",""
"2017097426","","0","0","0","0","0","0","0","0","0","7","0","","02","9","2017","5","40.441956","-79.989001","","11","0","0","0","0","0","0","0","0","","0","0","0","","","0","","2","","40 26:31.040","","7","79 59:20.405","0","0","0","0","2301","0","0","0","N","0","0","0","1","02301","0","","4.0","","1","N","N","","0","","0","0","1","","0","","","1","0","1","0","0","0","0","2","0","1","","","","N","","","","","","","","","",""
"2017081925","","2","0","0","0","0","0","0","0","0","1","0","","02","8","2017","6","40.361977","-80.000502","","11","0","0","0","0","0","1","0","1","","0","0","0","","","1","","0","","40 21:43.116","","0","80 00:01.806","3","0","0","0","2476","0","0","0","N","0","0","0","2","02476","0","","1.0","","1","N","N","","0","","1","0","0","","0","","","2","1","0","0","0","0","0","2","0","2","","","","N","","","","","","","","","",""
"2017083801","","1","0","0","0","0","0","0","0","0","1","0","","02","8","2017","4","40.357943","-79.970666","","11","0","0","0","0","0","0","0","0","1","0","0","0","","","0","","0","","40 21:28.596","1","0","79 58:14.397","0","0","0","0","2476","0","0","0","N","0","0","0","1","02476","0","","2.0","","1","N","N","","0","","0","0","1","","0","N","","2","0","0","0","0","0","0","2","0","2","","","","N","","","","","","","","","",""
"2017100489","","1","0","0","0","0","0","0","0","0","2","0","","02","9","2017","5","40.510831","-79.993757","","11","0","0","0","0","0","0","0","1","","0","0","0","","","0","","0","","40 30:38.992","","0","79 59:37.525","0","0","0","0","2116","0","0","0","N","0","0","0","2","02116","0","","1.0","","1","N","N","","0","","0","0","0","","2","","","2","0","0","0","0","0","0","2","1","2","","","","N","","","","","","","","","",""
"2017116378","","1","0","0","0","0","0","0","0","0","7","0","","02","7","2017","6","40.493093","-80.125221","","11","0","0","0","0","0","0","0","0","2","0","0","0","","","1","","0","","40 29:35.135","1","0","80 07:30.795","3","0","0","0","2115","0","0","0","","0","0","0","1","68B03","0","","2.0","","9","N","N","","0","","1","0","0","","0","N","","1","1","0","0","0","0","0","2","0","1","","","","N","","","","","","","","","",""
"2017099947","","1","0","0","0","0","0","0","0","0","7","0","","02","9","2017","5","40.255589","-79.84581","","11","0","0","0","0","0","0","0","0","2","0","0","0","","","0","","0","","40 15:20.119","2","0","79 50:44.916","0","0","0","0","2105","0","0","0","N","0","0","0","1","02105","0","","2.0","","1","N","N","","0","","0","0","0","","0","N","","1","0","0","0","0","0","0","1","0","1","","","","N","","","","","","","","","",""
"2017083807","","0","0","0","0","0","0","0","0","0","7","0","","02","8","2017","4","40.463405","-79.980801","","11","0","0","0","0","0","0","0","0","","0","0","0","","","0","","10","","40 27:48.259","","0","79 58:50.883","0","0","0","0","2301","0","0","0","N","0","0","0","4","02301","0","","2.0","","1","N","N","","0","","0","0","1","","0","","","1","0","0","0","0","0","0","2","0","1","","","","N","","","","","","","","","",""
"2017099069","","1","0","0","0","0","0","0","0","0","4","0","","02","9","2017","3","40.476537","-79.779891","","11","0","0","0","0","0","0","0","0","2","0","0","0","","","2","","0","","40 28:35.533","6","0","79 46:47.606","3","0","0","0","2113","0","0","0","N","0","0","0","2","02113","0","","1.0","","1","N","N","","1","","2","0","0","","0","N","","2","2","1","0","0","0","0","2","0","2","","","","N","","","","","","","","","",""
"2017088376","","1","0","0","0","0","0","0","0","0","1","0","","02","8","2017","5","40.503661","-80.222371","","11","0","0","0","1","0","0","0","0","","0","0","0","","","0","","1","","40 30:13.181","","0","80 13:20.536","0","0","0","0","2213","0","0","0","","0","0","0","4","02213","0","","1.0","","9","N","N","","1","","0","0","0","","2","","","2","0","0","0","0","0","0","2","0","2","","","","N","","","","","","","","","",""
"2017105655","","1","0","0","0","0","0","0","0","0","7","0","","02","10","2017","5","40.518908","-80.132502","","11","0","0","0","0","0","0","0","0","","0","0","0","","","0","","0","","40 31:08.068","","3","80 07:57.008","0","0","0","0","2434","0","0","0","","0","0","0","2","68B03","0","","4.0","","8","N","N","","0","","0","0","0","","0","","","1","0","0","0","0","0","0","2","0","1","","","","N","","","","","","","","","",""
"2017083256","","0","0","0","0","0","0","0","0","0","4","0","","02","8","2017","4","40.525821","-80.211175","","11","0","0","0","0","0","2","0","0","2","0","0","0","","","0","","0","","40 31:32.957","2","0","80 12:40.230","0","0","0","0","2213","0","0","0","","0","0","0","2","02213","0","","1.0","","1","N","N","","0","","0","0","2","","0","N","","2","0","0","0","0","0","0","2","0","2","","","","N","","","","","","","","","",""
"2017108426","","1","0","0","0","0","0","0","0","0","4","0","","02","10","2017","5","40.495776","-80.066914","","11","0","0","0","0","0","0","0","0","","0","0","0","","","1","","2","","40 29:44.793","","0","80 04:00.889","8","0","0","0","2402","0","0","0","N","0","0","0","2","02402","0","","1.0","","1","N","N","","0","","0","0","0","","2","","","2","1","0","0","0","1","0","2","1","2","","","","N","","","","","","","","","",""
"2017072672","","1","0","0","0","0","0","0","0","0","2","0","","02","7","2017","1","40.406953","-79.875046","","11","0","0","0","0","0","1","1","0","","0","0","0","","","0","","0","","40 24:25.030","","7","79 52:30.165","9","0","0","0","2410","0","0","0","N","0","0","0","2","02410","0","","1.0","","1","N","N","","1","","0","0","0","","0","","","2","0","2","0","0","0","2","2","0","2","","","","N","","","","","","","","","",""
"2017095392","","0","0","0","0","0","0","0","0","0","1","0","","02","9","2017","7","40.432798","-79.9968","","11","0","0","0","0","0","0","0","0","1","0","0","0","","","0","","0","","40 25:58.072","2","3","79 59:48.481","0","0","0","0","2301","0","0","0","N","0","0","0","2","02301","0","","1.0","","1","N","N","","1","","0","0","1","","0","N","","2","0","0","0","0","0","0","2","0","2","","","","N","","","","","","","","","",""
"2017082597","","0","0","0","0","0","0","0","0","0","7","0","","02","8","2017","2","40.458543","-79.998287","","11","0","0","0","0","0","0","0","0","","0","0","0","","","1","","0","","40 27:30.755","","0","79 59:53.833","3","0","0","0","2301","0","0","0","N","0","0","0","1","02301","0","","2.0","","1","N","N","","0","","1","0","1","","2","","","1","1","0","0","0","0","0","2","0","1","","","","N","","","","","","","","","",""
"2017085282","","1","0","0","0","0","0","0","0","0","4","0","","02","8","2017","5","40.612411","-80.054354","","11","0","0","0","0","0","1","0","0","","0","0","0","","","0","","1","","40 36:44.680","","0","80 03:15.676","0","0","0","0","2108","0","0","0","","0","0","0","6","02108","0","","1.0","","1","N","N","","0","","0","0","1","","2","","","2","0","0","0","0","0","0","2","0","2","","","","N","","","","","","","","","",""
"2017101663","","2","0","0","0","0","0","0","0","0","4","0","","02","9","2017","6","40.4396","-79.741153","","11","0","0","0","0","0","0","1","0","","0","0","0","","","1","","0","","40 26:22.560","","0","79 44:28.150","8","0","0","0","2446","0","0","0","N","0","0","0","2","02446","0","","1.0","","1","N","N","","0","","0","0","0","","0","","","2","1","0","0","0","1","0","2","0","2","","","","N","","","","","","","","","",""
"2017080671","","1","0","0","0","0","0","0","0","0","4","0","","02","7","2017","6","40.386147","-79.821206","","11","0","0","0","0","0","0","0","0","","0","0","0","","","0","","1","","40 23:10.129","","7","79 49:16.341","0","0","0","0","2111","0","0","0","N","0","0","0","2","02111","0","","1.0","","1","N","N","","0","","0","0","1","","2","","","2","0","0","0","0","0","0","2","0","2","","","","N","","","","","","","","","",""
"2017105650","","2","0","0","0","0","0","0","0","0","1","0","","02","10","2017","3","40.429917","-80.0278","","11","0","0","0","0","1","0","0","0","","0","0","0","","","0","","0","","40 25:47.700","","0","80 01:40.080","0","0","0","0","2301","0","0","0","","0","0","0","3","68B03","0","","1.0","","1","N","N","","0","","0","0","0","","0","","","2","0","0","0","0","0","0","2","0","2","","","","N","","","","","","","","","",""
"2017097453","","1","0","0","0","0","0","0","0","0","4","0","","02","9","2017","5","40.444461","-79.844336","","11","0","0","0","0","0","1","0","0","","0","0","0","","","0","","1","","40 26:40.058","","2","79 50:39.609","0","0","0","0","2419","0","0","0","N","0","0","0","4","02419","0","","1.0","","1","N","N","","0","","0","0","1","","3","","","2","0","0","0","0","0","0","2","0","2","","","","N","","","","","","","","","",""
"2017083819","","1","0","0","0","0","0","0","0","0","7","0","","02","8","2017","5","40.440766","-79.995889","","11","0","0","0","0","0","1","0","0","1","0","0","0","","","0","","1","","40 26:26.756","2","0","79 59:45.202","0","0","0","0","2301","0","0","0","N","0","0","0","1","02301","0","","5.0","","1","N","N","","0","","0","0","0","","2","N","","1","0","0","0","0","0","0","2","0","1","","","","N","","","","","","","","","",""
"2017087679","","0","0","0","0","0","0","0","0","0","1","0","","02","8","2017","6","40.501602","-80.011289","","11","0","0","0","0","1","0","0","0","","0","0","0","","","0","","0","","40 30:05.768","","0","80 00:40.639","0","0","0","0","2116","0","0","0","N","0","0","0","3","02116","0","","1.0","","1","N","N","","0","","0","0","3","","0","","","3","0","0","0","0","0","0","2","0","3","","","","N","","","","","","","","","",""
"2017098422","","0","0","0","0","0","0","0","0","0","4","0","","02","9","2017","5","40.657003","-79.934794","","11","0","0","0","0","0","1","1","0","1","0","0","0","","","0","","2","","40 39:25.212","1","0","79 56:05.257","0","0","0","0","2217","0","0","0","N","0","0","0","2","02505","0","","1.0","","1","N","N","","1","","0","0","1","","0","N","","2","0","0","0","0","0","0","2","0","2","","","","N","","","","","","","","","",""
"2017102754","","0","0","0","0","0","0","0","0","0","7","0","50","02","9","2017","3","40.561183","-80.025087","","11","0","0","0","0","0","1","0","0","2","0","0","0","","","0","","0","","40 33:40.258","2","0","80 01:30.313","0","0","0","0","2108","0","0","0","","0","0","0","3","02108","0","","1.0","","1","N","N","","0","","0","0","2","","0","N","","2","0","0","0","0","0","0","2","0","2","","","Y","Y","4","1","N","N","N","N","N","N","Y",""
"2017103499","","2","0","0","0","0","0","0","0","0","4","0","","02","10","2017","1","40.530222","-80.017342","","11","0","0","0","0","0","0","0","1","1","0","0","0","","","1","","1","","40 31:48.800","4","0","80 01:02.432","8","0","0","0","2116","0","0","0","N","0","0","0","2","02116","0","","1.0","","1","N","N","","0","","0","0","0","","3","N","","2","1","0","0","0","1","0","2","0","2","","","","N","","","","","","","","","",""
"2017100281","","1","0","0","0","0","0","0","0","0","4","1","","02","9","2017","6","40.445825","-79.71383","","11","0","0","0","0","0","1","1","0","1","0","1","0","","","1","","1","","40 26:44.970","3","0","79 42:49.787","8","0","0","0","2446","0","0","0","N","0","0","0","2","02446","0","","1.0","","1","N","N","","0","","0","0","0","","2","N","","2","1","0","0","0","1","0","2","0","2","","","","N","","","","","","","","","",""
"2017082908","","0","0","0","0","0","0","0","0","0","4","0","","02","8","2017","2","40.452476","-80.172505","","11","0","0","0","0","0","0","1","0","2","0","0","0","","","1","","1","","40 27:08.912","4","0","80 10:21.017","4","0","0","0","2214","0","0","0","Y","0","0","0","2","02214","1","","1.0","","1","N","N","","1","","0","0","1","","2","N","","2","1","0","0","0","0","0","2","0","2","","","","N","","","","","","","","","",""
"2017100940","","1","0","0","0","0","0","0","0","0","99","0","","02","10","2017","1","40.238263","-79.858081","","11","0","0","0","0","0","0","0","0","1","0","0","0","","","0","","0","","40 14:17.746","5","0","79 51:29.093","0","0","0","0","2204","0","0","0","N","0","0","0","1","02204","0","","1.0","","1","N","N","","0","","0","0","0","","0","N","","1","0","0","0","0","0","0","1","0","1","","","","N","","","","","","","","","",""
"2017104662","","0","0","0","0","0","0","0","0","0","7","0","","02","10","2017","3","40.361908","-80.046649","","11","0","0","0","0","0","0","0","0","2","0","0","0","","","0","","0","","40 21:42.868","1","0","80 02:47.937","0","0","0","0","2109","0","0","0","","0","0","0","1","02109","0","","4.0","","9","N","N","","1","","0","0","0","","0","N","","1","0","0","0","0","0","0","2","0","1","","","","N","","","","","","","","","",""
"2017100605","","2","0","0","0","0","0","0","0","0","1","0","","02","9","2017","3","40.430508","-80.026841","","11","0","0","0","0","0","0","0","0","","0","0","0","","","0","","0","","40 25:49.830","","0","80 01:36.629","0","0","0","0","2301","0","0","0","","0","0","0","2","68B03","0","","1.0","","9","N","N","","0","","0","0","0","","0","","","2","0","0","0","0","0","0","2","0","2","","","","N","","","","","","","","","",""
"2017095593","","2","0","0","0","0","0","0","0","0","6","0","","02","9","2017","6","40.479017","-80.07435","","11","0","0","1","0","0","0","0","0","2","0","0","0","","","0","","0","","40 28:44.460","5","0","80 04:27.660","0","0","0","0","2122","0","0","0","N","0","0","0","3","02122","0","","1.0","","1","N","N","","1","","0","0","0","","0","Y","","3","0","2","0","0","0","0","2","0","3","","","","N","","","","","","","","","",""
"2017100984","","0","0","0","0","0","0","0","0","0","4","0","","02","10","2017","1","40.471969","-80.010242","","11","0","0","0","0","0","0","0","0","","0","0","0","","","2","","0","","40 28:19.090","","0","80 00:36.870","3","0","0","1","2301","0","0","0","N","0","0","0","3","02301","0","","1.0","","1","N","N","","0","","2","0","1","","3","","","2","2","0","0","0","0","0","2","0","2","","","","N","","","","","","","","","",""
"2017104692","","3","0","0","0","0","0","0","0","0","1","0","","02","9","2017","6","40.426369","-79.914634","","11","0","0","0","0","0","0","0","0","","0","0","0","","","0","","0","","40 25:34.927","","0","79 54:52.682","0","0","0","0","2301","0","0","0","","0","0","0","3","68B03","0","","1.0","","1","N","N","","0","","0","0","0","","0","","","3","0","0","0","0","0","0","2","0","3","","","","N","","","","","","","","","",""
"2017085008","","2","0","0","0","0","0","0","0","0","2","0","","02","8","2017","6","40.393166","-79.805113","","11","0","0","1","0","0","0","0","0","2","0","0","0","","","4","","2","","40 23:35.397","7","0","79 48:18.405","3","0","0","0","2479","0","0","0","N","0","0","0","4","02501","3","","1.0","","1","N","N","","0","","1","0","0","","2","Y","","2","4","0","0","0","0","0","2","0","2","","","","N","","","","","","","","","",""
"2017100378","1558","2","0","0","0","0","0","0","0","0","4","0","","02","9","2017","6","40.411466","-79.943774","1555","11","0","0","0","0","1","0","0","0","2","0","0","0","","","0","","1","","40 24:41.277","3","0","79 56:37.586","0","0","0","0","2301","0","0","0","N","0","0","0","2","02301","0","","1.0","","1","N","N","","0","","0","0","0","","0","N","","2","0","0","0","0","0","0","2","0","2","","","","N","","","","","","","","","",""
"2017103678","1314","0","0","0","0","0","0","0","0","0","8","0","","02","10","2017","7","40.380665","-80.044416","1314","11","0","0","0","0","0","0","0","0","","0","0","0","","","1","","2","","40 22:50.395","","0","80 02:39.898","8","0","0","0","2109","1","0","0","","1","0","0","4","02109","0","","1.0","","1","N","N","","0","","0","0","1","","2","","","2","1","0","0","0","1","0","2","0","1","","","","N","","","","","","","","","",""
"2017101172","0835","1","0","0","0","0","0","0","0","0","1","0","","02","9","2017","6","40.429191","-80.132654","0831","11","0","0","0","0","0","0","0","0","1","0","0","0","","","2","","0","","40 25:45.088","4","0","80 07:57.554","4","0","0","0","2102","0","0","0","","0","0","0","3","68B03","2","","1.0","","1","N","N","","0","","0","0","0","","0","N","","3","2","0","0","0","0","0","2","2","3","","","","N","","","","","","","","","",""
"2017104367","1827","3","0","0","0","0","0","0","0","0","5","1","","02","10","2017","6","40.43806","-80.004779","1817","11","0","0","0","0","0","0","1","0","1","0","1","0","","","0","","0","","40 26:17.015","4","0","80 00:17.205","0","0","0","0","2301","0","0","0","","0","0","0","10","68B03","0","","1.0","","1","N","N","","0","","0","0","0","","0","N","","4","0","0","0","0","0","0","2","0","4","","","","N","","","","","","","","","",""
"2017116299","2041","2","0","0","0","0","0","0","0","0","1","0","","02","10","2017","3","40.429979","-79.884384","2041","11","0","0","0","0","0","0","0","0","1","0","0","0","","","0","","0","","40 25:47.925","1","0","79 53:03.782","9","0","0","0","2426","0","0","0","","0","0","0","3","02426","0","","6.0","","1","N","N","","0","","0","0","0","","0","N","","3","0","0","0","0","0","1","2","0","3","","","","N","","","","","","","","","",""
"2017100487","1930","1","0","0","0","0","0","0","0","0","1","0","","02","9","2017","6","40.430685","-80.025854","1908","11","0","0","0","0","0","1","0","0","2","0","0","0","","","1","","0","","40 25:50.466","1","0","80 01:33.075","4","0","0","0","2301","0","0","0","N","0","0","0","5","02301","1","","1.0","","9","N","N","","0","","0","0","1","","4","N","","2","1","0","0","0","0","0","2","0","2","","","","N","","","","","","","","","",""
"2017102828","1159","2","0","0","0","0","0","0","0","0","4","0","","02","9","2017","5","40.605453","-80.051175","1149","11","0","0","0","0","0","0","0","0","","0","0","0","","","0","","0","","40 36:19.632","","7","80 03:04.229","0","0","0","0","2108","0","0","0","","0","0","0","2","02108","0","","1.0","","1","N","N","","0","","0","0","0","","2","","","2","0","0","0","0","0","0","2","0","2","","","","N","","","","","","","","","",""
"2017082678","0047","1","0","0","0","0","0","0","0","0","4","0","","02","8","2017","1","40.579594","-79.994832","0047","11","0","0","0","0","0","0","0","0","1","0","0","0","","","0","","2","","40 34:46.539","1","0","79 59:41.394","0","0","0","0","2108","0","0","0","","0","0","0","2","02108","0","","1.0","","1","N","N","","0","","0","0","1","","3","N","","2","0","0","0","0","0","0","2","0","2","","","","N","","","","","","","","","",""
"2017103713","1049","1","0","0","0","0","0","0","0","0","4","0","","02","10","2017","7","40.391646","-80.071121","1049","11","0","0","0","0","0","1","0","0","","0","0","0","","","1","","2","","40 23:29.924","","0","80 04:16.035","4","0","0","0","2117","0","0","0","N","0","0","0","3","02117","1","","1.0","","1","N","N","","1","","0","0","0","","0","","","2","1","0","0","0","0","0","2","0","2","","","","N","","","","","","","","","",""
"2017082360","0138","2","0","0","0","0","0","0","0","0","1","0","","02","8","2017","1","40.481957","-79.940655","0132","11","0","0","0","0","0","0","0","0","","0","0","0","","","0","","3","","40 28:55.045","","0","79 56:26.357","0","0","0","0","2301","0","0","0","N","0","0","0","2","02301","0","","1.0","","1","N","N","","0","","0","0","0","","0","","","2","0","0","0","0","0","0","2","0","2","","","","N","","","","","","","","","",""
"2017100282","0952","1","0","0","0","0","0","0","0","0","5","0","","02","9","2017","6","40.287169","-79.882931","0948","11","0","0","0","0","0","0","0","0","","0","0","0","","","0","","0","","40 17:13.810","","0","79 52:58.550","0","0","0","0","2302","0","0","0","N","0","0","0","1","02302","0","","1.0","","1","N","N","","0","","0","0","1","","0","","","2","0","0","0","0","0","0","2","0","2","","","","N","","","","","","","","","",""
"2017099606","1152","2","0","0","0","0","0","0","0","0","4","0","","02","9","2017","3","40.461991","-79.924619","1143","11","0","0","0","0","0","0","0","0","","0","0","0","","","1","","1","","40 27:43.167","","0","79 55:28.628","4","0","0","0","2301","0","0","0","N","0","0","0","2","02301","1","","1.0","","1","N","N","","0","","0","0","0","","3","","","2","1","0","0","0","0","0","2","0","2","","","","N","","","","","","","","","",""
"2017107318","2030","1","0","0","0","0","0","0","0","0","7","0","","02","10","2017","4","40.527657","-80.228914","2029","11","0","0","0","0","0","0","0","0","","0","0","0","","","0","","0","","40 31:39.565","","0","80 13:44.091","0","0","0","0","2213","0","0","0","","0","0","0","1","02213","0","","4.0","","9","N","N","","0","","0","0","0","","0","","","1","0","0","0","0","0","0","2","0","1","","","","N","","","","","","","","","",""
"2017088608","1450","2","0","0","0","0","0","0","0","0","4","0","","02","8","2017","7","40.459794","-79.90713","1450","11","0","0","1","0","0","0","1","0","1","0","0","0","","","0","","2","","40 27:35.257","2","0","79 54:25.667","0","0","0","0","2301","0","0","0","N","0","0","0","2","02301","0","","1.0","","1","N","N","","0","","0","0","0","","0","Y","","2","0","0","0","0","0","0","2","0","2","","","","N","","","","","","","","","",""
"2017104717","1741","3","0","0","0","0","0","0","0","0","1","0","","02","10","2017","6","40.446465","-80.169913","1733","11","0","0","0","0","1","0","1","1","","0","0","0","","","1","","0","","40 26:47.273","","0","80 10:11.685","4","0","0","0","2115","0","0","0","","0","0","0","4","68B03","1","","1.0","","1","N","N","","1","","0","0","0","","0","","","4","1","0","0","0","0","0","2","0","4","","","","N","","","","","","","","","",""
"2017082498","1342","3","0","0","0","0","0","0","0","0","1","0","","02","8","2017","1","40.453163","-80.003752","1342","11","0","0","0","0","1","0","0","0","1","0","0","0","","","2","","5","","40 27:11.386","3","0","80 00:13.507","3","0","0","0","2301","0","0","0","N","0","0","0","5","02301","1","","1.0","","1","N","N","","0","","1","0","0","","2","Y","","3","2","0","0","0","0","1","2","0","3","","","","N","","","","","","","","","",""
"2017097566","1220","1","0","0","0","0","0","0","0","0","1","0","","02","9","2017","4","40.522078","-80.084531","1215","11","0","0","0","0","0","0","0","0","","0","0","0","","","0","","0","","40 31:19.480","","7","80 05:04.310","0","0","0","0","2211","0","0","0","N","0","0","0","2","02215","0","","1.0","","1","N","N","","0","","0","0","1","","0","","","2","0","0","0","0","0","0","2","0","2","","","","N","","","","","","","","","",""
"2017099436","1923","1","0","0","0","0","0","0","0","0","4","0","","02","9","2017","6","40.513872","-79.951455","1921","11","0","0","0","0","0","0","0","1","","0","0","0","","","0","","2","","40 30:49.938","","0","79 57:05.239","0","0","0","0","2118","0","0","0","N","0","0","0","2","02118","0","","1.0","","1","N","N","","0","","0","0","1","","2","","","2","0","0","0","0","0","0","2","0","2","","","","N","","","","","","","","","",""
"2017103451","1917","2","0","0","0","0","0","0","0","0","1","0","","02","9","2017","1","40.424074","-80.110259","1842","11","0","0","0","0","0","0","0","0","","0","0","0","","","0","","0","","40 25:26.665","","0","80 06:36.932","0","0","0","0","2115","0","0","0","","0","0","0","3","68B03","0","","1.0","","1","N","N","","0","","0","0","0","","0","","","2","0","0","0","0","0","0","2","0","2","","","","N","","","","","","","","","",""
"2017102298","1714","1","0","0","0","0","0","0","0","0","4","0","","02","9","2017","5","40.567388","-80.00696","1713","11","0","0","0","0","0","0","0","0","1","0","0","0","","","0","","1","","40 34:02.595","7","0","80 00:25.056","0","0","0","0","2108","0","0","0","","0","0","0","2","02108","0","","1.0","","1","N","N","","0","","0","0","1","","2","N","","2","0","0","0","0","0","0","2","0","2","","","","N","","","","","","","","","",""
"2017101078","1635","1","0","0","0","0","0","0","0","0","4","0","","02","9","2017","7","40.443319","-79.790689","1627","11","0","0","0","0","0","1","1","0","2","0","0","0","","","3","","0","","40 26:35.950","6","7","79 47:26.480","3","0","0","0","2446","0","0","0","N","0","0","0","3","02446","0","","1.0","","1","N","N","","0","","1","0","1","","0","Y","","2","3","0","0","0","2","0","2","0","2","","","","N","","","","","","","","","",""
"2017085877","1732","1","0","0","0","0","0","0","0","0","1","0","","02","8","2017","7","40.437806","-80.149367","1716","11","0","0","0","1","0","0","0","0","","0","0","0","","","1","","0","","40 26:16.103","","2","80 08:57.722","8","0","0","0","2115","0","0","0","","0","0","0","7","68B03","0","","1.0","","9","N","N","","0","","0","0","1","","0","","","2","1","0","0","0","1","0","2","0","2","","","","N","","","","","","","","","",""
"2017117147","0043","1","0","0","0","0","0","0","0","0","7","0","","02","7","2017","3","40.317076","-80.028043","0040","11","0","0","0","0","0","0","0","0","4","3","0","0","","","1","","0","","40 19:01.475","5","0","80 01:40.955","1","0","0","0","2407","0","0","0","N","0","0","0","4","02407","0","2","4.0","","1","N","N","","0","0","0","1","0","","0","Y","","1","1","4","3","1","0","0","2","0","1","","","","N","","","","","","","","","",""
"2017099479","1451","1","0","0","0","0","0","0","0","0","1","0","","02","9","2017","2","40.3336","-80.020468","1446","11","0","1","0","0","0","0","0","0","1","0","0","0","","","1","","2","","40 20:00.959","4","0","80 01:13.683","8","0","0","0","2407","0","0","0","","0","0","0","2","02407","0","","1.0","","1","N","N","","0","","0","0","1","","0","N","","2","1","0","0","0","1","0","2","0","2","","","","N","","","","","","","","","",""
"2017087412","2200","3","0","0","0","0","0","0","0","0","5","0","","02","8","2017","5","40.495017","-79.934527","2158","11","0","0","0","0","0","0","0","0","","0","0","0","","","0","","0","","40 29:42.062","","0","79 56:04.297","0","0","0","0","2461","0","0","0","N","0","0","0","1","02461","0","","1.0","","9","N","N","","0","","0","0","0","","0","","","3","0","0","0","0","0","0","2","0","3","","","","N","","","","","","","","","",""
"2017108221","1815","0","0","0","0","0","0","0","0","0","8","0","","02","10","2017","4","40.437919","-79.99102","1815","11","0","0","0","0","0","1","0","0","","0","0","0","","","1","","1","","40 26:16.507","","0","79 59:27.672","8","0","0","0","2301","1","0","0","N","1","0","0","3","02508","0","","1.0","","1","N","N","","0","","0","0","1","","2","","","2","1","0","0","0","1","0","2","0","1","","","","N","","","","","","","","","",""
"2017102010","0150","1","0","0","0","0","0","0","0","0","7","0","","02","10","2017","1","40.655174","-80.072438","0150","11","0","0","0","0","0","0","0","0","2","0","0","0","","","0","","0","","40 39:18.628","3","5","80 04:20.775","0","0","0","0","2212","0","0","0","","0","0","0","1","68T02","0","","4.0","","1","N","N","","0","","0","0","0","","0","N","","1","0","0","0","0","0","0","2","0","1","","","","N","","","","","","","","","",""
"2017101626","0726","3","0","0","0","0","0","0","0","0","1","0","","02","9","2017","6","40.510362","-80.222779","0721","11","0","0","1","0","0","0","0","0","2","0","0","0","","","0","","0","","40 30:37.303","1","7","80 13:22.003","0","0","0","0","2213","0","0","0","","0","0","0","4","02213","0","","1.0","","1","N","N","","1","","0","0","0","","0","N","","4","0","0","0","0","0","0","2","0","4","","","","N","","","","","","","","","",""