"CRN","ARRIVAL_TM","AUTOMOBILE_COUNT","BELTED_DEATH_COUNT","BELTED_SUSP_SERIOUS_INJ_COUNT","BICYCLE_COUNT","BICYCLE_DEATH_COUNT","BICYCLE_SUSP_SERIOUS_INJ_COUNT","BUS_COUNT","CHLDPAS_DEATH_COUNT","CHLDPAS_SUSP_SERIOUS_INJ_COUNT","COLLISION_TYPE","COMM_VEH_COUNT","CONS_ZONE_SPD_LIM","COUNTY","CRASH_MONTH","CRASH_YEAR","DAY_OF_WEEK","DEC_LATITUDE","DEC_LONGITUDE","DISPATCH_TM","DISTRICT","DRIVER_COUNT_16YR","DRIVER_COUNT_17YR","DRIVER_COUNT_18YR","DRIVER_COUNT_19YR","DRIVER_COUNT_20YR","DRIVER_COUNT_50_64YR","DRIVER_COUNT_65_74YR","DRIVER_COUNT_75PLUS","EST_HRS_CLOSED","FATAL_COUNT","HEAVY_TRUCK_COUNT","HORSE_BUGGY_COUNT","HOUR_OF_DAY","ILLUMINATION","INJURY_COUNT","INTERSECTION_RELATED","INTERSECT_TYPE","LANE_CLOSED","LATITUDE","LN_CLOSE_DIR","LOCATION_TYPE","LONGITUDE","MAX_SEVERITY_LEVEL","MCYCLE_DEATH_COUNT","MCYCLE_SUSP_SERIOUS_INJ_COUNT","MOTORCYCLE_COUNT","MUNICIPALITY","NONMOTR_COUNT","NONMOTR_DEATH_COUNT","NONMOTR_SUSP_SERIOUS_INJ_COUNT","NTFY_HIWY_MAINT","PED_COUNT","PED_DEATH_COUNT","PED_SUSP_SERIOUS_INJ_COUNT","PERSON_COUNT","POLICE_AGCY","POSSIBLE_INJ_COUNT","RDWY_SURF_TYPE_CD","RELATION_TO_ROAD","ROADWAY_CLEARED","ROAD_CONDITION","SCH_BUS_IND","SCH_ZONE_IND","SECONDARY_CRASH","SMALL_TRUCK_COUNT","SPEC_JURIS_CD","SUSP_MINOR_INJ_COUNT","SUSP_SERIOUS_INJ_COUNT","SUV_COUNT","TCD_FUNC_CD","TCD_TYPE","TFC_DETOUR_IND","TIME_OF_DAY","TOTAL_UNITS","TOT_INJ_COUNT","UNBELTED_OCC_COUNT","UNB_DEATH_COUNT","UNB_SUSP_SERIOUS_INJ_COUNT","UNK_INJ_DEG_COUNT","UNK_INJ_PER_COUNT","URBAN_RURAL","VAN_COUNT","VEHICLE_COUNT","WEATHER1","WEATHER2","WORKERS_PRES","WORK_ZONE_IND","WORK_ZONE_LOC","WORK_ZONE_TYPE","WZ_CLOSE_DETOUR","WZ_FLAGGER","WZ_LAW_OFFCR_IND","WZ_LN_CLOSURE","WZ_MOVING","WZ_OTHER","WZ_SHLDER_MDN","WZ_WORKERS_INJ_KILLED"
"2017104590","2311","2","0","0","0","0","0","0","0","0","4","0","","02","10","2017","2","40.485183","-79.856869","2305","11","0","0","1","0","0","0","0","0","1","0","0","0","","","1","","2","","40 29:06.657","4","0","79 51:24.730","3","0","0","0","2113","0","0","0","N","0","0","0","2","02113","0","","1.0","","1","N","N","","0","","1","0","0","","2","N","","2","1","0","0","0","0","0","2","0","2","","","","N","","","","","","","","","",""
"2017083614","1703","0","0","0","0","0","0","0","0","0","1","0","","02","8","2017","4","40.437081","-79.972458","1623","11","0","0","0","0","0","1","0","0","","0","0","0","","","0","","2","","40 26:13.490","","0","79 58:20.848","0","0","0","0","2301","0","0","0","N","0","0","0","2","02301","0","","1.0","","1","N","N","","0","","0","0","2","","2","","","2","0","0","0","0","0","0","2","0","2","","","","N","","","","","","","","","",""
"2017084128","1919","2","0","0","0","0","0","0","0","0","4","0","","02","8","2017","5","40.419254","-80.045989","1913","11","0","0","0","0","0","0","0","0","2","0","0","0","","","0","","1","","40 25:09.316","1","0","80 02:45.560","0","0","0","0","2435","0","0","0","N","0","0","0","2","02435","0","","1.0","","1","N","N","","0","","0","0","0","","2","N","","2","0","0","0","0","0","0","2","0","2","","","","N","","","","","","","","","",""
"2017093393","0746","2","0","0","0","0","0","0","0","0","4","0","","02","9","2017","2","40.362301","-79.826096","0744","11","0","0","0","0","0","0","0","0","","0","0","0","","","2","","1","","40 21:44.283","","0","79 49:33.947","8","0","0","0","2111","0","0","0","N","0","0","0","2","02111","0","","1.0","","1","N","N","","0","","0","0","0","","2","","","2","2","0","0","0","2","0","2","0","2","","","","N","","","","","","","","","",""
"2017100513","0751","1","0","0","0","0","0","0","0","0","1","0","","02","9","2017","4","40.338425","-79.894743","0745","11","0","0","0","0","1","0","1","0","1","0","0","0","","","0","","0","","40 20:18.329","2","0","79 53:41.073","0","0","0","0","2473","0","0","0","N","0","0","0","2","02473","0","","1.0","","1","N","N","","1","","0","0","0","","2","N","","2","0","0","0","0","0","0","2","0","2","","","","N","","","","","","","","","",""
"2017084287","0750","1","0","0","0","0","0","0","0","0","4","0","","02","8","2017","6","40.449839","-79.929647","0740","11","0","0","0","1","0","0","0","0","1","0","0","0","","","1","","1","","40 26:59.420","1","0","79 55:46.729","4","0","0","0","2301","0","0","0","N","0","0","0","2","02301","1","","1.0","","9","N","N","","1","","0","0","0","","2","N","","2","1","0","0","0","0","0","2","0","2","","","","N","","","","","","","","","",""
"2017084153","1520","0","0","0","0","0","0","0","0","0","7","0","","02","8","2017","5","40.481429","-79.805795","1515","11","0","0","0","0","0","0","0","0","","0","0","0","","","2","","0","","40 28:53.144","","0","79 48:20.861","4","0","0","0","2113","0","0","0","N","0","0","0","3","02113","2","","2.0","","1","N","N","","1","","0","0","0","","0","","","1","2","0","0","0","0","0","2","0","1","","","","N","","","","","","","","","",""
"2017100122","2100","0","0","0","0","0","0","0","0","0","8","0","","02","9","2017","5","40.41851","-79.97574","2055","11","0","0","0","0","0","1","0","0","","0","0","0","","","1","","0","","40 25:06.635","","0","79 58:32.663","8","0","0","0","2301","1","0","0","N","1","0","0","2","02301","0","","1.0","","1","N","N","","0","","0","0","1","","0","","","2","1","0","0","0","1","0","2","0","1","","","","N","","","","","","","","","",""
"2017097713","0729","0","0","0","0","0","0","0","0","0","1","0","","02","9","2017","6","40.425579","-79.964761","0718","11","0","0","0","0","0","2","0","0","","0","0","0","","","2","","0","","40 25:32.084","","0","79 57:53.138","8","0","0","0","2301","0","0","0","N","0","0","0","3","02301","0","","1.0","","1","N","N","","0","","0","0","3","","0","","","3","2","0","0","0","2","0","2","0","3","","","","N","","","","","","","","","",""
"2017101484","1746","0","0","0","0","0","0","0","0","0","8","0","","02","10","2017","2","40.444455","-79.995626","1740","11","0","0","0","0","0","0","0","0","","0","0","0","","","1","","1","","40 26:40.037","","0","79 59:44.255","4","0","0","0","2301","1","0","0","N","1","0","0","2","02301","1","","1.0","","1","N","N","","0","","0","0","1","","0","","","2","1","0","0","0","0","0","2","0","1","","","","N","","","","","","","","","",""
"2017102224","2222","1","0","0","0","0","0","0","0","0","7","0","","02","10","2017","2","40.598484","-79.769145","2212","11","0","0","0","0","0","0","0","0","","0","0","0","","","0","","0","","40 35:54.544","","0","79 46:08.921","0","0","0","0","2104","0","0","0","","0","0","0","1","68D02","0","","4.0","","1","N","N","","0","","0","0","0","","0","","","1","0","0","0","0","0","0","2","0","1","","","","N","","","","","","","","","",""
"2017098818","0956","0","0","0","0","0","0","0","0","0","5","0","","02","9","2017","2","40.479491","-79.922411","0951","11","0","0","0","0","0","2","0","0","1","0","0","0","","","1","","2","","40 28:46.167","5","0","79 55:20.679","3","0","0","0","2301","0","0","0","N","0","0","0","2","02301","0","","1.0","","1","N","N","","0","","1","0","1","","0","N","","2","1","0","0","0","0","0","2","1","2","","","","N","","","","","","","","","",""
"2017100131","1604","1","0","0","0","0","0","0","0","0","1","0","","02","9","2017","5","40.465602","-79.825108","1600","11","0","0","0","0","0","0","1","0","","0","0","0","","","1","","2","","40 27:56.166","","0","79 49:30.388","4","0","0","0","2113","0","0","0","N","0","0","0","3","02113","1","","1.0","","1","N","N","","0","","0","0","0","","2","","","2","1","0","0","0","0","0","2","1","2","","","","N","","","","","","","","","",""
"2017100161","1857","0","0","0","0","0","0","0","0","0","1","0","","02","9","2017","2","40.361731","-80.064124","1857","11","0","0","0","0","0","1","0","1","","0","0","0","","","0","","2","","40 21:42.231","","0","80 03:50.847","0","0","0","0","2109","0","0","0","","0","0","0","8","02109","0","","1.0","","1","N","N","","0","","0","0","2","","4","","","2","0","0","0","0","0","0","2","0","2","","","","N","","","","","","","","","",""
"2017098653","1135","2","0","0","0","0","0","0","0","0","99","0","","02","9","2017","7","40.356518","-80.053166","1132","11","0","1","0","0","0","0","0","1","","0","0","0","","","2","","2","","40 21:23.465","","0","80 03:11.396","3","0","0","0","2109","0","0","0","","0","0","0","2","02109","1","","1.0","","1","N","N","","0","","1","0","0","","2","","","2","2","0","0","0","0","0","2","0","2","","","","N","","","","","","","","","",""
"2017084726","1751","1","0","0","0","0","0","0","0","0","4","0","","02","8","2017","7","40.424725","-79.8594","1747","11","0","0","0","0","0","1","0","0","","0","0","0","","","0","","1","","40 25:29.009","","0","79 51:33.839","0","0","0","0","2431","0","0","0","N","0","0","0","4","02431","0","","1.0","","9","N","N","","1","","0","0","0","","2","","","2","0","0","0","0","0","0","2","0","2","","","","N","","","","","","","","","",""
"2017100515","2134","0","0","0","0","0","0","0","0","0","4","0","","02","9","2017","6","40.469078","-79.961788","2125","11","0","0","0","0","0","0","0","0","2","0","0","0","","","0","","0","","40 28:08.682","3","0","79 57:42.438","9","0","0","0","2301","0","0","0","N","0","0","0","1","02301","0","","2.0","","1","N","N","","0","","0","0","2","","0","N","","2","0","0","0","0","0","1","2","0","2","","","","N","","","","","","","","","",""
"2017103167","1539","0","0","0","0","0","0","0","0","0","7","0","","02","10","2017","5","40.556953","-80.154153","1535","11","1","0","0","0","0","0","0","0","1","0","0","0","","","0","","0","","40 33:25.029","6","0","80 09:14.951","0","0","0","0","2459","0","0","0","N","0","0","0","1","02459","0","","2.0","","9","N","N","","0","","0","0","1","","0","Y","","1","0","0","0","0","0","0","1","0","1","","","","N","","","","","","","","","",""
"2017099662","2238","1","0","0","0","0","0","0","0","0","7","0","","02","9","2017","5","40.366014","-79.852272","2230","11","0","0","0","0","0","0","0","0","","0","0","0","","","0","","0","","40 21:57.650","","0","79 51:08.180","0","0","0","0","2303","0","0","0","N","0","0","0","0","02303","0","","4.0","","1","N","N","","0","","0","0","0","","3","","","1","0","0","0","0","0","0","2","0","1","","","","N","","","","","","","","","",""
"2017083961","1031","2","0","0","0","0","0","0","0","0","4","0","","02","8","2017","2","40.336611","-80.044028","1027","11","1","0","1","0","0","0","0","0","","0","0","0","","","3","","0","","40 20:11.800","","0","80 02:38.500","4","0","0","0","2407","0","0","0","","0","0","0","4","02407","3","","1.0","","1","N","N","","0","","0","0","0","","3","","","2","3","0","0","0","0","0","2","0","2","","","","N","","","","","","","","","",""
"2017104799","2202","0","0","0","0","0","0","0","0","0","8","0","","02","10","2017","2","40.280979","-79.967783","2156","11","0","0","0","0","0","0","0","0","3","1","0","0","","","0","","0","","40 16:51.524","5","0","79 58:04.018","1","0","0","0","2219","1","1","0","N","1","1","0","2","02219","0","2","1.0","","1","N","N","","0","0","0","0","0","","0","Y","","2","0","0","0","0","0","0","1","0","1","","","","N","","","","","","","","","",""
"2017102561","1937","1","0","0","0","0","0","0","0","0","6","1","","02","10","2017","4","40.422136","-79.959637","1934","11","0","0","0","0","0","1","0","0","3","0","1","0","","","1","","0","","40 25:19.688","6","0","79 57:34.692","3","0","0","0","2302","0","0","0","N","0","0","0","3","02301","0","","1.0","","1","N","N","","0","","1","0","0","","0","Y","","2","1","1","0","0","0","0","2","0","2","","","","N","","","","","","","","","",""
"2017100633","1829","2","0","0","0","0","0","0","0","0","4","0","","02","9","2017","6","40.517089","-79.726591","1825","11","0","0","0","0","0","1","0","0","1","0","0","0","","","0","","1","","40 31:01.521","4","0","79 43:35.729","0","0","0","0","2466","0","0","0","Y","0","0","0","2","02466","0","","1.0","","9","N","N","","0","","0","0","0","","3","N","","2","0","0","0","0","0","0","1","0","2","","","","N","","","","","","","","","",""
"2017103472","1533","1","0","0","0","0","0","0","0","0","7","0","","02","10","2017","5","40.450598","-79.754018","1506","11","0","0","0","0","0","0","0","0","","0","0","0","","","0","","0","","40 27:02.154","","0","79 45:14.463","0","0","0","0","2446","0","0","0","","0","0","0","2","68T02","0","","2.0","","9","N","N","","0","","0","0","0","","0","","","1","0","0","0","0","0","0","2","0","1","","","","N","","","","","","","","","",""
"2017084255","1302","0","0","0","0","0","0","0","0","0","8","0","","02","8","2017","4","40.363844","-79.866267","1259","11","0","0","0","0","1","0","0","0","2","0","0","0","","","1","","0","","40 21:49.840","6","0","79 51:58.560","8","0","0","0","2473","1","0","0","N","1","0","0","3","02473","0","","1.0","","1","N","N","","1","","0","0","0","","0","Y","","2","1","0","0","0","1","0","2","0","1","","","","N","","","","","","","","","",""
"2017100647","0845","1","0","0","0","0","0","0","0","0","5","0","","02","9","2017","7","40.346928","-79.831931","0840","11","0","0","0","0","0","1","0","0","","0","0","0","","","0","","0","","40 20:48.940","","7","79 49:54.950","0","0","0","0","2304","0","0","0","N","0","0","0","2","02304","0","","2.0","","1","N","N","","0","","0","0","1","","2","","","2","0","0","0","0","0","0","2","0","2","","","","N","","","","","","","","","",""
"2017092869","1436","1","0","0","0","0","0","0","0","0","4","0","","02","9","2017","5","40.39326","-80.064397","1436","11","0","0","0","0","0","0","1","0","","0","0","0","","","0","","0","","40 23:35.737","","7","80 03:51.828","0","0","0","0","2109","0","0","0","","0","0","0","2","02109","0","","1.0","","1","N","N","","1","","0","0","0","","8","","","2","0","0","0","0","0","0","2","0","2","","","","N","","","","","","","","","",""
"2017095880","0815","1","0","0","0","0","0","0","0","0","4","0","","02","9","2017","2","40.426264","-79.963573","0814","11","0","0","0","0","0","0","0","0","","0","0","0","","","0","","1","","40 25:34.552","","0","79 57:48.863","0","0","0","0","2301","0","0","0","N","0","0","0","3","02301","0","","1.0","","1","N","N","","0","","0","0","1","","2","","","2","0","0","0","0","0","0","2","0","2","","","","N","","","","","","","","","",""
"2017084310","1025","3","0","0","0","0","0","0","0","0","5","0","","02","8","2017","6","40.453938","-79.934393","1005","11","0","0","0","0","0","0","0","1","","0","0","0","","","0","","0","","40 27:14.176","","0","79 56:03.814","0","0","0","0","2301","0","0","0","N","0","0","0","1","02301","0","","1.0","","9","N","N","","0","","0","0","0","","0","","","3","0","0","0","0","0","0","2","0","3","","","","N","","","","","","","","","",""
"2017105136","0605","0","0","0","0","0","0","0","0","0","4","0","","02","10","2017","4","40.485305","-80.009501","0558","11","0","0","0","0","0","0","1","0","1","0","0","0","","","2","","1","","40 29:07.098","3","2","80 00:34.205","8","0","0","0","2301","0","0","0","N","0","0","0","2","02301","0","","1.0","","1","N","N","","1","","0","0","1","","2","N","","2","2","0","0","0","2","0","2","0","2","","","","N","","","","","","","","","",""
"2017098796","1403","1","0","0","0","0","0","0","0","0","1","0","","02","7","2017","4","40.510456","-80.097062","1400","11","0","0","0","0","0","1","0","0","","0","0","0","","","0","","2","","40 30:37.643","","0","80 05:49.424","0","0","0","0","2429","0","0","0","N","0","0","0","2","02215","0","","1.0","","1","N","N","","1","","0","0","0","","0","","","2","0","0","0","0","0","0","2","0","2","","","","N","","","","","","","","","",""
"2017104508","0948","2","0","1","0","0","0","0","0","0","1","0","","02","9","2017","2","40.530597","-80.009975","0944","11","0","0","0","0","0","2","1","0","3","0","0","0","","","3","","1","","40 31:50.150","6","0","80 00:35.911","2","0","0","0","2116","0","0","0","N","0","0","0","3","02116","1","","1.0","","1","N","N","","1","","0","1","0","","2","Y","","3","3","0","0","0","1","0","2","0","3","","","","N","","","","","","","","","",""
"2017083796","2125","1","0","0","0","0","0","0","0","0","7","0","","02","8","2017","4","40.398755","-80.025511","2116","11","0","0","0","0","0","0","0","0","","0","0","0","","","1","","0","","40 23:55.519","","0","80 01:31.841","3","0","0","1","2301","0","0","0","N","0","0","0","1","02301","0","","5.0","","1","N","N","","0","","1","0","0","","2","","","2","1","0","0","0","0","0","2","0","2","","","","N","","","","","","","","","",""
"2017100975","0049","2","0","0","0","0","0","0","0","0","0","0","","02","9","2017","1","40.399867","-80.025492","0041","11","0","0","0","0","0","0","0","0","","0","0","0","","","0","N","0","","40 23:59.520","","0","80 01:31.770","0","0","0","0","2301","0","0","0","N","0","0","0","1","02301","0","","1.0","","1","N","N","","0","","0","0","0","","0","","","2","0","0","0","0","0","0","2","0","2","","","","N","","","","","","","","","",""
"2017098800","0550","1","0","0","0","0","0","0","0","0","99","0","","02","9","2017","2","40.428818","-79.938511","0537","11","0","0","0","0","0","0","0","0","","0","0","0","","","0","","0","","40 25:43.744","","2","79 56:18.640","0","0","0","0","2301","0","0","0","N","0","0","0","1","02301","0","","4.0","","1","N","N","","0","","0","0","0","","0","","","1","0","0","0","0","0","0","2","0","1","","","","N","","","","","","","","","",""
"2017094362","0953","1","0","0","0","0","0","0","0","0","4","0","","02","9","2017","4","40.45798","-80.191554","0942","11","0","0","0","0","0","1","0","0","2","0","0","0","","","0","","2","","40 27:28.728","4","0","80 11:29.594","0","0","0","0","2203","0","0","0","N","0","0","0","2","02203","0","","1.0","","1","N","N","","1","","0","0","0","","0","N","","2","0","0","0","0","0","0","2","0","2","","","","N","","","","","","","","","",""
"2017084135","2052","2","0","0","0","0","0","0","0","0","5","0","","02","8","2017","5","40.411017","-79.955529","2043","11","0","0","0","0","0","0","0","0","1","0","0","0","","","0","","2","","40 24:39.662","4","0","79 57:19.905","0","0","0","0","2301","0","0","0","N","0","0","0","2","02301","0","","1.0","","9","N","N","","0","","0","0","0","","0","N","","2","0","0","0","0","0","0","2","0","2","","","","N","","","","","","","","","",""
"2017100974","2025","2","0","0","0","0","0","0","0","0","1","0","","02","9","2017","7","40.45501","-79.710857","2015","11","0","0","0","0","0","1","1","0","2","0","0","0","","","5","","2","","40 27:18.035","3","0","79 42:39.085","3","0","0","0","2466","0","0","0","N","0","0","0","6","02466","4","","1.0","","1","N","N","","0","","1","0","1","","2","N","","3","5","0","0","0","0","0","2","0","3","","","","N","","","","","","","","","",""
"2017108323","1502","1","0","0","0","0","0","0","0","0","1","0","","02","10","2017","3","40.509432","-80.222935","1500","11","0","0","0","0","1","0","0","0","1","0","0","0","","","1","","0","","40 30:33.954","2","0","80 13:22.567","3","0","0","0","2213","0","0","0","","0","0","0","3","02213","0","","1.0","","1","N","N","","0","","1","0","2","","0","N","","3","1","0","0","0","0","0","2","0","3","","","","N","","","","","","","","","",""
"2017098404","1610","2","0","0","0","0","0","0","0","0","4","0","","02","9","2017","6","","","1606","11","0","0","0","0","0","0","0","0","1","0","0","0","","","2","","1","","00 00:00.00","1","0","00 00:00.0","3","0","0","0","2215","0","0","0","N","0","0","0","4","02215","1","","1.0","","1","N","N","","0","","1","0","0","","2","N","","2","2","0","0","0","0","0","1","0","2","","","","N","","","","","","","","","",""
"2017084338","1357","0","0","0","0","0","0","0","0","0","4","0","","02","8","2017","6","40.492386","-79.743791","1352","11","0","0","0","0","0","0","0","0","1","0","0","0","","","1","","0","","40 29:32.588","2","0","79 44:37.646","8","0","0","0","2466","0","0","0","N","0","0","0","2","02466","0","","1.0","","1","N","N","","0","","0","0","2","","0","N","","2","1","0","0","0","1","0","2","0","2","","","","N","","","","","","","","","",""
"2017101112","0041","1","0","0","0","0","0","1","0","0","4","1","","02","10","2017","1","40.448804","-79.987505","0041","11","0","0","0","0","0","0","0","0","2","0","0","0","","","0","","1","","40 26:55.694","2","0","79 59:15.019","9","0","0","0","2301","0","0","0","N","0","0","0","5","02301","0","","1.0","","1","N","N","","0","","0","0","0","","2","Y","","2","0","0","0","0","0","1","2","0","2","","","","N","","","","","","","","","",""
"2017103950","1945","1","0","0","0","0","0","0","0","0","1","0","","02","9","2017","3","40.375648","-79.797118","1943","11","0","0","0","0","0","1","0","0","2","0","0","0","","","2","","0","","40 22:32.334","3","0","79 47:49.625","3","0","0","0","2111","0","0","0","N","0","0","0","8","02111","0","","1.0","","1","N","N","","0","","2","0","1","","2","N","","3","2","1","0","0","0","0","2","1","3","","","","N","","","","","","","","","",""
"2017105723","1724","2","0","0","0","0","0","0","0","0","1","0","","02","10","2017","3","40.576428","-80.11731","1704","11","0","0","0","0","0","0","0","0","","0","0","0","","","0","","0","","40 34:35.139","","0","80 07:02.317","0","0","0","0","2460","0","0","0","","0","0","0","2","68B03","0","","1.0","","1","N","N","","0","","0","0","0","","0","","","2","0","0","0","0","0","0","2","0","2","","","","N","","","","","","","","","",""
"2017100921","1325","1","0","0","0","0","0","0","0","0","1","0","","02","9","2017","7","40.506119","-79.990498","1322","11","0","0","0","0","0","0","0","0","","0","0","0","","","0","","2","","40 30:22.028","","0","79 59:25.791","0","0","0","0","2116","0","0","0","N","0","0","0","3","02116","0","","1.0","","1","N","N","","0","","0","0","1","","4","","","2","0","0","0","0","0","0","2","0","2","","","","N","","","","","","","","","",""
"2017100372","2120","2","0","0","0","0","0","0","0","0","4","0","","02","9","2017","5","40.416904","-80.014415","2100","11","0","0","0","0","0","0","0","0","","0","0","0","","","0","","2","","40 25:00.854","","0","80 00:51.895","0","0","0","0","2301","0","0","0","N","0","0","0","3","02301","0","","1.0","","1","N","N","","0","","0","0","0","","2","","","2","0","0","0","0","0","0","2","0","2","","","","N","","","","","","","","","",""
"2017094055","1421","2","0","0","0","0","0","0","0","0","4","0","","02","9","2017","2","40.626185","-80.056151","1405","11","0","0","0","0","0","0","0","0","","0","0","0","","","0","","1","","40 37:34.267","","0","80 03:22.142","0","0","0","0","2216","0","0","0","N","0","0","0","2","02505","0","","1.0","","1","N","N","","0","","0","0","0","","3","","","2","0","0","0","0","0","0","2","0","2","","","","N","","","","","","","","","",""
"2017105192","2235","2","0","0","0","0","0","0","0","0","5","0","","02","10","2017","4","40.471469","-79.920152","2231","11","0","0","0","0","0","0","0","0","","0","0","0","","","0","","0","","40 28:17.288","","0","79 55:12.547","0","0","0","0","2301","0","0","0","N","0","0","0","1","02301","0","","2.0","","9","N","N","","0","","0","0","0","","0","","","2","0","0","0","0","0","0","2","0","2","","","","N","","","","","","","","","",""
"2017097376","0827","1","0","0","0","0","0","0","0","0","7","0","","02","9","2017","1","40.490078","-79.9008","0824","11","0","0","0","0","0","1","0","0","1","0","0","0","","","1","","0","","40 29:24.280","1","0","79 54:02.880","8","0","0","0","2401","0","0","0","N","0","0","0","1","02401","0","","5.0","","1","N","N","","0","","0","0","0","","8","N","","1","1","0","0","0","1","0","2","0","1","","","","N","","","","","","","","","",""
"2017101130","0135","2","0","0","0","0","0","0","0","0","4","0","","02","10","2017","1","40.478769","-79.955423","0128","11","0","0","0","0","0","1","0","0","","0","0","0","","","0","","0","","40 28:43.568","","0","79 57:19.521","0","0","0","0","2301","0","0","0","N","0","0","0","2","02301","0","","1.0","","1","N","N","","0","","0","0","0","","2","","","2","0","0","0","0","0","0","2","0","2","","","","N","","","","","","","","","",""
"2017097558","1530","1","0","0","0","0","0","0","0","0","1","0","","02","9","2017","3","40.538598","-79.830386","1530","11","0","0","0","0","0","0","0","1","2","0","0","0","","","1","","2","","40 32:18.952","1","0","79 49:49.389","4","0","0","0","2208","0","0","0","N","0","0","0","2","02208","1","","1.0","","1","N","N","","1","","0","0","0","","2","Y","","2","1","0","0","0","0","0","2","0","2","","","","N","","","","","","","","","",""
"2017102387","0153","0","0","0","0","0","0","0","0","0","4","0","","02","10","2017","1","40.448933","-80.000739","0153","11","0","0","0","0","0","0","0","0","1","0","0","0","","","1","","1","","40 26:56.157","1","0","80 00:02.660","8","0","0","1","2301","0","0","0","N","0","0","0","2","02301","0","","1.0","","1","N","N","","0","","0","0","1","","1","Y","","2","1","0","0","0","1","1","2","0","2","","","","N","","","","","","","","","",""
"2017084158","0147","1","0","0","0","0","0","0","0","0","7","0","","02","8","2017","6","40.471052","-79.888756","0137","11","0","0","0","0","0","0","0","0","","0","0","0","","","0","","0","","40 28:15.787","","0","79 53:19.521","0","0","0","0","2301","0","0","0","N","0","0","0","2","02301","0","","5.0","","9","N","N","","0","","0","0","0","","0","","","1","0","0","0","0","0","0","2","0","1","","","","N","","","","","","","","","",""
"2017103481","1424","1","0","1","0","0","0","0","0","0","1","0","","02","9","2017","4","40.411489","-80.075846","1424","11","0","0","0","0","0","0","0","0","","0","0","0","","","1","","6","","40 24:41.361","","2","80 04:33.046","2","0","0","0","2117","0","0","0","","0","0","0","2","68B03","0","","1.0","","1","N","N","","0","","0","1","0","","4","","","2","1","0","0","0","0","0","2","1","2","","","","N","","","","","","","","","",""
"2017104203","1457","2","0","0","0","0","0","0","0","0","4","0","","02","10","2017","1","40.438869","-79.760496","1452","11","0","0","0","0","0","0","0","0","2","0","0","0","","","0","","1","","40 26:19.929","7","0","79 45:37.786","0","0","0","0","2446","0","0","0","N","0","0","0","4","02446","0","","1.0","","1","N","N","","0","","0","0","0","","2","Y","","2","0","0","0","0","0","0","2","0","2","","","","N","","","","","","","","","",""
"2017103679","1518","1","0","0","0","0","0","0","0","0","7","0","","02","10","2017","7","40.363177","-80.046937","1518","11","0","0","0","0","0","0","0","1","2","0","0","0","","","0","","2","","40 21:47.436","3","0","80 02:48.972","0","0","0","0","2109","0","0","0","","0","0","0","1","02109","0","","5.0","","1","N","N","","0","","0","0","0","","2","N","","1","0","0","0","0","0","0","2","0","1","","","","N","","","","","","","","","",""
"2017103343","1756","2","0","0","0","0","0","0","0","0","1","0","","02","10","2017","4","40.433306","-79.962388","1717","11","0","0","0","0","0","1","0","0","2","0","0","0","","","0","","0","","40 25:59.902","4","0","79 57:44.598","0","0","0","0","2301","0","0","0","","0","0","0","6","68B03","0","","1.0","","1","N","N","","0","","0","0","0","","0","N","","2","0","0","0","0","0","0","2","0","2","","","","N","","","","","","","","","",""
"2017100023","1705","1","0","0","0","0","0","0","0","0","4","0","","02","9","2017","5","40.337669","-79.979081","1702","11","0","0","0","0","0","0","1","0","","0","0","0","","","1","","0","","40 20:15.610","","7","79 58:44.690","3","0","0","0","2403","0","0","0","N","0","0","0","2","02403","0","","1.0","","1","N","N","","0","","1","0","1","","3","","","2","1","0","0","0","0","0","2","0","2","","","","N","","","","","","","","","",""
"2017082308","1746","1","0","0","0","0","0","0","0","0","4","0","","02","8","2017","7","40.423595","-79.961811","1739","11","0","0","0","0","0","0","0","0","","0","0","0","","","0","","3","","40 25:24.941","","0","79 57:42.519","0","0","0","0","2301","0","0","0","N","0","0","0","3","02301","0","","1.0","","1","N","N","","1","","0","0","0","","2","","","2","0","0","0","0","0","0","2","0","2","","","","N","","","","","","","","","",""
"2017081733","1645","2","0","0","0","0","0","0","0","0","1","0","","02","8","2017","4","40.515975","-80.219771","1638","11","0","0","0","0","0","1","1","0","1","0","0","0","","","1","","5","","40 30:57.509","4","0","80 13:11.177","8","0","0","0","2213","0","0","0","","0","0","0","6","02213","0","","1.0","","1","N","N","","0","","0","0","2","","2","N","","4","1","1","0","0","1","0","2","0","4","","","","N","","","","","","","","","",""
"2017085073","1240","1","0","0","0","0","0","0","0","0","1","0","","02","8","2017","7","40.407064","-80.034226","1234","11","0","0","0","0","0","0","1","0","","0","0","0","","","0","","1","","40 24:25.431","","0","80 02:03.212","0","0","0","0","2301","0","0","0","N","0","0","0","4","02301","0","","1.0","","1","N","N","","0","","0","0","1","","2","","","2","0","0","0","0","0","0","2","0","2","","","","N","","","","","","","","","",""
"2017099942","0830","0","0","0","0","0","0","0","0","0","4","0","","02","9","2017","5","40.451622","-80.051489","0802","11","0","0","0","0","0","0","0","0","2","0","0","0","","","1","","0","","40 27:05.840","3","7","80 03:05.360","3","0","0","0","2301","0","0","0","N","0","0","0","2","02301","0","","1.0","","1","N","N","","0","","1","0","2","","0","Y","","2","1","0","0","0","0","0","2","0","2","","","","N","","","","","","","","","",""