"CRN","ARRIVAL_TM","AUTOMOBILE_COUNT","BELTED_DEATH_COUNT","BELTED_SUSP_SERIOUS_INJ_COUNT","BICYCLE_COUNT","BICYCLE_DEATH_COUNT","BICYCLE_SUSP_SERIOUS_INJ_COUNT","BUS_COUNT","CHLDPAS_DEATH_COUNT","CHLDPAS_SUSP_SERIOUS_INJ_COUNT","COLLISION_TYPE","COMM_VEH_COUNT","CONS_ZONE_SPD_LIM","COUNTY","CRASH_MONTH","CRASH_YEAR","DAY_OF_WEEK","DEC_LATITUDE","DEC_LONGITUDE","DISPATCH_TM","DISTRICT","DRIVER_COUNT_16YR","DRIVER_COUNT_17YR","DRIVER_COUNT_18YR","DRIVER_COUNT_19YR","DRIVER_COUNT_20YR","DRIVER_COUNT_50_64YR","DRIVER_COUNT_65_74YR","DRIVER_COUNT_75PLUS","EST_HRS_CLOSED","FATAL_COUNT","HEAVY_TRUCK_COUNT","HORSE_BUGGY_COUNT","HOUR_OF_DAY","ILLUMINATION","INJURY_COUNT","INTERSECTION_RELATED","INTERSECT_TYPE","LANE_CLOSED","LATITUDE","LN_CLOSE_DIR","LOCATION_TYPE","LONGITUDE","MAX_SEVERITY_LEVEL","MCYCLE_DEATH_COUNT","MCYCLE_SUSP_SERIOUS_INJ_COUNT","MOTORCYCLE_COUNT","MUNICIPALITY","NONMOTR_COUNT","NONMOTR_DEATH_COUNT","NONMOTR_SUSP_SERIOUS_INJ_COUNT","NTFY_HIWY_MAINT","PED_COUNT","PED_DEATH_COUNT","PED_SUSP_SERIOUS_INJ_COUNT","PERSON_COUNT","POLICE_AGCY","POSSIBLE_INJ_COUNT","RDWY_SURF_TYPE_CD","RELATION_TO_ROAD","ROADWAY_CLEARED","ROAD_CONDITION","SCH_BUS_IND","SCH_ZONE_IND","SECONDARY_CRASH","SMALL_TRUCK_COUNT","SPEC_JURIS_CD","SUSP_MINOR_INJ_COUNT","SUSP_SERIOUS_INJ_COUNT","SUV_COUNT","TCD_FUNC_CD","TCD_TYPE","TFC_DETOUR_IND","TIME_OF_DAY","TOTAL_UNITS","TOT_INJ_COUNT","UNBELTED_OCC_COUNT","UNB_DEATH_COUNT","UNB_SUSP_SERIOUS_INJ_COUNT","UNK_INJ_DEG_COUNT","UNK_INJ_PER_COUNT","URBAN_RURAL","VAN_COUNT","VEHICLE_COUNT","WEATHER1","WEATHER2","WORKERS_PRES","WORK_ZONE_IND","WORK_ZONE_LOC","WORK_ZONE_TYPE","WZ_CLOSE_DETOUR","WZ_FLAGGER","WZ_LAW_OFFCR_IND","WZ_LN_CLOSURE","WZ_MOVING","WZ_OTHER","WZ_SHLDER_MDN","WZ_WORKERS_INJ_KILLED"
"2017104762","1655","0","0","0","0","0","0","1","0","0","5","1","","02","10","2017","3","40.439518","-80.010024","1655","11","0","0","0","0","1","0","1","0","","0","0","0","","","1","","0","","40 26:22.264","","3","80 00:36.088","4","0","0","0","2301","0","0","0","N","0","0","0","14","02503","1","","1.0","","1","N","N","","0","","0","0","1","","0","","","2","1","0","0","0","0","0","2","0","2","","","","N","","","","","","","","","",""
"2017099757","1036","1","0","0","0","0","0","0","0","0","1","1","","02","9","2017","3","40.499926","-80.220159","1036","11","0","0","0","0","0","1","0","0","1","0","1","0","","","0","","0","","40 29:59.732","3","0","80 13:12.572","0","0","0","0","2213","0","0","0","","0","0","0","2","02213","0","","1.0","","1","N","N","","0","","0","0","0","","0","N","","2","0","0","0","0","0","0","2","0","2","","","","N","","","","","","","","","",""
"2017102924","1943","2","0","0","0","0","0","0","0","0","7","0","","02","9","2017","6","40.366394","-79.880981","1941","11","0","0","0","0","0","1","0","0","","0","0","0","","","0","","0","","40 21:59.020","","0","79 52:51.530","0","0","0","0","2473","0","0","0","N","0","0","0","1","02473","0","","2.0","","1","N","N","","0","","0","0","0","","0","","","2","0","0","0","0","0","0","2","0","2","","","","N","","","","","","","","","",""
"2017096962","0001","1","0","0","0","0","0","0","0","0","0","0","","02","9","2017","1","40.310373","-79.827079","0001","11","0","0","0","0","0","1","0","0","","0","0","0","","","1","","10","","40 18:37.342","","7","79 49:37.486","8","0","0","0","2105","0","0","0","N","0","0","0","1","02105","0","","4.0","","1","N","N","","0","","0","0","0","","0","","","1","1","1","0","0","1","0","2","0","1","","","","N","","","","","","","","","",""
"2017059589","0015","0","0","0","0","0","0","0","0","0","7","0","","02","6","2017","1","40.359528","-79.811694","0010","11","0","0","0","0","0","0","0","0","1","0","0","0","","","0","","0","","40 21:34.300","6","0","79 48:42.100","0","0","0","0","2477","0","0","0","N","0","0","0","1","02477","0","","2.0","","1","N","N","","0","","0","0","1","","0","Y","","1","0","0","0","0","0","0","2","0","1","","","","N","","","","","","","","","",""
"2017111242","1810","1","0","0","0","0","0","0","0","0","1","0","","02","10","2017","4","40.468974","-79.706084","1808","11","0","0","1","0","0","0","0","0","","0","0","0","","","0","","0","","40 28:08.307","","0","79 42:21.901","0","0","0","0","2466","0","0","0","Y","0","0","0","2","02466","0","","1.0","","9","Y","Y","","1","","0","0","0","","2","","","2","0","0","0","0","0","0","2","0","2","","","","N","","","","","","","","","",""
"2017108244","1930","2","0","0","0","0","0","0","0","0","4","0","","02","10","2017","4","40.380014","-80.072239","1924","11","0","0","0","0","0","0","0","1","","0","0","0","","","0","","2","","40 22:48.050","","0","80 04:20.060","0","0","0","0","2117","0","0","0","N","0","0","0","3","02117","0","","1.0","","1","N","N","","0","","0","0","0","","3","","","2","0","0","0","0","0","0","2","0","2","","","","N","","","","","","","","","",""
"2017111267","2209","2","0","0","0","0","0","0","0","0","1","0","","02","10","2017","4","40.477281","-79.784413","2205","11","0","0","0","0","0","1","0","0","","0","0","0","","","1","","0","","40 28:38.213","","0","79 47:03.888","8","0","0","0","2113","0","0","0","N","0","0","0","2","02113","0","","1.0","","1","N","N","","0","","0","0","0","","0","","","2","1","1","0","0","1","0","2","0","2","","","","N","","","","","","","","","",""
"2017122116","1235","1","0","0","0","0","0","0","0","0","7","0","","02","11","2017","7","40.428029","-79.948749","1228","11","0","0","0","0","0","0","0","0","2","0","0","0","","","1","","0","","40 25:40.906","3","0","79 56:55.497","4","0","0","0","2301","0","0","0","","0","0","0","1","68B03","1","","4.0","","9","N","N","","0","","0","0","0","","0","Y","","1","1","0","0","0","0","0","2","0","1","","","","N","","","","","","","","","",""
"2017108376","0923","1","0","0","0","0","0","0","0","0","1","0","","02","10","2017","5","40.359863","-79.846419","0920","11","0","0","0","1","0","0","0","0","","0","0","0","","","0","","0","","40 21:35.506","","0","79 50:47.107","9","0","0","0","2303","0","0","0","N","0","0","0","2","02303","0","","1.0","","1","N","N","","0","","0","0","0","","3","","","2","0","0","0","0","0","1","2","0","2","","","","N","","","","","","","","","",""
"2017116616","1059","0","0","0","0","0","0","0","0","0","4","1","","02","10","2017","3","40.372939","-79.792797","1056","11","0","0","0","0","0","0","0","0","2","0","1","0","","","0","","2","","40 22:22.582","3","0","79 47:34.069","0","0","0","0","2111","0","0","0","N","0","0","0","2","02111","0","","1.0","","1","N","N","","0","","0","0","1","","3","Y","","2","0","0","0","0","0","0","2","0","2","","","","N","","","","","","","","","",""
"2017089145","1830","1","0","0","0","0","0","0","0","0","7","0","","02","8","2017","3","40.458841","-80.021297","1829","11","0","0","0","0","0","0","0","0","1","0","0","0","","","0","","2","","40 27:31.826","1","0","80 01:16.670","0","0","0","0","2301","0","0","0","N","0","0","0","2","02301","0","","2.0","","1","N","N","","0","","0","0","0","","0","N","","1","0","0","0","0","0","0","2","0","1","","","","N","","","","","","","","","",""
"2017109679","0759","2","0","0","0","0","0","0","0","0","1","0","","02","10","2017","6","40.610487","-80.053606","0752","11","0","0","0","0","0","1","1","0","1","0","0","0","","","0","","0","","40 36:37.753","1","0","80 03:12.982","0","0","0","0","2108","0","0","0","","0","0","0","2","02108","0","","1.0","","1","N","N","","0","","0","0","0","","0","N","","2","0","0","0","0","0","0","2","0","2","","","","N","","","","","","","","","",""
"2017113120","1239","1","0","0","0","0","0","0","0","0","1","0","25","02","10","2017","5","40.642647","-80.067624","1222","11","0","0","0","0","0","1","1","0","","0","0","0","","","0","","1","","40 38:33.528","","0","80 04:03.447","0","0","0","0","2216","0","0","0","N","0","0","0","2","02505","0","","1.0","","1","N","N","","0","","0","0","0","","2","","","2","0","0","0","0","0","0","2","1","2","","","Y","Y","4","1","","","N","Y","","","",""
"2017111244","1652","1","0","0","0","0","0","0","0","0","4","0","","02","10","2017","4","40.462108","-79.966533","1641","11","0","0","0","0","1","0","0","0","1","0","0","0","","","0","","1","","40 27:43.589","4","0","79 57:59.519","0","0","0","0","2301","0","0","0","N","0","0","0","2","02301","0","","1.0","","1","N","N","","0","","0","0","1","","3","Y","","2","0","2","0","0","0","0","2","0","2","","","","N","","","","","","","","","",""
"2017121907","0806","2","0","0","0","0","0","0","0","0","4","0","","02","11","2017","4","40.458621","-80.189361","0806","11","0","0","0","0","0","0","0","0","1","0","0","0","","","0","","0","","40 27:31.034","3","0","80 11:21.699","0","0","0","0","2213","0","0","0","","0","0","0","2","68B03","0","","1.0","","1","N","N","","0","","0","0","0","","0","N","","2","0","0","0","0","0","0","2","0","2","","","","N","","","","","","","","","",""
"2017109411","0641","1","0","0","0","0","0","0","0","0","1","0","","02","10","2017","2","40.446421","-80.170141","0640","11","0","0","0","0","0","1","0","0","","0","0","0","","","0","","0","","40 26:47.114","","0","80 10:12.509","0","0","0","0","2115","0","0","0","","0","0","0","2","68B03","0","","1.0","","8","N","N","","1","","0","0","0","","0","","","2","0","0","0","0","0","0","2","0","2","","","","N","","","","","","","","","",""
"2017115390","1833","2","0","0","0","0","0","0","0","0","1","0","","02","8","2017","1","40.425566","-79.905081","1814","11","0","0","0","0","0","2","0","0","2","0","0","0","","","2","","0","","40 25:32.036","4","3","79 54:18.292","8","0","0","1","2301","0","0","0","","0","0","0","5","68B03","0","","1.0","","1","N","Y","","0","","0","0","0","","0","N","","3","2","0","0","0","2","0","2","0","3","","","","N","","","","","","","","","",""
"2017108962","2046","1","0","0","0","0","0","0","0","0","4","0","","02","10","2017","6","40.351791","-79.862234","2046","11","0","0","0","0","0","0","0","0","2","0","0","0","","","4","","1","","40 21:06.448","5","0","79 51:44.042","8","0","0","0","2304","0","0","0","N","0","0","0","4","02304","0","","1.0","","1","N","N","","0","","0","0","1","","2","Y","","2","4","0","0","0","4","0","2","0","2","","","","N","","","","","","","","","",""
"2017111030","1459","1","0","0","0","0","0","0","0","0","1","0","","02","10","2017","4","40.44003","-80.223596","1458","11","0","2","0","0","0","0","0","0","","0","0","0","","","0","","2","","40 26:24.108","","0","80 13:24.944","0","0","0","0","2214","0","0","0","N","0","0","0","2","02214","0","","1.0","","9","N","N","","0","","0","0","1","","0","","","2","0","0","0","0","0","0","2","0","2","","","","N","","","","","","","","","",""
"2017110998","1357","1","0","0","0","0","0","0","0","0","4","0","","02","10","2017","4","40.420456","-79.850886","1356","11","0","0","0","0","0","0","0","0","","0","0","0","","","0","","2","","40 25:13.640","","0","79 51:03.189","0","0","0","0","2431","0","0","0","N","0","0","0","3","02431","0","","1.0","","9","N","N","","0","","0","0","1","","3","","","2","0","0","0","0","0","0","2","0","2","","","","N","","","","","","","","","",""
"2017109341","1113","1","0","0","0","0","0","0","0","0","0","0","","02","10","2017","1","40.452444","-80.013854","1113","11","0","0","0","0","0","0","0","0","1","0","0","0","","","0","","0","","40 27:08.798","3","0","80 00:49.874","0","0","0","0","2301","0","0","0","N","0","0","0","1","02301","0","","1.0","","1","N","N","","0","","0","0","0","","2","N","","1","0","0","0","0","0","0","2","0","1","","","","N","","","","","","","","","",""
"2017103764","1016","1","0","0","0","0","0","0","0","0","7","0","","02","10","2017","1","40.451401","-80.050538","1016","11","0","0","0","0","0","0","0","0","1","0","0","0","","","1","","2","","40 27:05.043","1","0","80 03:01.936","4","0","0","0","2301","0","0","0","N","0","0","0","1","02301","1","","2.0","","9","N","N","","0","","0","0","0","","0","N","","1","1","0","0","0","0","0","2","0","1","","","","N","","","","","","","","","",""
"2017117930","0118","1","0","0","0","0","0","0","0","0","7","0","","02","11","2017","6","40.4403","-80.03079","0113","11","0","0","0","1","0","0","0","0","1","0","0","0","","","1","","2","","40 26:25.080","2","0","80 01:50.844","4","0","0","0","2301","0","0","0","N","0","0","0","2","02301","1","","5.0","","1","N","N","","0","","0","0","0","","0","N","","1","1","0","0","0","0","0","2","0","1","","","","N","","","","","","","","","",""
"2017087853","2340","2","0","0","0","0","0","0","0","0","4","0","","02","8","2017","7","40.452914","-80.039369","2338","11","0","0","1","0","0","0","0","0","","0","0","0","","","0","","2","","40 27:10.489","","0","80 02:21.730","0","0","0","0","2301","0","0","0","N","0","0","0","2","02301","0","","1.0","","1","N","N","","0","","0","0","0","","2","","","2","0","0","0","0","0","0","2","0","2","","","","N","","","","","","","","","",""
"2017104769","2020","1","0","0","0","0","0","0","0","0","8","0","","02","10","2017","3","40.460586","-79.842078","2017","11","0","0","0","0","0","1","0","0","","0","0","0","","","1","","0","","40 27:38.109","","0","79 50:31.482","8","0","0","0","2113","3","0","0","N","3","0","0","4","02113","0","","1.0","","1","N","N","","0","","0","0","0","","0","","","4","1","0","0","0","1","0","2","0","1","","","","N","","","","","","","","","",""
"2017115620","1942","1","0","0","0","0","0","0","0","0","7","0","","02","10","2017","3","40.443902","-79.768777","1937","11","0","0","0","0","0","0","1","0","1","0","0","0","","","1","","0","","40 26:38.047","6","0","79 46:07.597","8","0","0","0","2446","0","0","0","N","0","0","0","2","02446","0","","5.0","","1","N","N","","0","","0","0","0","","0","Y","","2","1","0","0","0","1","0","2","1","2","","","","N","","","","","","","","","",""
"2017112774","1845","1","0","0","0","0","0","0","0","0","4","0","","02","10","2017","5","40.327588","-79.892384","1843","11","0","0","0","0","0","0","0","1","","0","0","0","","","0","","0","","40 19:39.316","","0","79 53:32.582","0","0","0","0","2433","0","0","0","N","0","0","0","1","02433","0","","6.0","","1","N","N","","1","","0","0","0","","0","","","2","0","0","0","0","0","0","2","0","2","","","","N","","","","","","","","","",""
"2017083189","1841","0","0","0","0","0","0","0","0","0","4","0","","02","8","2017","2","40.449189","-79.955573","1839","11","0","0","0","0","0","0","0","1","","0","0","0","","","0","","1","","40 26:57.080","","0","79 57:20.063","0","0","0","0","2301","0","0","0","N","0","0","0","4","02506","0","","1.0","","1","N","N","","0","","0","0","2","","2","","","2","0","0","0","0","0","0","2","0","2","","","","N","","","","","","","","","",""
"2017111268","1736","1","0","0","0","0","0","0","0","0","1","0","","02","10","2017","4","40.626639","-80.038085","1729","11","0","0","0","0","0","1","0","0","1","0","0","0","","","0","","2","","40 37:35.902","4","0","80 02:17.106","0","0","0","0","2216","0","0","0","N","0","0","0","5","02505","0","","1.0","","9","N","N","","0","","0","0","1","","0","Y","","3","0","0","0","0","0","0","2","1","3","","","","N","","","","","","","","","",""
"2017121998","0045","1","0","0","0","0","0","0","0","0","7","0","","02","11","2017","1","40.629567","-79.953933","0016","11","0","0","0","0","1","0","0","0","","0","0","0","","","0","","10","","40 37:46.441","","7","79 57:14.157","0","0","0","0","2217","0","0","0","N","0","0","0","1","02505","0","","5.0","","9","N","N","","0","","0","0","0","","0","","","1","0","0","0","0","0","0","2","0","1","","","","N","","","","","","","","","",""
"2017115358","0816","0","0","0","0","0","0","0","0","0","1","0","","02","10","2017","3","40.417638","-80.055746","0816","11","0","0","0","0","0","0","0","0","1","0","0","0","","","0","","0","","40 25:03.495","3","0","80 03:20.687","0","0","0","0","2435","0","0","0","","0","0","0","2","68B03","0","","1.0","","1","N","N","","0","","0","0","2","","0","N","","2","0","0","0","0","0","0","2","0","2","","","","N","","","","","","","","","",""
"2017113162","1735","2","0","0","0","0","0","0","0","0","1","0","","02","10","2017","2","40.518634","-80.218875","1730","11","0","0","0","0","0","0","0","0","2","0","0","0","","","0","","0","","40 31:07.083","2","0","80 13:07.951","0","0","0","0","2213","0","0","0","","0","0","0","2","02213","0","","1.0","","9","N","N","","0","","0","0","0","","0","N","","2","0","0","0","0","0","0","2","0","2","","","","N","","","","","","","","","",""
"2017112015","1331","1","0","0","0","0","0","0","0","0","4","0","","02","9","2017","6","40.441823","-80.009013","1323","11","0","0","1","0","0","0","1","0","2","0","0","0","","","1","","0","","40 26:30.564","2","3","80 00:32.446","4","0","0","0","2301","0","0","0","","0","0","0","2","68B03","1","","1.0","","1","N","N","","0","","0","0","0","","0","N","","2","1","0","0","0","0","0","2","1","2","","","","N","","","","","","","","","",""
"2017111587","1903","1","0","0","0","0","0","0","0","0","8","0","","02","10","2017","4","40.567415","-80.007681","1900","11","0","0","0","0","0","0","1","0","1","0","0","0","","","1","","0","","40 34:02.693","6","0","80 00:27.651","3","0","0","0","2108","1","0","0","","1","0","0","2","02108","0","","1.0","","9","N","N","","0","","1","0","0","","0","Y","","2","1","0","0","0","0","0","2","0","1","","","","N","","","","","","","","","",""
"2017110337","0254","1","0","0","0","0","0","0","0","0","7","0","","02","8","2017","2","40.442002","-79.825231","0229","11","0","0","0","0","0","1","0","0","1","0","0","0","","","0","","7","","40 26:31.206","3","2","79 49:30.831","0","0","0","0","2419","0","0","0","","0","0","0","1","68B03","0","","4.0","","1","N","N","","0","","0","0","0","","0","N","","1","0","0","0","0","0","0","2","0","1","","","","N","","","","","","","","","",""
"2017121364","0853","0","0","0","0","0","0","0","0","0","1","0","","02","11","2017","2","40.419506","-80.051839","0841","11","0","0","0","0","0","0","0","0","","0","0","0","","","2","","0","","40 25:10.221","","0","80 03:06.619","4","0","0","0","2435","0","0","0","","0","0","0","2","68B03","2","","1.0","","9","N","N","","1","","0","0","1","","0","","","2","2","0","0","0","0","0","2","0","2","","","","N","","","","","","","","","",""
"2017116408","2130","2","0","0","0","0","0","0","0","0","1","0","","02","11","2017","5","40.439146","-79.962081","2118","11","0","0","0","0","0","0","0","0","","0","0","0","","","1","","2","","40 26:20.926","","0","79 57:43.490","8","0","0","0","2301","0","0","0","N","0","0","0","2","02301","0","","1.0","","9","N","N","","0","","0","0","0","","2","","","2","1","0","0","0","1","1","2","0","2","","","","N","","","","","","","","","",""
"2017111027","1634","1","0","0","0","0","0","0","0","0","1","0","","02","10","2017","4","40.449194","-80.176722","1627","11","0","0","0","0","0","0","0","1","","0","0","0","","","2","","0","","40 26:57.100","","7","80 10:36.200","4","0","0","0","2214","0","0","0","N","0","0","0","3","02214","2","","1.0","","9","N","N","","0","","0","0","1","","0","","","2","2","0","0","0","0","0","2","0","2","","","","N","","","","","","","","","",""
"2017121972","0617","1","0","0","0","0","0","0","0","0","5","0","","02","11","2017","1","40.466041","-79.950821","0610","11","0","0","0","0","0","0","0","0","","0","0","0","","","1","","0","","40 27:57.747","","0","79 57:02.955","8","0","0","0","2301","0","0","0","N","0","0","0","1","02301","0","","6.0","","9","N","N","","0","","0","0","1","","0","","","2","1","0","0","0","1","0","2","0","2","","","","N","","","","","","","","","",""
"2017105448","1719","1","0","0","0","0","0","0","0","0","7","0","","02","10","2017","5","40.415968","-80.030003","1708","11","0","0","0","0","0","0","0","0","","0","0","0","","","0","","1","","40 24:57.483","","0","80 01:48.012","0","0","0","0","2301","0","0","0","N","0","0","0","1","02301","0","","4.0","","1","N","N","","0","","0","0","0","","2","","","1","0","0","0","0","0","0","2","0","1","","","","N","","","","","","","","","",""
"2017100624","0921","1","0","0","0","0","0","0","0","0","7","0","","02","9","2017","4","40.641901","-79.850821","0914","11","0","0","0","0","0","0","0","0","","0","0","0","","","0","","2","","40 38:30.843","","0","79 51:02.955","0","0","0","0","2220","0","0","0","N","0","0","0","1","02220","0","","5.0","","1","N","N","","0","","0","0","0","","3","","","1","0","0","0","0","0","0","2","0","1","","","","N","","","","","","","","","",""
"2017121305","2353","1","0","0","0","0","0","0","0","0","1","0","","02","11","2017","6","40.419626","-79.927168","2348","11","0","0","0","0","0","0","0","0","","0","0","0","","","1","","5","","40 25:10.655","","0","79 55:37.803","4","0","0","0","2301","0","0","0","N","0","0","0","3","02301","1","","1.0","","1","N","N","","1","","0","0","0","","2","","","2","1","0","0","0","0","0","2","0","2","","","","N","","","","","","","","","",""
"2017116578","1338","1","0","0","0","0","0","0","0","0","1","0","55","02","8","2017","2","40.46684","-80.197137","1336","11","0","0","0","0","0","0","0","0","","0","0","0","","","0","","0","","40 28:00.624","","0","80 11:49.693","0","0","0","0","2213","0","0","0","","0","0","0","2","68B03","0","","4.0","","1","N","N","","1","","0","0","0","","0","","","2","0","0","0","0","0","0","2","0","2","","","Y","Y","4","1","N","N","N","Y","Y","N","Y",""
"2017117609","0755","1","0","0","0","0","0","1","0","0","4","1","","02","11","2017","5","40.410651","-80.014797","0751","11","0","0","0","0","0","1","0","0","1","0","0","0","","","2","","0","","40 24:38.344","5","0","80 00:53.268","3","0","0","0","2301","0","0","0","N","0","0","0","4","02503","0","","1.0","","1","N","N","","0","","2","0","0","","0","N","","2","2","0","0","0","0","0","2","0","2","","","","N","","","","","","","","","",""
"2017089708","0900","0","0","0","0","0","0","0","0","0","6","0","","02","8","2017","5","40.495407","-80.066398","0859","11","0","0","0","0","0","1","0","0","1","0","0","0","","","2","","0","","40 29:43.466","2","0","80 03:59.033","3","0","0","0","2402","0","0","0","N","0","0","0","2","02402","0","","1.0","","1","Y","N","","2","","2","0","0","","2","N","","2","2","0","0","0","0","0","2","0","2","","","","N","","","","","","","","","",""
"2017090048","1744","0","0","0","0","0","0","0","0","0","4","0","","02","8","2017","3","40.655161","-80.08656","1744","11","0","0","0","0","0","1","0","0","2","0","0","0","","","1","","0","","40 39:18.578","4","0","80 05:11.617","4","0","0","0","2212","0","0","0","N","0","0","0","4","02505","1","","1.0","","1","N","N","","1","","0","0","1","","0","N","","2","1","0","0","0","0","0","2","0","2","","","","N","","","","","","","","","",""
"2017116492","1325","0","0","0","0","0","0","0","0","0","1","0","","02","11","2017","5","40.425721","-79.90416","1317","11","0","0","0","0","0","1","0","0","","0","0","0","","","0","","0","","40 25:32.596","","0","79 54:14.976","0","0","0","0","2301","0","0","0","","0","0","0","2","68B03","0","","1.0","","1","N","N","","2","","0","0","0","","0","","","2","0","0","0","0","0","0","2","0","2","","","","N","","","","","","","","","",""
"2017110399","0615","1","0","0","0","0","0","0","0","0","8","0","","02","10","2017","3","40.571223","-80.216779","0612","11","0","0","0","0","0","0","1","0","2","0","0","0","","","6","","0","","40 34:16.401","5","0","80 13:00.405","3","0","0","1","2441","1","0","0","N","1","0","0","7","02441","4","","1.0","","9","N","N","","1","","1","0","1","","0","N","","5","6","1","0","0","1","0","2","0","4","","","","N","","","","","","","","","",""
"2017109479","2038","3","0","0","0","0","0","0","0","0","1","0","","02","10","2017","1","40.456114","-79.991252","2033","11","0","1","0","0","0","0","0","0","1","0","0","0","","","0","","0","","40 27:22.012","1","0","79 59:28.508","0","0","0","0","2301","0","0","0","N","0","0","0","5","02301","0","","1.0","","1","N","N","","0","","0","0","0","","0","N","","3","0","0","0","0","0","0","2","0","3","","","","N","","","","","","","","","",""
"2017094041","1708","1","0","0","0","0","0","0","0","0","7","0","","02","8","2017","7","40.47043","-80.064578","1708","11","0","0","0","0","0","0","0","0","","0","0","0","","","1","","2","","40 28:13.547","","0","80 03:52.480","3","0","0","0","2444","0","0","0","N","0","0","0","1","02444","0","","4.0","","1","N","N","","0","","1","0","0","","0","","","1","1","1","0","0","0","0","2","0","1","","","","N","","","","","","","","","",""
"2017084827","0930","0","0","0","0","0","0","0","0","0","4","0","","02","8","2017","5","40.456929","-79.955071","0926","11","0","0","0","0","0","1","0","0","1","0","0","0","","","1","","0","","40 27:24.943","4","0","79 57:18.257","3","0","0","1","2301","0","0","0","N","0","0","0","2","02506","0","","1.0","","1","N","N","","0","","1","0","1","","0","Y","","2","1","0","0","0","0","0","2","0","2","","","","N","","","","","","","","","",""
"2017117737","1745","1","0","0","0","0","0","0","0","0","4","0","","02","11","2017","1","40.516926","-80.221347","1745","11","0","0","0","0","0","0","0","0","","0","0","0","","","1","","1","","40 31:00.932","","0","80 13:16.848","4","0","0","0","2213","0","0","0","","0","0","0","2","02213","1","","1.0","","1","N","N","","0","","0","0","1","","2","","","2","1","0","0","0","0","0","2","0","2","","","","N","","","","","","","","","",""
"2017102873","1442","1","0","0","0","0","0","0","0","0","1","0","","02","10","2017","5","40.395456","-80.086946","1436","11","0","0","0","0","0","0","0","0","","0","0","0","","","0","","3","","40 23:43.643","","0","80 05:13.007","0","0","0","0","2117","0","0","0","N","0","0","0","2","02117","0","","7.0","","9","N","N","","0","","0","0","1","","2","","","2","0","0","0","0","0","0","2","0","2","","","","N","","","","","","","","","",""
"2017122687","0923","2","0","0","0","0","0","0","0","0","4","0","","02","11","2017","2","40.427516","-79.751223","0916","11","0","0","0","0","0","1","1","0","1","0","0","0","","","0","","2","","40 25:39.057","2","0","79 45:04.402","0","0","0","0","2446","0","0","0","N","0","0","0","2","02446","0","","1.0","","1","N","N","","0","","0","0","0","","2","N","","2","0","0","0","0","0","0","2","0","2","","","","N","","","","","","","","","",""
"2017121419","0840","1","0","0","0","0","0","0","0","0","1","0","","02","11","2017","6","40.509063","-80.004138","0835","11","0","0","0","0","0","0","0","0","","0","0","0","","","0","","0","","40 30:32.628","","0","80 00:14.896","0","0","0","0","2116","0","0","0","Y","0","0","0","2","02116","0","","1.0","","9","N","N","","0","","0","0","1","","0","","","2","0","1","0","0","0","0","2","0","2","","","","N","","","","","","","","","",""
"2017116510","1627","0","0","0","0","0","0","0","0","0","0","0","55","02","8","2017","4","40.53811","-80.2724","1540","11","0","0","0","0","0","1","0","0","","0","0","0","","","0","","0","","40 32:17.195","","0","80 16:20.639","0","0","0","0","2213","0","0","0","","0","0","0","1","68B03","0","","5.0","","1","N","N","","0","","0","0","1","","0","","","1","0","0","0","0","0","0","1","0","1","","","N","Y","4","1","Y","N","N","Y","Y","N","Y",""
"2017117269","1700","1","0","0","0","0","0","0","0","0","1","0","","02","11","2017","4","40.477069","-79.956889","1630","11","0","0","0","0","0","0","0","0","","0","0","0","","","0","","2","","40 28:37.449","","0","79 57:24.800","0","0","0","0","2301","0","0","0","N","0","0","0","2","02301","0","","1.0","","1","N","N","","0","","0","0","1","","0","","","2","0","0","0","0","0","0","2","0","2","","","","N","","","","","","","","","",""
"2017109311","1247","0","0","0","0","0","0","0","0","0","7","0","","02","10","2017","7","40.352743","-79.842356","1245","11","0","0","0","0","0","0","0","0","","0","0","0","","","0","","0","","40 21:09.873","","2","79 50:32.481","0","0","0","0","2304","0","0","0","N","0","0","0","1","02304","0","","2.0","","1","N","N","","0","","0","0","0","","0","","","1","0","0","0","0","0","0","2","1","1","","","","N","","","","","","","","","",""
"2017121530","1745","0","0","0","0","0","0","0","0","0","1","0","","02","11","2017","5","40.363817","-80.118737","1735","11","0","1","0","0","0","0","0","0","","0","0","0","","","0","","0","","40 21:49.742","","0","80 07:07.453","0","0","0","0","2102","0","0","0","","0","0","0","4","68B03","0","","1.0","","1","N","N","","0","","0","0","4","","0","","","4","0","0","0","0","0","0","2","0","4","","","","N","","","","","","","","","",""
"2017118039","0936","1","0","0","0","0","0","0","0","0","4","1","","02","11","2017","6","40.475768","-80.012178","0926","11","0","0","0","0","0","0","1","0","","0","1","0","","","0","","2","","40 28:32.765","","0","80 00:43.840","0","0","0","0","2301","0","0","0","N","0","0","0","2","02301","0","","1.0","","1","N","N","","0","","0","0","0","","3","","","2","0","0","0","0","0","0","2","0","2","","","","N","","","","","","","","","",""
"2017108986","0044","1","0","0","0","0","0","0","0","0","0","0","55","02","10","2017","7","40.49376","-80.2757","0044","11","0","0","0","0","0","1","0","0","","0","0","0","","","0","","0","","40 29:37.536","","0","80 16:32.520","0","0","0","0","2203","0","0","0","N","0","0","0","1","02501","0","","1.0","","1","N","N","","0","","0","0","0","","0","","","1","0","0","0","0","0","0","2","0","1","","","N","Y","4","1","","","N","Y","","","",""