"CRN","ARRIVAL_TM","AUTOMOBILE_COUNT","BELTED_DEATH_COUNT","BELTED_SUSP_SERIOUS_INJ_COUNT","BICYCLE_COUNT","BICYCLE_DEATH_COUNT","BICYCLE_SUSP_SERIOUS_INJ_COUNT","BUS_COUNT","CHLDPAS_DEATH_COUNT","CHLDPAS_SUSP_SERIOUS_INJ_COUNT","COLLISION_TYPE","COMM_VEH_COUNT","CONS_ZONE_SPD_LIM","COUNTY","CRASH_MONTH","CRASH_YEAR","DAY_OF_WEEK","DEC_LATITUDE","DEC_LONGITUDE","DISPATCH_TM","DISTRICT","DRIVER_COUNT_16YR","DRIVER_COUNT_17YR","DRIVER_COUNT_18YR","DRIVER_COUNT_19YR","DRIVER_COUNT_20YR","DRIVER_COUNT_50_64YR","DRIVER_COUNT_65_74YR","DRIVER_COUNT_75PLUS","EST_HRS_CLOSED","FATAL_COUNT","HEAVY_TRUCK_COUNT","HORSE_BUGGY_COUNT","HOUR_OF_DAY","ILLUMINATION","INJURY_COUNT","INTERSECTION_RELATED","INTERSECT_TYPE","LANE_CLOSED","LATITUDE","LN_CLOSE_DIR","LOCATION_TYPE","LONGITUDE","MAX_SEVERITY_LEVEL","MCYCLE_DEATH_COUNT","MCYCLE_SUSP_SERIOUS_INJ_COUNT","MOTORCYCLE_COUNT","MUNICIPALITY","NONMOTR_COUNT","NONMOTR_DEATH_COUNT","NONMOTR_SUSP_SERIOUS_INJ_COUNT","NTFY_HIWY_MAINT","PED_COUNT","PED_DEATH_COUNT","PED_SUSP_SERIOUS_INJ_COUNT","PERSON_COUNT","POLICE_AGCY","POSSIBLE_INJ_COUNT","RDWY_SURF_TYPE_CD","RELATION_TO_ROAD","ROADWAY_CLEARED","ROAD_CONDITION","SCH_BUS_IND","SCH_ZONE_IND","SECONDARY_CRASH","SMALL_TRUCK_COUNT","SPEC_JURIS_CD","SUSP_MINOR_INJ_COUNT","SUSP_SERIOUS_INJ_COUNT","SUV_COUNT","TCD_FUNC_CD","TCD_TYPE","TFC_DETOUR_IND","TIME_OF_DAY","TOTAL_UNITS","TOT_INJ_COUNT","UNBELTED_OCC_COUNT","UNB_DEATH_COUNT","UNB_SUSP_SERIOUS_INJ_COUNT","UNK_INJ_DEG_COUNT","UNK_INJ_PER_COUNT","URBAN_RURAL","VAN_COUNT","VEHICLE_COUNT","WEATHER1","WEATHER2","WORKERS_PRES","WORK_ZONE_IND","WORK_ZONE_LOC","WORK_ZONE_TYPE","WZ_CLOSE_DETOUR","WZ_FLAGGER","WZ_LAW_OFFCR_IND","WZ_LN_CLOSURE","WZ_MOVING","WZ_OTHER","WZ_SHLDER_MDN","WZ_WORKERS_INJ_KILLED"
"2017108382","0722","2","0","0","0","0","0","0","0","0","4","0","","02","10","2017","5","40.651507","-79.827263","0710","11","0","1","0","0","0","0","0","0","","0","0","0","","","0","","0","","40 39:05.424","","0","79 49:38.145","0","0","0","0","2220","0","0","0","N","0","0","0","2","02220","0","","1.0","","1","N","N","","0","","0","0","0","","0","","","2","0","0","0","0","0","0","1","0","2","","","","N","","","","","","","","","",""
"2017108726","0726","1","0","0","0","0","0","0","0","0","1","0","","02","10","2017","6","40.440609","-79.834966","0719","11","0","0","0","0","0","1","0","0","2","0","1","0","","","0","","0","","40 26:26.194","3","0","79 50:05.877","0","0","0","0","2419","0","0","0","N","0","0","0","3","02419","0","","1.0","","1","N","N","","1","","0","0","0","","0","N","","3","0","0","0","0","0","0","2","0","3","","","","N","","","","","","","","","",""
"2017115663","0750","0","0","0","0","0","0","0","0","0","7","1","","02","11","2017","7","40.269917","-79.884655","0750","11","0","0","0","0","0","0","0","0","4","0","1","0","","","0","","0","","40 16:11.701","1","0","79 53:04.759","0","0","0","0","2105","0","0","0","Y","0","0","0","1","02105","0","","4.0","","1","N","N","","0","","0","0","0","","0","N","","1","0","0","0","0","0","0","2","0","1","","","","N","","","","","","","","","",""
"2017108747","0850","0","0","0","0","0","0","0","0","0","7","0","","02","10","2017","5","40.357579","-80.131443","0840","11","0","0","0","0","0","0","0","0","","0","0","0","","","0","","0","","40 21:27.283","","0","80 07:53.195","0","0","0","0","2119","0","0","0","N","0","0","0","1","02119","0","","2.0","","1","N","N","","0","","0","0","1","","0","","","1","0","0","0","0","0","0","2","0","1","","","","N","","","","","","","","","",""
"2017106890","0847","2","0","0","0","0","0","0","0","0","1","0","","02","10","2017","1","40.628571","-80.017285","0845","11","0","0","0","0","0","0","1","0","","0","0","0","","","1","","2","","40 37:42.854","","0","80 01:02.226","3","0","0","0","2216","0","0","0","N","0","0","0","2","02505","0","","1.0","","9","N","N","","0","","1","0","0","","3","","","2","1","0","0","0","0","0","2","0","2","","","","N","","","","","","","","","",""
"2017116667","1020","0","0","0","0","0","0","0","0","0","7","1","90","02","11","2017","3","40.471604","-80.039314","1020","11","0","0","0","0","0","0","1","0","2","0","1","0","","","0","","0","","40 28:17.775","2","1","80 02:21.530","0","0","0","0","2301","0","0","0","N","0","0","0","1","02301","0","","4.0","","1","N","N","","0","","0","0","0","","8","N","","1","0","0","0","0","0","0","2","0","1","","","Y","Y","3","1","","","Y","","","","Y",""
"2017088678","1119","2","0","0","0","0","0","0","0","0","6","0","","02","8","2017","3","40.446944","-79.965917","1115","11","0","0","0","0","0","0","0","0","2","0","0","0","","","0","","0","","40 26:49.000","4","0","79 57:57.300","0","0","0","0","2301","0","0","0","N","0","0","0","1","02301","0","","1.0","","1","N","N","","2","","0","0","0","","0","N","","4","0","0","0","0","0","0","2","0","4","","","","N","","","","","","","","","",""
"2017110959","0938","1","0","0","0","0","0","0","0","0","1","0","","02","10","2017","4","40.432008","-80.00367","0933","11","0","0","0","0","0","0","0","0","","0","0","0","","","1","","0","","40 25:55.230","","0","80 00:13.213","4","0","0","0","2301","0","0","0","N","0","0","0","2","02301","1","","1.0","","1","N","N","","1","","0","0","0","","2","","","2","1","0","0","0","0","1","2","0","2","","","","N","","","","","","","","","",""
"2017088099","0641","1","0","0","0","0","0","0","0","0","7","0","","02","8","2017","1","40.5034","-80.025118","0636","11","0","0","0","0","0","0","0","0","1","0","0","0","","","2","","1","","40 30:12.241","4","0","80 01:30.426","3","0","0","0","2116","0","0","0","N","0","0","0","2","02116","1","","5.0","","1","N","N","","0","","1","0","0","","2","N","","1","2","1","0","0","0","0","2","0","1","","","","N","","","","","","","","","",""
"2017108254","0616","1","0","0","0","0","0","0","0","0","1","1","","02","10","2017","4","40.457991","-80.029974","0612","11","0","0","0","0","0","1","0","0","2","0","1","0","","","1","","0","","40 27:28.768","5","0","80 01:47.906","3","0","0","0","2301","0","0","0","N","0","0","0","2","02301","0","","1.0","","1","N","N","","0","","1","0","0","","0","N","","2","1","0","0","0","0","0","2","0","2","","","","N","","","","","","","","","",""
"2017104797","0657","2","0","0","0","0","0","0","0","0","4","0","","02","10","2017","3","40.489145","-79.933462","0649","11","0","0","0","0","0","0","0","0","","0","0","0","","","0","","3","","40 29:20.923","","0","79 56:00.462","0","0","0","0","2301","0","0","0","N","0","0","0","2","02301","0","","1.0","","9","N","N","","0","","0","0","0","","3","","","2","0","0","0","0","0","0","2","0","2","","","","N","","","","","","","","","",""
"2017089321","1404","1","0","0","0","0","0","0","0","0","4","0","","02","8","2017","4","40.34837","-79.944808","1401","11","0","0","0","0","0","0","0","0","1","0","0","0","","","1","","1","","40 20:54.133","3","0","79 56:41.310","3","0","0","0","2473","0","0","0","N","0","0","0","2","02473","0","","1.0","","1","N","N","","0","","1","0","0","","2","Y","","2","1","1","0","0","0","0","2","1","2","","","","N","","","","","","","","","",""
"2017114821","1330","1","0","0","0","0","0","0","0","0","1","0","","02","11","2017","6","40.418318","-80.029872","1317","11","0","0","0","0","0","1","0","0","2","0","0","0","","","2","","2","","40 25:05.943","2","0","80 01:47.538","8","0","0","0","2301","0","0","0","N","0","0","0","2","02301","0","","1.0","","1","N","N","","0","","0","0","1","","0","Y","","2","2","0","0","0","2","0","2","0","2","","","","N","","","","","","","","","",""
"2017109397","1606","0","0","0","0","0","0","0","0","0","0","0","","02","10","2017","1","40.45574","-79.992523","1559","11","0","0","0","0","0","0","0","0","1","0","0","0","","","1","","0","","40 27:20.665","2","0","79 59:33.084","8","0","0","1","2301","0","0","0","N","0","0","0","7","02301","0","","1.0","","1","N","N","","0","","0","0","0","","0","Y","","2","1","0","0","0","1","0","2","1","2","","","","N","","","","","","","","","",""
"2017111437","1749","0","0","0","0","0","0","0","0","0","7","0","","02","10","2017","4","40.37942","-79.853639","1745","11","0","0","0","0","0","0","0","0","2","0","0","0","","","0","","0","","40 22:45.911","1","3","79 51:13.101","9","0","0","0","2303","0","0","0","Y","0","0","0","2","02303","0","","2.0","","9","N","N","","0","","0","0","0","","0","N","","2","0","0","0","0","0","1","2","1","2","","","","N","","","","","","","","","",""
"2017105063","1520","3","0","0","0","0","0","0","0","0","1","0","","02","10","2017","4","40.513077","-80.26995","1512","11","0","0","0","0","0","0","1","0","1","0","0","0","","","0","","1","","40 30:47.077","2","8","80 16:11.821","0","0","0","0","2203","0","0","0","","0","0","0","5","02203","0","","1.0","","1","","","","0","","0","0","0","","0","N","","3","0","0","0","0","0","0","2","0","3","","","","N","","","","","","","","","",""
"2017110258","0015","1","0","0","0","0","0","0","0","0","4","0","","02","10","2017","3","40.391034","-79.986505","0010","11","0","0","0","0","0","0","0","0","1","0","0","0","","","0","N","0","","40 23:27.721","2","0","79 59:11.417","0","0","0","0","2301","0","0","0","N","0","0","0","1","02301","0","","4.0","","9","N","Y","","0","","0","0","1","","1","Y","","3","0","0","0","0","0","0","2","1","3","","","","N","","","","","","","","","",""
"2017104225","2320","1","0","0","0","0","0","0","0","0","7","0","","02","10","2017","2","40.439411","-79.902064","2310","11","0","0","0","0","0","0","0","0","","0","0","0","","","0","","0","","40 26:21.880","","0","79 54:07.430","0","0","0","0","2301","0","0","0","","0","0","0","1","02301","0","","5.0","","9","","","","0","","0","0","0","","0","","","1","0","0","0","0","0","0","2","0","1","","","","N","","","","","","","","","",""
"2017109545","0004","2","0","0","0","0","0","0","0","0","1","0","","02","10","2017","2","40.329301","-79.958997","0001","11","0","0","0","0","0","1","0","0","2","0","0","0","","","0","","2","","40 19:45.485","1","0","79 57:32.390","0","0","0","0","2454","0","0","0","N","0","0","0","2","02454","0","","1.0","","1","N","N","","0","","0","0","0","","3","N","","2","0","0","0","0","0","0","2","0","2","","","","N","","","","","","","","","",""
"2017091181","1659","0","0","0","0","0","0","0","0","0","1","0","","02","9","2017","3","40.460711","-79.916525","1652","11","0","0","0","0","0","0","1","0","","0","0","0","","","0","","0","","40 27:38.560","","0","79 54:59.490","0","0","0","0","2301","0","0","0","N","0","0","0","2","02301","0","","1.0","","1","N","N","","1","","0","0","1","","0","","","2","0","0","0","0","0","0","2","0","2","","","","N","","","","","","","","","",""
"2017110749","0027","1","0","0","0","0","0","0","0","0","7","0","","02","10","2017","4","40.464555","-79.95212","0021","11","0","0","0","0","0","0","0","0","","0","0","0","","","0","","2","","40 27:52.397","","0","79 57:07.631","0","0","0","0","2301","0","0","0","N","0","0","0","0","02301","0","","9.0","","1","N","N","","0","","0","0","0","","0","","","1","0","0","0","0","0","0","2","0","1","","","","N","","","","","","","","","",""
"2017105750","0840","1","0","0","0","0","0","0","0","0","4","0","","02","10","2017","5","40.508157","-80.036899","0832","11","0","0","0","0","0","1","0","0","1","0","0","0","","","0","","1","","40 30:29.365","2","0","80 02:12.836","0","0","0","0","2116","0","0","0","N","0","0","0","2","02116","0","","1.0","","1","N","N","","0","","0","0","0","","3","N","","2","0","0","0","0","0","0","2","1","2","","","","N","","","","","","","","","",""
"2017106307","2242","1","0","0","0","0","0","0","0","0","5","0","","02","10","2017","6","40.499154","-79.924733","2235","11","0","0","0","0","0","1","0","0","2","0","0","0","","","0","","0","","40 29:56.953","1","0","79 55:29.037","0","0","0","0","2112","0","0","0","N","0","0","0","1","02112","0","","6.0","","1","N","N","","1","","0","0","0","","0","N","","2","0","0","0","0","0","0","2","0","2","","","","N","","","","","","","","","",""
"2017110423","0822","1","0","0","0","0","0","0","0","0","4","0","","02","10","2017","3","40.420194","-79.879","0822","11","0","0","0","0","0","0","0","0","","0","0","0","","","0","","0","","40 25:12.700","","7","79 52:44.400","9","0","0","0","2463","0","0","0","N","0","0","0","4","02463","0","","1.0","","9","N","N","","0","","0","0","1","","0","","","2","0","0","0","0","0","1","2","0","2","","","","N","","","","","","","","","",""
"2017106676","2326","0","0","0","0","0","0","0","0","0","99","0","","02","10","2017","3","40.567158","-79.8208","2316","11","0","0","0","0","0","0","0","0","2","0","0","0","","","2","","0","","40 34:01.770","5","0","79 49:14.881","3","0","0","1","2209","0","0","0","N","0","0","0","2","02209","0","","1.0","","1","N","N","","0","","2","0","0","","0","Y","","1","2","0","0","0","0","0","1","0","1","","","","N","","","","","","","","","",""
"2017110345","0842","1","0","0","0","0","0","0","0","0","4","0","","02","9","2017","6","40.429695","-79.892142","0839","11","0","0","0","0","1","0","1","0","1","0","0","0","","","2","","5","","40 25:46.901","5","2","79 53:31.710","3","0","0","0","2426","0","0","0","","0","0","0","4","02426","1","","1.0","","1","N","N","","0","","1","0","1","","0","N","","2","2","0","0","0","0","0","2","0","2","","","","N","","","","","","","","","",""
"2017094695","2220","1","0","0","0","0","0","0","0","0","7","0","","02","9","2017","2","40.416842","-80.016706","2145","11","0","0","0","0","0","0","0","0","","0","0","0","","","0","","0","","40 25:00.630","","0","80 01:00.140","0","0","0","0","2301","0","0","0","N","0","0","0","1","02301","0","","2.0","","1","N","N","","0","","0","0","0","","0","","","1","0","0","0","0","0","0","2","0","1","","","","N","","","","","","","","","",""
"2017108802","1510","0","0","0","0","0","0","0","0","0","6","1","","02","10","2017","4","40.461557","-79.923384","1510","11","0","0","0","0","0","1","0","0","","0","0","0","","","0","","1","","40 27:41.605","","0","79 55:24.182","9","0","0","0","2301","0","0","0","N","0","0","0","4","02301","0","","1.0","","1","N","N","","0","","0","0","1","","3","","","2","0","0","0","0","0","4","2","1","2","","","","N","","","","","","","","","",""
"2017113873","0855","2","0","0","0","0","0","0","0","0","4","0","","02","10","2017","5","40.436233","-79.784672","0841","11","0","0","0","0","0","0","0","1","2","0","0","0","","","1","","0","","40 26:10.438","7","0","79 47:04.819","8","0","0","0","2446","0","0","0","N","0","0","0","3","02446","0","","1.0","","1","N","N","","0","","0","0","0","","0","Y","","2","1","0","0","0","1","0","2","0","2","","","","N","","","","","","","","","",""
"2017087455","1130","1","0","0","0","0","0","0","0","0","4","0","","02","8","2017","6","40.433037","-80.029231","1120","11","0","0","0","0","0","1","0","0","","0","0","0","","","0","","1","","40 25:58.933","","0","80 01:45.231","0","0","0","0","2301","0","0","0","N","0","0","0","2","02301","0","","1.0","","1","N","N","","0","","0","0","1","","3","","","2","0","0","0","0","0","0","2","0","2","","","","N","","","","","","","","","",""
"2017111275","2250","2","0","0","0","0","0","0","0","0","1","0","","02","10","2017","4","40.415824","-80.012993","2244","11","0","0","0","0","0","0","0","0","","0","0","0","","","0","","3","","40 24:56.966","","0","80 00:46.774","9","0","0","0","2301","0","0","0","N","0","0","0","3","02301","0","","1.0","","9","N","N","","0","","0","0","0","","3","","","2","0","1","0","0","0","1","2","0","2","","","","N","","","","","","","","","",""
"2017107730","0346","1","0","0","0","0","0","0","0","0","7","0","","02","10","2017","7","40.307009","-79.90216","0342","11","0","0","0","0","0","0","0","0","2","0","0","0","","","0","","0","","40 18:25.231","5","0","79 54:07.775","0","0","0","0","2440","0","0","0","Y","0","0","0","1","02440","0","","4.0","","1","N","N","","0","","0","0","0","","0","N","","1","0","0","0","0","0","0","2","0","1","","","","N","","","","","","","","","",""
"2017087453","1008","0","0","0","0","0","0","0","0","0","8","0","","02","8","2017","6","40.446806","-79.989261","1001","11","0","0","0","0","0","0","0","0","","0","0","0","","","1","","2","","40 26:48.500","","99","79 59:21.341","3","0","0","0","2301","1","0","0","N","1","0","0","2","02301","0","","1.0","","1","N","N","","1","","1","0","0","","2","","","2","1","0","0","0","0","0","2","0","1","","","","N","","","","","","","","","",""
"2017111298","1509","1","0","0","0","0","0","0","0","0","8","0","","02","10","2017","4","40.42291","-80.049838","1509","11","0","0","0","0","0","0","1","0","","0","0","0","","","1","","0","","40 25:22.476","","0","80 02:59.415","3","0","0","0","2435","1","0","0","N","1","0","0","3","02435","0","","1.0","","1","N","N","","0","","1","0","0","","0","","","2","1","0","0","0","0","0","2","0","1","","","","N","","","","","","","","","",""
"2017090864","0905","0","0","0","0","0","0","0","0","0","1","0","","02","8","2017","4","40.444409","-80.028818","0855","11","0","0","0","0","0","0","1","0","1","0","0","0","","","0","","0","","40 26:39.871","3","0","80 01:43.744","0","0","0","0","2301","0","0","0","N","0","0","0","4","02301","0","","1.0","","1","N","N","","2","","0","0","1","","0","N","","3","0","1","0","0","0","0","2","0","3","","","","N","","","","","","","","","",""
"2017105084","1215","2","0","0","0","0","0","0","0","0","1","0","","02","10","2017","1","40.327761","-80.024493","1208","11","0","0","0","0","0","0","0","0","2","0","0","0","","","1","","0","","40 19:39.940","2","0","80 01:28.174","8","0","0","0","2407","0","0","0","","0","0","0","6","02407","0","","1.0","","1","N","N","","0","","0","0","2","","0","N","","4","1","0","0","0","1","0","2","0","4","","","","N","","","","","","","","","",""
"2017122718","2000","1","0","0","0","0","0","0","0","0","1","0","","02","11","2017","6","40.550478","-80.037206","1956","11","0","0","0","0","0","1","0","0","","0","0","0","","","0","","2","","40 33:01.722","","0","80 02:13.940","0","0","0","0","2108","0","0","0","","0","0","0","2","02108","0","","1.0","","1","N","N","","0","","0","0","1","","0","","","2","0","0","0","0","0","0","2","0","2","","","","N","","","","","","","","","",""
"2017111263","1706","1","0","0","0","0","0","0","0","0","1","0","","02","10","2017","4","40.639861","-80.064999","1702","11","0","0","0","0","0","1","0","0","1","0","0","0","","","0","","0","","40 38:23.501","2","0","80 03:53.998","0","0","0","0","2216","0","0","0","N","0","0","0","4","02505","0","","1.0","","9","N","N","","0","","0","0","0","","0","N","","2","0","0","0","0","0","0","2","1","2","","","","N","","","","","","","","","",""
"2017088649","1013","1","0","0","0","0","0","0","0","0","4","0","","02","8","2017","3","40.384648","-79.99507","1005","11","0","0","0","0","0","1","1","0","","0","0","0","","","1","","2","","40 23:04.731","","99","79 59:42.252","8","0","0","0","2301","0","0","0","N","0","0","0","3","02301","0","","1.0","","1","N","N","","0","","0","0","0","","2","","","2","1","0","0","0","1","0","2","1","2","","","","N","","","","","","","","","",""
"2017111751","0203","2","0","0","0","0","0","0","0","0","4","0","","02","10","2017","1","40.452088","-79.930979","0200","11","0","0","0","1","0","0","0","0","","0","0","0","","","1","","1","","40 27:07.516","","0","79 55:51.524","4","0","0","0","2301","0","0","0","N","0","0","0","3","02301","1","","1.0","","1","N","N","","0","","0","0","0","","2","","","2","1","0","0","0","0","0","2","0","2","","","","N","","","","","","","","","",""
"2017109356","0745","0","0","0","0","0","0","0","0","0","1","0","","02","10","2017","1","40.387641","-80.090992","0745","11","0","0","0","0","0","2","0","0","1","0","0","0","","","2","","1","","40 23:15.509","4","0","80 05:27.572","3","0","0","0","2437","0","0","0","N","0","0","0","3","02437","1","","1.0","","1","N","N","","1","","1","0","1","","2","N","","2","2","0","0","0","0","0","2","0","2","","","","N","","","","","","","","","",""
"2017106506","1935","1","0","0","0","0","0","0","0","0","7","0","","02","10","2017","7","40.454019","-79.995296","1920","11","0","0","0","0","0","0","0","0","2","0","0","0","","","0","","0","","40 27:14.469","2","0","79 59:43.067","0","0","0","0","2301","0","0","0","N","0","0","0","2","02301","0","","3.0","","1","N","N","","0","","0","0","0","","0","N","","1","0","0","0","0","0","0","2","0","1","","","","N","","","","","","","","","",""
"2017111681","2320","1","0","0","0","0","0","0","0","0","1","0","55","02","10","2017","5","40.509223","-80.280303","2303","11","0","0","0","0","0","0","0","0","2","0","0","0","","","2","","0","","40 30:33.203","3","0","80 16:49.090","3","0","0","0","2203","0","0","0","","0","0","0","2","68B03","0","","1.0","","1","N","N","","0","","1","0","1","","0","N","","2","2","0","0","0","1","0","1","0","2","","","N","Y","4","1","N","N","N","Y","N","N","N",""
"2017088067","2220","3","0","0","0","0","0","0","0","0","1","0","35","02","8","2017","7","40.432778","-79.98925","2216","11","0","0","0","0","0","2","0","0","2","0","0","0","","","1","","0","","40 25:58.000","7","3","79 59:21.300","3","0","0","0","2301","0","0","0","N","0","0","0","7","02301","0","","1.0","","1","N","N","","0","","1","0","0","","0","N","","3","1","1","0","0","0","0","2","0","3","","","N","Y","4","1","","","N","Y","","","",""
"2017116833","0947","0","0","0","0","0","0","0","0","0","0","1","","02","11","2017","4","40.499735","-80.121021","0934","11","0","0","0","0","1","0","0","0","","0","1","0","","","0","","0","","40 29:59.046","","0","80 07:15.676","0","0","0","0","2115","0","0","0","","0","0","0","1","68B03","0","","4.0","","9","N","N","","0","","0","0","0","","0","","","1","0","0","0","0","0","0","2","0","1","","","","N","","","","","","","","","",""
"2017106219","1813","1","0","0","0","0","0","0","0","0","2","0","","02","10","2017","6","40.427611","-79.991583","1807","11","0","0","0","0","0","0","0","0","2","0","0","0","","","2","","0","","40 25:39.400","7","0","79 59:29.700","4","0","0","0","2301","0","0","0","N","0","0","0","4","02301","2","","1.0","","1","N","N","","0","","0","0","1","","0","Y","","2","2","0","0","0","0","0","2","0","2","","","","N","","","","","","","","","",""
"2017108576","1820","2","0","0","0","0","0","0","0","0","4","0","","02","10","2017","5","40.451491","-79.953345","1817","11","0","0","0","0","0","1","0","0","2","0","0","0","","","0","","2","","40 27:05.366","3","0","79 57:12.043","0","0","0","0","2301","0","0","0","N","0","0","0","4","02301","0","","1.0","","1","N","N","","0","","0","0","0","","3","Y","","2","0","0","0","0","0","0","2","0","2","","","","N","","","","","","","","","",""
"2017108270","0119","1","0","0","0","0","0","0","0","0","7","0","","02","10","2017","1","40.321442","-79.898995","0107","11","1","0","0","0","0","0","0","0","","0","0","0","","","2","","0","","40 19:17.190","","1","79 53:56.382","3","0","0","0","2302","0","0","0","N","0","0","0","4","02302","0","","5.0","","1","N","N","","0","","1","0","0","","0","","","1","2","0","0","0","1","1","2","0","1","","","","N","","","","","","","","","",""
"2017123133","2043","1","0","0","0","0","0","0","0","0","7","0","","02","11","2017","7","40.396568","-80.10319","2031","11","0","0","0","1","0","0","0","0","","0","0","0","","","0","","0","","40 23:47.643","","0","80 06:11.485","0","0","0","0","2102","0","0","0","","0","0","0","2","68B03","0","","4.0","","9","N","N","","0","","0","0","0","","0","","","1","0","0","0","0","0","0","2","0","1","","","","N","","","","","","","","","",""
"2017087968","1155","0","0","0","0","0","0","0","0","0","4","0","","02","8","2017","1","40.496131","-79.976872","1154","11","0","0","0","0","0","1","0","0","1","0","0","0","","","0","","1","","40 29:46.072","1","0","79 58:36.740","0","0","0","0","2118","0","0","0","N","0","0","0","7","02118","0","","1.0","","1","N","N","","0","","0","0","1","","3","N","","2","0","0","0","0","0","0","2","1","2","","","","N","","","","","","","","","",""
"2017108975","0004","2","0","0","0","0","0","0","0","0","4","0","","02","10","2017","7","40.383138","-79.827649","0004","11","0","0","0","0","0","0","0","0","2","0","0","0","","","3","","1","","40 22:59.298","7","0","79 49:39.538","3","0","0","0","2111","0","0","0","N","0","0","0","4","02111","0","","1.0","","1","N","N","","0","","3","0","0","","2","Y","","2","3","2","0","0","0","0","2","0","2","","","","N","","","","","","","","","",""
"2017096819","0136","0","0","0","0","0","0","0","0","0","7","0","","02","9","2017","5","40.600628","-79.93005","0134","11","0","0","0","0","0","1","0","0","2","0","0","0","","","0","","0","","40 36:02.260","5","0","79 55:48.180","0","0","0","0","2207","0","0","0","N","0","0","0","1","02207","0","","5.0","","9","N","N","","1","","0","0","0","","0","Y","","1","0","0","0","0","0","0","2","0","1","","","","N","","","","","","","","","",""
"2017111284","0105","1","0","0","0","0","0","0","0","0","7","0","","02","10","2017","5","40.371303","-79.845878","0105","11","0","0","0","0","0","0","0","0","","0","0","0","","","0","","0","","40 22:16.689","","0","79 50:45.162","0","0","0","0","2303","0","0","0","N","0","0","0","1","02303","0","","2.0","","1","N","N","","0","","0","0","0","","0","","","1","0","1","0","0","0","0","2","0","1","","","","N","","","","","","","","","",""
"2017123368","0035","0","0","0","0","0","0","0","0","0","7","0","","02","11","2017","2","40.336029","-80.134685","0034","11","0","0","0","0","0","1","0","0","","0","0","0","","","0","","0","","40 20:09.704","","0","80 08:04.865","0","0","0","0","2119","0","0","0","","0","0","0","1","68B03","0","","2.0","","1","N","N","","1","","0","0","0","","0","","","1","0","0","0","0","0","0","2","0","1","","","","N","","","","","","","","","",""
"2017123768","1835","2","0","0","0","0","0","0","0","0","1","0","","02","11","2017","6","40.491711","-79.891055","1833","11","0","0","0","0","1","0","0","0","","0","0","0","","","0","","0","","40 29:30.161","","0","79 53:27.797","0","0","0","0","2432","0","0","0","","0","0","0","3","68D02","0","","1.0","","1","N","N","","0","","0","0","0","","0","","","2","0","0","0","0","0","0","2","0","2","","","","N","","","","","","","","","",""
"2017105574","1842","1","0","0","0","0","0","0","0","0","2","0","","02","10","2017","5","40.452914","-80.039369","1841","11","0","0","0","0","0","2","0","0","1","0","0","0","","","3","","2","","40 27:10.489","4","0","80 02:21.730","8","0","0","0","2301","0","0","0","N","0","0","0","6","02301","0","","1.0","","1","N","N","","0","","0","0","1","","0","N","","3","3","0","0","0","3","0","2","1","3","","","","N","","","","","","","","","",""
"2017123360","0850","0","0","0","0","0","0","0","0","0","99","0","","02","11","2017","6","40.506508","-79.858054","0846","11","0","0","0","0","0","0","0","0","","0","0","0","","","0","","0","","40 30:23.428","","0","79 51:28.996","0","0","0","0","2112","0","0","0","","0","0","0","1","68D02","0","","1.0","","1","N","N","","0","","0","0","1","","0","","","1","0","0","0","0","0","0","2","0","1","","","","N","","","","","","","","","",""
"2017116735","1109","2","0","0","0","0","0","0","0","0","2","0","","02","10","2017","6","40.386499","-80.092328","1108","11","0","0","0","0","0","2","0","0","","0","0","0","","","0","","2","","40 23:11.395","","0","80 05:32.379","0","0","0","0","2117","0","0","0","N","0","0","0","2","02117","0","","1.0","","1","N","N","","0","","0","0","0","","2","","","2","0","0","0","0","0","0","2","0","2","","","","N","","","","","","","","","",""
"2017105056","1745","1","0","0","0","0","0","0","0","0","99","0","","02","10","2017","1","40.448931","-79.731053","1739","11","0","0","0","0","0","0","0","0","2","0","0","0","","","1","","0","","40 26:56.150","5","0","79 43:51.790","8","0","0","0","2446","0","0","0","N","0","0","0","2","02446","0","","5.0","","9","N","N","","0","","0","0","0","","0","Y","","1","1","0","0","0","1","0","2","0","1","","","","N","","","","","","","","","",""
"2017105446","2031","1","0","0","0","0","0","0","0","0","4","0","","02","10","2017","3","40.389175","-80.088722","2030","11","0","1","0","0","0","0","0","0","1","0","0","0","","","0","","1","","40 23:21.031","2","0","80 05:19.398","0","0","0","0","2437","0","0","0","N","0","0","0","2","02437","0","","1.0","","1","N","N","","0","","0","0","1","","3","N","","2","0","0","0","0","0","0","2","0","2","","","","N","","","","","","","","","",""
"2017111026","1530","2","0","0","0","0","0","0","0","0","1","0","","02","10","2017","4","40.566918","-80.078472","1525","11","1","0","0","0","0","0","1","0","","0","0","0","","","1","","2","","40 34:00.906","","0","80 04:42.498","4","0","0","0","2481","0","0","0","N","0","0","0","2","02481","1","","1.0","","9","N","N","","0","","0","0","0","","0","","","2","1","0","0","0","0","0","2","0","2","","","","N","","","","","","","","","",""
"2017109398","1620","1","0","0","0","0","0","0","0","0","4","0","","02","10","2017","1","40.47043","-79.932434","1612","11","0","0","0","0","0","0","0","0","","0","0","0","","","0","","0","","40 28:13.548","","0","79 55:56.762","0","0","0","0","2301","0","0","0","N","0","0","0","1","02301","0","","1.0","","1","N","N","","0","","0","0","0","","3","","","2","0","0","0","0","0","0","2","1","2","","","","N","","","","","","","","","",""