"CRN","ARRIVAL_TM","AUTOMOBILE_COUNT","BELTED_DEATH_COUNT","BELTED_SUSP_SERIOUS_INJ_COUNT","BICYCLE_COUNT","BICYCLE_DEATH_COUNT","BICYCLE_SUSP_SERIOUS_INJ_COUNT","BUS_COUNT","CHLDPAS_DEATH_COUNT","CHLDPAS_SUSP_SERIOUS_INJ_COUNT","COLLISION_TYPE","COMM_VEH_COUNT","CONS_ZONE_SPD_LIM","COUNTY","CRASH_MONTH","CRASH_YEAR","DAY_OF_WEEK","DEC_LATITUDE","DEC_LONGITUDE","DISPATCH_TM","DISTRICT","DRIVER_COUNT_16YR","DRIVER_COUNT_17YR","DRIVER_COUNT_18YR","DRIVER_COUNT_19YR","DRIVER_COUNT_20YR","DRIVER_COUNT_50_64YR","DRIVER_COUNT_65_74YR","DRIVER_COUNT_75PLUS","EST_HRS_CLOSED","FATAL_COUNT","HEAVY_TRUCK_COUNT","HORSE_BUGGY_COUNT","HOUR_OF_DAY","ILLUMINATION","INJURY_COUNT","INTERSECTION_RELATED","INTERSECT_TYPE","LANE_CLOSED","LATITUDE","LN_CLOSE_DIR","LOCATION_TYPE","LONGITUDE","MAX_SEVERITY_LEVEL","MCYCLE_DEATH_COUNT","MCYCLE_SUSP_SERIOUS_INJ_COUNT","MOTORCYCLE_COUNT","MUNICIPALITY","NONMOTR_COUNT","NONMOTR_DEATH_COUNT","NONMOTR_SUSP_SERIOUS_INJ_COUNT","NTFY_HIWY_MAINT","PED_COUNT","PED_DEATH_COUNT","PED_SUSP_SERIOUS_INJ_COUNT","PERSON_COUNT","POLICE_AGCY","POSSIBLE_INJ_COUNT","RDWY_SURF_TYPE_CD","RELATION_TO_ROAD","ROADWAY_CLEARED","ROAD_CONDITION","SCH_BUS_IND","SCH_ZONE_IND","SECONDARY_CRASH","SMALL_TRUCK_COUNT","SPEC_JURIS_CD","SUSP_MINOR_INJ_COUNT","SUSP_SERIOUS_INJ_COUNT","SUV_COUNT","TCD_FUNC_CD","TCD_TYPE","TFC_DETOUR_IND","TIME_OF_DAY","TOTAL_UNITS","TOT_INJ_COUNT","UNBELTED_OCC_COUNT","UNB_DEATH_COUNT","UNB_SUSP_SERIOUS_INJ_COUNT","UNK_INJ_DEG_COUNT","UNK_INJ_PER_COUNT","URBAN_RURAL","VAN_COUNT","VEHICLE_COUNT","WEATHER1","WEATHER2","WORKERS_PRES","WORK_ZONE_IND","WORK_ZONE_LOC","WORK_ZONE_TYPE","WZ_CLOSE_DETOUR","WZ_FLAGGER","WZ_LAW_OFFCR_IND","WZ_LN_CLOSURE","WZ_MOVING","WZ_OTHER","WZ_SHLDER_MDN","WZ_WORKERS_INJ_KILLED"
"2017080235","","1","0","0","0","0","0","0","0","0","0","0","","02","8","2017","2","40.501979","-79.837136","","11","0","0","0","0","0","0","0","0","1","0","0","0","","","0","","2","","40 30:07.126","2","0","79 50:13.691","0","0","0","0","2113","0","0","0","N","0","0","0","1","02113","0","","1.0","","1","N","N","","0","","0","0","0","","0","N","","1","0","0","0","0","0","0","2","0","1","","","","N","","","","","","","","","",""
"2017083560","","3","0","0","0","0","0","0","0","0","4","0","","02","8","2017","4","40.466108","-80.024885","","11","0","0","0","0","0","0","0","0","","0","0","0","","","0","","0","","40 27:57.988","","0","80 01:29.587","0","0","0","0","2301","0","0","0","N","0","0","0","1","02301","0","","1.0","","1","N","N","","0","","0","0","2","","0","","","6","0","0","0","0","0","0","2","1","6","","","","N","","","","","","","","","",""
"2017096332","","1","0","0","0","0","0","0","0","0","1","0","","02","9","2017","3","40.374851","-79.982781","","11","0","0","0","0","0","0","0","0","1","0","0","0","","","3","","0","","40 22:29.465","1","0","79 58:58.012","4","0","0","0","2413","0","0","0","N","0","0","0","5","02413","3","","1.0","","1","N","N","","1","","0","0","1","","0","N","","3","3","0","0","0","0","0","2","0","3","","","","N","","","","","","","","","",""
"2017097189","","1","0","0","0","0","0","0","0","0","4","0","","02","9","2017","4","40.434377","-79.953173","","11","0","1","0","0","0","0","0","0","","0","0","0","","","1","","1","","40 26:03.756","","0","79 57:11.422","8","0","0","0","2301","0","0","0","N","0","0","0","2","02301","0","","1.0","","1","N","N","","0","","0","0","1","","2","","","2","1","0","0","0","1","0","2","0","2","","","","N","","","","","","","","","",""
"2017094003","","1","0","0","0","0","0","0","0","0","4","0","","02","9","2017","3","40.469305","-79.820169","","11","0","0","1","0","0","0","1","0","1","0","0","0","","","2","","1","","40 28:09.498","3","0","79 49:12.608","8","0","0","0","2113","0","0","0","N","0","0","0","4","02113","0","","1.0","","1","N","N","","0","","0","0","1","","3","Y","","2","2","0","0","0","2","0","2","0","2","","","","N","","","","","","","","","",""
"2017097338","","1","0","0","0","0","0","0","0","0","4","0","","02","9","2017","4","40.406176","-80.033796","","11","0","0","0","0","0","0","0","0","","0","0","0","","","0","","2","","40 24:22.233","","0","80 02:01.665","0","0","0","0","2301","0","0","0","N","0","0","0","2","02301","0","","1.0","","1","N","N","","0","","0","0","1","","0","","","2","0","0","0","0","0","0","2","0","2","","","","N","","","","","","","","","",""
"2017079857","","2","0","0","0","0","0","0","0","0","1","0","","02","8","2017","7","40.526019","-79.842733","","11","0","0","0","0","0","0","1","0","","0","0","0","","","0","","1","","40 31:33.670","","0","79 50:33.837","0","0","0","0","2451","0","0","0","N","0","0","0","2","02451","0","","1.0","","1","N","Y","","0","","0","0","0","","0","","","2","0","2","0","0","0","0","2","0","2","","","","N","","","","","","","","","",""
"2017089927","","2","0","0","0","0","0","0","0","0","5","0","","02","8","2017","5","40.435833","-79.97275","","11","0","0","0","0","0","0","0","0","2","0","0","0","","","0","","0","","40 26:09.000","3","0","79 58:21.900","0","0","0","0","2301","0","0","0","N","0","0","0","2","02301","0","","1.0","","1","N","N","","0","","0","0","0","","2","N","","2","0","0","0","0","0","0","2","0","2","","","","N","","","","","","","","","",""
"2017082485","","1","0","0","0","0","0","0","0","0","99","0","","02","8","2017","7","40.434806","-80.033861","","11","0","0","0","0","0","0","0","0","","0","0","0","","","0","","0","","40 26:05.300","","0","80 02:01.900","9","0","0","0","2301","0","0","0","N","0","0","0","1","02301","0","","9.0","","1","N","N","","0","","0","0","0","","3","","","1","0","0","0","0","0","1","2","0","1","","","","N","","","","","","","","","",""
"2017095864","","0","0","0","0","0","0","0","0","0","4","0","","02","9","2017","1","40.51425","-80.054699","","11","0","0","0","0","0","0","0","0","2","0","0","0","","","0","","2","","40 30:51.300","6","2","80 03:16.915","0","0","0","0","2116","0","0","0","N","0","0","0","4","02116","0","","1.0","","1","N","N","","0","","0","0","2","","2","N","","2","0","0","0","0","0","0","2","0","2","","","","N","","","","","","","","","",""
"2017101048","","0","0","0","0","0","0","0","0","0","7","0","","02","9","2017","3","40.621793","-79.7449","","11","0","0","0","0","0","1","0","0","","0","0","0","","","3","","0","","40 37:18.453","","0","79 44:41.640","3","0","0","0","2106","0","0","0","","0","0","0","3","68D02","0","","4.0","","1","N","N","","0","","3","0","0","","0","","","1","3","1","0","0","0","0","2","1","1","","","","N","","","","","","","","","",""
"2017098968","","2","0","0","0","0","0","0","0","0","4","0","","02","9","2017","2","40.435866","-79.961329","","11","0","0","0","0","0","1","0","0","","0","0","0","","","0","","1","","40 26:09.119","","0","79 57:40.784","0","0","0","0","2301","0","0","0","N","0","0","0","2","02301","0","","1.0","","1","N","N","","0","","0","0","0","","2","","","2","0","0","0","0","0","0","2","0","2","","","","N","","","","","","","","","",""
"2017098693","","1","0","0","0","0","0","0","0","0","7","0","","02","9","2017","1","40.461057","-79.866331","","11","0","0","0","0","0","0","0","0","2","0","0","0","","","0","","1","","40 27:39.806","2","0","79 51:58.790","0","0","0","0","2113","0","0","0","N","0","0","0","1","02113","0","","2.0","","1","N","N","","0","","0","0","0","","2","N","","1","0","0","0","0","0","0","2","0","1","","","","N","","","","","","","","","",""
"2017029762","","1","0","0","0","0","0","1","0","0","2","1","","02","3","2017","6","40.481584","-79.953429","","11","0","0","0","0","0","1","0","0","2","0","0","0","","","0","","1","","40 28:53.702","1","0","79 57:12.344","0","0","0","0","2301","0","0","0","N","0","0","0","2","02503","0","","1.0","","1","N","N","","0","","0","0","0","","2","N","","2","0","1","0","0","0","0","2","0","2","","","","N","","","","","","","","","",""
"2017100979","","2","0","0","0","0","0","0","0","0","4","0","","02","9","2017","1","40.398327","-80.026313","","11","0","0","0","0","0","1","1","0","","0","0","0","","","0","","1","","40 23:53.978","","0","80 01:34.725","0","0","0","0","2301","0","0","0","N","0","0","0","2","02301","0","","1.0","","1","N","N","","0","","0","0","0","","2","","","2","0","0","0","0","0","0","2","0","2","","","","N","","","","","","","","","",""
"2017101506","","1","0","0","0","0","0","0","0","0","4","0","","02","10","2017","2","40.360485","-79.90769","","11","0","0","0","0","0","1","0","0","","0","0","0","","","0","","2","","40 21:37.746","","0","79 54:27.685","0","0","0","0","2473","0","0","0","N","0","0","0","2","02473","0","","1.0","","1","N","N","","1","","0","0","0","","2","","","2","0","0","0","0","0","0","2","0","2","","","","N","","","","","","","","","",""
"2017099649","","2","0","0","0","0","0","0","0","0","4","0","","02","9","2017","3","40.452417","-79.952331","","11","0","0","0","0","0","0","1","0","","0","0","0","","","1","","2","","40 27:08.702","","0","79 57:08.391","3","0","0","0","2301","0","0","0","N","0","0","0","2","02301","0","","1.0","","1","N","N","","0","","1","0","0","","0","","","2","1","0","0","0","0","0","2","0","2","","","","N","","","","","","","","","",""
"2017100140","","0","0","0","0","0","0","0","0","0","99","0","","02","9","2017","2","40.379869","-79.884786","","11","1","0","0","0","0","0","0","0","5","0","0","0","","","2","","0","","40 22:47.529","6","0","79 53:05.231","2","0","0","0","2473","0","0","0","N","0","0","0","2","02473","1","","5.0","","1","N","N","","1","","0","1","0","","0","Y","","1","2","2","0","1","0","0","2","0","1","","","","N","","","","","","","","","",""
"2017101049","","1","0","0","0","0","0","0","0","0","1","0","","02","9","2017","3","40.607323","-79.763245","","11","0","0","0","0","0","0","0","0","","0","0","0","","","0","","0","","40 36:26.362","","0","79 45:47.683","9","0","0","0","2464","0","0","0","","0","0","0","2","68D02","0","","1.0","","1","N","N","","1","","0","0","0","","0","","","2","0","0","0","0","0","1","2","0","2","","","","N","","","","","","","","","",""
"2017094461","","2","0","0","0","0","0","0","0","0","1","0","","02","9","2017","4","40.428622","-79.991968","","11","0","0","0","0","0","0","0","0","2","0","0","0","","","0","","0","","40 25:43.038","6","0","79 59:31.084","0","0","0","0","2301","0","0","0","N","0","0","0","2","02301","0","","1.0","","1","","N","","0","","0","0","0","","0","N","","2","0","0","0","0","0","0","2","0","2","","","","N","","","","","","","","","",""
"2017082105","","0","0","0","0","0","0","0","0","0","7","0","","02","8","2017","6","40.450453","-80.045234","","11","0","0","0","0","0","0","0","0","","0","0","0","","","0","","2","","40 27:01.632","","0","80 02:42.842","0","0","0","0","2301","0","0","0","N","0","0","0","1","02301","0","","5.0","","9","N","N","","0","","0","0","1","","2","","","1","0","0","0","0","0","0","2","0","1","","","","N","","","","","","","","","",""
"2017083353","","1","0","0","0","0","0","0","0","0","1","0","","02","8","2017","2","40.488186","-79.921589","","11","0","0","0","1","0","0","0","0","","0","0","0","","","0","","0","","40 29:17.468","","0","79 55:17.721","0","0","0","0","2301","0","0","0","N","0","0","0","1","02301","0","","1.0","","1","N","N","","0","","0","0","0","","0","","","2","0","0","0","0","0","0","2","1","2","","","","N","","","","","","","","","",""
"2017089566","","1","0","0","0","0","0","0","0","0","0","0","","02","8","2017","7","40.411833","-80.076564","","11","0","0","0","0","0","0","0","0","","0","0","0","","","0","","0","","40 24:42.598","","0","80 04:35.629","0","0","0","0","2117","0","0","0","","0","0","0","2","68B03","0","","1.0","","1","N","N","","1","","0","0","0","","0","","","3","0","0","0","0","0","0","2","0","2","","","","N","","","","","","","","","",""
"2017098683","","2","0","0","0","0","0","0","0","0","5","0","","02","9","2017","1","40.402344","-79.995431","","11","0","0","0","0","0","0","0","0","1","0","0","0","","","0","","0","","40 24:08.440","5","0","79 59:43.550","0","0","0","0","2301","0","0","0","","0","0","0","1","02301","0","","1.0","","1","","","","0","","0","0","1","","0","Y","","3","0","0","0","0","0","0","2","0","3","","","","N","","","","","","","","","",""
"2017109452","","1","0","0","0","0","0","0","0","0","4","0","","02","10","2017","1","40.391916","-80.01532","","11","0","0","0","0","0","0","0","0","1","0","0","0","","","1","","2","","40 23:30.897","4","0","80 00:55.152","8","0","0","0","2301","0","0","0","N","0","0","0","8","02301","0","","1.0","","1","N","N","","0","","0","0","1","","3","N","","2","1","0","0","0","1","0","2","0","2","","","","N","","","","","","","","","",""
"2017095640","","2","0","0","0","0","0","0","0","0","4","0","","02","9","2017","5","40.617569","-80.087716","","11","0","0","0","0","0","1","0","0","","0","0","0","","","1","","0","","40 37:03.250","","7","80 05:15.779","8","0","0","0","2212","0","0","0","N","0","0","0","2","02505","0","","1.0","","1","N","N","","0","","0","0","0","","0","","","2","1","0","0","0","1","0","2","0","2","","","","N","","","","","","","","","",""
"2017079439","","1","0","0","0","0","0","0","0","0","1","0","25","02","8","2017","5","40.449002","-80.021559","","11","0","0","0","0","0","0","0","0","1","0","0","0","","","2","","0","","40 26:56.407","1","0","80 01:17.612","2","0","1","1","2301","1","0","0","N","1","0","0","3","02301","1","","1.0","","1","N","N","","0","","0","1","0","","8","Y","","3","2","0","0","0","0","0","2","0","2","","","Y","Y","4","1","","","N","Y","","","",""
"2017100729","","2","0","0","0","0","0","0","0","0","1","0","","02","9","2017","7","40.349544","-79.933834","","11","0","0","0","1","1","0","0","0","1","0","0","0","","","3","","0","","40 20:58.357","4","0","79 56:01.802","8","0","0","0","2473","0","0","0","Y","0","0","0","3","02473","0","","1.0","","1","N","N","","0","","0","0","0","","0","N","","2","3","0","0","0","3","0","2","0","2","","","","N","","","","","","","","","",""
"2017098302","","0","0","0","0","0","0","0","0","0","4","0","","02","9","2017","7","40.438457","-79.771215","","11","0","0","0","0","0","0","0","0","","0","0","0","","","1","","0","","40 26:18.445","","7","79 46:16.374","4","0","0","0","2446","0","0","0","N","0","0","0","2","02446","1","","1.0","","1","N","N","","1","","0","0","1","","0","","","2","1","0","0","0","0","0","2","0","2","","","","N","","","","","","","","","",""
"2017080342","","1","0","0","0","0","0","0","0","0","7","0","","02","8","2017","2","40.630902","-79.951147","","11","0","0","0","0","1","0","0","0","","0","0","0","","","1","","0","","40 37:51.247","","0","79 57:04.129","4","0","0","0","2217","0","0","0","N","0","0","0","1","02505","1","","2.0","","9","N","N","","0","","0","0","0","","0","","","1","1","0","0","0","0","0","2","0","1","","","","N","","","","","","","","","",""
"2017115410","","2","0","0","0","0","0","0","0","0","1","0","","02","11","2017","5","40.548431","-79.836518","","11","0","0","0","0","0","1","0","0","","0","0","0","","","0","","0","","40 32:54.353","","0","79 50:11.465","0","0","0","0","2208","0","0","0","N","0","0","0","5","02208","0","","1.0","","1","N","N","","0","","0","0","0","","0","","","4","0","0","0","0","0","0","2","1","3","","","","N","","","","","","","","","",""
"2017099623","","2","0","0","0","0","0","0","0","0","4","0","","02","9","2017","4","40.48411","-79.854375","","11","0","0","0","0","0","0","0","0","","0","0","0","","","0","","0","","40 29:02.795","","0","79 51:15.749","0","0","0","0","2113","0","0","0","N","0","0","0","4","02113","0","","1.0","","1","N","Y","","0","","0","0","0","","0","","","2","0","0","0","0","0","0","2","0","2","","","","N","","","","","","","","","",""
"2017112329","","1","0","0","0","0","0","0","0","0","4","0","","02","10","2017","7","40.431156","-79.95921","","11","0","0","0","0","0","1","1","0","2","0","0","0","","","0","","1","","40 25:52.161","3","0","79 57:33.156","0","0","0","0","2301","0","0","0","N","0","0","0","6","02301","0","","1.0","","9","N","N","","0","","0","0","1","","2","N","","2","0","0","0","0","0","0","2","0","2","","","","N","","","","","","","","","",""
"2017087457","","1","0","0","0","0","0","0","0","0","5","0","","02","8","2017","6","40.444487","-79.91683","","11","0","0","0","0","0","0","1","0","1","0","0","0","","","1","","0","","40 26:40.153","7","0","79 55:00.589","3","0","0","0","2301","0","0","0","N","0","0","0","3","02301","0","","1.0","","1","N","N","","0","","1","0","0","","0","N","","2","1","0","0","0","0","0","2","1","2","","","","N","","","","","","","","","",""
"2017087553","","2","0","0","0","0","0","0","0","0","1","0","","02","8","2017","6","40.633507","-80.003968","","11","0","0","0","0","0","0","2","0","1","0","0","0","","","1","","1","","40 38:00.625","3","0","80 00:14.283","3","0","0","0","2216","0","0","0","N","0","0","0","10","02505","0","","1.0","","1","N","N","","0","","1","0","2","","2","N","","4","1","0","0","0","0","0","2","0","4","","","","N","","","","","","","","","",""
"2017088220","","1","0","0","0","0","0","0","0","0","4","0","","02","8","2017","2","40.452092","-79.826425","","11","0","0","0","0","0","1","0","1","","0","0","0","","","0","","0","","40 27:07.530","","0","79 49:35.130","0","0","0","0","2113","0","0","0","N","0","0","0","2","02113","0","","1.0","","1","N","N","","0","","0","0","1","","0","","","2","0","0","0","0","0","0","2","0","2","","","","N","","","","","","","","","",""
"2017105083","","2","0","0","0","0","0","0","0","0","1","0","","02","10","2017","4","40.428697","-79.988628","","11","0","0","0","0","0","0","0","0","","0","0","0","","","1","","0","","40 25:43.310","","0","79 59:19.059","4","0","0","0","2301","0","0","0","N","0","0","0","2","02301","1","","1.0","","1","N","N","","0","","0","0","0","","0","","","2","1","0","0","0","0","0","2","0","2","","","","N","","","","","","","","","",""
"2017109494","","1","0","0","0","0","0","0","0","0","1","1","","02","10","2017","1","40.454441","-79.882422","","11","0","0","0","0","0","0","0","0","","0","1","0","","","1","","0","","40 27:15.986","","0","79 52:56.720","8","0","0","0","2301","0","0","0","N","0","0","0","1","02301","0","","6.0","","1","N","N","","0","","0","0","0","","0","","","2","1","0","0","0","1","0","2","0","2","","","","N","","","","","","","","","",""
"2017088066","","1","0","0","0","0","0","0","0","0","4","0","","02","8","2017","1","40.283652","-79.837454","","11","0","0","0","0","0","0","1","0","2","0","0","0","","","1","","2","","40 17:01.147","1","0","79 50:14.836","4","0","0","0","2105","0","0","0","N","0","0","0","3","02105","1","","1.0","","1","N","N","","1","","0","0","0","","0","N","","2","1","0","0","0","0","0","2","0","2","","","","N","","","","","","","","","",""
"2017089714","","1","0","0","0","0","0","0","0","0","4","0","","02","8","2017","5","40.453496","-79.982288","","11","0","0","0","0","0","0","0","0","","0","0","0","","","0","","1","","40 27:12.585","","0","79 58:56.236","0","0","0","0","2301","0","0","0","N","0","0","0","2","02301","0","","1.0","","1","N","N","","0","","0","0","1","","0","","","2","0","0","0","0","0","0","2","0","2","","","","N","","","","","","","","","",""
"2017111218","","1","0","0","0","0","0","0","0","0","1","0","","02","10","2017","3","40.57198","-79.789738","","11","0","0","0","0","0","1","0","0","","0","0","0","","","0","","0","","40 34:19.128","","0","79 47:23.057","0","0","0","0","2206","0","0","0","","0","0","0","2","68D02","0","","1.0","","9","N","N","","0","","0","0","1","","0","","","2","0","0","0","0","0","0","2","0","2","","","","N","","","","","","","","","",""
"2017125384","","1","0","0","0","0","0","0","0","0","8","0","","02","11","2017","4","40.523279","-80.150248","","11","0","0","0","0","0","0","0","0","2","0","0","0","","","1","","0","","40 31:23.804","1","0","80 09:00.892","2","0","0","0","2434","1","0","1","","1","0","1","2","68B03","0","","1.0","","1","N","N","","0","","0","1","0","","0","N","","2","1","0","0","0","0","0","1","0","1","","","","N","","","","","","","","","",""
"2017087849","","0","0","0","0","0","0","0","0","0","7","0","","02","8","2017","7","40.403741","-80.235978","","11","0","1","0","0","0","0","0","0","2","0","0","0","","","1","","0","","40 24:13.469","5","0","80 14:09.522","4","0","0","0","2214","0","0","0","N","0","0","0","1","02214","1","","5.0","","3","N","N","","0","","0","0","1","","0","Y","","1","1","0","0","0","0","0","1","0","1","","","","N","","","","","","","","","",""
"2017087933","","2","0","0","0","0","0","0","0","0","5","0","","02","8","2017","7","40.520687","-79.833435","","11","0","0","0","0","0","1","0","0","","0","0","0","","","1","","1","","40 31:14.473","","0","79 50:00.366","4","0","0","0","2451","0","0","0","N","0","0","0","4","02451","1","","1.0","","1","N","N","","0","","0","0","0","","3","","","2","1","0","0","0","0","0","2","0","2","","","","N","","","","","","","","","",""
"2017082319","","0","0","0","0","0","0","0","0","0","7","0","","02","8","2017","7","40.467983","-80.021912","","11","0","0","0","0","0","0","1","0","","0","0","0","","","1","","2","","40 28:04.740","","0","80 01:18.882","8","0","0","0","2301","0","0","0","N","0","0","0","1","02301","0","","4.0","","1","N","N","","0","","0","0","1","","0","","","1","1","0","0","0","1","0","2","0","1","","","","N","","","","","","","","","",""
"2017103972","","1","0","0","0","0","0","0","0","0","1","0","","02","10","2017","1","40.415925","-80.001469","","11","0","0","0","0","0","0","0","0","","0","0","0","","","0","","0","","40 24:57.330","","0","80 00:05.290","0","0","0","0","2301","0","0","0","N","0","0","0","1","02301","0","","1.0","","1","N","N","","0","","0","0","1","","0","","","2","0","0","0","0","0","0","2","0","2","","","","N","","","","","","","","","",""
"2017109587","","1","0","0","0","0","0","0","0","0","7","0","","02","10","2017","6","40.554208","-79.837519","","11","0","0","0","0","0","0","0","0","","0","0","0","","","0","","0","","40 33:15.150","","0","79 50:15.067","0","0","0","0","2208","0","0","0","","0","0","0","4","68T02","0","","1.0","","1","N","N","","0","","0","0","0","","0","","","1","0","0","0","0","0","0","2","0","1","","","","N","","","","","","","","","",""
"2017102060","","1","0","1","0","0","0","0","0","0","1","0","","02","10","2017","3","40.487994","-79.924058","","11","0","0","0","0","0","0","0","0","","0","0","0","","","1","","0","","40 29:16.780","","0","79 55:26.610","2","0","0","0","2301","0","0","0","N","0","0","0","3","02301","0","","1.0","","1","N","N","","0","","0","1","1","","0","","","2","1","0","0","0","0","0","2","0","2","","","","N","","","","","","","","","",""
"2017098342","","2","0","0","0","0","0","0","0","0","4","0","","02","9","2017","7","40.419049","-79.926073","","11","0","0","0","0","0","0","0","1","","0","0","0","","","0","","1","","40 25:08.576","","0","79 55:33.862","0","0","0","0","2301","0","0","0","N","0","0","0","2","02301","0","","1.0","","1","N","N","","0","","0","0","0","","3","","","2","0","0","0","0","0","0","2","0","2","","","","N","","","","","","","","","",""
"2017089655","","3","0","0","0","0","0","0","0","0","1","0","","02","8","2017","4","40.538464","-79.962429","","11","0","0","0","0","0","1","0","0","1","0","0","0","","","1","","1","","40 32:18.470","2","0","79 57:44.743","8","0","0","0","2118","0","0","0","N","0","0","0","3","02118","0","","1.0","","1","N","N","","0","","0","0","0","","2","N","","3","1","0","0","0","1","0","2","0","3","","","","N","","","","","","","","","",""
"2017104181","","1","0","0","0","0","0","0","0","0","1","0","","02","10","2017","2","40.461788","-79.848722","","11","0","0","0","0","0","0","0","0","1","0","0","0","","","1","","2","","40 27:42.438","4","0","79 50:55.399","8","0","0","0","2113","0","0","0","N","0","0","0","3","02113","0","","1.0","","1","N","N","","0","","0","0","1","","0","N","","2","1","0","0","0","1","0","2","0","2","","","","N","","","","","","","","","",""
"2017106350","","2","0","0","0","0","0","0","0","0","4","0","","02","10","2017","6","40.381561","-79.90613","","11","0","0","0","0","0","0","1","0","","0","0","0","","","0","","1","","40 22:53.619","","0","79 54:22.068","0","0","0","0","2448","0","0","0","N","0","0","0","6","02448","0","","1.0","","1","N","Y","","0","","0","0","0","","3","","","2","0","0","0","0","0","0","2","0","2","","","","N","","","","","","","","","",""
"2017105284","","1","0","0","0","0","0","0","0","0","7","0","","02","10","2017","4","40.457994","-79.855794","","11","0","0","0","0","0","0","0","0","1","0","0","0","","","0","","0","","40 27:28.780","6","0","79 51:20.860","0","0","0","0","2113","0","0","0","N","0","0","0","2","02113","0","","5.0","","9","N","N","","0","","0","0","0","","0","Y","","1","0","2","0","0","0","0","2","0","1","","","","N","","","","","","","","","",""
"2017090400","","3","0","0","0","0","0","0","0","0","5","0","","02","9","2017","7","40.438229","-79.955493","","11","0","0","0","0","0","0","0","0","1","0","0","0","","","0","","0","","40 26:17.624","2","0","79 57:19.774","0","0","0","0","2301","0","0","0","N","0","0","0","1","02506","0","","1.0","","1","N","N","","0","","0","0","1","","0","Y","","4","0","0","0","0","0","0","2","0","4","","","","N","","","","","","","","","",""
"2017085258","","0","0","0","0","0","0","0","0","0","7","0","","02","8","2017","1","40.660911","-80.121677","","11","0","0","0","0","0","0","0","0","3","0","0","0","","","1","","0","","40 39:39.279","6","0","80 07:18.037","8","0","0","0","2212","0","0","0","N","0","0","0","1","02505","0","","5.0","","1","N","N","","1","","0","0","0","","0","Y","","1","1","1","0","0","1","0","2","0","1","","","","N","","","","","","","","","",""
"2017089732","","1","0","0","0","0","0","0","0","0","1","0","","02","8","2017","4","40.536551","-80.184341","","11","0","0","0","0","0","1","0","0","2","0","0","0","","","2","","1","","40 32:11.582","3","0","80 11:03.626","8","0","0","0","2458","0","0","0","N","0","0","0","5","02458","0","","1.0","","1","N","N","","0","","0","0","1","","2","N","","3","2","0","0","0","2","0","2","1","3","","","","N","","","","","","","","","",""
"2017111828","","1","0","0","0","0","0","0","0","0","1","0","","02","10","2017","5","40.379088","-80.051942","","11","0","0","0","0","0","2","0","0","","0","0","0","","","1","","2","","40 22:44.717","","0","80 03:06.990","4","0","0","0","2109","0","0","0","","0","0","0","2","02109","1","","1.0","","1","N","N","","0","","0","0","1","","0","","","2","1","0","0","0","0","0","2","0","2","","","","N","","","","","","","","","",""
"2017096847","","0","0","0","0","0","0","0","0","0","99","0","","02","9","2017","2","40.652981","-80.09382","","11","0","0","0","0","1","0","0","0","","0","0","0","","","0","","0","","40 39:10.733","","0","80 05:37.752","0","0","0","0","2212","0","0","0","","0","0","0","1","68B03","0","","1.0","","1","N","N","","0","","0","0","1","","0","","","1","0","0","0","0","0","0","2","0","1","","","","N","","","","","","","","","",""
"2017088892","","1","0","0","0","0","0","0","0","0","7","0","","02","8","2017","3","40.404399","-80.019076","","11","0","0","0","0","0","0","0","0","","0","0","0","","","1","","0","","40 24:15.838","","0","80 01:08.673","2","0","0","0","2301","0","0","0","N","0","0","0","1","02301","0","","4.0","","1","N","N","","0","","0","1","0","","0","","","1","1","1","0","1","0","0","2","0","1","","","","N","","","","","","","","","",""
"2017105602","","1","0","0","0","0","0","0","0","0","1","0","","02","10","2017","1","40.530383","-79.954699","","11","0","0","0","0","0","1","0","0","","0","0","0","","","0","","0","","40 31:49.379","","0","79 57:16.916","0","0","0","0","2118","0","0","0","N","0","0","0","4","02118","0","","1.0","","9","N","N","","0","","0","0","1","","0","","","2","0","1","0","0","0","0","2","0","2","","","","N","","","","","","","","","",""
"2017088627","","1","0","0","0","0","0","0","0","0","4","0","","02","8","2017","3","40.444461","-79.844336","","11","0","0","0","0","0","0","0","0","2","0","0","0","","","0","","1","","40 26:40.058","4","0","79 50:39.609","0","0","0","0","2419","0","0","0","N","0","0","0","2","02419","0","","1.0","","1","N","N","","0","","0","0","1","","0","N","","2","0","0","0","0","0","0","2","0","2","","","","N","","","","","","","","","",""
"2017102130","","1","0","1","0","0","0","0","0","0","7","0","","02","9","2017","4","40.305797","-80.052211","","11","1","0","0","0","0","0","0","0","5","0","0","0","","","1","","0","","40 18:20.870","6","0","80 03:07.960","2","0","0","0","2407","0","0","0","","0","0","0","1","02407","0","","4.0","","1","N","N","","0","","0","1","0","","0","Y","","1","1","0","0","0","0","0","2","0","1","","","","N","","","","","","","","","",""
"2017091664","","1","0","0","0","0","0","0","0","0","7","0","","02","8","2017","2","40.667184","-80.102689","","11","0","0","1","0","0","0","0","0","2","0","0","0","","","0","","0","","40 40:01.863","4","0","80 06:09.681","0","0","0","0","2212","0","0","0","N","0","0","0","1","02505","0","","5.0","","1","N","N","","0","","0","0","0","","0","N","","1","0","0","0","0","0","0","2","0","1","","","","N","","","","","","","","","",""