"CRN","ARRIVAL_TM","AUTOMOBILE_COUNT","BELTED_DEATH_COUNT","BELTED_SUSP_SERIOUS_INJ_COUNT","BICYCLE_COUNT","BICYCLE_DEATH_COUNT","BICYCLE_SUSP_SERIOUS_INJ_COUNT","BUS_COUNT","CHLDPAS_DEATH_COUNT","CHLDPAS_SUSP_SERIOUS_INJ_COUNT","COLLISION_TYPE","COMM_VEH_COUNT","CONS_ZONE_SPD_LIM","COUNTY","CRASH_MONTH","CRASH_YEAR","DAY_OF_WEEK","DEC_LATITUDE","DEC_LONGITUDE","DISPATCH_TM","DISTRICT","DRIVER_COUNT_16YR","DRIVER_COUNT_17YR","DRIVER_COUNT_18YR","DRIVER_COUNT_19YR","DRIVER_COUNT_20YR","DRIVER_COUNT_50_64YR","DRIVER_COUNT_65_74YR","DRIVER_COUNT_75PLUS","EST_HRS_CLOSED","FATAL_COUNT","HEAVY_TRUCK_COUNT","HORSE_BUGGY_COUNT","HOUR_OF_DAY","ILLUMINATION","INJURY_COUNT","INTERSECTION_RELATED","INTERSECT_TYPE","LANE_CLOSED","LATITUDE","LN_CLOSE_DIR","LOCATION_TYPE","LONGITUDE","MAX_SEVERITY_LEVEL","MCYCLE_DEATH_COUNT","MCYCLE_SUSP_SERIOUS_INJ_COUNT","MOTORCYCLE_COUNT","MUNICIPALITY","NONMOTR_COUNT","NONMOTR_DEATH_COUNT","NONMOTR_SUSP_SERIOUS_INJ_COUNT","NTFY_HIWY_MAINT","PED_COUNT","PED_DEATH_COUNT","PED_SUSP_SERIOUS_INJ_COUNT","PERSON_COUNT","POLICE_AGCY","POSSIBLE_INJ_COUNT","RDWY_SURF_TYPE_CD","RELATION_TO_ROAD","ROADWAY_CLEARED","ROAD_CONDITION","SCH_BUS_IND","SCH_ZONE_IND","SECONDARY_CRASH","SMALL_TRUCK_COUNT","SPEC_JURIS_CD","SUSP_MINOR_INJ_COUNT","SUSP_SERIOUS_INJ_COUNT","SUV_COUNT","TCD_FUNC_CD","TCD_TYPE","TFC_DETOUR_IND","TIME_OF_DAY","TOTAL_UNITS","TOT_INJ_COUNT","UNBELTED_OCC_COUNT","UNB_DEATH_COUNT","UNB_SUSP_SERIOUS_INJ_COUNT","UNK_INJ_DEG_COUNT","UNK_INJ_PER_COUNT","URBAN_RURAL","VAN_COUNT","VEHICLE_COUNT","WEATHER1","WEATHER2","WORKERS_PRES","WORK_ZONE_IND","WORK_ZONE_LOC","WORK_ZONE_TYPE","WZ_CLOSE_DETOUR","WZ_FLAGGER","WZ_LAW_OFFCR_IND","WZ_LN_CLOSURE","WZ_MOVING","WZ_OTHER","WZ_SHLDER_MDN","WZ_WORKERS_INJ_KILLED"
"2017104062","","2","0","0","0","0","0","0","0","0","1","0","","02","10","2017","1","40.431313","-79.997829","","11","0","0","0","1","0","0","0","0","3","0","0","0","","","2","","0","","40 25:52.728","2","3","79 59:52.184","8","0","0","0","2301","0","0","0","N","0","0","0","3","02301","0","","1.0","","1","N","N","","0","","0","0","0","","0","Y","","2","2","0","0","0","2","0","2","0","2","","","","N","","","","","","","","","",""
"2017107400","","2","0","0","0","0","0","0","0","0","1","0","","02","10","2017","3","40.398327","-80.026313","","11","0","0","0","0","0","0","1","0","","0","0","0","","","0","","10","","40 23:53.978","","7","80 01:34.725","0","0","0","0","2301","0","0","0","N","0","0","0","1","02301","0","","4.0","","1","N","N","","0","","0","0","0","","0","","","2","0","0","0","0","0","0","2","0","2","","","","N","","","","","","","","","",""
"2017089267","","0","0","0","0","0","0","0","0","0","7","0","","02","8","2017","4","40.441195","-80.047097","","11","0","0","0","0","0","0","0","0","3","0","0","0","","","3","","0","","40 26:28.302","5","0","80 02:49.549","4","0","0","0","2301","0","0","0","N","0","0","0","3","02301","3","","5.0","","1","N","N","","0","","0","0","2","","0","Y","","2","3","0","0","0","0","0","2","0","2","","","","N","","","","","","","","","",""
"2017089692","","0","0","0","0","0","0","0","0","0","1","0","99","02","8","2017","5","40.425716","-79.861694","","11","0","0","0","0","0","1","1","0","1","0","0","0","","","2","","0","","40 25:32.579","3","0","79 51:42.097","4","0","0","0","2431","0","0","0","N","0","0","0","4","02431","2","","1.0","","1","N","N","","0","","0","0","0","","0","N","","2","2","0","0","0","0","0","2","2","2","","","Y","Y","1","3","","Y","N","Y","Y","","",""
"2017104768","","2","0","0","0","0","0","0","0","0","4","0","","02","10","2017","3","40.430121","-80.008536","","11","0","0","0","0","0","0","0","0","1","0","0","0","","","1","","2","","40 25:48.437","5","0","80 00:30.731","4","0","0","0","2301","0","0","0","N","0","0","0","4","02301","1","","1.0","","1","N","N","","0","","0","0","0","","3","N","","2","1","0","0","0","0","0","2","0","2","","","","N","","","","","","","","","",""
"2017111414","","1","0","0","0","0","0","0","0","0","7","0","","02","7","2017","1","40.44119","-80.185193","","11","0","0","0","0","0","0","0","0","","0","0","0","","","0","","0","","40 26:28.284","","0","80 11:06.694","0","0","0","0","2214","0","0","0","","0","0","0","2","68B03","0","","2.0","","9","N","N","","0","","0","0","0","","0","","","1","0","0","0","0","0","0","1","0","1","","","","N","","","","","","","","","",""
"2017111510","","1","0","0","0","0","0","0","0","0","1","0","","02","10","2017","5","40.437397","-79.776283","","11","0","0","0","0","0","0","0","0","","0","0","0","","","1","","0","","40 26:14.630","","0","79 46:34.620","8","0","0","0","2446","0","0","0","N","0","0","0","4","02446","0","","1.0","","1","N","N","","0","","0","0","1","","0","","","2","1","0","0","0","1","1","2","0","2","","","","N","","","","","","","","","",""
"2017106843","","1","0","0","0","0","0","0","0","0","4","1","","02","10","2017","4","40.379391","-79.806988","","11","0","0","0","1","0","1","0","0","1","0","1","0","","","1","","1","","40 22:45.808","6","0","79 48:25.156","3","0","0","0","2111","0","0","0","N","0","0","0","2","02111","0","","1.0","","9","N","N","","0","","1","0","0","","3","N","","2","1","0","0","0","0","0","2","0","2","","","","N","","","","","","","","","",""
"2017111582","","0","0","0","0","0","0","0","0","0","2","0","","02","10","2017","5","40.399973","-79.988237","","11","0","0","0","0","0","0","0","0","1","0","0","0","","","0","","2","","40 23:59.902","1","0","79 59:17.653","0","0","0","0","2301","0","0","0","N","0","0","0","2","02301","0","","1.0","","1","N","N","","0","","0","0","2","","0","N","","2","0","0","0","0","0","0","2","0","2","","","","N","","","","","","","","","",""
"2017107179","","2","0","0","0","0","0","0","0","0","4","0","","02","10","2017","4","40.382873","-79.820872","","11","0","0","0","0","0","0","0","0","3","0","0","0","","","2","","2","","40 22:58.342","6","0","79 49:15.139","3","0","0","0","2111","0","0","0","N","0","0","0","3","02111","1","","1.0","","1","N","N","","0","","1","0","0","","3","Y","","2","2","0","0","0","0","0","2","0","2","","","","N","","","","","","","","","",""
"2017096927","","1","0","0","0","0","0","0","0","0","7","0","","02","9","2017","3","40.464888","-79.853685","","11","0","0","0","0","0","0","0","0","4","0","0","0","","","2","","0","","40 27:53.595","6","0","79 51:13.266","8","0","0","0","2113","0","0","0","Y","0","0","0","2","02113","0","","5.0","","1","N","N","","0","","0","0","0","","0","Y","","1","2","0","0","0","2","0","2","0","1","","","","N","","","","","","","","","",""
"2017106612","","2","0","0","0","0","0","0","0","0","1","0","","02","10","2017","6","40.443436","-79.769803","","11","0","0","0","0","0","0","0","0","2","0","0","0","","","2","","0","","40 26:36.370","3","0","79 46:11.290","8","0","0","0","2446","0","0","0","N","0","0","0","2","02446","0","","1.0","","1","N","N","","0","","0","0","0","","0","N","","2","2","0","0","0","2","0","2","0","2","","","","N","","","","","","","","","",""
"2017102985","","1","0","0","0","0","0","0","0","0","7","0","","02","10","2017","6","40.465851","-80.034125","","11","0","0","0","0","0","0","0","0","2","0","0","0","","","0","","0","","40 27:57.064","2","0","80 02:02.849","9","0","0","0","2301","0","0","0","N","0","0","0","1","02301","0","","2.0","","1","N","N","","0","","0","0","0","","0","Y","","1","0","0","0","0","0","1","2","0","1","","","","N","","","","","","","","","",""
"2017104750","","1","0","0","0","0","0","0","0","0","1","0","","02","10","2017","3","40.474736","-80.010949","","11","0","0","0","0","0","2","0","0","","0","0","0","","","3","","1","","40 28:29.048","","0","80 00:39.415","3","0","0","0","2301","0","0","0","N","0","0","0","5","02301","2","","1.0","","1","Y","N","","0","","1","0","0","","2","","","2","3","0","0","0","0","0","2","1","2","","","","N","","","","","","","","","",""
"2017087581","","1","0","0","0","0","0","0","0","0","7","0","","02","8","2017","6","40.434771","-79.917188","","11","0","0","0","0","0","0","0","0","2","0","0","0","","","0","","0","","40 26:05.175","3","0","79 55:01.876","0","0","0","0","2301","0","0","0","N","0","0","0","1","02301","0","","4.0","","1","N","N","","0","","0","0","0","","0","N","","1","0","0","0","0","0","0","2","0","1","","","","N","","","","","","","","","",""
"2017089290","","1","0","0","0","0","0","0","0","0","1","0","","02","8","2017","4","40.573728","-79.864492","","11","0","0","0","0","0","1","0","0","","0","0","0","","","2","","2","","40 34:25.419","","0","79 51:52.171","8","0","0","0","2209","0","0","0","N","0","0","0","2","02209","0","","1.0","","1","N","N","","1","","0","0","0","","0","","","2","2","0","0","0","2","0","2","0","2","","","","N","","","","","","","","","",""
"2017112291","","1","0","0","0","0","0","0","0","0","1","0","","02","10","2017","7","40.368434","-80.102896","","11","0","0","0","0","0","1","0","0","2","0","0","0","","","0","","0","","40 22:06.364","4","0","80 06:10.427","0","0","0","0","2102","0","0","0","N","0","0","0","2","02102","0","","1.0","","9","N","N","","1","","0","0","0","","0","N","","2","0","0","0","0","0","0","2","0","2","","","","N","","","","","","","","","",""
"2017104169","","0","0","0","0","0","0","0","0","0","4","0","","02","10","2017","2","40.444461","-79.844336","","11","0","0","0","0","0","1","0","0","1","0","0","0","","","0","","1","","40 26:40.058","3","2","79 50:39.610","0","0","0","0","2419","0","0","0","N","0","0","0","2","02419","0","","1.0","","9","N","N","","0","","0","0","2","","3","N","","2","0","0","0","0","0","0","2","0","2","","","","N","","","","","","","","","",""
"2017089156","","0","0","0","0","0","0","0","0","0","1","0","","02","8","2017","3","40.478536","-79.967359","","11","0","0","0","0","0","1","0","0","2","0","0","0","","","1","","7","","40 28:42.729","1","2","79 58:02.493","3","0","0","1","2445","0","0","0","N","0","0","0","2","02445","0","","1.0","","1","N","N","","1","","1","0","0","","0","N","","2","1","0","0","0","0","0","2","0","2","","","","N","","","","","","","","","",""
"2017104000","","1","0","0","0","0","0","0","0","0","1","0","","02","10","2017","7","40.324849","-80.025768","","11","0","0","0","0","0","0","0","0","2","0","0","0","","","1","","3","","40 19:29.456","4","0","80 01:32.763","3","0","0","0","2407","0","0","0","","0","0","0","2","02407","0","","1.0","","1","N","N","","0","","1","0","1","","3","Y","","2","1","0","0","0","0","0","2","0","2","","","","N","","","","","","","","","",""
"2017111478","","2","0","0","0","0","0","0","0","0","4","0","","02","10","2017","3","40.355461","-80.114119","","11","0","0","0","0","0","1","0","0","1","0","0","0","","","0","","1","","40 21:19.660","2","0","80 06:50.827","0","0","0","0","2414","0","0","0","","0","0","0","2","02414","0","","1.0","","1","N","N","","0","","0","0","0","","2","N","","2","0","0","0","0","0","0","2","0","2","","","","N","","","","","","","","","",""
"2017089891","","0","0","0","0","0","0","0","0","0","7","0","","02","8","2017","5","40.581507","-80.082259","","11","0","0","0","0","0","1","0","0","","0","0","0","","","1","","0","","40 34:53.424","","0","80 04:56.132","8","0","0","1","2481","0","0","0","Y","0","0","0","1","02481","0","","5.0","","1","N","N","","0","","0","0","0","","0","","","1","1","0","0","0","1","0","2","0","1","","","","N","","","","","","","","","",""
"2017105820","","2","0","0","0","0","0","0","0","0","1","0","","02","10","2017","5","40.475113","-79.774562","","11","0","1","0","0","0","1","0","0","1","0","0","0","","","2","","0","","40 28:30.406","4","7","79 46:28.424","8","0","0","0","2466","0","0","0","N","0","0","0","3","02466","0","","1.0","","1","N","N","","0","","0","0","0","","0","N","","2","2","0","0","0","2","1","2","0","2","","","","N","","","","","","","","","",""
"2017103001","","5","0","0","0","0","0","0","0","0","4","0","","02","10","2017","5","40.397667","-80.032623","","11","0","0","0","0","0","0","0","0","","0","0","0","","","2","","1","","40 23:51.601","","0","80 01:57.442","3","0","0","0","2422","0","0","0","","0","0","0","6","02422","1","","1.0","","1","N","N","","0","","1","0","0","","3","","","5","2","0","0","0","0","0","2","0","5","","","","N","","","","","","","","","",""
"2017112598","","1","0","0","0","0","0","0","0","0","2","0","","02","10","2017","7","40.373653","-80.084557","","11","0","0","0","0","0","1","0","0","1","0","0","0","","","1","","0","","40 22:25.150","1","0","80 05:04.405","3","0","0","0","2117","0","0","0","N","0","0","0","3","02117","0","","1.0","","9","N","N","","0","","1","0","1","","0","Y","","2","1","0","0","0","0","0","2","0","2","","","","N","","","","","","","","","",""
"2017089683","","1","0","0","0","0","0","0","0","0","8","0","","02","8","2017","5","40.44004","-80.004754","","11","0","0","0","0","0","0","0","0","","0","0","0","","","1","","2","","40 26:24.144","","0","80 00:17.115","8","0","0","0","2301","1","0","0","N","1","0","0","2","02301","0","","1.0","","1","N","N","","0","","0","0","0","","2","","","2","1","0","0","0","1","0","2","0","1","","","","N","","","","","","","","","",""
"2017088076","","1","0","0","0","0","0","0","0","0","5","0","","02","8","2017","1","40.394828","-80.021569","","11","0","0","0","0","1","0","1","0","","0","0","0","","","0","","0","","40 23:41.380","","0","80 01:17.648","0","0","0","0","2301","0","0","0","N","0","0","0","4","02301","0","","1.0","","1","N","N","","0","","0","0","1","","0","","","2","0","0","0","0","0","0","2","0","2","","","","N","","","","","","","","","",""
"2017105203","","1","0","0","0","0","0","0","0","0","7","0","","02","10","2017","5","40.330012","-79.842151","","11","0","0","0","0","0","0","0","0","","0","0","0","","","0","","2","","40 19:48.044","","0","79 50:31.742","0","0","0","0","2304","0","0","0","N","0","0","0","1","02304","0","","2.0","","1","N","N","","0","","0","0","0","","0","","","1","0","0","0","0","0","0","2","0","1","","","","N","","","","","","","","","",""
"2017100333","","0","0","0","0","0","0","0","0","0","4","0","","02","9","2017","6","40.43892","-80.041504","","11","0","0","0","0","0","0","0","0","2","0","0","0","","","0","","1","","40 26:20.113","4","0","80 02:29.415","0","0","0","0","2301","0","0","0","N","0","0","0","3","02301","0","","1.0","","1","N","N","","0","","0","0","2","","0","N","","2","0","0","0","0","0","0","2","0","2","","","","N","","","","","","","","","",""
"2017103942","","1","0","0","0","0","0","0","0","0","1","0","","02","10","2017","1","40.467373","-79.980114","","11","0","0","0","0","1","0","0","0","","0","0","0","","","0","","0","","40 28:02.544","","0","79 58:48.410","0","0","0","0","2301","0","0","0","N","0","0","0","2","02301","0","","1.0","","9","N","N","","0","","0","0","0","","0","","","2","0","0","0","0","0","0","2","1","2","","","","N","","","","","","","","","",""
"2017109990","","2","0","0","0","0","0","0","0","0","4","0","","02","10","2017","2","40.463915","-79.80107","","11","0","0","0","0","0","0","0","0","2","0","0","0","","","0","","2","","40 27:50.094","3","0","79 48:03.852","0","0","0","0","2113","0","0","0","N","0","0","0","2","02113","0","","1.0","","9","N","N","","0","","0","0","0","","0","N","","2","0","0","0","0","0","0","2","0","2","","","","N","","","","","","","","","",""
"2017106434","","1","0","0","0","0","0","0","0","0","4","0","","02","10","2017","6","40.657003","-79.934794","","11","0","0","0","0","0","2","0","0","1","0","0","0","","","0","","2","","40 39:25.212","3","0","79 56:05.257","0","0","0","0","2217","0","0","0","N","0","0","0","2","02505","0","","1.0","","1","N","N","","1","","0","0","0","","3","Y","","2","0","0","0","0","0","0","2","0","2","","","","N","","","","","","","","","",""
"2017108943","","1","0","0","0","0","0","0","0","0","8","0","","02","10","2017","6","40.461124","-79.866306","","11","0","0","0","0","0","0","0","0","1","0","0","0","","","2","","1","","40 27:40.047","4","0","79 51:58.700","8","0","0","0","2113","2","0","0","N","2","0","0","3","02113","0","","1.0","","1","N","N","","0","","0","0","0","","2","N","","3","2","1","0","0","2","0","2","0","1","","","","N","","","","","","","","","",""
"2017125583","","0","0","0","0","0","0","0","0","0","4","0","","02","11","2017","7","40.501996","-80.204806","","11","0","0","0","0","0","0","0","0","","0","0","0","","","0","","1","","40 30:07.184","","0","80 12:17.303","0","0","0","0","2213","0","0","0","","0","0","0","3","02213","0","","1.0","","1","N","N","","0","","0","0","2","","3","","","2","0","2","0","0","0","0","2","0","2","","","","N","","","","","","","","","",""
"2017105216","","1","0","0","0","0","0","0","0","0","7","0","","02","10","2017","1","40.34913","-80.049924","","11","0","0","0","0","0","1","0","0","","0","0","0","","","0","","2","","40 20:56.868","","0","80 02:59.726","0","0","0","0","2407","0","0","0","","0","0","0","1","02407","0","","4.0","","9","N","N","","0","","0","0","0","","2","","","1","0","0","0","0","0","0","2","0","1","","","","N","","","","","","","","","",""
"2017102732","","1","0","0","0","0","0","0","0","0","99","0","","02","9","2017","7","40.366645","-79.777966","","11","0","0","0","0","0","0","0","0","","0","0","0","","","0","","0","","40 21:59.921","","0","79 46:40.677","0","0","0","0","2111","0","0","0","N","0","0","0","2","02111","0","","1.0","","1","N","N","","0","","0","0","0","","0","","","1","0","0","0","0","0","0","2","0","1","","","","N","","","","","","","","","",""
"2017084978","","2","0","0","0","0","0","0","0","0","1","0","","02","8","2017","1","40.422469","-80.029584","","11","0","0","0","0","0","1","0","0","1","0","0","0","","","1","","0","","40 25:20.887","1","0","80 01:46.501","3","0","0","0","2301","0","0","0","N","0","0","0","5","02301","0","","1.0","","1","N","N","","0","","1","0","0","","0","N","","3","1","1","0","0","0","0","2","1","3","","","","N","","","","","","","","","",""
"2017087683","","1","0","0","0","0","0","0","0","0","1","0","","02","8","2017","7","40.457239","-79.997836","","11","0","0","0","0","0","0","0","0","","0","0","0","","","0","","1","","40 27:26.061","","0","79 59:52.208","0","0","0","0","2301","0","0","0","N","0","0","0","5","02301","0","","1.0","","1","N","N","","0","","0","0","3","","2","","","4","0","0","0","0","0","0","2","0","4","","","","N","","","","","","","","","",""
"2017105595","","2","0","0","0","0","0","0","0","0","5","0","","02","10","2017","5","40.448239","-79.986874","","11","0","0","0","0","0","0","1","0","2","0","0","0","","","0","","2","","40 26:53.660","3","0","79 59:12.746","9","0","0","0","2301","0","0","0","N","0","0","0","4","02301","0","","1.0","","1","N","N","","0","","0","0","0","","2","N","","3","0","0","0","0","0","1","2","1","3","","","","N","","","","","","","","","",""
"2017105386","","1","0","0","0","0","0","0","0","0","8","0","","02","10","2017","5","40.354045","-79.824558","","11","0","0","0","0","0","1","0","0","1","0","0","0","","","1","","0","","40 21:14.562","2","0","79 49:28.410","3","0","0","0","2477","1","0","0","N","1","0","0","2","02477","0","","1.0","","1","N","N","","0","","1","0","0","","0","N","","2","1","0","0","0","0","0","2","0","1","","","","N","","","","","","","","","",""
"2017106391","","0","0","0","0","0","0","0","0","0","4","0","","02","10","2017","7","40.432394","-80.015322","","11","0","0","0","0","0","0","0","0","1","0","0","0","","","0","","2","","40 25:56.617","3","0","80 00:55.160","0","0","0","0","2301","0","0","0","N","0","0","0","2","02301","0","","1.0","","1","N","N","","0","","0","0","2","","0","N","","2","0","0","0","0","0","0","2","0","2","","","","N","","","","","","","","","",""
"2017101113","","0","0","0","0","0","0","0","0","0","99","0","","02","9","2017","2","40.387227","-79.82799","","11","0","0","0","0","0","0","0","0","2","0","0","0","","","0","","0","","40 23:14.016","4","0","79 49:40.763","0","0","0","0","2111","0","0","0","N","0","0","0","1","02111","0","","1.0","","1","N","N","","0","","0","0","0","","0","N","","1","0","0","0","0","0","0","2","1","1","","","","N","","","","","","","","","",""
"2017108357","","1","0","0","0","0","0","0","0","0","1","0","","02","10","2017","4","40.320279","-79.981837","","11","0","1","0","0","0","0","0","0","1","0","0","0","","","0","","2","","40 19:13.004","2","0","79 58:54.613","0","0","0","0","2219","0","0","0","N","0","0","0","2","02219","0","","1.0","","1","N","N","","0","","0","0","1","","0","N","","2","0","0","0","0","0","0","2","0","2","","","","N","","","","","","","","","",""
"2017104204","","2","0","0","0","0","0","0","0","0","4","0","","02","10","2017","2","40.448415","-79.761143","","11","0","0","0","0","1","0","0","0","","0","0","0","","","0","","1","","40 26:54.295","","0","79 45:40.113","0","0","0","0","2446","0","0","0","N","0","0","0","3","02446","0","","1.0","","1","N","N","","0","","0","0","0","","3","","","2","0","0","0","0","0","0","2","0","2","","","","N","","","","","","","","","",""
"2017111118","","0","0","0","0","0","0","0","0","0","1","1","","02","10","2017","4","40.451465","-80.251526","","11","0","0","0","0","0","0","0","0","","0","1","0","","","1","","0","","40 27:05.273","","7","80 15:05.493","4","0","0","0","2203","0","0","0","N","0","0","0","2","02203","1","","1.0","","9","N","N","","0","","0","0","1","","0","","","2","1","0","0","0","0","0","2","0","2","","","","N","","","","","","","","","",""
"2017108743","","0","0","0","0","0","0","0","0","0","1","2","","02","10","2017","4","40.535421","-80.03596","","11","0","0","0","0","0","0","0","0","3","0","0","0","","","2","","0","","40 32:07.514","7","0","80 02:09.457","2","0","0","0","2116","0","0","0","N","0","0","0","2","02116","0","","1.0","","1","N","N","","2","","1","1","0","","0","Y","","2","2","2","0","1","0","0","2","0","2","","","","N","","","","","","","","","",""
"2017124053","","1","0","0","0","0","0","0","0","0","1","0","","02","11","2017","5","40.613315","-79.757267","","11","0","0","0","0","0","1","0","0","2","0","0","0","","","0","","0","","40 36:47.934","1","0","79 45:26.160","0","0","0","0","2202","0","0","0","","0","0","0","3","68D02","0","","1.0","","9","N","N","","0","","0","0","1","","0","N","","2","0","0","0","0","0","0","2","0","2","","","","N","","","","","","","","","",""
"2017114862","","1","0","0","0","0","0","0","0","0","3","0","","02","11","2017","6","40.529456","-79.954226","","11","0","0","0","0","0","1","0","0","2","0","0","0","","","0","","2","","40 31:46.040","1","0","79 57:15.212","0","0","0","0","2118","0","0","0","N","0","0","0","2","02118","0","","1.0","","1","N","N","","1","","0","0","0","","0","N","","2","0","0","0","0","0","0","2","0","2","","","","N","","","","","","","","","",""
"2017111361","","2","0","0","0","0","0","0","0","0","1","0","","02","8","2017","3","40.418012","-80.055159","","11","0","0","0","0","0","0","0","0","","0","0","0","","","0","","0","","40 25:04.844","","0","80 03:18.574","0","0","0","0","2117","0","0","0","","0","0","0","1","68B03","0","","1.0","","1","N","N","","0","","0","0","0","","0","","","2","0","0","0","0","0","0","2","0","2","","","","N","","","","","","","","","",""
"2017106683","","0","0","0","0","0","0","0","0","0","7","0","","02","10","2017","7","40.434801","-79.956544","","11","0","0","0","0","0","0","0","0","","0","0","0","","","0","","0","","40 26:05.284","","0","79 57:23.560","9","0","0","0","2301","0","0","0","N","0","0","0","1","02301","0","","2.0","","1","N","N","","0","","0","0","1","","0","","","1","0","0","0","0","0","1","2","0","1","","","","N","","","","","","","","","",""
"2017110539","","3","0","0","0","0","0","0","0","0","1","0","","02","10","2017","2","40.571993","-80.034267","","11","0","0","0","0","0","1","0","0","2","0","0","0","","","1","","0","","40 34:19.175","4","0","80 02:03.360","8","0","0","0","2108","0","0","0","","0","0","0","6","02108","0","","1.0","","1","N","N","","0","","0","0","1","","0","N","","4","1","0","0","0","1","0","2","0","4","","","","N","","","","","","","","","",""
"2017091471","","2","0","0","0","0","0","0","0","0","4","0","","02","8","2017","3","40.365303","-80.013017","","11","0","0","0","0","0","0","2","0","1","0","0","0","","","1","","0","","40 21:55.090","3","0","80 00:46.860","3","0","0","0","2416","0","0","0","","0","0","0","2","02416","0","","1.0","","1","N","N","","0","","1","0","0","","0","N","","2","1","1","0","0","0","0","2","0","2","","","","N","","","","","","","","","",""
"2017089800","","1","0","0","0","0","0","0","0","0","7","0","","02","8","2017","1","40.467027","-80.024868","","11","0","0","0","0","0","1","0","0","","0","0","0","","","0","","1","","40 28:01.298","","0","80 01:29.526","0","0","0","0","2301","0","0","0","N","0","0","0","1","02301","0","","5.0","","1","N","N","","0","","0","0","0","","2","","","1","0","0","0","0","0","0","2","0","1","","","","N","","","","","","","","","",""
"2017099450","","1","0","0","0","0","0","0","0","0","7","0","","02","9","2017","3","40.457217","-80.000183","","11","0","0","0","0","0","1","0","0","","0","0","0","","","0","","0","","40 27:25.980","","0","80 00:00.660","0","0","0","0","2301","0","0","0","N","0","0","0","1","02301","0","","5.0","","1","N","N","","0","","0","0","0","","0","","","1","0","0","0","0","0","0","2","0","1","","","","N","","","","","","","","","",""
"2017089325","","1","0","0","0","0","0","0","0","0","7","0","","02","8","2017","7","40.364163","-79.842653","","11","0","0","0","0","0","0","0","0","2","0","0","0","","","1","","7","","40 21:50.988","2","2","79 50:33.550","3","0","0","0","2303","0","0","0","N","0","0","0","1","02303","0","","7.0","","1","N","N","","0","","1","0","0","","0","N","","1","1","0","0","0","0","0","2","0","1","","","","N","","","","","","","","","",""
"2017112781","","2","0","0","0","0","0","0","0","0","4","0","","02","10","2017","1","40.469759","-79.919632","","11","0","0","0","0","0","0","0","0","","0","0","0","","","0","","2","","40 28:11.132","","0","79 55:10.675","0","0","0","0","2301","0","0","0","N","0","0","0","2","02301","0","","1.0","","9","N","N","","0","","0","0","0","","0","","","2","0","0","0","0","0","0","2","0","2","","","","N","","","","","","","","","",""
"2017119780","","1","0","0","0","0","0","0","0","0","6","0","","02","10","2017","1","40.535681","-79.998355","","11","0","0","0","0","0","1","0","0","1","0","0","0","","","1","","0","","40 32:08.453","3","0","79 59:54.078","8","0","0","0","2116","0","0","0","N","0","0","0","3","02116","0","","1.0","","9","N","N","","1","","0","0","0","","0","N","","2","1","0","0","0","1","0","2","0","2","","","","N","","","","","","","","","",""
"2017099241","","0","0","0","0","0","0","0","0","0","1","0","","02","9","2017","7","40.424636","-79.85958","","11","0","0","0","0","0","1","0","0","","0","0","0","","","1","","1","","40 25:28.690","","0","79 51:34.488","4","0","0","0","2431","0","0","0","N","0","0","0","4","02431","1","","1.0","","1","N","N","","0","","0","0","2","","2","","","2","1","0","0","0","0","0","2","0","2","","","","N","","","","","","","","","",""
"2017089726","","2","0","0","0","0","0","0","0","0","1","0","","02","8","2017","2","40.426844","-79.999561","","11","0","0","0","0","0","0","1","0","1","0","0","0","","","0","","0","","40 25:36.638","4","0","79 59:58.419","0","0","0","0","2301","0","0","0","N","0","0","0","1","02301","0","","1.0","","1","N","N","","1","","0","0","2","","0","N","","5","0","0","0","0","0","0","2","0","5","","","","N","","","","","","","","","",""
"2017110369","","1","0","0","0","0","0","0","0","0","5","1","","02","10","2017","5","40.379671","-80.097887","","11","0","0","0","0","0","0","0","0","","0","1","0","","","0","","0","","40 22:46.814","","0","80 05:52.394","0","0","0","0","2102","0","0","0","","0","0","0","2","68B03","0","","1.0","","1","N","N","","0","","0","0","0","","0","","","2","0","0","0","0","0","0","2","0","2","","","","N","","","","","","","","","",""
"2017100583","","0","0","0","0","0","0","0","0","0","1","0","","02","9","2017","4","40.496983","-79.935974","","11","0","0","0","0","0","2","0","0","2","0","0","0","","","4","","0","","40 29:49.140","2","0","79 56:09.507","4","0","0","0","2461","0","0","0","","0","0","0","4","68D02","3","","1.0","","1","N","N","","2","","0","0","2","","0","N","","4","4","0","0","0","1","0","2","0","4","","","","N","","","","","","","","","",""
"2017109700","","1","0","0","0","0","0","0","0","0","1","0","","02","10","2017","2","40.489834","-80.043647","","11","0","0","0","0","0","0","1","0","1","0","0","0","","","0","","2","","40 29:23.402","4","0","80 02:37.129","9","0","0","0","2116","0","0","0","N","0","0","0","2","02116","0","","1.0","","9","N","N","","1","","0","0","0","","3","N","","2","0","0","0","0","0","1","2","0","2","","","","N","","","","","","","","","",""
"2017089560","","0","0","0","0","0","0","0","0","0","0","0","","02","8","2017","5","40.418441","-79.880909","","11","0","0","0","0","0","0","0","0","","0","0","0","","","0","","0","","40 25:06.389","","0","79 52:51.272","0","0","0","1","2463","0","0","0","N","0","0","0","0","02463","0","","1.0","","1","N","N","","0","","0","0","0","","3","","","1","0","0","0","0","0","0","2","0","1","","","","N","","","","","","","","","",""