"CRN","ARRIVAL_TM","AUTOMOBILE_COUNT","BELTED_DEATH_COUNT","BELTED_SUSP_SERIOUS_INJ_COUNT","BICYCLE_COUNT","BICYCLE_DEATH_COUNT","BICYCLE_SUSP_SERIOUS_INJ_COUNT","BUS_COUNT","CHLDPAS_DEATH_COUNT","CHLDPAS_SUSP_SERIOUS_INJ_COUNT","COLLISION_TYPE","COMM_VEH_COUNT","CONS_ZONE_SPD_LIM","COUNTY","CRASH_MONTH","CRASH_YEAR","DAY_OF_WEEK","DEC_LATITUDE","DEC_LONGITUDE","DISPATCH_TM","DISTRICT","DRIVER_COUNT_16YR","DRIVER_COUNT_17YR","DRIVER_COUNT_18YR","DRIVER_COUNT_19YR","DRIVER_COUNT_20YR","DRIVER_COUNT_50_64YR","DRIVER_COUNT_65_74YR","DRIVER_COUNT_75PLUS","EST_HRS_CLOSED","FATAL_COUNT","HEAVY_TRUCK_COUNT","HORSE_BUGGY_COUNT","HOUR_OF_DAY","ILLUMINATION","INJURY_COUNT","INTERSECTION_RELATED","INTERSECT_TYPE","LANE_CLOSED","LATITUDE","LN_CLOSE_DIR","LOCATION_TYPE","LONGITUDE","MAX_SEVERITY_LEVEL","MCYCLE_DEATH_COUNT","MCYCLE_SUSP_SERIOUS_INJ_COUNT","MOTORCYCLE_COUNT","MUNICIPALITY","NONMOTR_COUNT","NONMOTR_DEATH_COUNT","NONMOTR_SUSP_SERIOUS_INJ_COUNT","NTFY_HIWY_MAINT","PED_COUNT","PED_DEATH_COUNT","PED_SUSP_SERIOUS_INJ_COUNT","PERSON_COUNT","POLICE_AGCY","POSSIBLE_INJ_COUNT","RDWY_SURF_TYPE_CD","RELATION_TO_ROAD","ROADWAY_CLEARED","ROAD_CONDITION","SCH_BUS_IND","SCH_ZONE_IND","SECONDARY_CRASH","SMALL_TRUCK_COUNT","SPEC_JURIS_CD","SUSP_MINOR_INJ_COUNT","SUSP_SERIOUS_INJ_COUNT","SUV_COUNT","TCD_FUNC_CD","TCD_TYPE","TFC_DETOUR_IND","TIME_OF_DAY","TOTAL_UNITS","TOT_INJ_COUNT","UNBELTED_OCC_COUNT","UNB_DEATH_COUNT","UNB_SUSP_SERIOUS_INJ_COUNT","UNK_INJ_DEG_COUNT","UNK_INJ_PER_COUNT","URBAN_RURAL","VAN_COUNT","VEHICLE_COUNT","WEATHER1","WEATHER2","WORKERS_PRES","WORK_ZONE_IND","WORK_ZONE_LOC","WORK_ZONE_TYPE","WZ_CLOSE_DETOUR","WZ_FLAGGER","WZ_LAW_OFFCR_IND","WZ_LN_CLOSURE","WZ_MOVING","WZ_OTHER","WZ_SHLDER_MDN","WZ_WORKERS_INJ_KILLED"
"2017104770","","0","0","0","0","0","0","0","0","0","0","0","","02","10","2017","3","40.459812","-79.920696","","11","0","0","0","0","0","0","1","0","","0","0","0","","","1","","2","","40 27:35.323","","0","79 55:14.504","4","0","0","1","2301","0","0","0","N","0","0","0","3","02301","1","","1.0","","1","N","N","","0","","0","0","1","","2","","","2","1","0","0","0","0","0","2","0","2","","","","N","","","","","","","","","",""
"2017095203","","0","0","0","0","0","0","0","0","0","5","0","","02","8","2017","1","40.514202","-80.157509","","11","0","0","0","0","0","1","0","0","","0","0","0","","","0","","0","","40 30:51.128","","0","80 09:27.031","0","0","0","0","2420","0","0","0","","0","0","0","2","02420","0","","1.0","","1","N","N","","1","","0","0","1","","0","","","2","0","0","0","0","0","0","2","0","2","","","","N","","","","","","","","","",""
"2017106246","","3","0","0","0","0","0","0","0","0","1","0","","02","10","2017","6","40.436031","-79.979563","","11","0","0","0","0","1","0","0","0","1","0","0","0","","","1","","2","","40 26:09.713","4","0","79 58:46.428","4","0","0","0","2301","0","0","0","N","0","0","0","6","02301","1","","1.0","","1","N","N","","0","","0","0","0","","0","Y","","3","1","0","0","0","0","0","2","0","3","","","","N","","","","","","","","","",""
"2017096397","","2","0","0","0","0","0","0","0","0","1","0","","02","9","2017","3","40.510752","-79.843304","","11","0","0","0","0","0","1","0","0","1","0","0","0","","","0","","0","","40 30:38.706","1","0","79 50:35.894","0","0","0","0","2468","0","0","0","N","0","0","0","2","02468","0","","1.0","","1","N","N","","0","","0","0","0","","0","N","","2","0","0","0","0","0","0","2","0","2","","","","N","","","","","","","","","",""
"2017089505","","0","0","0","0","0","0","0","0","0","4","0","","02","8","2017","4","40.503539","-80.139344","","11","0","0","0","0","0","1","0","0","","0","0","0","","","0","","0","","40 30:12.740","","0","80 08:21.637","0","0","0","0","2115","0","0","0","N","0","0","0","2","02115","0","","1.0","","1","N","N","","0","","0","0","2","","0","","","2","0","0","0","0","0","0","2","0","2","","","","N","","","","","","","","","",""
"2017103964","","2","0","0","0","0","0","0","0","0","1","0","","02","10","2017","2","40.414535","-80.009479","","11","0","0","0","0","0","0","0","0","1","0","0","0","","","1","","0","","40 24:52.325","2","4","80 00:34.125","8","0","0","0","2301","0","0","0","N","0","0","0","3","02301","0","","1.0","","3","N","N","","0","","0","0","0","","2","N","","2","1","0","0","0","1","0","2","0","2","","","","N","","","","","","","","","",""
"2017110534","","0","0","0","0","0","0","1","0","0","8","1","","02","10","2017","2","","","","11","0","0","0","0","0","0","0","0","","0","0","0","","","1","","0","","00 00:00.00","","0","00 00:00.0","2","0","0","0","2301","1","0","1","N","1","0","1","25","02503","0","","1.0","","9","N","N","","0","","0","1","0","","0","","","2","1","0","0","0","0","0","1","0","1","","","","N","","","","","","","","","",""
"2017103515","","1","0","0","0","0","0","0","0","0","4","0","","02","10","2017","7","40.381011","-79.995098","","11","0","0","0","0","0","1","0","0","1","0","0","0","","","1","","0","","40 22:51.640","3","0","79 59:42.351","3","0","0","0","2301","0","0","0","N","0","0","0","2","02301","0","","1.0","","1","N","N","","1","","1","0","0","","0","N","","2","1","0","0","0","0","0","2","0","2","","","","N","","","","","","","","","",""
"2017103675","","1","0","0","0","0","0","0","0","0","1","0","","02","10","2017","1","40.470597","-79.923775","","11","0","0","0","0","0","0","0","0","","0","0","0","","","0","","0","","40 28:14.150","","0","79 55:25.590","9","0","0","0","2301","0","0","0","N","0","0","0","1","02301","0","","4.0","","9","N","N","","0","","0","0","2","","0","","","3","0","0","0","0","0","1","2","0","3","","","","N","","","","","","","","","",""
"2017106064","","0","0","0","0","0","0","0","0","0","0","0","","02","10","2017","5","40.279791","-79.951973","","11","0","0","0","0","0","0","1","0","3","0","0","0","","","0","","0","","40 16:47.247","5","0","79 57:07.103","0","0","0","0","2440","0","0","0","N","0","0","0","1","02440","0","","1.0","","1","N","N","","1","","0","0","0","","0","Y","","1","0","0","0","0","0","0","2","0","1","","","","N","","","","","","","","","",""
"2017104934","","0","0","0","0","0","0","0","0","0","4","0","","02","10","2017","3","40.360019","-80.077117","","11","0","0","0","0","0","1","1","0","2","1","0","0","","","0","","0","","40 21:36.070","3","7","80 04:37.620","1","0","0","0","2123","0","0","0","N","0","0","0","2","02123","0","2","1.0","","1","N","N","","0","0","0","0","1","","0","N","","2","0","0","0","0","0","0","2","1","2","","","","N","","","","","","","","","",""
"2017111126","","2","0","0","0","0","0","0","0","0","1","0","","02","10","2017","3","40.368852","-80.036008","","11","0","1","0","0","0","1","1","0","1","0","0","0","","","1","","2","","40 22:07.866","3","0","80 02:09.627","4","0","0","0","2416","0","0","0","","0","0","0","4","02416","1","","1.0","","1","N","N","","0","","0","0","2","","0","N","","4","1","0","0","0","0","0","2","0","4","","","","N","","","","","","","","","",""
"2017111474","","2","0","0","0","0","0","0","0","0","1","0","","02","8","2017","3","40.362595","-80.110476","","11","0","0","0","0","0","1","0","0","","0","0","0","","","0","","2","","40 21:45.341","","0","80 06:37.712","0","0","0","0","2414","0","0","0","","0","0","0","3","02414","0","","1.0","","9","N","N","","1","","0","0","0","","2","","","3","0","0","0","0","0","0","2","0","3","","","","N","","","","","","","","","",""
"2017084420","","0","0","0","0","0","0","0","0","0","2","0","","02","8","2017","6","40.380709","-79.812158","","11","0","0","0","0","0","0","0","0","2","0","0","0","","","1","","0","","40 22:50.552","2","0","79 48:43.770","3","0","0","0","2424","0","0","0","N","0","0","0","3","02424","0","","1.0","","1","N","N","","0","","1","0","2","","3","Y","","2","1","0","0","0","0","0","2","0","2","","","","N","","","","","","","","","",""
"2017109378","","1","0","0","0","0","0","0","0","0","4","0","","02","10","2017","7","40.382924","-79.877954","","11","0","0","0","0","0","0","0","0","","0","0","0","","","0","","5","","40 22:58.526","","0","79 52:40.636","0","0","0","0","2473","0","0","0","N","0","0","0","2","02473","0","","1.0","","1","N","N","","0","","0","0","1","","2","","","2","0","0","0","0","0","0","2","0","2","","","","N","","","","","","","","","",""
"2017087820","","1","0","0","0","0","0","0","0","0","7","0","","02","8","2017","7","40.487996","-79.801699","","11","0","0","0","0","0","0","0","0","2","0","0","0","","","0","","0","","40 29:16.784","7","0","79 48:06.117","0","0","0","0","2113","0","0","0","N","0","0","0","1","02113","0","","5.0","","1","N","N","","0","","0","0","0","","0","Y","","1","0","0","0","0","0","0","2","0","1","","","","N","","","","","","","","","",""
"2017112028","","1","0","0","0","0","0","0","0","0","7","0","","02","10","2017","1","40.428481","-79.936251","","11","0","0","0","0","0","0","0","0","2","0","0","0","","","0","","0","","40 25:42.533","3","0","79 56:10.505","0","0","0","0","2301","0","0","0","","0","0","0","1","68B03","0","","4.0","","9","N","N","","0","","0","0","0","","0","Y","","1","0","0","0","0","0","0","2","0","1","","","","N","","","","","","","","","",""
"2017100126","","1","0","0","1","0","1","0","0","0","8","0","","02","9","2017","1","40.490673","-79.907546","","11","0","0","0","0","0","0","0","1","1","0","0","0","","","1","","2","","40 29:26.424","4","0","79 54:27.164","2","0","0","0","2401","1","0","1","N","0","0","0","2","02401","0","","1.0","","1","N","N","","0","","0","1","0","","2","N","","2","1","0","0","0","0","0","2","0","1","","","","N","","","","","","","","","",""
"2017111477","","1","0","0","0","0","0","0","0","0","7","0","","02","9","2017","1","40.353893","-80.100398","","11","0","0","0","0","0","0","0","0","","0","0","0","","","0","","0","","40 21:14.013","","0","80 06:01.434","0","0","0","0","2414","0","0","0","","0","0","0","1","02414","0","","5.0","","1","N","N","","0","","0","0","0","","0","","","1","0","0","0","0","0","0","2","0","1","","","","N","","","","","","","","","",""
"2017089737","","2","0","0","0","0","0","0","0","0","6","0","","02","8","2017","5","40.457573","-79.826826","","11","0","0","0","0","0","0","0","0","1","0","0","0","","","1","","0","","40 27:27.263","1","0","79 49:36.573","3","0","0","0","2113","0","0","0","Y","0","0","0","3","02113","0","","1.0","","1","N","N","","0","","1","0","0","","0","N","","2","1","2","0","0","0","0","2","0","2","","","","N","","","","","","","","","",""
"2017087902","","1","0","0","0","0","0","0","0","0","1","0","","02","8","2017","7","40.448198","-80.025883","","11","0","0","0","0","0","0","0","1","2","0","0","0","","","1","","7","","40 26:53.511","1","2","80 01:33.178","3","0","0","0","2301","0","0","0","N","0","0","0","3","02301","0","","1.0","","1","N","N","","0","","1","0","2","","0","N","","3","1","0","0","0","0","0","2","0","3","","","","N","","","","","","","","","",""
"2017105354","","0","0","0","0","0","0","0","0","0","4","0","","02","10","2017","5","40.452917","-79.920736","","11","0","0","0","0","0","0","0","0","1","0","0","0","","","6","","1","","40 27:10.501","1","0","79 55:14.649","4","0","0","0","2301","0","0","0","","0","0","0","6","02301","4","","1.0","","9","","","","0","","0","0","2","","2","Y","","2","6","0","0","0","2","0","2","0","2","","","","N","","","","","","","","","",""
"2017098327","","0","0","0","0","0","0","0","0","0","7","0","","02","9","2017","6","40.419778","-79.746736","","11","1","0","0","0","0","0","0","0","1","0","0","0","","","4","","0","","40 25:11.200","6","0","79 44:48.250","8","0","0","0","2446","0","0","0","N","0","0","0","4","02446","0","","5.0","","1","N","N","","0","","0","0","1","","0","N","","1","4","2","0","0","4","0","2","0","1","","","","N","","","","","","","","","",""
"2017104619","","1","0","0","0","0","0","0","0","0","4","0","","02","10","2017","5","40.331931","-80.021326","","11","0","0","0","0","0","0","2","0","1","0","0","0","","","0","","0","","40 19:54.952","2","7","80 01:16.772","0","0","0","0","2407","0","0","0","","0","0","0","4","02407","0","","1.0","","9","N","N","","1","","0","0","0","","0","N","","2","0","0","0","0","0","0","2","0","2","","","","N","","","","","","","","","",""
"2017087870","","2","0","0","0","0","0","0","0","0","6","0","","02","8","2017","1","40.485303","-79.856625","","11","0","0","0","0","0","1","0","0","2","0","0","0","","","2","","0","","40 29:07.090","3","0","79 51:23.851","8","0","0","0","2113","0","0","0","N","0","0","0","2","02113","0","","1.0","","1","N","N","","0","","0","0","0","","0","N","","2","2","0","0","0","2","0","2","0","2","","","","N","","","","","","","","","",""
"2017088291","","0","0","0","0","0","0","0","0","0","4","0","","02","8","2017","2","40.439823","-79.894673","","11","0","0","0","0","0","1","0","0","","0","0","0","","","0","","1","","40 26:23.362","","0","79 53:40.822","0","0","0","0","2301","0","0","0","N","0","0","0","2","02301","0","","1.0","","1","N","N","","0","","0","0","2","","3","","","2","0","0","0","0","0","0","2","0","2","","","","N","","","","","","","","","",""
"2017125299","","1","0","0","0","0","0","0","0","0","1","1","","02","11","2017","2","40.444368","-79.713629","","11","0","0","0","0","0","1","0","0","1","0","1","0","","","0","","0","","40 26:39.724","1","0","79 42:49.066","0","0","0","0","2446","0","0","0","N","0","0","0","2","02446","0","","1.0","","1","N","N","","0","","0","0","0","","0","N","","2","0","0","0","0","0","0","2","0","2","","","","N","","","","","","","","","",""
"2017089690","","2","0","0","0","0","0","0","0","0","4","0","","02","8","2017","5","40.673404","-80.098564","","11","0","0","0","0","0","0","0","0","2","0","0","0","","","2","","1","","40 40:24.254","2","0","80 05:54.829","8","0","0","0","2212","0","0","0","N","0","0","0","3","02505","0","","1.0","","1","N","N","","0","","0","0","0","","2","N","","2","2","0","0","0","2","0","2","0","2","","","","N","","","","","","","","","",""
"2017113149","","0","0","0","0","0","0","0","0","0","7","0","","02","10","2017","7","40.493753","-79.909386","","11","0","0","0","0","0","0","0","0","3","0","0","0","","","0","","7","","40 29:37.512","2","3","79 54:33.791","0","0","0","0","2461","0","0","0","","0","0","0","1","68D02","0","","5.0","","9","N","N","","0","","0","0","0","","0","Y","","1","0","0","0","0","0","0","2","1","1","","","","N","","","","","","","","","",""
"2017105018","","1","0","0","0","0","0","0","0","0","4","0","","02","10","2017","4","40.449839","-79.929647","","11","0","0","0","0","0","1","1","0","2","0","0","0","","","2","","1","","40 26:59.420","3","0","79 55:46.729","8","0","0","0","2301","0","0","0","N","0","0","0","3","02301","0","","1.0","","9","N","N","","0","","0","0","1","","2","N","","3","2","0","0","0","2","0","2","1","3","","","","N","","","","","","","","","",""
"2017111362","","2","0","0","0","0","0","0","0","0","5","0","","02","8","2017","4","40.526195","-80.158403","","11","0","0","0","0","0","0","0","0","2","0","0","0","","","0","","0","","40 31:34.303","2","0","80 09:30.251","0","0","0","0","2436","0","0","0","","0","0","0","5","68B03","0","","1.0","","1","N","N","","1","","0","0","1","","0","N","","4","0","0","0","0","0","0","2","0","4","","","","N","","","","","","","","","",""
"2017106923","","2","0","0","0","0","0","0","0","0","4","0","","02","10","2017","6","40.387186","-79.804984","","11","0","0","0","0","0","1","0","0","1","0","0","0","","","0","","1","","40 23:13.869","3","0","79 48:17.942","0","0","0","0","2424","0","0","0","N","0","0","0","2","02424","0","","1.0","","1","N","N","","0","","0","0","0","","3","Y","","2","0","0","0","0","0","0","2","0","2","","","","N","","","","","","","","","",""
"2017119413","","0","0","0","0","0","0","0","0","0","2","1","","02","11","2017","2","40.364429","-80.022228","","11","0","0","0","0","0","0","0","0","","0","1","0","","","0","","0","","40 21:51.946","","0","80 01:20.021","0","0","0","0","2416","0","0","0","","0","0","0","2","02416","0","","1.0","","1","N","N","","0","","0","0","0","","0","","","2","0","0","0","0","0","0","2","1","2","","","","N","","","","","","","","","",""
"2017111473","","3","0","0","0","0","0","0","0","0","1","0","","02","8","2017","7","40.363874","-80.113528","","11","0","0","0","0","0","0","0","0","","0","0","0","","","0","","0","","40 21:49.945","","0","80 06:48.699","0","0","0","0","2414","0","0","0","","0","0","0","3","02414","0","","2.0","","1","N","N","","0","","0","0","0","","0","","","3","0","0","0","0","0","0","2","0","3","","","","N","","","","","","","","","",""
"2017107554","","1","0","0","0","0","0","0","0","0","7","0","","02","10","2017","5","40.525223","-80.255008","","11","0","0","0","0","0","0","0","0","","0","0","0","","","0","","2","","40 31:30.802","","0","80 15:18.030","0","0","0","0","2213","0","0","0","","0","0","0","2","02213","0","","5.0","","9","N","N","","0","","0","0","0","","0","","","1","0","0","0","0","0","0","2","0","1","","","","N","","","","","","","","","",""
"2017090582","","1","0","0","0","0","0","0","0","0","7","0","","02","8","2017","4","40.480021","-79.965687","","11","0","0","0","1","0","0","0","0","2","0","0","0","","","0","","0","","40 28:48.075","2","0","79 57:56.472","0","0","0","0","2118","0","0","0","Y","0","0","0","1","02118","0","","4.0","","1","N","N","","0","","0","0","0","","0","N","","1","0","0","0","0","0","0","2","0","1","","","","N","","","","","","","","","",""
"2017104665","","1","0","0","0","0","0","0","0","0","1","0","","02","10","2017","6","40.509171","-80.223069","","11","0","0","0","1","0","0","0","0","","0","0","0","","","0","","2","","40 30:33.015","","0","80 13:23.049","0","0","0","0","2213","0","0","0","","0","0","0","3","02213","0","","1.0","","1","N","N","","0","","0","0","2","","2","","","3","0","0","0","0","0","0","2","0","3","","","","N","","","","","","","","","",""
"2017108865","","2","0","0","0","0","0","0","0","0","4","0","","02","10","2017","6","40.451509","-79.908149","","11","0","0","0","0","0","0","0","0","","0","0","0","","","0","","1","","40 27:05.432","","0","79 54:29.335","0","0","0","0","2301","0","0","0","N","0","0","0","2","02301","0","","1.0","","1","N","N","","0","","0","0","0","","2","","","2","0","0","0","0","0","0","2","0","2","","","","N","","","","","","","","","",""
"2017110054","","0","0","0","0","0","0","0","0","0","7","0","","02","10","2017","4","40.50824","-80.210529","","11","0","0","0","0","0","0","0","0","1","0","0","0","","","1","","2","","40 30:29.663","6","0","80 12:37.905","4","0","0","0","2213","0","0","0","","0","0","0","2","02213","1","","4.0","","1","N","N","","0","","0","0","1","","0","Y","","1","1","0","0","0","0","0","2","0","1","","","","N","","","","","","","","","",""
"2017088276","","2","0","0","0","0","0","0","0","0","7","0","","02","8","2017","2","40.463445","-79.952991","","11","0","0","0","0","0","1","0","0","1","0","0","0","","","0","","0","","40 27:48.401","1","3","79 57:10.768","0","0","0","0","2301","0","0","0","N","0","0","0","2","02301","0","","1.0","","1","N","N","","0","","0","0","0","","2","Y","","2","0","0","0","0","0","0","2","0","2","","","","N","","","","","","","","","",""
"2017107364","","0","0","0","0","0","0","0","0","0","1","0","","02","10","2017","7","40.634955","-79.940111","","11","0","0","0","1","0","1","0","0","","0","0","0","","","2","","0","","40 38:05.838","","0","79 56:24.401","3","0","0","0","2217","0","0","0","N","0","0","0","3","02505","0","","1.0","","1","N","N","","1","","2","0","1","","2","","","2","2","0","0","0","0","0","2","0","2","","","","N","","","","","","","","","",""
"2017088269","","1","0","0","0","0","0","0","0","0","1","0","","02","8","2017","2","40.408664","-79.842159","","11","0","0","0","0","0","1","0","0","1","0","0","0","","","1","","3","","40 24:31.192","4","0","79 50:31.771","3","0","0","0","2417","0","0","0","N","0","0","0","3","02431","0","","1.0","","1","N","N","","0","","1","0","1","","4","N","","2","1","0","0","0","0","0","2","0","2","","","","N","","","","","","","","","",""
"2017104751","","1","0","0","0","0","0","0","0","0","1","0","","02","10","2017","3","40.489226","-79.953495","","11","0","0","0","0","0","0","0","0","1","0","0","0","","","1","","0","","40 29:21.213","1","0","79 57:12.581","4","0","0","0","2118","0","0","0","N","0","0","0","3","02118","1","","1.0","","1","N","N","","0","","0","0","2","","0","N","","3","1","0","0","0","0","0","2","0","3","","","","N","","","","","","","","","",""
"2017089510","","1","0","0","0","0","0","0","0","0","1","0","","02","8","2017","3","40.453312","-79.995941","","11","0","0","0","0","0","2","0","0","","0","0","0","","","0","","0","","40 27:11.922","","0","79 59:45.388","0","0","0","0","2301","0","0","0","N","0","0","0","3","02301","0","","1.0","","1","N","N","","1","","0","0","0","","0","","","2","0","0","0","0","0","0","2","0","2","","","","N","","","","","","","","","",""
"2017088508","","2","0","0","0","0","0","0","0","0","4","0","","02","8","2017","3","40.461624","-79.907952","","11","0","0","0","0","0","0","0","0","","0","0","0","","","0","","1","","40 27:41.846","","0","79 54:28.627","0","0","0","0","2301","0","0","0","N","0","0","0","4","02301","0","","1.0","","1","N","N","","0","","0","0","0","","1","","","2","0","0","0","0","0","0","2","0","2","","","","N","","","","","","","","","",""
"2017106239","","2","0","0","0","0","0","0","0","0","8","0","","02","10","2017","6","40.310258","-79.937351","","11","0","0","0","0","0","2","0","0","3","1","0","0","","","2","","0","","40 18:36.928","1","0","79 56:14.465","1","0","0","0","2440","1","1","0","N","1","1","0","5","02440","1","2","1.0","","1","N","N","","0","0","1","0","0","","0","N","","3","2","0","0","0","0","0","2","0","2","","","","N","","","","","","","","","",""
"2017111338","","1","0","0","0","0","0","0","0","0","7","0","","02","10","2017","7","40.445334","-79.848546","","11","0","0","0","0","0","0","0","1","1","0","0","0","","","1","","0","","40 26:43.201","3","0","79 50:54.767","4","0","0","0","2419","0","0","0","","0","0","0","1","68B03","1","","4.0","","1","N","N","","0","","0","0","0","","0","Y","","1","1","0","0","0","0","0","2","0","1","","","","N","","","","","","","","","",""
"2017088263","","0","0","0","0","0","0","0","0","0","4","0","","02","8","2017","2","40.503726","-80.135781","","11","0","0","0","0","0","0","1","0","2","0","0","0","","","2","","2","","40 30:13.415","4","2","80 08:08.810","3","0","0","0","2115","0","0","0","N","0","0","0","2","02115","0","","1.0","","1","N","N","","0","","1","0","1","","0","N","","2","2","0","0","0","1","0","2","1","2","","","","N","","","","","","","","","",""
"2017089685","","2","0","0","0","0","0","0","0","0","1","0","","02","8","2017","4","40.474221","-80.060892","","11","0","0","1","0","0","0","0","0","2","0","0","0","","","0","","0","","40 28:27.195","1","3","80 03:39.212","0","0","0","0","2444","0","0","0","N","0","0","0","3","02444","0","","1.0","","1","N","N","","0","","0","0","1","","0","N","","3","0","0","0","0","0","0","2","0","3","","","","N","","","","","","","","","",""
"2017087720","","0","0","0","0","0","0","0","0","0","2","0","","02","8","2017","7","40.338866","-80.065977","","11","0","0","0","0","0","2","0","0","","0","0","0","","","2","","1","","40 20:19.919","","0","80 03:57.518","3","0","0","0","2123","0","0","0","N","0","0","0","3","02123","1","","1.0","","1","N","N","","2","","1","0","0","","2","","","2","2","1","0","0","0","0","2","0","2","","","","N","","","","","","","","","",""
"2017090280","","1","0","0","0","0","0","0","0","0","5","0","","02","8","2017","3","40.305161","-80.069837","","11","0","0","0","0","0","0","1","0","","0","0","0","","","0","","2","","40 18:18.580","","0","80 04:11.413","9","0","0","0","2407","0","0","0","","0","0","0","4","02407","0","","1.0","","1","N","N","","1","","0","0","0","","3","","","3","0","0","0","0","0","1","2","1","3","","","","N","","","","","","","","","",""
"2017106649","","2","0","0","0","0","0","0","0","0","1","0","","02","10","2017","7","40.624471","-80.053989","","11","0","0","0","0","0","1","0","0","","0","0","0","","","1","","0","","40 37:28.095","","0","80 03:14.360","4","0","0","0","2216","0","0","0","N","0","0","0","3","02505","1","","1.0","","1","N","N","","0","","0","0","0","","4","","","2","1","0","0","0","0","0","2","0","2","","","","N","","","","","","","","","",""
"2017104234","","1","0","0","0","0","0","0","0","0","99","0","","02","10","2017","3","40.464538","-79.906733","","11","0","1","0","0","0","0","0","0","2","0","0","0","","","0","","0","","40 27:52.337","1","0","79 54:24.237","0","0","0","0","2301","0","0","0","N","0","0","0","1","02301","0","","1.0","","1","N","N","","0","","0","0","0","","0","N","","1","0","0","0","0","0","0","2","0","1","","","","N","","","","","","","","","",""
"2017107388","","0","0","0","0","0","0","0","0","0","1","0","","02","10","2017","3","40.441156","-80.040064","","11","0","0","0","0","0","0","0","0","3","0","0","0","","","2","","0","","40 26:28.161","6","0","80 02:24.230","4","0","0","0","2301","0","0","0","N","0","0","0","3","02301","2","","1.0","","1","N","N","","0","","0","0","1","","0","N","","2","2","0","0","0","0","0","2","1","2","","","","N","","","","","","","","","",""
"2017112296","","0","0","0","0","0","0","0","0","0","7","0","","02","10","2017","7","40.612865","-79.901948","","11","0","0","0","0","0","0","0","0","","0","0","0","","","0","","0","","40 36:46.314","","0","79 54:07.012","0","0","0","0","2220","0","0","0","N","0","0","0","1","02220","0","","2.0","","9","N","N","","0","","0","0","1","","0","","","1","0","0","0","0","0","0","2","0","1","","","","N","","","","","","","","","",""
"2017090103","","1","0","0","0","0","0","0","0","0","4","0","","02","8","2017","5","40.454919","-80.191915","","11","0","0","0","0","0","0","0","0","1","0","0","0","","","0","","0","","40 27:17.707","3","0","80 11:30.894","0","0","0","0","2214","0","0","0","N","0","0","0","2","02214","0","","1.0","","1","N","N","","0","","0","0","1","","0","N","","2","0","0","0","0","0","0","2","0","2","","","","N","","","","","","","","","",""
"2017107074","","1","0","0","1","0","0","0","0","0","4","0","","02","10","2017","5","40.445075","-79.957312","","11","0","0","0","0","0","0","0","0","","0","0","0","","","1","","2","","40 26:42.270","","0","79 57:26.323","4","0","0","0","2301","1","0","0","N","0","0","0","2","02301","1","","1.0","","1","N","N","","0","","0","0","0","","0","","","2","1","0","0","0","0","0","2","0","1","","","","N","","","","","","","","","",""
"2017084029","","1","0","0","0","0","0","0","0","0","7","0","","02","8","2017","5","40.449764","-79.993492","","11","0","0","0","0","0","0","0","1","1","0","0","0","","","0","","0","","40 26:59.149","2","3","79 59:36.572","0","0","0","0","2301","0","0","0","N","0","0","0","3","02301","0","","2.0","","1","N","N","","0","","0","0","0","","0","N","","2","0","0","0","0","0","0","2","1","2","","","","N","","","","","","","","","",""
"2017111645","","1","0","0","0","0","0","0","0","0","4","0","","02","10","2017","2","40.543956","-79.972346","","11","0","0","0","0","0","0","0","0","2","0","0","0","","","1","","2","","40 32:38.241","5","0","79 58:20.447","8","0","0","0","2118","0","0","0","N","0","0","0","2","02118","0","","1.0","","9","N","N","","0","","0","0","1","","0","N","","2","1","0","0","0","1","0","2","0","2","","","","N","","","","","","","","","",""
"2017107001","","0","0","0","0","0","0","0","0","0","7","0","","02","10","2017","5","40.645663","-80.030451","","11","0","0","0","0","0","0","0","0","1","0","0","0","","","0","","0","","40 38:44.386","5","0","80 01:49.622","0","0","0","0","2216","0","0","0","N","0","0","0","1","02505","0","","5.0","","1","N","N","","0","","0","0","1","","0","N","","1","0","0","0","0","0","0","1","0","1","","","","N","","","","","","","","","",""
"2017112541","","1","0","0","0","0","0","0","0","0","7","0","","02","10","2017","6","40.541729","-80.122001","","11","0","1","0","0","0","0","0","0","","0","0","0","","","0","","0","","40 32:30.226","","0","80 07:19.205","0","0","0","0","2460","0","0","0","","0","0","0","1","68B03","0","","4.0","","1","N","N","","0","","0","0","0","","0","","","1","0","0","0","0","0","0","1","0","1","","","","N","","","","","","","","","",""
"2017111996","","1","0","0","0","0","0","0","0","0","1","0","","02","10","2017","6","40.443611","-80.183989","","11","0","0","0","0","0","1","0","0","","0","0","0","","","0","","2","","40 26:37.001","","0","80 11:02.361","0","0","0","0","2214","0","0","0","N","0","0","0","2","02214","0","","1.0","","1","N","N","","0","","0","0","1","","0","","","2","0","0","0","0","0","0","2","0","2","","","","N","","","","","","","","","",""
"2017113588","","0","0","0","0","0","0","0","0","0","1","0","","02","10","2017","1","40.559946","-80.014369","","11","0","0","0","0","0","0","0","0","1","0","0","0","","","0","","0","","40 33:35.804","4","0","80 00:51.730","0","0","0","0","2108","0","0","0","","0","0","0","5","02108","0","","1.0","","9","N","N","","0","","0","0","1","","0","N","","2","0","0","0","0","0","0","2","1","2","","","","N","","","","","","","","","",""