"CRN","ARRIVAL_TM","AUTOMOBILE_COUNT","BELTED_DEATH_COUNT","BELTED_SUSP_SERIOUS_INJ_COUNT","BICYCLE_COUNT","BICYCLE_DEATH_COUNT","BICYCLE_SUSP_SERIOUS_INJ_COUNT","BUS_COUNT","CHLDPAS_DEATH_COUNT","CHLDPAS_SUSP_SERIOUS_INJ_COUNT","COLLISION_TYPE","COMM_VEH_COUNT","CONS_ZONE_SPD_LIM","COUNTY","CRASH_MONTH","CRASH_YEAR","DAY_OF_WEEK","DEC_LATITUDE","DEC_LONGITUDE","DISPATCH_TM","DISTRICT","DRIVER_COUNT_16YR","DRIVER_COUNT_17YR","DRIVER_COUNT_18YR","DRIVER_COUNT_19YR","DRIVER_COUNT_20YR","DRIVER_COUNT_50_64YR","DRIVER_COUNT_65_74YR","DRIVER_COUNT_75PLUS","EST_HRS_CLOSED","FATAL_COUNT","HEAVY_TRUCK_COUNT","HORSE_BUGGY_COUNT","HOUR_OF_DAY","ILLUMINATION","INJURY_COUNT","INTERSECTION_RELATED","INTERSECT_TYPE","LANE_CLOSED","LATITUDE","LN_CLOSE_DIR","LOCATION_TYPE","LONGITUDE","MAX_SEVERITY_LEVEL","MCYCLE_DEATH_COUNT","MCYCLE_SUSP_SERIOUS_INJ_COUNT","MOTORCYCLE_COUNT","MUNICIPALITY","NONMOTR_COUNT","NONMOTR_DEATH_COUNT","NONMOTR_SUSP_SERIOUS_INJ_COUNT","NTFY_HIWY_MAINT","PED_COUNT","PED_DEATH_COUNT","PED_SUSP_SERIOUS_INJ_COUNT","PERSON_COUNT","POLICE_AGCY","POSSIBLE_INJ_COUNT","RDWY_SURF_TYPE_CD","RELATION_TO_ROAD","ROADWAY_CLEARED","ROAD_CONDITION","SCH_BUS_IND","SCH_ZONE_IND","SECONDARY_CRASH","SMALL_TRUCK_COUNT","SPEC_JURIS_CD","SUSP_MINOR_INJ_COUNT","SUSP_SERIOUS_INJ_COUNT","SUV_COUNT","TCD_FUNC_CD","TCD_TYPE","TFC_DETOUR_IND","TIME_OF_DAY","TOTAL_UNITS","TOT_INJ_COUNT","UNBELTED_OCC_COUNT","UNB_DEATH_COUNT","UNB_SUSP_SERIOUS_INJ_COUNT","UNK_INJ_DEG_COUNT","UNK_INJ_PER_COUNT","URBAN_RURAL","VAN_COUNT","VEHICLE_COUNT","WEATHER1","WEATHER2","WORKERS_PRES","WORK_ZONE_IND","WORK_ZONE_LOC","WORK_ZONE_TYPE","WZ_CLOSE_DETOUR","WZ_FLAGGER","WZ_LAW_OFFCR_IND","WZ_LN_CLOSURE","WZ_MOVING","WZ_OTHER","WZ_SHLDER_MDN","WZ_WORKERS_INJ_KILLED"
"2017107233","","1","0","0","0","0","0","0","0","0","6","0","","02","8","2017","2","40.387306","-79.831472","","11","0","0","0","0","0","2","0","0","2","0","0","0","","","1","","0","","40 23:14.300","5","0","79 49:53.300","4","0","0","1","2111","0","0","0","N","0","0","0","2","02111","1","","1.0","","1","N","N","","0","","0","0","0","","0","Y","","2","1","0","0","0","0","0","2","0","2","","","","N","","","","","","","","","",""
"2017094374","","3","0","0","0","0","0","0","0","0","1","0","","02","8","2017","3","40.563863","-80.208597","","11","0","0","0","0","0","0","0","1","","0","0","0","","","0","","2","","40 33:49.908","","0","80 12:30.949","0","0","0","0","2441","0","0","0","N","0","0","0","3","02441","0","","1.0","","1","N","N","","0","","0","0","0","","2","","","3","0","0","0","0","0","0","2","0","3","","","","N","","","","","","","","","",""
"2017123893","","0","0","0","0","0","0","0","0","0","4","0","","02","11","2017","6","40.467216","-80.10615","","11","0","0","0","1","0","0","0","0","","0","0","0","","","0","","2","","40 28:01.977","","0","80 06:22.139","0","0","0","0","2126","0","0","0","N","0","0","0","2","02126","0","","1.0","","1","N","N","","1","","0","0","1","","3","","","2","0","0","0","0","0","0","2","0","2","","","","N","","","","","","","","","",""
"2017123278","","0","0","0","1","0","0","0","0","0","8","0","","02","11","2017","5","40.537933","-80.050211","","11","0","0","0","0","0","0","0","0","","0","0","0","","","1","","2","","40 32:16.560","","0","80 03:00.759","4","0","0","0","2116","1","0","0","N","0","0","0","2","02116","1","","1.0","","1","N","N","","0","","0","0","0","","3","","","2","1","0","0","0","0","0","2","1","1","","","","N","","","","","","","","","",""
"2017112752","","1","0","0","0","0","0","0","0","0","0","0","","02","10","2017","1","","","","11","0","0","0","0","0","0","0","0","","0","0","0","","","0","","0","","","","0","","0","0","0","0","2301","0","0","0","N","0","0","0","1","02301","0","","1.0","","9","N","N","","0","","0","0","0","","0","","","1","0","0","0","0","0","0","1","0","1","","","","N","","","","","","","","","",""
"2017111316","","3","0","0","0","0","0","0","0","0","1","0","","02","10","2017","4","40.494916","-79.869646","","11","0","0","0","0","0","2","0","0","2","0","0","0","","","0","","0","","40 29:41.696","1","0","79 52:10.725","0","0","0","0","2112","0","0","0","","0","0","0","5","68D02","0","","1.0","","1","N","N","","0","","0","0","1","","0","N","","4","0","0","0","0","0","0","2","0","4","","","","N","","","","","","","","","",""
"2017111336","","2","0","0","0","0","0","0","0","0","1","0","55","02","10","2017","6","40.583153","-80.098476","","11","0","0","0","0","0","2","0","0","","0","0","0","","","0","","0","","40 34:59.352","","0","80 05:54.515","0","0","0","0","2481","0","0","0","","0","0","0","4","68B03","0","","1.0","","1","N","N","","0","","0","0","0","","0","","","2","0","0","0","0","0","0","2","0","2","","","Y","Y","3","2","N","N","N","Y","Y","N","Y",""
"2017114626","","1","0","0","0","0","0","0","0","0","8","0","","02","10","2017","6","40.488309","-79.972527","","11","0","0","0","0","0","1","0","0","","0","0","0","","","1","","0","","40 29:17.913","","0","79 58:21.096","4","0","0","0","2445","1","0","0","","1","0","0","2","02445","1","","1.0","","1","","","","0","","0","0","0","","0","","","2","1","0","0","0","0","0","2","0","1","","","","N","","","","","","","","","",""
"2017108403","","1","0","0","0","0","0","0","0","0","4","0","","02","10","2017","4","40.579792","-80.071244","","11","0","0","0","0","0","1","0","0","1","0","0","0","","","0","","0","","40 34:47.250","4","7","80 04:16.480","0","0","0","0","2481","0","0","0","","0","0","0","2","02108","0","","1.0","","1","N","N","","0","","0","0","1","","0","N","","2","0","0","0","0","0","0","2","0","2","","","","N","","","","","","","","","",""
"2017114170","","0","0","0","0","0","0","0","0","0","7","0","","02","11","2017","4","40.465134","-79.902488","","11","0","0","0","0","0","0","0","0","","0","0","0","","","2","","2","","40 27:54.482","","0","79 54:08.956","2","0","0","0","2301","0","0","0","","0","0","0","2","02301","1","","2.0","","9","","","","0","","0","1","1","","0","","","1","2","0","0","0","0","0","2","0","1","","","","N","","","","","","","","","",""
"2017089555","","1","0","0","0","0","0","0","0","0","0","0","","02","8","2017","3","40.37908","-79.853284","","11","0","0","0","0","0","0","1","0","","0","0","0","","","1","","0","","40 22:44.688","","3","79 51:11.821","8","0","0","0","2303","0","0","0","N","0","0","0","2","02303","0","","1.0","","1","N","N","","1","","0","0","0","","0","","","2","1","0","0","0","1","0","2","0","2","","","","N","","","","","","","","","",""
"2017104437","","1","0","0","0","0","0","0","0","0","1","0","","02","10","2017","2","40.388808","-80.049544","","11","0","0","0","0","0","1","0","0","","0","0","0","","","0","","0","","40 23:19.710","","0","80 02:58.360","0","0","0","0","2109","0","0","0","","0","0","0","2","02109","0","","1.0","","1","N","N","","0","","0","0","0","","0","","","2","0","0","0","0","0","0","2","1","2","","","","N","","","","","","","","","",""
"2017107464","","1","0","0","0","0","0","0","0","0","1","0","","02","10","2017","3","40.513931","-79.879028","","11","0","1","0","0","0","1","0","0","","0","0","0","","","1","","0","","40 30:50.150","","0","79 52:44.500","3","0","0","0","2432","0","0","0","N","0","0","0","2","02432","0","","1.0","","1","N","N","","0","","1","0","1","","2","","","2","1","0","0","0","0","0","2","0","2","","","","N","","","","","","","","","",""
"2017112473","","1","0","0","0","0","0","0","0","0","7","0","","02","10","2017","1","40.414336","-79.846114","","11","0","0","0","0","0","0","0","0","2","0","0","0","","","1","","0","","40 24:51.609","4","0","79 50:46.011","2","0","0","0","2431","0","0","0","N","0","0","0","1","02431","0","","5.0","","9","N","N","","0","","0","1","0","","0","N","","1","1","1","0","1","0","0","2","0","1","","","","N","","","","","","","","","",""
"2017103960","","1","0","0","0","0","0","0","0","0","4","0","","02","10","2017","1","40.458506","-79.901136","","11","0","0","1","0","0","1","0","0","","0","0","0","","","1","","1","","40 27:30.621","","0","79 54:04.089","8","0","0","0","2301","0","0","0","N","0","0","0","2","02301","0","","1.0","","9","N","N","","0","","0","0","1","","2","","","2","1","0","0","0","1","0","2","0","2","","","","N","","","","","","","","","",""
"2017112807","","2","0","0","0","0","0","0","0","0","2","0","","02","10","2017","1","40.633507","-80.003968","","11","0","0","1","0","0","0","0","0","1","0","0","0","","","0","","1","","40 38:00.625","3","0","80 00:14.283","0","0","0","0","2216","0","0","0","N","0","0","0","3","02505","0","","1.0","","9","N","N","","0","","0","0","0","","2","Y","","2","0","0","0","0","0","0","2","0","2","","","","N","","","","","","","","","",""
"2017112650","","2","0","0","0","0","0","0","0","0","1","0","","02","10","2017","1","40.478829","-80.04312","","11","0","0","0","0","0","0","0","0","1","0","0","0","","","0","","2","","40 28:43.784","2","0","80 02:35.231","0","0","0","0","2301","0","0","0","N","0","0","0","3","02301","0","","1.0","","9","N","N","","0","","0","0","1","","9","N","","3","0","1","0","0","0","0","2","0","3","","","","N","","","","","","","","","",""
"2017123688","","0","0","0","0","0","0","0","0","0","7","1","","02","11","2017","4","40.433844","-79.8851","","11","0","0","0","0","0","0","0","0","2","0","1","0","","","0","","0","","40 26:01.840","6","1","79 53:06.360","0","0","0","0","2426","0","0","0","","0","0","0","1","02426","0","","5.0","","1","N","N","","0","","0","0","0","","8","Y","","1","0","0","0","0","0","0","2","0","1","","","","N","","","","","","","","","",""
"2017089911","","0","0","0","0","0","0","0","0","0","7","0","","02","8","2017","4","40.484913","-79.971912","","11","0","0","0","0","0","1","0","0","1","0","0","0","","","0","","2","","40 29:05.688","1","0","79 58:18.883","0","0","0","0","2445","0","0","0","Y","0","0","0","1","02445","0","","5.0","","1","N","N","","0","","0","0","1","","3","N","","1","0","0","0","0","0","0","2","0","1","","","","N","","","","","","","","","",""
"2017094245","","1","0","0","0","0","0","0","0","0","7","0","","02","8","2017","2","40.338036","-80.045896","","11","0","0","0","0","0","1","0","0","2","0","0","0","","","2","","0","","40 20:16.929","6","0","80 02:45.225","3","0","0","0","2407","0","0","0","","0","0","0","2","02407","0","","4.0","","1","N","N","","0","","1","0","0","","0","Y","","1","2","0","0","0","1","0","2","0","1","","","","N","","","","","","","","","",""
"2017092277","","2","0","0","0","0","0","0","0","0","4","0","","02","8","2017","5","40.438797","-79.766304","","11","0","0","0","0","0","0","1","0","","0","0","0","","","2","","0","","40 26:19.670","","0","79 45:58.694","8","0","0","0","2446","0","0","0","N","0","0","0","2","02446","0","","1.0","","1","N","N","","0","","0","0","0","","0","","","2","2","0","0","0","2","0","2","0","2","","","","N","","","","","","","","","",""
"2017114996","","1","0","0","0","0","0","0","0","0","7","0","","02","10","2017","3","40.399451","-79.87799","","11","0","0","1","0","0","0","0","0","","0","0","0","","","0","","0","","40 23:58.023","","0","79 52:40.765","0","0","0","0","2473","0","0","0","N","0","0","0","5","02473","0","","3.0","","1","N","N","","0","","0","0","0","","0","","","1","0","5","0","0","0","0","2","0","1","","","","N","","","","","","","","","",""
"2017113624","","1","0","0","0","0","0","0","0","0","99","0","","02","10","2017","6","40.430339","-79.873915","","11","0","0","0","0","0","1","0","0","1","0","0","0","","","0","","0","","40 25:49.219","4","0","79 52:26.093","0","0","0","0","2411","0","0","0","","0","0","0","2","68B03","0","","1.0","","1","N","N","","0","","0","0","1","","0","N","","2","0","0","0","0","0","0","2","0","2","","","","N","","","","","","","","","",""
"2017112944","","2","0","0","0","0","0","0","0","0","4","0","","02","10","2017","6","40.58223","-80.062886","","11","0","0","0","0","0","0","1","0","1","0","0","0","","","2","","1","","40 34:56.028","5","0","80 03:46.388","3","0","0","0","2108","0","0","0","","0","0","0","2","02108","1","","1.0","","1","N","N","","0","","1","0","0","","3","Y","","2","2","0","0","0","0","0","2","0","2","","","","N","","","","","","","","","",""
"2017114340","","1","0","0","0","0","0","0","0","0","1","0","","02","11","2017","5","40.418089","-79.848757","","11","0","0","0","0","0","0","0","0","1","0","0","0","","","0","","2","","40 25:05.122","4","0","79 50:55.525","0","0","0","0","2431","0","0","0","N","0","0","0","2","02431","0","","1.0","","9","N","N","","0","","0","0","1","","0","N","","2","0","0","0","0","0","0","2","0","2","","","","N","","","","","","","","","",""
"2017111655","","1","0","0","0","0","0","0","0","0","7","0","","02","10","2017","4","40.469799","-80.207038","","11","0","0","0","0","0","0","0","0","2","0","0","0","","","0","","10","","40 28:11.275","3","0","80 12:25.335","0","0","0","0","2213","0","0","0","","0","0","0","2","02213","0","","3.0","","1","N","N","","0","","0","0","1","","8","N","","2","0","0","0","0","0","0","2","0","2","","","","N","","","","","","","","","",""
"2017089364","","1","0","0","0","0","0","0","0","0","4","0","","02","8","2017","4","40.471577","-80.030884","","11","0","0","0","0","0","1","0","0","","0","0","0","","","1","","2","","40 28:17.677","","0","80 01:51.182","3","0","0","1","2301","0","0","0","N","0","0","0","2","02301","0","","1.0","","1","N","N","","0","","1","0","0","","3","","","2","1","0","0","0","0","0","2","0","2","","","","N","","","","","","","","","",""
"2017112472","","2","0","0","0","0","0","0","0","0","1","0","","02","10","2017","1","40.432472","-79.989167","","11","0","0","0","0","0","0","0","0","1","0","0","0","","","0","","0","","40 25:56.900","1","3","79 59:21.000","0","0","0","0","2301","0","0","0","N","0","0","0","5","02301","0","","1.0","","9","N","N","","0","","0","0","0","","0","N","","2","0","0","0","0","0","0","2","0","2","","","","N","","","","","","","","","",""
"2017124641","","0","0","0","0","0","0","0","0","0","7","0","","02","11","2017","3","40.570725","-80.00275","","11","0","0","0","0","0","0","0","0","","0","0","0","","","0","","1","","40 34:14.609","","0","80 00:09.899","0","0","0","0","2108","0","0","0","","0","0","0","1","02108","0","","2.0","","1","N","N","","0","","0","0","1","","2","","","1","0","0","0","0","0","0","2","0","1","","","","N","","","","","","","","","",""
"2017124399","","1","0","0","0","0","0","0","0","0","5","0","","02","11","2017","4","40.33245","-79.93379","","11","0","0","0","0","0","0","0","0","","0","0","0","","","0","","1","","40 19:56.821","","0","79 56:01.645","0","0","0","0","2473","0","0","0","N","0","0","0","3","02473","0","","1.0","","1","N","N","","0","","0","0","1","","2","","","2","0","0","0","0","0","0","2","0","2","","","","N","","","","","","","","","",""
"2017114371","","1","0","0","0","0","0","0","0","0","6","0","","02","11","2017","5","40.432124","-80.003994","","11","0","0","0","0","0","1","0","0","1","0","0","0","","","1","","2","","40 25:55.645","2","0","80 00:14.378","4","0","0","0","2301","0","0","0","N","0","0","0","2","02301","1","","1.0","","9","N","N","","0","","0","0","0","","2","N","","2","1","0","0","0","0","0","2","1","2","","","","N","","","","","","","","","",""
"2017112314","","0","0","0","0","0","0","0","0","0","1","0","","02","10","2017","3","40.492491","-79.863808","","11","0","0","0","0","0","1","0","0","","0","0","0","","","0","","0","","40 29:32.969","","0","79 51:49.708","9","0","0","0","2408","0","0","0","N","0","0","0","2","02408","0","","1.0","","1","N","N","","0","","0","0","2","","0","","","2","0","0","0","0","0","2","2","0","2","","","","N","","","","","","","","","",""
"2017125481","","1","0","0","0","0","0","0","0","0","4","0","","02","11","2017","4","40.38215","-79.819328","","11","0","0","0","0","0","0","1","0","1","0","0","0","","","0","","2","","40 22:55.740","3","0","79 49:09.580","0","0","0","0","2111","0","0","0","N","0","0","0","2","02111","0","","1.0","","1","N","N","","0","","0","0","1","","3","N","","2","0","0","0","0","0","0","2","0","2","","","","N","","","","","","","","","",""
"2017112823","","0","0","0","0","0","0","0","0","0","0","0","","02","10","2017","1","40.414222","-79.997056","","11","0","0","0","0","0","1","0","0","2","0","0","0","","","1","","0","","40 24:51.200","5","0","79 59:49.400","3","0","0","0","2301","0","0","0","Y","0","0","0","1","02301","0","","1.0","","9","N","N","","0","","1","0","1","","0","Y","","1","1","0","0","0","0","0","2","0","1","","","","N","","","","","","","","","",""
"2017125013","","0","0","0","0","0","0","1","0","0","1","1","","02","11","2017","3","40.354489","-79.842397","","11","0","0","0","0","0","0","1","0","2","0","0","0","","","0","","0","","40 21:16.162","1","3","79 50:32.630","0","0","0","0","2304","0","0","0","N","0","0","0","3","02304","0","","1.0","","1","Y","N","","2","","0","0","0","","0","N","","3","0","0","0","0","0","0","2","0","3","","","","N","","","","","","","","","",""
"2017111727","","1","0","0","0","0","0","0","0","0","7","0","","02","10","2017","5","40.385741","-79.801988","","11","0","0","0","0","0","0","0","0","2","0","0","0","","","0","","0","","40 23:08.667","2","0","79 48:07.156","0","0","0","0","2424","0","0","0","N","0","0","0","2","02424","0","","5.0","","1","N","N","","0","","0","0","1","","0","Y","","2","0","1","0","0","0","0","2","0","2","","","","N","","","","","","","","","",""
"2017111739","","2","0","0","0","0","0","0","0","0","6","0","","02","10","2017","5","40.459585","-79.840131","","11","0","1","0","0","0","0","0","0","","0","0","0","","","0","","2","","40 27:34.505","","0","79 50:24.471","0","0","0","0","2113","0","0","0","N","0","0","0","2","02113","0","","1.0","","1","N","N","","0","","0","0","0","","0","","","2","0","0","0","0","0","0","2","0","2","","","","N","","","","","","","","","",""
"2017114765","","0","0","0","0","0","0","0","0","0","4","0","90","02","10","2017","6","40.380092","-79.809113","","11","0","0","0","0","0","1","0","0","","0","0","0","","","2","","0","","40 22:48.331","","0","79 48:32.805","4","0","0","0","2111","0","0","0","N","0","0","0","3","02111","1","","1.0","","1","N","N","","1","","0","0","1","","0","","","2","2","0","0","0","1","0","2","0","2","","","Y","Y","2","3","","","N","Y","","","",""
"2017124241","","2","0","0","0","0","0","0","0","0","6","0","","02","11","2017","4","40.429854","-79.751251","","11","0","0","0","0","0","1","0","1","","0","0","0","","","0","","0","","40 25:47.476","","0","79 45:04.504","0","0","0","0","2446","0","0","0","N","0","0","0","2","02446","0","","1.0","","9","N","N","","0","","0","0","0","","0","","","2","0","0","0","0","0","0","2","0","2","","","","N","","","","","","","","","",""
"2017126014","","1","0","0","0","0","0","0","0","0","7","0","","02","10","2017","6","40.558998","-80.084883","","11","0","0","0","0","0","0","0","0","","0","0","0","","","0","","0","","40 33:32.394","","0","80 05:05.579","0","0","0","0","2481","0","0","0","","0","0","0","2","68B03","0","","4.0","","1","N","N","","0","","0","0","0","","0","","","1","0","0","0","0","0","0","2","0","1","","","","N","","","","","","","","","",""
"2017108363","","1","0","0","0","0","0","0","0","0","6","0","","02","10","2017","5","40.254773","-79.847379","","11","1","0","0","0","0","0","0","0","1","0","0","0","","","0","","0","","40 15:17.183","5","0","79 50:50.566","0","0","0","0","2105","0","0","0","N","0","0","0","2","02105","0","","1.0","","1","N","N","","1","","0","0","0","","0","N","","2","0","0","0","0","0","0","1","0","2","","","","N","","","","","","","","","",""
"2017107475","","1","0","0","0","0","0","0","0","0","7","0","","02","10","2017","2","40.652107","-79.944924","","11","0","0","0","0","0","0","0","0","","0","0","0","","","1","","0","","40 39:07.586","","0","79 56:41.725","8","0","0","0","2217","0","0","0","N","0","0","0","1","02505","0","","5.0","","1","N","N","","0","","0","0","0","","0","","","1","1","0","0","0","1","0","2","0","1","","","","N","","","","","","","","","",""
"2017124957","","1","0","0","0","0","0","0","0","0","7","0","","02","11","2017","7","40.440324","-80.187309","","11","0","0","0","0","1","0","0","0","","0","0","0","","","1","","0","","40 26:25.168","","0","80 11:14.313","3","0","0","0","2214","0","0","0","","0","0","0","5","68B03","0","","4.0","","9","N","N","","0","","1","0","0","","0","","","1","1","0","0","0","0","0","1","0","1","","","","N","","","","","","","","","",""
"2017124948","","1","0","0","0","0","0","0","0","0","7","0","55","02","11","2017","5","40.532509","-80.272449","","11","0","0","0","0","0","1","0","0","1","0","0","0","","","1","","0","","40 31:57.032","3","0","80 16:20.816","8","0","0","0","2203","0","0","0","","0","0","0","1","68B03","0","","4.0","","1","N","N","","0","","0","0","0","","0","N","","1","1","0","0","0","1","0","2","0","1","","","N","Y","4","1","N","N","N","N","N","Y","N",""
"2017107821","","1","0","0","0","0","0","0","0","0","7","0","","02","10","2017","4","40.439765","-80.017192","","11","0","0","0","0","0","0","0","0","","0","0","0","","","0","","0","","40 26:23.155","","0","80 01:01.891","0","0","0","0","2301","0","0","0","N","0","0","0","1","02301","0","","5.0","","1","N","N","","0","","0","0","0","","0","","","1","0","1","0","0","0","0","2","0","1","","","","N","","","","","","","","","",""
"2017113112","","1","0","0","0","0","0","0","0","0","7","0","","02","10","2017","2","40.457399","-80.029102","","11","0","0","0","0","0","0","0","0","1","0","0","0","","","0","","0","","40 27:26.636","3","0","80 01:44.766","0","0","0","0","2301","0","0","0","N","0","0","0","2","02301","0","","4.0","","1","N","N","","0","","0","0","0","","0","N","","1","0","0","0","0","0","0","2","0","1","","","","N","","","","","","","","","",""
"2017112447","","2","0","0","0","0","0","0","0","0","1","0","","02","10","2017","7","40.538339","-79.832279","","11","0","0","1","0","0","0","0","0","1","0","0","0","","","0","","0","","40 32:18.021","2","0","79 49:56.205","0","0","0","0","2208","0","0","0","N","0","0","0","2","02208","0","","1.0","","9","N","N","","0","","0","0","0","","0","Y","","2","0","0","0","0","0","0","2","0","2","","","","N","","","","","","","","","",""
"2017114612","","0","0","0","0","0","0","0","0","0","2","0","","02","10","2017","1","40.470748","-79.92404","","11","0","0","0","0","0","0","0","0","","0","0","0","","","0","","1","","40 28:14.692","","0","79 55:26.543","0","0","0","0","2301","0","0","0","N","0","0","0","1","02301","0","","4.0","","1","N","N","","1","","0","0","1","","0","","","2","0","0","0","0","0","0","2","0","2","","","","N","","","","","","","","","",""
"2017126067","","3","0","0","0","0","0","0","0","0","1","0","","02","11","2017","7","40.508122","-80.22324","","11","0","0","0","0","0","1","1","0","1","0","0","0","","","0","","0","","40 30:29.238","5","0","80 13:23.663","0","0","0","0","2213","0","0","0","","0","0","0","5","02213","0","","1.0","","1","N","N","","0","","0","0","0","","0","N","","3","0","0","0","0","0","0","2","0","3","","","","N","","","","","","","","","",""
"2017126013","","1","0","0","0","0","0","0","0","0","4","0","","02","10","2017","5","40.439263","-80.238743","","11","0","0","1","0","0","0","0","0","","0","1","0","","","1","","6","","40 26:21.348","","2","80 14:19.475","3","0","0","0","2214","0","0","0","","0","0","0","2","68B03","0","","1.0","","1","N","N","","0","","1","0","0","","0","","","2","1","1","0","0","0","0","2","0","2","","","","N","","","","","","","","","",""
"2017124963","","0","0","0","0","0","0","0","0","0","1","1","55","02","11","2017","4","40.500659","-80.282873","","11","0","0","0","0","0","2","0","0","","0","1","0","","","1","","0","","40 30:02.373","","0","80 16:58.344","8","0","0","0","2203","0","0","0","","0","0","0","2","68B03","0","","1.0","","1","N","N","","0","","0","0","1","","0","","","2","1","0","0","0","1","0","1","0","2","","","Y","Y","4","1","N","N","N","N","N","N","Y",""
"2017111974","","2","0","0","0","0","0","0","0","0","1","0","","02","10","2017","6","40.444033","-80.028193","","11","0","0","0","0","0","1","0","0","","0","0","0","","","0","","0","","40 26:38.518","","0","80 01:41.496","0","0","0","0","2301","0","0","0","N","0","0","0","4","02301","0","","1.0","","1","N","N","","0","","0","0","1","","2","","","3","0","0","0","0","0","0","2","0","3","","","","N","","","","","","","","","",""
"2017111968","","0","0","0","0","0","0","0","0","0","1","0","","02","10","2017","6","40.474751","-80.091328","","11","0","0","0","0","0","0","0","0","1","0","0","0","","","1","","0","","40 28:29.103","5","0","80 05:28.780","8","0","0","0","2126","0","0","0","N","0","0","0","2","02126","0","","1.0","","1","N","N","","0","","0","0","2","","0","N","","2","1","0","0","0","1","0","2","0","2","","","","N","","","","","","","","","",""
"2017108247","","1","0","0","0","0","0","0","0","0","1","0","","02","10","2017","4","40.446848","-79.954818","","11","0","0","0","0","0","2","0","0","","0","0","0","","","1","","1","","40 26:48.652","","0","79 57:17.346","4","0","0","0","2301","0","0","0","N","0","0","0","4","02301","1","","1.0","","1","N","N","","2","","0","0","0","","0","","","3","1","0","0","0","0","0","2","0","3","","","","N","","","","","","","","","",""
"2017124974","","2","0","0","0","0","0","0","0","0","1","0","","02","11","2017","1","40.425803","-79.902501","","11","0","0","0","0","1","0","0","0","","0","0","0","","","0","","0","","40 25:32.891","","0","79 54:09.003","0","0","0","0","2301","0","0","0","","0","0","0","6","68B03","0","","1.0","","1","N","N","","0","","0","0","1","","0","","","3","0","0","0","0","0","0","2","0","3","","","","N","","","","","","","","","",""
"2017114961","","1","0","0","0","0","0","0","0","0","2","0","","02","10","2017","2","40.552881","-80.115686","","11","0","0","0","0","0","0","0","0","","0","0","0","","","0","","1","","40 33:10.372","","0","80 06:56.468","0","0","0","0","2215","0","0","0","N","0","0","0","5","02215","0","","1.0","","9","N","N","","0","","0","0","0","","2","","","2","0","0","0","0","0","0","2","1","2","","","","N","","","","","","","","","",""
"2017112432","","3","0","0","0","0","0","0","0","0","1","0","","02","10","2017","7","40.481524","-80.046061","","11","0","0","0","0","0","1","1","0","1","0","0","0","","","0","","2","","40 28:53.488","1","0","80 02:45.818","0","0","0","0","2301","0","0","0","N","0","0","0","4","02301","0","","1.0","","9","N","N","","0","","0","0","0","","0","N","","3","0","0","0","0","0","0","2","0","3","","","","N","","","","","","","","","",""
"2017128897","","1","0","0","0","0","0","0","0","0","1","0","","02","12","2017","2","40.431524","-80.024926","","11","0","0","0","0","0","0","0","0","","0","0","0","","","1","","0","","40 25:53.487","","0","80 01:29.732","8","0","0","0","2301","0","0","0","","0","0","0","1","68B03","0","","1.0","","1","N","N","","0","","0","0","0","","0","","","2","1","0","0","0","1","0","2","0","2","","","","N","","","","","","","","","",""
"2017112207","","1","0","0","0","0","0","0","0","0","99","0","","02","10","2017","6","40.43803","-79.914538","","11","0","0","0","0","0","0","0","0","","0","0","0","","","0","","0","","40 26:16.907","","0","79 54:52.338","0","0","0","0","2301","0","0","0","N","0","0","0","2","02301","0","","1.0","","1","N","N","","0","","0","0","0","","0","","","1","0","0","0","0","0","0","2","0","1","","","","N","","","","","","","","","",""
"2017107684","","2","0","0","0","0","0","0","0","0","4","0","","02","10","2017","3","40.323614","-79.838883","","11","0","0","0","0","0","1","0","0","1","0","0","0","","","2","","5","","40 19:25.011","6","0","79 50:19.979","8","0","0","0","2304","0","0","0","N","0","0","0","4","02304","0","","1.0","","1","N","N","","0","","0","0","1","","0","N","","3","2","0","0","0","2","0","2","0","3","","","","N","","","","","","","","","",""
"2017128524","","1","0","0","0","0","0","0","0","0","2","0","","02","12","2017","4","40.465954","-79.953549","","11","0","0","0","0","0","0","0","0","","0","0","0","","","1","","2","","40 27:57.435","","0","79 57:12.777","3","0","0","0","2301","0","0","0","N","0","0","0","4","02301","0","","1.0","","1","N","N","","0","","1","0","1","","2","","","2","1","0","0","0","0","0","2","0","2","","","","N","","","","","","","","","",""
"2017065572","","1","0","0","0","0","0","0","0","0","7","0","","02","6","2017","1","40.394892","-79.838219","","11","0","0","0","0","0","0","0","0","","0","0","0","","","0","","7","","40 23:41.612","","1","79 50:17.589","9","0","0","0","2425","0","0","0","N","0","0","0","1","02425","0","","2.0","","1","N","N","","0","","0","0","0","","0","","","1","0","0","0","0","0","1","2","0","1","","","","N","","","","","","","","","",""
"2017113111","","2","0","0","0","0","0","0","0","0","4","0","","02","10","2017","3","40.549489","-80.018938","","11","0","0","0","0","0","0","0","0","","0","0","0","","","0","","0","","40 32:58.162","","0","80 01:08.175","0","0","0","0","2116","0","0","0","N","0","0","0","2","02116","0","","1.0","","1","N","N","","0","","0","0","0","","0","","","2","0","0","0","0","0","0","2","0","2","","","","N","","","","","","","","","",""