"CRN","ARRIVAL_TM","AUTOMOBILE_COUNT","BELTED_DEATH_COUNT","BELTED_SUSP_SERIOUS_INJ_COUNT","BICYCLE_COUNT","BICYCLE_DEATH_COUNT","BICYCLE_SUSP_SERIOUS_INJ_COUNT","BUS_COUNT","CHLDPAS_DEATH_COUNT","CHLDPAS_SUSP_SERIOUS_INJ_COUNT","COLLISION_TYPE","COMM_VEH_COUNT","CONS_ZONE_SPD_LIM","COUNTY","CRASH_MONTH","CRASH_YEAR","DAY_OF_WEEK","DEC_LATITUDE","DEC_LONGITUDE","DISPATCH_TM","DISTRICT","DRIVER_COUNT_16YR","DRIVER_COUNT_17YR","DRIVER_COUNT_18YR","DRIVER_COUNT_19YR","DRIVER_COUNT_20YR","DRIVER_COUNT_50_64YR","DRIVER_COUNT_65_74YR","DRIVER_COUNT_75PLUS","EST_HRS_CLOSED","FATAL_COUNT","HEAVY_TRUCK_COUNT","HORSE_BUGGY_COUNT","HOUR_OF_DAY","ILLUMINATION","INJURY_COUNT","INTERSECTION_RELATED","INTERSECT_TYPE","LANE_CLOSED","LATITUDE","LN_CLOSE_DIR","LOCATION_TYPE","LONGITUDE","MAX_SEVERITY_LEVEL","MCYCLE_DEATH_COUNT","MCYCLE_SUSP_SERIOUS_INJ_COUNT","MOTORCYCLE_COUNT","MUNICIPALITY","NONMOTR_COUNT","NONMOTR_DEATH_COUNT","NONMOTR_SUSP_SERIOUS_INJ_COUNT","NTFY_HIWY_MAINT","PED_COUNT","PED_DEATH_COUNT","PED_SUSP_SERIOUS_INJ_COUNT","PERSON_COUNT","POLICE_AGCY","POSSIBLE_INJ_COUNT","RDWY_SURF_TYPE_CD","RELATION_TO_ROAD","ROADWAY_CLEARED","ROAD_CONDITION","SCH_BUS_IND","SCH_ZONE_IND","SECONDARY_CRASH","SMALL_TRUCK_COUNT","SPEC_JURIS_CD","SUSP_MINOR_INJ_COUNT","SUSP_SERIOUS_INJ_COUNT","SUV_COUNT","TCD_FUNC_CD","TCD_TYPE","TFC_DETOUR_IND","TIME_OF_DAY","TOTAL_UNITS","TOT_INJ_COUNT","UNBELTED_OCC_COUNT","UNB_DEATH_COUNT","UNB_SUSP_SERIOUS_INJ_COUNT","UNK_INJ_DEG_COUNT","UNK_INJ_PER_COUNT","URBAN_RURAL","VAN_COUNT","VEHICLE_COUNT","WEATHER1","WEATHER2","WORKERS_PRES","WORK_ZONE_IND","WORK_ZONE_LOC","WORK_ZONE_TYPE","WZ_CLOSE_DETOUR","WZ_FLAGGER","WZ_LAW_OFFCR_IND","WZ_LN_CLOSURE","WZ_MOVING","WZ_OTHER","WZ_SHLDER_MDN","WZ_WORKERS_INJ_KILLED"
"2017099431","","1","0","0","0","0","0","1","0","0","6","1","","02","9","2017","3","40.467168","-79.890345","","11","0","0","0","0","0","1","0","0","","0","0","0","","","2","","0","","40 28:01.804","","99","79 53:25.243","8","0","0","0","2301","0","0","0","N","0","0","0","4","02503","0","","1.0","","1","N","N","","0","","0","0","0","","0","","","2","2","0","0","0","2","0","2","0","2","","","","N","","","","","","","","","",""
"2017100613","","0","0","0","0","0","0","0","0","0","1","0","","02","9","2017","1","40.496555","-79.937895","","11","0","0","0","0","0","1","0","0","","0","0","0","","","0","","0","","40 29:47.598","","0","79 56:16.421","0","0","0","0","2461","0","0","0","","0","0","0","2","68D02","0","","1.0","","1","N","N","","1","","0","0","1","","0","","","2","0","0","0","0","0","0","2","0","2","","","","N","","","","","","","","","",""
"2017111827","","2","0","0","0","0","0","0","0","0","1","0","","02","10","2017","3","40.371629","-80.077728","","11","0","0","0","0","0","0","0","1","1","0","0","0","","","1","","0","","40 22:17.866","5","0","80 04:39.820","4","0","0","0","2109","0","0","0","","0","0","0","4","02109","1","","1.0","","1","N","N","","0","","0","0","2","","2","Y","","4","1","0","0","0","0","0","2","0","4","","","","N","","","","","","","","","",""
"2017083529","","2","0","0","0","0","0","0","0","0","4","0","","02","8","2017","3","40.487306","-79.892111","","11","0","0","0","0","0","0","2","0","","0","0","0","","","0","","0","","40 29:14.300","","7","79 53:31.600","0","0","0","0","2301","0","0","0","N","0","0","0","2","02301","0","","1.0","","1","N","N","","0","","0","0","0","","3","","","2","0","2","0","0","0","0","2","0","2","","","","N","","","","","","","","","",""
"2017118355","","1","0","0","0","0","0","0","0","0","99","0","","02","11","2017","5","40.651543","-80.094308","","11","0","0","0","0","0","0","0","0","","0","0","0","","","0","","0","","40 39:05.554","","0","80 05:39.507","0","0","0","0","2212","0","0","0","","0","0","0","2","68B03","0","","1.0","","1","N","N","","0","","0","0","0","","0","","","1","0","0","0","0","0","0","2","0","1","","","","N","","","","","","","","","",""
"2017102074","","0","0","0","0","0","0","0","0","0","4","0","","02","10","2017","3","40.454719","-79.946217","","11","0","0","0","0","0","0","0","0","","0","0","0","","","1","","0","","40 27:16.989","","7","79 56:46.380","8","0","0","0","2301","0","0","0","N","0","0","0","5","02301","0","","1.0","","1","N","N","","0","","0","0","2","","0","","","2","1","0","0","0","1","0","2","0","2","","","","N","","","","","","","","","",""
"2017108308","","2","0","0","0","0","0","0","0","0","1","0","","02","10","2017","2","40.573876","-79.787769","","11","0","0","0","0","0","0","0","0","","0","0","0","","","0","","0","","40 34:25.953","","0","79 47:15.968","0","0","0","0","2104","0","0","0","","0","0","0","3","68D02","0","","1.0","","1","N","N","","1","","0","0","0","","0","","","3","0","0","0","0","0","0","2","0","3","","","","N","","","","","","","","","",""
"2017100809","","0","0","0","0","0","0","0","0","0","4","0","","02","9","2017","7","40.340032","-79.859868","","11","0","1","0","0","0","1","0","0","","0","0","0","","","0","","2","","40 20:24.116","","3","79 51:35.525","0","0","0","0","2304","0","0","0","N","0","0","0","5","02304","0","","1.0","","1","N","N","","0","","0","0","0","","2","","","2","0","0","0","0","0","0","2","2","2","","","","N","","","","","","","","","",""
"2017085334","","0","0","0","0","0","0","0","0","0","7","0","","02","8","2017","2","40.534097","-80.095945","","11","0","0","0","0","0","0","0","0","","0","0","0","","","0","","0","","40 32:02.749","","0","80 05:45.402","0","0","0","0","2215","0","0","0","N","0","0","0","1","02215","0","","2.0","","1","N","N","","0","","0","0","1","","0","","","1","0","0","0","0","0","0","2","0","1","","","","N","","","","","","","","","",""
"2017083761","","0","0","0","0","0","0","0","0","0","0","0","","02","8","2017","3","40.451942","-79.843821","","11","0","0","0","0","0","0","0","0","1","0","0","0","","","1","","0","","40 27:06.992","2","0","79 50:37.754","2","0","1","1","2113","0","0","0","N","0","0","0","1","02113","0","","1.0","","1","N","N","","0","","0","1","0","","0","N","","1","1","0","0","0","0","0","2","0","1","","","","N","","","","","","","","","",""
"2017084629","","3","0","0","0","0","0","0","0","0","4","0","","02","8","2017","7","40.459995","-79.758684","","11","0","0","0","0","0","0","1","1","","0","0","0","","","0","","2","","40 27:35.981","","0","79 45:31.261","0","0","0","0","2466","0","0","0","N","0","0","0","3","02466","0","","1.0","","1","N","N","","0","","0","0","0","","3","","","3","0","0","0","0","0","0","2","0","3","","","","N","","","","","","","","","",""
"2017088072","","1","0","0","0","0","0","0","0","0","7","0","","02","8","2017","6","40.579802","-79.944158","","11","0","0","0","0","0","0","0","0","1","0","0","0","","","0","","2","","40 34:47.287","6","0","79 56:38.968","0","0","0","0","2207","0","0","0","N","0","0","0","1","02207","0","","5.0","","1","N","N","","0","","0","0","0","","0","N","","1","0","0","0","0","0","0","2","0","1","","","","N","","","","","","","","","",""
"2017083213","","3","0","0","0","0","0","0","0","0","4","0","","02","8","2017","2","40.613871","-79.948767","","11","0","0","0","0","0","1","0","2","2","0","0","0","","","1","","1","","40 36:49.934","6","0","79 56:55.561","3","0","0","0","2207","0","0","0","N","0","0","0","5","02207","0","","1.0","","1","N","N","","0","","1","0","0","","3","Y","","3","1","0","0","0","0","0","2","0","3","","","","N","","","","","","","","","",""
"2017104063","","1","0","0","0","0","0","0","0","0","7","0","","02","9","2017","6","40.381367","-79.812391","","11","0","0","0","0","0","1","0","0","1","0","0","0","","","1","","1","","40 22:52.922","4","0","79 48:44.606","4","0","0","0","2424","0","0","0","N","0","0","0","1","02424","1","","5.0","","1","N","N","","0","","0","0","0","","2","N","","1","1","0","0","0","0","0","2","0","1","","","","N","","","","","","","","","",""
"2017118480","","2","0","0","0","0","0","0","0","0","1","0","","02","10","2017","6","40.419571","-80.051879","","11","0","0","0","0","0","1","0","0","","0","0","0","","","1","","6","","40 25:10.454","","2","80 03:06.765","4","0","0","0","2435","0","0","0","","0","0","0","2","68B03","1","","1.0","","1","N","N","","0","","0","0","0","","4","","","2","1","0","0","0","0","0","2","0","2","","","","N","","","","","","","","","",""
"2017085260","","1","0","0","0","0","0","0","0","0","7","0","","02","8","2017","1","40.430002","-80.004243","","11","0","0","0","0","0","0","0","0","1","0","0","0","","","0","","0","","40 25:48.007","2","0","80 00:15.274","0","0","0","0","2301","0","0","0","N","0","0","0","5","02301","0","","2.0","","1","N","N","","0","","0","0","0","","0","N","","2","0","0","0","0","0","0","2","0","1","","","","N","","","","","","","","","",""
"2017085211","","1","0","0","0","0","0","0","0","0","8","0","","02","8","2017","1","40.392049","-80.061396","","11","0","0","0","0","0","0","0","0","1","0","0","0","","","1","","0","","40 23:31.376","4","7","80 03:41.026","3","0","0","0","2117","1","0","0","N","1","0","0","2","02117","0","","2.0","","1","N","N","","0","","1","0","0","","0","N","","2","1","0","0","0","0","0","2","0","1","","","","N","","","","","","","","","",""
"2017085592","","1","0","0","0","0","0","0","0","0","4","0","","02","8","2017","3","40.470628","-79.932814","","11","0","0","0","0","0","0","0","0","1","0","0","0","","","1","","1","","40 28:14.261","4","0","79 55:58.129","3","0","0","0","2301","0","0","0","N","0","0","0","2","02301","0","","1.0","","9","N","N","","1","","1","0","0","","3","Y","","2","1","0","0","0","0","0","2","0","2","","","","N","","","","","","","","","",""
"2017095779","","2","0","0","0","0","0","0","0","0","2","0","","02","9","2017","1","40.477228","-79.868031","","11","0","0","0","0","0","1","0","0","1","0","0","0","","","1","","0","","40 28:38.020","5","0","79 52:04.910","8","0","0","0","2113","0","0","0","N","0","0","0","2","02113","0","","1.0","","1","N","N","","0","","0","0","0","","0","N","","2","1","0","0","0","1","0","2","0","2","","","","N","","","","","","","","","",""
"2017107677","","1","0","0","0","0","0","0","0","0","1","0","","02","8","2017","2","40.441628","-80.009071","","11","0","0","0","0","0","1","0","1","","0","0","0","","","0","","0","","40 26:29.862","","3","80 00:32.657","0","0","0","0","2301","0","0","0","","0","0","0","4","68B03","0","","1.0","","1","N","N","","0","","0","0","2","","0","","","3","0","0","0","0","0","0","2","0","3","","","","N","","","","","","","","","",""
"2017103398","","2","0","0","0","0","0","0","0","0","1","0","","02","10","2017","5","40.403832","-79.942354","","11","0","0","0","0","0","0","1","0","2","0","0","0","","","1","","2","","40 24:13.796","1","0","79 56:32.476","4","0","0","0","2301","0","0","0","N","0","0","0","3","02301","1","","1.0","","9","N","N","","0","","0","0","1","","2","N","","3","1","0","0","0","0","0","2","0","3","","","","N","","","","","","","","","",""
"2017082730","","1","0","0","0","0","0","0","0","0","1","0","","02","8","2017","2","40.470716","-79.829471","","11","0","0","0","0","0","0","0","0","","0","0","0","","","1","","0","","40 28:14.577","","0","79 49:46.096","4","0","0","0","2113","0","0","0","N","0","0","0","3","02113","1","","1.0","","1","N","N","","0","","0","0","2","","0","","","3","1","0","0","0","0","0","2","0","3","","","","N","","","","","","","","","",""
"2017085568","","1","0","0","0","0","0","0","0","0","8","0","","02","8","2017","3","40.454781","-79.945906","","11","0","0","0","0","0","1","0","0","","0","0","0","","","1","","0","","40 27:17.212","","0","79 56:45.263","3","0","0","0","2301","1","0","0","N","1","0","0","2","02301","0","","1.0","","1","N","N","","0","","1","0","0","","0","","","2","1","0","0","0","0","0","2","0","1","","","","N","","","","","","","","","",""
"2017110693","","1","0","0","0","0","0","0","0","0","7","0","","02","10","2017","3","40.449227","-79.948166","","11","0","0","0","0","0","0","0","0","","0","0","0","","","0","","0","","40 26:57.217","","0","79 56:53.397","0","0","0","0","2301","0","0","0","N","0","0","0","1","02301","0","","1.0","","1","N","N","","0","","0","0","0","","0","","","1","0","0","0","0","0","0","2","0","1","","","","N","","","","","","","","","",""
"2017087335","","0","0","0","0","0","0","0","0","0","4","0","","02","8","2017","5","40.375511","-80.069089","","11","0","0","0","0","0","0","1","0","1","0","0","0","","","2","","0","","40 22:31.840","3","0","80 04:08.720","4","0","0","0","2109","0","0","0","","0","0","0","5","02109","2","","1.0","","1","N","N","","0","","0","0","2","","0","N","","2","2","2","0","0","0","0","2","0","2","","","","N","","","","","","","","","",""
"2017085281","","1","0","0","0","0","0","0","0","0","1","0","","02","8","2017","2","40.39439","-79.774606","","11","0","0","0","0","0","1","1","0","1","0","0","0","","","0","","0","","40 23:39.804","2","0","79 46:28.583","0","0","0","0","2111","0","0","0","N","0","0","0","2","02111","0","","1.0","","1","N","N","","1","","0","0","0","","2","Y","","2","0","0","0","0","0","0","2","0","2","","","","N","","","","","","","","","",""
"2017099441","","2","0","0","0","0","0","0","0","0","4","0","","02","9","2017","3","40.426642","-80.056512","","11","0","0","0","0","0","0","0","0","","0","0","0","","","0","","0","","40 25:35.910","","7","80 03:23.444","0","0","0","0","2301","0","0","0","N","0","0","0","5","02301","0","","1.0","","1","N","N","","0","","0","0","0","","0","","","2","0","0","0","0","0","0","2","0","2","","","","N","","","","","","","","","",""
"2017103085","","2","0","0","0","0","0","0","0","0","5","0","","02","10","2017","5","40.462878","-79.991794","","11","0","0","0","0","0","0","0","0","1","0","0","0","","","0","","0","","40 27:46.360","6","0","79 59:30.460","9","0","0","0","2301","0","0","0","Y","0","0","0","2","02301","0","","1.0","","9","N","N","","1","","0","0","0","","3","Y","","4","0","0","0","0","0","2","2","1","4","","","","N","","","","","","","","","",""
"2017086497","","0","0","0","1","0","1","0","0","0","8","0","","02","8","2017","4","40.441642","-80.240327","","11","0","0","0","0","0","0","0","0","3","0","0","0","","","1","","1","","40 26:29.911","7","0","80 14:25.177","2","0","0","0","2214","1","0","1","N","0","0","0","2","02214","0","","1.0","","1","N","N","","1","","0","1","0","","3","Y","","2","1","0","0","0","0","0","2","0","1","","","","N","","","","","","","","","",""
"2017104946","","0","0","0","0","0","0","0","0","0","1","0","","02","10","2017","7","40.475094","-79.769062","","11","0","0","0","0","0","0","0","0","2","0","0","0","","","0","","0","","40 28:30.340","3","0","79 46:08.624","0","0","0","0","2466","0","0","0","N","0","0","0","2","02466","0","","1.0","","1","N","N","","1","","0","0","1","","0","N","","2","0","0","0","0","0","0","2","0","2","","","","N","","","","","","","","","",""
"2017085383","","2","0","0","0","0","0","0","0","0","1","0","","02","8","2017","2","40.343073","-79.963978","","11","0","0","0","0","0","1","0","0","2","0","0","0","","","1","","0","","40 20:35.064","3","0","79 57:50.319","8","0","0","0","2454","0","0","0","N","0","0","0","8","02454","0","","1.0","","1","N","N","","0","","0","0","1","","0","N","","4","1","1","0","0","1","0","2","1","4","","","","N","","","","","","","","","",""
"2017097749","","2","0","0","0","0","0","0","0","0","4","0","","02","9","2017","6","40.469053","-79.962719","","11","0","0","0","0","0","1","0","0","","0","0","0","","","0","","0","","40 28:08.590","","7","79 57:45.790","0","0","0","0","2301","0","0","0","N","0","0","0","2","02301","0","","1.0","","1","N","N","","0","","0","0","0","","0","","","2","0","0","0","0","0","0","2","0","2","","","","N","","","","","","","","","",""
"2017104481","","0","0","1","0","0","0","0","0","0","4","2","","02","10","2017","2","40.610038","-79.821458","","11","0","0","0","0","0","0","0","0","2","0","2","0","","","3","","0","","40 36:36.137","4","0","79 49:17.250","2","0","0","0","2220","0","0","0","N","0","0","0","3","02220","0","","1.0","","9","N","N","","0","","0","1","0","","0","N","","2","3","1","0","0","2","0","2","0","2","","","","N","","","","","","","","","",""
"2017087148","","3","0","0","0","0","0","0","0","0","1","0","","02","8","2017","5","40.452799","-80.039242","","11","0","0","0","0","0","0","0","0","1","0","0","0","","","1","","0","","40 27:10.076","2","0","80 02:21.270","3","0","0","0","2301","0","0","0","N","0","0","0","4","02301","0","","1.0","","1","N","N","","0","","1","0","0","","2","N","","3","1","0","0","0","0","0","2","0","3","","","","N","","","","","","","","","",""
"2017118634","","1","0","0","0","0","0","0","0","0","1","0","","02","6","2017","1","40.442673","-80.18155","","11","0","0","0","0","0","0","0","0","","0","0","0","","","0","","0","","40 26:33.623","","0","80 10:53.579","0","0","0","0","2214","0","0","0","","0","0","0","3","68B03","0","","1.0","","1","N","N","","1","","0","0","0","","0","","","2","0","0","0","0","0","0","1","0","2","","","","N","","","","","","","","","",""
"2017086002","","1","0","0","0","0","0","0","0","0","4","0","","02","8","2017","3","40.535917","-80.183034","","11","0","0","0","0","0","0","0","1","1","0","0","0","","","0","","1","","40 32:09.302","2","0","80 10:58.924","0","0","0","0","2458","0","0","0","N","0","0","0","2","02458","0","","1.0","","1","N","N","","0","","0","0","1","","2","N","","2","0","0","0","0","0","0","2","0","2","","","","N","","","","","","","","","",""
"2017087869","","0","0","0","0","0","0","0","0","0","7","0","","02","8","2017","5","40.630747","-79.950718","","11","0","0","0","0","1","0","0","0","","0","0","0","","","0","","0","","40 37:50.689","","0","79 57:02.584","0","0","0","0","2217","0","0","0","N","0","0","0","2","02505","0","","5.0","","9","N","N","","0","","0","0","1","","0","","","1","0","0","0","0","0","0","2","0","1","","","","N","","","","","","","","","",""
"2017106815","","1","0","0","0","0","0","0","0","0","2","0","","02","10","2017","7","40.287207","-79.984721","","11","0","0","0","0","0","0","0","0","1","0","0","0","","","0","","0","","40 17:13.945","1","0","79 59:04.995","0","0","0","0","2219","0","0","0","N","0","0","0","1","02219","0","","1.0","","1","N","N","","0","","0","0","0","","0","N","","2","0","0","0","0","0","0","2","1","2","","","","N","","","","","","","","","",""
"2017085594","","1","0","0","0","0","0","0","0","0","7","0","","02","8","2017","3","40.458748","-80.030416","","11","0","0","0","0","0","1","0","0","1","0","0","0","","","1","","0","","40 27:31.494","2","0","80 01:49.498","4","0","0","0","2301","0","0","0","N","0","0","0","1","02301","1","","4.0","","9","N","N","","0","","0","0","0","","0","N","","1","1","0","0","0","0","0","2","0","1","","","","N","","","","","","","","","",""
"2017100503","","0","0","0","0","0","0","0","0","0","1","0","","02","9","2017","6","40.551798","-80.037548","","11","0","1","0","0","0","0","0","0","","0","0","0","","","0","","0","","40 33:06.474","","0","80 02:15.173","0","0","0","0","2116","0","0","0","N","0","0","0","4","02116","0","","1.0","","1","N","N","","0","","0","0","1","","0","","","2","0","0","0","0","0","0","2","1","2","","","","N","","","","","","","","","",""
"2017099626","","0","0","0","0","0","0","0","0","0","7","1","","02","9","2017","6","40.545723","-79.818268","","11","0","0","0","0","0","1","0","0","4","0","1","0","","","0","","0","","40 32:44.602","4","1","79 49:05.766","0","0","0","0","2208","0","0","0","Y","0","0","0","1","02208","0","","1.0","","1","N","Y","","0","","0","0","0","","0","Y","","1","0","0","0","0","0","0","2","0","1","","","","N","","","","","","","","","",""
"2017102173","","0","0","0","0","0","0","0","0","0","99","0","","02","10","2017","2","40.542314","-80.258444","","11","0","0","0","0","0","1","0","0","","0","0","0","","","0","","0","","40 32:32.330","","0","80 15:30.400","0","0","0","0","2213","0","0","0","","0","0","0","1","02213","0","","1.0","","1","N","N","","1","","0","0","0","","0","","","1","0","0","0","0","0","0","2","0","1","","","","N","","","","","","","","","",""
"2017085771","","2","0","0","0","0","0","0","0","0","1","0","","02","8","2017","3","40.655326","-80.089738","","11","0","0","0","0","0","0","0","0","1","0","0","0","","","0","","0","","40 39:19.175","3","0","80 05:23.056","0","0","0","0","2212","0","0","0","N","0","0","0","8","02505","0","","1.0","","9","N","N","","0","","0","0","0","","0","N","","2","0","0","0","0","0","0","2","0","2","","","","N","","","","","","","","","",""
"2017087150","","0","0","0","0","0","0","0","0","0","99","0","","02","8","2017","5","40.279214","-79.908772","","11","0","0","0","0","0","0","0","0","","0","0","0","","","1","","0","","40 16:45.172","","0","79 54:31.578","8","0","0","1","2440","0","0","0","N","0","0","0","1","02440","0","","1.0","","1","N","N","","0","","0","0","0","","0","","","1","1","0","0","0","1","0","2","0","1","","","","N","","","","","","","","","",""
"2017081111","","0","0","0","1","0","0","0","0","0","8","0","","02","8","2017","4","40.455783","-79.96586","","11","0","0","0","0","0","1","0","0","1","0","0","0","","","1","","5","","40 27:20.818","4","0","79 57:57.097","3","0","0","0","2301","1","0","0","N","0","0","0","2","02301","0","","1.0","","1","N","N","","1","","1","0","0","","2","N","","2","1","0","0","0","0","0","2","0","1","","","","N","","","","","","","","","",""
"2017120754","","2","0","0","0","0","0","0","0","0","4","0","","02","11","2017","3","40.586853","-80.041629","","11","0","0","0","0","0","1","0","0","","0","0","0","","","0","","2","","40 35:12.669","","0","80 02:29.866","0","0","0","0","2108","0","0","0","","0","0","0","3","02108","0","","1.0","","1","N","N","","0","","0","0","0","","3","","","2","0","0","0","0","0","0","2","0","2","","","","N","","","","","","","","","",""
"2017085573","","0","0","0","0","0","0","0","0","0","99","0","","02","8","2017","2","40.238925","-79.865683","","11","0","0","0","0","0","1","0","0","","0","0","0","","","1","","0","","40 14:20.129","","0","79 51:56.458","8","0","0","1","2204","0","0","0","N","0","0","0","1","02204","0","","9.0","","1","N","N","","0","","0","0","0","","0","","","1","1","0","0","0","1","0","1","0","1","","","","N","","","","","","","","","",""
"2017119856","","1","0","0","0","0","0","0","0","0","5","0","","02","11","2017","6","40.667416","-80.092481","","11","0","0","0","0","0","0","0","0","","0","0","0","","","1","","0","","40 40:02.698","","0","80 05:32.933","3","0","0","0","2212","0","0","0","","0","0","0","2","68D01","0","","1.0","","1","N","N","","0","","1","0","1","","0","","","2","1","0","0","0","0","0","2","0","2","","","","N","","","","","","","","","",""
"2017100947","","0","0","0","0","0","0","0","0","0","1","0","","02","9","2017","6","40.651769","-80.055073","","11","0","0","0","0","0","0","0","0","","0","0","0","","","0","","0","","40 39:06.367","","0","80 03:18.262","0","0","0","0","2216","0","0","0","N","0","0","0","6","02505","0","","1.0","","1","N","N","","2","","0","0","0","","0","","","3","0","0","0","0","0","0","2","1","3","","","","N","","","","","","","","","",""
"2017106906","","2","0","0","0","0","0","0","0","0","1","0","","02","9","2017","1","40.433408","-79.962624","","11","0","1","0","0","0","1","0","0","1","0","0","0","","","0","","0","","40 26:00.268","4","0","79 57:45.447","0","0","0","0","2301","0","0","0","","0","0","0","3","68B03","0","","1.0","","1","N","N","","0","","0","0","1","","0","N","","3","0","0","0","0","0","0","2","0","3","","","","N","","","","","","","","","",""
"2017098535","","2","0","0","0","0","0","0","0","0","4","0","","02","9","2017","1","40.464428","-79.96253","","11","0","0","0","0","0","0","0","0","","0","0","0","","","1","","1","","40 27:51.939","","0","79 57:45.107","4","0","0","0","2301","0","0","0","N","0","0","0","4","02301","1","","1.0","","1","N","N","","0","","0","0","0","","3","","","2","1","0","0","0","0","0","2","0","2","","","","N","","","","","","","","","",""
"2017110689","","1","0","0","0","0","0","0","0","0","0","0","","02","10","2017","3","40.465384","-79.831809","","11","0","0","0","0","0","1","0","0","","0","0","0","","","0","","0","","40 27:55.381","","0","79 49:54.513","0","0","0","0","2113","0","0","0","N","0","0","0","6","02113","0","","1.0","","1","N","N","","0","","0","0","1","","0","","","3","0","0","0","0","0","0","2","1","3","","","","N","","","","","","","","","",""
"2017113480","","1","0","0","0","0","0","0","0","0","1","0","90","02","10","2017","3","40.351362","-79.829527","","11","0","0","0","0","0","0","0","0","","0","0","0","","","0","","2","","40 21:04.903","","0","79 49:46.297","0","0","0","0","2477","0","0","0","N","0","0","0","2","02477","0","","1.0","","1","N","N","","1","","0","0","0","","3","","","2","0","0","0","0","0","0","2","0","2","","","Y","Y","4","3","","Y","N","Y","Y","","",""
"2017114815","","0","0","0","0","0","0","0","0","0","4","1","","02","11","2017","6","40.567979","-80.213316","","11","0","0","0","0","0","1","0","0","3","0","1","0","","","1","","2","","40 34:04.724","2","0","80 12:47.937","8","0","0","0","2441","0","0","0","Y","0","0","0","2","02441","0","","1.0","","9","N","N","","0","","0","0","1","","2","N","","2","1","0","0","0","1","0","2","0","2","","","","N","","","","","","","","","",""
"2017102993","","1","0","0","0","0","0","0","0","0","7","0","","02","10","2017","5","40.468531","-79.81985","","11","0","0","0","0","0","0","0","0","1","0","0","0","","","0","","0","","40 28:06.710","4","0","79 49:11.460","0","0","0","0","2113","0","0","0","N","0","0","0","1","02113","0","","2.0","","1","N","N","","0","","0","0","0","","0","N","","1","0","0","0","0","0","0","2","0","1","","","","N","","","","","","","","","",""
"2017087382","","1","0","0","0","0","0","0","0","0","1","0","","02","8","2017","5","40.361735","-79.991576","","11","0","0","0","0","0","1","0","0","1","0","0","0","","","0","","0","","40 21:42.246","2","0","79 59:29.673","0","0","0","0","2476","0","0","0","N","0","0","0","2","02476","0","","1.0","","1","N","N","","1","","0","0","0","","0","Y","","2","0","0","0","0","0","0","2","0","2","","","","N","","","","","","","","","",""
"2017085619","","1","0","0","0","0","0","0","0","0","5","0","","02","8","2017","3","40.4901","-80.10983","","11","0","0","0","0","0","2","0","0","2","0","0","0","","","0","","0","","40 29:24.360","5","0","80 06:35.388","0","0","0","0","2126","0","0","0","","0","0","0","2","02126","0","","1.0","","9","","","","0","","0","0","0","","0","N","","2","0","0","0","0","0","0","2","1","2","","","","N","","","","","","","","","",""
"2017085017","","2","0","0","0","0","0","0","0","0","7","0","","02","8","2017","1","40.412126","-80.024911","","11","0","0","0","0","0","0","0","0","2","0","0","0","","","0","","0","","40 24:43.653","1","0","80 01:29.679","0","0","0","0","2301","0","0","0","N","0","0","0","1","02301","0","","2.0","","1","N","N","","0","","0","0","0","","0","Y","","2","0","0","0","0","0","0","2","0","2","","","","N","","","","","","","","","",""
"2017103838","","2","0","0","0","0","0","0","0","0","4","0","","02","10","2017","4","40.606901","-80.060231","","11","0","0","0","0","0","0","0","1","2","0","0","0","","","2","","0","","40 36:24.844","6","7","80 03:36.833","8","0","0","0","2108","0","0","0","","0","0","0","2","02108","0","","1.0","","1","N","N","","0","","0","0","0","","0","N","","2","2","0","0","0","2","0","2","0","2","","","","N","","","","","","","","","",""
"2017087529","","2","0","0","0","0","0","0","0","0","1","0","","02","8","2017","5","40.525231","-80.069357","","11","0","0","0","0","0","1","0","0","","0","0","0","","","1","","0","","40 31:30.833","","2","80 04:09.686","8","0","0","0","2215","0","0","0","","0","0","0","2","68B03","0","","1.0","","1","N","N","","0","","0","0","0","","0","","","2","1","0","0","0","1","0","2","0","2","","","","N","","","","","","","","","",""
"2017102942","","1","0","0","0","0","0","0","0","0","1","0","","02","10","2017","4","40.438688","-79.744661","","11","0","0","0","0","0","0","1","0","","0","0","0","","","0","","0","","40 26:19.275","","0","79 44:40.779","0","0","0","0","2446","0","0","0","N","0","0","0","2","02446","0","","1.0","","1","N","N","","0","","0","0","1","","0","","","2","0","0","0","0","0","0","2","0","2","","","","N","","","","","","","","","",""
"2017100393","","1","0","0","0","0","0","0","0","0","4","0","","02","9","2017","1","40.519723","-80.217801","","11","0","0","0","0","1","0","0","0","2","0","0","0","","","0","","2","","40 31:11.001","3","7","80 13:04.082","9","0","0","0","2213","0","0","0","","0","0","0","2","02213","0","","1.0","","1","N","N","","0","","0","0","1","","2","N","","2","0","0","0","0","0","1","2","0","2","","","","N","","","","","","","","","",""
"2017098993","","0","0","0","0","0","0","0","0","0","1","0","","02","8","2017","4","40.495894","-79.912154","","11","0","0","0","0","0","0","0","0","2","0","0","0","","","0","","0","","40 29:45.217","1","0","79 54:43.756","0","0","0","0","2112","0","0","0","","0","0","0","2","68D02","0","","1.0","","1","N","N","","0","","0","0","2","","0","N","","2","0","0","0","0","0","0","2","0","2","","","","N","","","","","","","","","",""