"CRN","ARRIVAL_TM","AUTOMOBILE_COUNT","BELTED_DEATH_COUNT","BELTED_SUSP_SERIOUS_INJ_COUNT","BICYCLE_COUNT","BICYCLE_DEATH_COUNT","BICYCLE_SUSP_SERIOUS_INJ_COUNT","BUS_COUNT","CHLDPAS_DEATH_COUNT","CHLDPAS_SUSP_SERIOUS_INJ_COUNT","COLLISION_TYPE","COMM_VEH_COUNT","CONS_ZONE_SPD_LIM","COUNTY","CRASH_MONTH","CRASH_YEAR","DAY_OF_WEEK","DEC_LATITUDE","DEC_LONGITUDE","DISPATCH_TM","DISTRICT","DRIVER_COUNT_16YR","DRIVER_COUNT_17YR","DRIVER_COUNT_18YR","DRIVER_COUNT_19YR","DRIVER_COUNT_20YR","DRIVER_COUNT_50_64YR","DRIVER_COUNT_65_74YR","DRIVER_COUNT_75PLUS","EST_HRS_CLOSED","FATAL_COUNT","HEAVY_TRUCK_COUNT","HORSE_BUGGY_COUNT","HOUR_OF_DAY","ILLUMINATION","INJURY_COUNT","INTERSECTION_RELATED","INTERSECT_TYPE","LANE_CLOSED","LATITUDE","LN_CLOSE_DIR","LOCATION_TYPE","LONGITUDE","MAX_SEVERITY_LEVEL","MCYCLE_DEATH_COUNT","MCYCLE_SUSP_SERIOUS_INJ_COUNT","MOTORCYCLE_COUNT","MUNICIPALITY","NONMOTR_COUNT","NONMOTR_DEATH_COUNT","NONMOTR_SUSP_SERIOUS_INJ_COUNT","NTFY_HIWY_MAINT","PED_COUNT","PED_DEATH_COUNT","PED_SUSP_SERIOUS_INJ_COUNT","PERSON_COUNT","POLICE_AGCY","POSSIBLE_INJ_COUNT","RDWY_SURF_TYPE_CD","RELATION_TO_ROAD","ROADWAY_CLEARED","ROAD_CONDITION","SCH_BUS_IND","SCH_ZONE_IND","SECONDARY_CRASH","SMALL_TRUCK_COUNT","SPEC_JURIS_CD","SUSP_MINOR_INJ_COUNT","SUSP_SERIOUS_INJ_COUNT","SUV_COUNT","TCD_FUNC_CD","TCD_TYPE","TFC_DETOUR_IND","TIME_OF_DAY","TOTAL_UNITS","TOT_INJ_COUNT","UNBELTED_OCC_COUNT","UNB_DEATH_COUNT","UNB_SUSP_SERIOUS_INJ_COUNT","UNK_INJ_DEG_COUNT","UNK_INJ_PER_COUNT","URBAN_RURAL","VAN_COUNT","VEHICLE_COUNT","WEATHER1","WEATHER2","WORKERS_PRES","WORK_ZONE_IND","WORK_ZONE_LOC","WORK_ZONE_TYPE","WZ_CLOSE_DETOUR","WZ_FLAGGER","WZ_LAW_OFFCR_IND","WZ_LN_CLOSURE","WZ_MOVING","WZ_OTHER","WZ_SHLDER_MDN","WZ_WORKERS_INJ_KILLED"
"2017115315","","0","0","0","0","0","0","0","0","0","7","0","","02","11","2017","1","40.65926","-79.844035","","11","0","0","0","0","0","0","1","0","2","0","0","0","","","0","","0","","40 39:33.337","4","0","79 50:38.527","0","0","0","0","2220","0","0","0","N","0","0","0","1","02220","0","","5.0","","1","N","N","","1","","0","0","0","","0","Y","","1","0","0","0","0","0","0","1","0","1","","","","N","","","","","","","","","",""
"2017117162","","1","0","0","0","0","0","0","0","0","1","0","","02","11","2017","4","40.531","-80.171944","","11","0","0","0","0","0","0","1","0","1","0","0","0","","","0","","0","","40 31:51.600","4","0","80 10:19.000","9","0","0","0","2458","0","0","0","N","0","0","0","1","02458","0","","1.0","","1","N","N","","1","","0","0","1","","0","N","","3","0","0","0","0","0","1","2","0","3","","","","N","","","","","","","","","",""
"2017110052","","2","0","0","0","0","0","0","0","0","4","0","","02","10","2017","2","40.438899","-79.934128","","11","0","0","0","0","0","0","0","1","2","0","0","0","","","1","","1","","40 26:20.036","5","0","79 56:02.860","4","0","0","0","2301","0","0","0","N","0","0","0","5","02301","1","","1.0","","9","N","N","","0","","0","0","0","","0","N","","3","1","0","0","0","0","0","2","1","3","","","","N","","","","","","","","","",""
"2017130272","","0","0","0","0","0","0","0","0","0","7","0","45","02","10","2017","5","40.517876","-80.276618","","11","0","0","0","0","0","0","0","0","1","0","0","0","","","0","","0","","40 31:04.354","3","0","80 16:35.824","0","0","0","0","2203","0","0","0","","0","0","0","1","68B03","0","","4.0","","1","N","N","","0","","0","0","1","","0","N","","1","0","0","0","0","0","0","2","0","1","","","Y","Y","4","1","N","N","N","Y","N","Y","Y",""
"2017131966","","1","0","0","0","0","0","0","0","0","4","0","","02","12","2017","4","40.443885","-79.768655","","11","0","0","0","0","0","0","1","0","","0","0","0","","","0","","1","","40 26:37.986","","0","79 46:07.158","0","0","0","0","2446","0","0","0","N","0","0","0","2","02446","0","","1.0","","1","N","N","","0","","0","0","0","","0","","","2","0","1","0","0","0","0","2","1","2","","","","N","","","","","","","","","",""
"2017106237","","1","0","0","0","0","0","0","0","0","7","0","","02","10","2017","5","40.506638","-79.801654","","11","0","0","0","0","0","0","0","0","3","0","0","0","","","1","","0","","40 30:23.896","5","0","79 48:05.955","8","0","0","0","2113","0","0","0","N","0","0","0","1","02113","0","","5.0","","1","N","N","","0","","0","0","0","","0","N","","1","1","1","0","0","1","0","2","0","1","","","","N","","","","","","","","","",""
"2017089190","","1","0","0","0","0","0","0","0","0","1","0","","02","8","2017","6","40.353466","-80.027098","","11","0","0","0","0","0","1","0","0","","0","0","0","","","0","","3","","40 21:12.476","","0","80 01:37.553","0","0","0","0","2407","0","0","0","","0","0","0","4","02407","0","","1.0","","1","N","N","","0","","0","0","1","","2","","","2","0","0","0","0","0","0","2","0","2","","","","N","","","","","","","","","",""
"2017092934","","1","0","0","0","0","0","0","0","0","1","0","","02","9","2017","7","40.606501","-79.753758","","11","0","0","0","0","0","1","1","0","","0","0","0","","","1","","0","","40 36:23.403","","0","79 45:13.529","3","0","0","0","2464","0","0","0","N","0","0","0","6","02464","0","","1.0","","1","N","N","","1","","1","0","1","","0","","","3","1","0","0","0","0","0","2","0","3","","","","N","","","","","","","","","",""
"2017089198","","1","0","0","0","0","0","0","0","0","4","0","","02","8","2017","3","40.367981","-80.056519","","11","0","0","0","0","0","2","0","0","2","0","0","0","","","0","","2","","40 22:04.732","7","0","80 03:23.470","0","0","0","0","2109","0","0","0","","0","0","0","2","02109","0","","1.0","","1","N","N","","0","","0","0","1","","3","Y","","2","0","0","0","0","0","0","2","0","2","","","","N","","","","","","","","","",""
"2017117588","","1","0","0","0","0","0","0","0","0","7","0","","02","11","2017","4","40.466056","-80.07575","","11","0","0","0","0","0","0","0","0","1","0","0","0","","","0","","0","","40 27:57.800","4","0","80 04:32.700","0","0","0","0","2444","0","0","0","N","0","0","0","1","02444","0","","5.0","","1","N","N","","0","","0","0","0","","0","N","","1","0","0","0","0","0","0","2","0","1","","","","N","","","","","","","","","",""
"2017137684","","1","0","0","0","0","0","0","0","0","4","0","","02","12","2017","3","40.516926","-80.221347","","11","0","0","0","0","0","0","0","0","1","0","0","0","","","0","","1","","40 31:00.932","3","0","80 13:16.848","0","0","0","0","2213","0","0","0","","0","0","0","4","02213","0","","1.0","","1","N","N","","0","","0","0","0","","2","N","","2","0","0","0","0","0","0","2","1","2","","","","N","","","","","","","","","",""
"2017118271","","2","0","0","0","0","0","0","0","0","4","0","","02","11","2017","6","40.453883","-80.065041","","11","0","0","0","0","0","2","0","0","","0","0","0","","","0","","2","","40 27:13.978","","0","80 03:54.147","0","0","0","0","2301","0","0","0","N","0","0","0","3","02301","0","","1.0","","1","N","N","","0","","0","0","0","","3","","","2","0","0","0","0","0","0","2","0","2","","","","N","","","","","","","","","",""
"2017125742","","1","0","0","0","0","0","0","0","0","7","0","","02","11","2017","4","40.411375","-80.162138","","11","0","1","0","0","0","0","0","0","","0","0","0","","","0","","0","","40 24:40.950","","0","80 09:43.696","0","0","0","0","2102","0","0","0","N","0","0","0","1","02102","0","","5.0","","1","N","N","","0","","0","0","0","","0","","","1","0","0","0","0","0","0","1","0","1","","","","N","","","","","","","","","",""
"2017112675","","1","0","0","0","0","0","0","0","0","1","0","","02","10","2017","3","40.66546","-79.934257","","11","0","0","0","0","0","0","0","0","1","0","0","0","","","2","","0","","40 39:55.655","2","0","79 56:03.325","4","0","0","0","2217","0","0","0","N","0","0","0","2","02505","2","","1.0","","1","N","N","","0","","0","0","1","","2","Y","","2","2","0","0","0","0","0","2","0","2","","","","N","","","","","","","","","",""
"2017081577","","1","0","0","0","0","0","0","0","0","1","0","","02","8","2017","5","40.408507","-80.00476","","11","0","0","1","0","0","0","0","0","","0","0","0","","","1","","0","","40 24:30.626","","0","80 00:17.136","8","0","0","0","2301","0","0","0","N","0","0","0","3","02301","0","","1.0","","1","N","N","","1","","0","0","1","","0","","","3","1","0","0","0","1","0","2","0","3","","","","N","","","","","","","","","",""
"2017132181","","0","0","0","0","0","0","0","0","0","7","1","","02","12","2017","2","40.438739","-79.752328","","11","0","0","0","0","0","1","0","0","2","0","1","0","","","1","","3","","40 26:19.462","3","2","79 45:08.381","8","0","0","0","2446","0","0","0","","0","0","0","1","68T09","0","","4.0","","1","N","N","","0","","0","0","0","","0","Y","","1","1","0","0","0","1","0","2","0","1","","","","N","","","","","","","","","",""
"2017118277","","1","0","0","0","0","0","0","0","0","2","0","","02","11","2017","5","40.427395","-79.721539","","11","0","0","0","0","0","0","0","0","","0","0","0","","","1","","1","","40 25:38.622","","0","79 43:17.540","8","0","0","0","2446","0","0","0","N","0","0","0","2","02446","0","","1.0","","1","N","N","","1","","0","0","0","","2","","","2","1","0","0","0","1","1","2","0","2","","","","N","","","","","","","","","",""
"2017092928","","1","0","0","0","0","0","0","0","0","1","0","","02","9","2017","1","40.557994","-80.204719","","11","0","0","0","0","0","0","0","0","1","0","0","0","","","1","","0","","40 33:28.779","1","0","80 12:16.988","8","0","0","1","2441","0","0","0","N","0","0","0","3","02441","0","","1.0","","1","N","N","","0","","0","0","0","","2","Y","","2","1","0","0","0","1","0","2","0","2","","","","N","","","","","","","","","",""
"2017117200","","0","0","0","0","0","0","0","0","0","1","0","","02","11","2017","4","40.493509","-79.869546","","11","0","0","0","0","0","0","0","0","1","0","0","0","","","0","","0","","40 29:36.634","3","0","79 52:10.367","0","0","0","0","2112","0","0","0","N","0","0","0","2","02112","0","","1.0","","1","N","N","","1","","0","0","0","","0","N","","2","0","0","0","0","0","0","2","1","2","","","","N","","","","","","","","","",""
"2017098434","","1","0","0","0","0","0","0","0","0","7","0","","02","9","2017","7","40.463634","-79.931421","","11","0","0","0","0","0","0","0","0","","0","0","0","","","0","","0","","40 27:49.082","","0","79 55:53.115","0","0","0","0","2301","0","0","0","N","0","0","0","1","02301","0","","5.0","","1","N","N","","0","","0","0","0","","0","","","1","0","0","0","0","0","0","2","0","1","","","","N","","","","","","","","","",""
"2017110476","","1","0","0","0","0","0","0","0","0","1","0","","02","10","2017","3","40.323614","-79.838883","","11","0","0","0","0","0","1","0","0","1","0","0","0","","","1","","5","","40 19:25.011","5","0","79 50:19.979","8","0","0","0","2304","0","0","0","N","0","0","0","2","02304","0","","1.0","","1","N","N","","0","","0","0","0","","0","Y","","2","1","0","0","0","1","0","2","1","2","","","","N","","","","","","","","","",""
"2017115809","","1","0","0","0","0","0","0","0","0","1","0","","02","11","2017","2","40.428773","-79.985344","","11","0","0","0","0","0","1","0","0","","0","0","0","","","0","","1","","40 25:43.581","","0","79 59:07.240","0","0","0","0","2301","0","0","0","N","0","0","0","2","02301","0","","1.0","","9","N","N","","1","","0","0","0","","3","","","2","0","0","0","0","0","0","2","0","2","","","","N","","","","","","","","","",""
"2017105827","","0","0","0","0","0","0","0","0","0","99","0","","02","10","2017","5","40.357533","-79.86378","","11","0","0","0","0","0","0","0","0","","0","0","0","","","0","","0","","40 21:27.117","","0","79 51:49.607","0","0","0","0","2473","0","0","0","N","0","0","0","1","02473","0","","1.0","","1","N","N","","0","","0","0","1","","0","","","1","0","0","0","0","0","0","2","0","1","","","","N","","","","","","","","","",""
"2017122058","","2","0","0","0","0","0","0","0","0","4","0","","02","11","2017","4","40.426688","-79.890095","","11","0","0","0","0","0","0","0","0","1","0","0","0","","","0","","2","","40 25:36.075","1","0","79 53:24.343","0","0","0","0","2426","0","0","0","","0","0","0","2","02426","0","","1.0","","1","N","N","","0","","0","0","0","","2","Y","","2","0","0","0","0","0","0","2","0","2","","","","N","","","","","","","","","",""
"2017110235","","2","0","0","0","0","0","0","0","0","1","0","","02","10","2017","2","40.472657","-79.972844","","11","0","0","0","0","0","1","0","0","","0","0","0","","","0","","0","","40 28:21.565","","0","79 58:22.240","9","0","0","0","2445","0","0","0","","0","0","0","3","02445","0","","1.0","","9","","","","1","","0","0","0","","0","","","3","0","0","0","0","0","1","2","0","3","","","","N","","","","","","","","","",""
"2017119006","","0","0","0","0","0","0","0","0","0","1","0","","02","11","2017","2","40.485183","-79.856869","","11","0","0","0","0","0","0","0","0","2","0","0","0","","","1","","2","","40 29:06.657","4","0","79 51:24.730","4","0","0","0","2113","0","0","0","N","0","0","0","2","02113","1","","1.0","","9","N","N","","0","","0","0","2","","2","N","","2","1","0","0","0","0","0","2","0","2","","","","N","","","","","","","","","",""
"2017127726","","0","0","0","0","0","0","0","0","0","0","0","","02","12","2017","2","40.452748","-80.235147","","11","0","0","0","0","0","0","0","0","2","0","0","0","","","1","","0","","40 27:09.893","5","0","80 14:06.528","4","0","0","0","2203","0","0","0","N","0","0","0","2","02203","1","","5.0","","1","N","N","","1","","0","0","0","","0","Y","","1","1","0","0","0","0","0","2","0","1","","","","N","","","","","","","","","",""
"2017130437","","1","0","0","0","0","0","0","0","0","7","0","","02","12","2017","7","40.361108","-79.993611","","11","0","0","0","0","0","0","0","0","","0","0","0","","","0","","0","","40 21:39.990","","0","79 59:36.998","0","0","0","0","2476","0","0","0","","0","0","0","1","02476","0","","5.0","","1","N","N","","0","","0","0","0","","0","","","1","0","0","0","0","0","0","2","0","1","","","","N","","","","","","","","","",""
"2017117138","","0","0","0","0","0","0","0","0","0","1","0","","02","11","2017","4","40.639539","-80.064916","","11","0","0","0","0","0","0","1","0","1","0","0","0","","","1","","0","","40 38:22.339","2","0","80 03:53.696","8","0","0","0","2216","0","0","0","N","0","0","0","4","02505","0","","1.0","","1","N","N","","1","","0","0","2","","2","N","","3","1","0","0","0","1","0","2","0","3","","","","N","","","","","","","","","",""
"2017138320","","1","0","0","0","0","0","0","0","0","7","0","","02","12","2017","2","40.51089","-79.854594","","11","0","0","0","0","0","0","0","0","","0","0","0","","","0","","0","","40 30:39.205","","0","79 51:16.537","0","0","0","0","2112","0","0","0","","0","0","0","1","68D02","0","","4.0","","1","N","N","","0","","0","0","0","","0","","","1","0","0","0","0","0","0","2","0","1","","","","N","","","","","","","","","",""
"2017117907","","1","0","0","0","0","0","0","0","0","7","0","","02","11","2017","5","40.483904","-80.013188","","11","0","0","0","0","0","1","0","0","","0","0","0","","","1","","2","","40 29:02.054","","0","80 00:47.477","8","0","0","0","2301","0","0","0","N","0","0","0","1","02301","0","","5.0","","1","N","N","","0","","0","0","0","","0","","","1","1","0","0","0","1","0","2","0","1","","","","N","","","","","","","","","",""
"2017112931","","1","0","0","0","0","0","0","0","0","1","0","","02","10","2017","3","40.368348","-80.103053","","11","0","0","0","0","0","0","0","0","","0","0","0","","","1","","0","","40 22:06.053","","0","80 06:10.989","4","0","0","0","2102","0","0","0","N","0","0","0","2","02102","1","","1.0","","1","N","N","","0","","0","0","1","","2","","","2","1","0","0","0","0","0","2","0","2","","","","N","","","","","","","","","",""
"2017130005","","1","0","0","0","0","0","0","0","0","1","0","","02","6","2017","1","40.443724","-80.179003","","11","0","1","0","0","0","0","0","0","2","0","0","0","","","2","","0","","40 26:37.407","3","0","80 10:44.409","3","0","0","0","2214","0","0","0","","0","0","0","6","68B03","0","","1.0","","1","N","N","","0","","2","0","1","","0","N","","2","2","0","0","0","0","1","1","0","2","","","","N","","","","","","","","","",""
"2017130941","","0","0","0","0","0","0","0","0","0","5","0","","02","8","2017","2","40.501431","-80.024914","","11","0","0","0","0","0","0","0","0","","0","0","0","","","1","","0","","40 30:05.152","","0","80 01:29.692","8","0","0","0","2116","0","0","0","","0","0","0","3","68B03","0","","1.0","","1","N","N","","1","","0","0","1","","0","","","2","1","0","0","0","1","0","2","0","2","","","","N","","","","","","","","","",""
"2017130778","","0","0","0","0","0","0","0","0","0","7","0","","02","12","2017","1","40.543384","-80.214681","","11","0","0","0","0","0","1","0","0","","0","0","0","","","0","","0","","40 32:36.183","","0","80 12:52.852","0","0","0","0","2213","0","0","0","","0","0","0","1","02213","0","","4.0","","2","N","N","","1","","0","0","0","","0","","","1","0","0","0","0","0","0","2","0","1","","","","N","","","","","","","","","",""
"2017117458","","2","0","0","0","0","0","0","0","0","2","0","","02","11","2017","4","40.432155","-80.003961","","11","0","0","0","0","0","1","0","0","1","0","0","0","","","1","","1","","40 25:55.759","7","0","80 00:14.260","3","0","0","0","2301","0","0","0","N","0","0","0","5","02301","0","","1.0","","1","N","N","","0","","1","0","0","","2","N","","2","1","0","0","0","0","0","2","0","2","","","","N","","","","","","","","","",""
"2017118966","","0","0","0","0","0","0","0","0","0","99","0","55","02","11","2017","6","40.58672","-79.877997","","11","0","0","0","0","0","1","0","0","","0","0","0","","","0","","0","","40 35:12.192","","0","79 52:40.790","0","0","0","0","2209","0","0","0","","0","0","0","2","68T02","0","","1.0","","1","N","N","","1","","0","0","0","","0","","","1","0","0","0","0","0","0","2","0","1","","","N","Y","8","1","N","N","N","N","Y","Y","Y",""
"2017083765","","1","0","0","0","0","0","0","0","0","4","0","","02","8","2017","3","40.41239","-79.940314","","11","0","0","0","0","0","1","0","0","2","0","0","0","","","1","","0","","40 24:44.604","6","0","79 56:25.130","3","0","0","0","2301","0","0","0","N","0","0","0","1","02301","0","","6.0","","1","N","N","","0","","1","0","1","","0","Y","","2","1","0","0","0","0","0","2","0","2","","","","N","","","","","","","","","",""
"2017116725","","2","0","0","0","0","0","0","0","0","2","0","","02","11","2017","3","40.437875","-79.999005","","11","0","0","0","0","0","0","0","0","","0","0","0","","","0","","1","","40 26:16.351","","0","79 59:56.417","9","0","0","0","2301","0","0","0","N","0","0","0","2","02301","0","","1.0","","9","N","N","","0","","0","0","0","","3","","","2","0","0","0","0","0","1","2","0","2","","","","N","","","","","","","","","",""
"2017119142","","1","0","0","0","0","0","0","0","0","7","0","","02","9","2017","2","40.4512","-80.169246","","11","0","0","0","0","0","0","0","0","","0","0","0","","","1","","6","","40 27:04.319","","2","80 10:09.285","3","0","0","0","2115","0","0","0","","0","0","0","1","68B03","0","","2.0","","1","N","N","","0","","1","0","0","","0","","","1","1","0","0","0","0","0","2","0","1","","","","N","","","","","","","","","",""
"2017125974","","0","0","0","0","0","0","0","0","0","0","1","","02","11","2017","5","40.356936","-79.955923","","11","0","0","0","0","0","1","0","0","","0","1","0","","","1","","2","","40 21:24.969","","0","79 57:21.324","8","0","0","0","2403","0","0","0","Y","0","0","0","1","02403","0","","4.0","","1","N","N","","0","","0","0","0","","3","","","1","1","0","0","0","1","0","2","0","1","","","","N","","","","","","","","","",""
"2017111482","","2","0","0","0","0","0","0","0","0","2","0","","02","10","2017","2","40.358332","-80.105266","","11","0","0","0","0","0","1","0","0","","0","0","0","","","0","","2","","40 21:29.995","","0","80 06:18.957","0","0","0","0","2414","0","0","0","","0","0","0","2","02414","0","","1.0","","9","N","N","","0","","0","0","0","","3","","","2","0","0","0","0","0","0","2","0","2","","","","N","","","","","","","","","",""
"2017120168","","0","0","0","0","0","0","0","0","0","1","0","","02","11","2017","4","40.495751","-79.911268","","11","0","0","0","1","0","1","0","0","1","0","0","0","","","1","","0","","40 29:44.702","1","0","79 54:40.566","3","0","0","0","2461","0","0","0","","0","0","0","2","68D02","0","","1.0","","1","N","N","","0","","1","0","2","","0","Y","","2","1","0","0","0","0","0","2","0","2","","","","N","","","","","","","","","",""
"2017112471","","1","0","0","0","0","0","0","0","0","2","0","","02","10","2017","1","40.42875","-79.996806","","11","0","0","0","0","0","1","0","0","","0","0","0","","","1","","0","","40 25:43.500","","0","79 59:48.500","4","0","0","0","2301","0","0","0","N","0","0","0","2","02301","1","","1.0","","9","N","N","","1","","0","0","0","","0","","","2","1","0","0","0","0","0","2","0","2","","","","N","","","","","","","","","",""
"2017117866","","3","0","0","0","0","0","0","0","0","1","0","","02","11","2017","5","40.422487","-79.960186","","11","0","0","0","0","0","0","1","0","","0","0","0","","","2","","2","","40 25:20.953","","0","79 57:36.670","8","0","0","0","2301","0","0","0","N","0","0","0","4","02301","0","","1.0","","1","N","N","","0","","0","0","0","","2","","","3","2","0","0","0","2","0","2","0","3","","","","N","","","","","","","","","",""
"2017117590","","0","0","0","0","0","0","0","0","0","4","0","","02","11","2017","4","40.411593","-80.01164","","11","0","0","0","0","0","0","0","0","","0","0","0","","","0","","0","","40 24:41.734","","0","80 00:41.905","0","0","0","0","2301","0","0","0","N","0","0","0","2","02301","0","","1.0","","1","N","N","","1","","0","0","1","","0","","","2","0","0","0","0","0","0","2","0","2","","","","N","","","","","","","","","",""
"2017117534","","1","0","0","0","0","0","0","0","0","1","0","","02","11","2017","3","40.36809","-80.049334","","11","0","0","0","0","0","0","0","0","2","0","0","0","","","2","","2","","40 22:05.123","2","0","80 02:57.601","4","0","0","0","2109","0","0","0","","0","0","0","4","02109","2","","1.0","","9","N","N","","0","","0","0","2","","0","N","","3","2","0","0","0","0","0","2","0","3","","","","N","","","","","","","","","",""
"2017129577","","1","0","0","0","0","0","0","0","0","7","0","","02","12","2017","7","40.450743","-79.843739","","11","0","0","0","0","0","0","0","0","","0","0","0","","","0","","2","","40 27:02.675","","0","79 50:37.461","0","0","0","0","2113","0","0","0","N","0","0","0","1","02113","0","","2.0","","1","N","N","","0","","0","0","0","","0","","","1","0","0","0","0","0","0","2","0","1","","","","N","","","","","","","","","",""
"2017132847","","1","0","0","0","0","0","0","0","0","99","0","","02","12","2017","6","40.456551","-79.823081","","11","0","0","0","0","0","0","0","0","","0","0","0","","","1","","2","","40 27:23.584","","0","79 49:23.091","8","0","0","0","2113","0","0","0","N","0","0","0","3","02113","0","","1.0","","1","N","N","","0","","0","0","0","","3","","","2","1","0","0","0","1","0","2","1","2","","","","N","","","","","","","","","",""
"2017119129","","2","0","0","0","0","0","0","0","0","1","0","","02","11","2017","2","40.456201","-79.941006","","11","0","0","0","0","0","1","0","0","","0","0","0","","","2","","0","","40 27:22.322","","0","79 56:27.620","4","0","0","0","2301","0","0","0","N","0","0","0","2","02301","2","","1.0","","1","N","N","","0","","0","0","0","","0","","","2","2","0","0","0","0","0","2","0","2","","","","N","","","","","","","","","",""
"2017116701","","1","0","0","0","0","0","0","0","0","8","0","","02","11","2017","3","40.516233","-79.843314","","11","0","0","0","0","0","1","0","0","","0","0","0","","","1","","1","","40 30:58.437","","0","79 50:35.929","4","0","0","0","2451","1","0","0","N","1","0","0","2","02451","1","","4.0","","1","","N","","0","","0","0","0","","0","","","2","1","0","0","0","0","0","2","0","1","","","","N","","","","","","","","","",""
"2017131523","","0","0","0","0","0","0","0","0","0","7","0","","02","12","2017","3","40.365749","-79.807364","","11","0","0","0","0","0","1","0","0","2","0","0","0","","","0","","0","","40 21:56.698","5","0","79 48:26.510","0","0","0","0","2111","0","0","0","N","0","0","0","1","02111","0","","4.0","","2","N","N","","1","","0","0","0","","0","N","","1","0","0","0","0","0","0","2","0","1","","","","N","","","","","","","","","",""
"2017121620","","1","0","0","0","0","0","0","0","0","7","0","","02","11","2017","5","40.574611","-80.201472","","11","0","0","0","0","0","1","0","0","1","0","0","0","","","0","","0","","40 34:28.600","5","0","80 12:05.300","0","0","0","0","2107","0","0","0","N","0","0","0","1","02107","0","","2.0","","1","N","N","","0","","0","0","0","","0","N","","1","0","0","0","0","0","0","1","0","1","","","","N","","","","","","","","","",""
"2017109676","","0","0","0","0","0","0","0","0","0","8","0","","02","10","2017","2","40.437919","-79.99102","","11","0","0","0","0","0","0","1","0","","0","0","0","","","1","","1","","40 26:16.507","","0","79 59:27.672","8","0","0","0","2301","1","0","0","N","1","0","0","3","02508","0","","1.0","","9","N","N","","0","","0","0","1","","2","","","2","1","0","0","0","1","0","2","0","1","","","","N","","","","","","","","","",""
"2017116070","","2","0","0","0","0","0","0","0","0","1","0","","02","11","2017","2","40.480953","-80.045387","","11","0","0","0","0","0","1","0","1","2","0","0","0","","","1","","0","","40 28:51.429","2","0","80 02:43.392","8","0","0","0","2301","0","0","0","N","0","0","0","3","02301","0","","1.0","","1","N","N","","1","","0","0","0","","0","N","","3","1","0","0","0","1","0","2","0","3","","","","N","","","","","","","","","",""
"2017114242","","1","0","0","0","0","0","0","0","0","7","0","","02","11","2017","4","40.490581","-79.869098","","11","0","0","0","0","0","0","0","1","2","0","0","0","","","0","","0","","40 29:26.093","2","0","79 52:08.751","0","0","0","0","2112","0","0","0","","0","0","0","2","68D02","0","","3.0","","9","N","N","","0","","0","0","0","","0","N","","1","0","0","0","0","0","0","2","0","1","","","","N","","","","","","","","","",""
"2017071718","","1","0","0","0","0","0","0","0","0","1","0","","02","7","2017","5","40.534907","-80.181099","","11","0","0","0","0","1","0","0","0","1","0","0","0","","","1","","2","","40 32:05.666","2","0","80 10:51.956","8","0","0","0","2458","0","0","0","N","0","0","0","2","02458","0","","1.0","","9","N","N","","0","","0","0","1","","3","N","","2","1","0","0","0","1","0","2","0","2","","","","N","","","","","","","","","",""
"2017118257","","1","0","0","0","0","0","0","0","0","1","0","","02","11","2017","6","40.457893","-79.843132","","11","0","0","0","0","0","1","0","0","1","0","0","0","","","1","","0","","40 27:28.415","2","0","79 50:35.276","3","0","0","0","2113","0","0","0","N","0","0","0","1","02113","0","","4.0","","1","N","N","","0","","1","0","1","","0","N","","2","1","0","0","0","0","0","2","0","2","","","","N","","","","","","","","","",""
"2017111923","","1","0","0","0","0","0","0","0","0","8","0","","02","10","2017","3","40.442473","-79.995807","","11","0","0","0","0","0","1","0","0","","0","0","0","","","1","","2","","40 26:32.904","","0","79 59:44.905","8","0","0","0","2301","1","0","0","N","1","0","0","2","02301","0","","1.0","","1","N","N","","0","","0","0","0","","2","","","2","1","0","0","0","1","0","2","0","1","","","","N","","","","","","","","","",""
"2017111911","","0","0","0","0","0","0","0","0","0","7","0","","02","10","2017","3","40.512691","-79.893065","","11","0","0","0","0","0","0","0","0","","0","0","0","","","0","","0","","40 30:45.687","","3","79 53:35.034","0","0","0","0","2432","0","0","0","N","0","0","0","1","02432","0","","4.0","","1","N","N","","0","","0","0","1","","0","","","1","0","0","0","0","0","0","2","0","1","","","","N","","","","","","","","","",""
"2017119587","","1","0","0","0","0","0","0","0","0","5","1","","02","11","2017","3","40.449706","-80.025099","","11","0","0","0","0","0","1","0","0","1","0","1","0","","","0","","1","","40 26:58.940","2","0","80 01:30.356","0","0","0","0","2301","0","0","0","N","0","0","0","2","02301","0","","1.0","","1","N","N","","0","","0","0","0","","2","N","","2","0","0","0","0","0","0","2","0","2","","","","N","","","","","","","","","",""
"2017118732","","1","0","0","0","0","0","0","0","0","2","0","","02","11","2017","3","40.514136","-80.005012","","11","0","0","0","0","0","1","0","0","1","0","0","0","","","0","","2","","40 30:50.891","4","2","80 00:18.042","0","0","0","0","2116","0","0","0","N","0","0","0","2","02116","0","","1.0","","1","N","N","","1","","0","0","0","","2","Y","","2","0","1","0","0","0","0","2","0","2","","","","N","","","","","","","","","",""
"2017115853","","3","0","0","0","0","0","0","0","0","5","0","","02","11","2017","1","40.448972","-79.950194","","11","0","0","0","0","0","0","0","0","2","0","0","0","","","1","","0","","40 26:56.300","5","0","79 57:00.700","8","0","0","0","2301","0","0","0","N","0","0","0","1","02301","0","","1.0","","1","N","N","","0","","0","0","0","","0","Y","","3","1","0","0","0","1","0","2","0","3","","","","N","","","","","","","","","",""