"CRN","ARRIVAL_TM","AUTOMOBILE_COUNT","BELTED_DEATH_COUNT","BELTED_SUSP_SERIOUS_INJ_COUNT","BICYCLE_COUNT","BICYCLE_DEATH_COUNT","BICYCLE_SUSP_SERIOUS_INJ_COUNT","BUS_COUNT","CHLDPAS_DEATH_COUNT","CHLDPAS_SUSP_SERIOUS_INJ_COUNT","COLLISION_TYPE","COMM_VEH_COUNT","CONS_ZONE_SPD_LIM","COUNTY","CRASH_MONTH","CRASH_YEAR","DAY_OF_WEEK","DEC_LATITUDE","DEC_LONGITUDE","DISPATCH_TM","DISTRICT","DRIVER_COUNT_16YR","DRIVER_COUNT_17YR","DRIVER_COUNT_18YR","DRIVER_COUNT_19YR","DRIVER_COUNT_20YR","DRIVER_COUNT_50_64YR","DRIVER_COUNT_65_74YR","DRIVER_COUNT_75PLUS","EST_HRS_CLOSED","FATAL_COUNT","HEAVY_TRUCK_COUNT","HORSE_BUGGY_COUNT","HOUR_OF_DAY","ILLUMINATION","INJURY_COUNT","INTERSECTION_RELATED","INTERSECT_TYPE","LANE_CLOSED","LATITUDE","LN_CLOSE_DIR","LOCATION_TYPE","LONGITUDE","MAX_SEVERITY_LEVEL","MCYCLE_DEATH_COUNT","MCYCLE_SUSP_SERIOUS_INJ_COUNT","MOTORCYCLE_COUNT","MUNICIPALITY","NONMOTR_COUNT","NONMOTR_DEATH_COUNT","NONMOTR_SUSP_SERIOUS_INJ_COUNT","NTFY_HIWY_MAINT","PED_COUNT","PED_DEATH_COUNT","PED_SUSP_SERIOUS_INJ_COUNT","PERSON_COUNT","POLICE_AGCY","POSSIBLE_INJ_COUNT","RDWY_SURF_TYPE_CD","RELATION_TO_ROAD","ROADWAY_CLEARED","ROAD_CONDITION","SCH_BUS_IND","SCH_ZONE_IND","SECONDARY_CRASH","SMALL_TRUCK_COUNT","SPEC_JURIS_CD","SUSP_MINOR_INJ_COUNT","SUSP_SERIOUS_INJ_COUNT","SUV_COUNT","TCD_FUNC_CD","TCD_TYPE","TFC_DETOUR_IND","TIME_OF_DAY","TOTAL_UNITS","TOT_INJ_COUNT","UNBELTED_OCC_COUNT","UNB_DEATH_COUNT","UNB_SUSP_SERIOUS_INJ_COUNT","UNK_INJ_DEG_COUNT","UNK_INJ_PER_COUNT","URBAN_RURAL","VAN_COUNT","VEHICLE_COUNT","WEATHER1","WEATHER2","WORKERS_PRES","WORK_ZONE_IND","WORK_ZONE_LOC","WORK_ZONE_TYPE","WZ_CLOSE_DETOUR","WZ_FLAGGER","WZ_LAW_OFFCR_IND","WZ_LN_CLOSURE","WZ_MOVING","WZ_OTHER","WZ_SHLDER_MDN","WZ_WORKERS_INJ_KILLED"
"2017132297","","1","0","0","0","0","0","0","0","0","7","0","","02","12","2017","4","40.511428","-79.953017","","11","0","0","0","0","0","0","0","0","1","0","0","0","","","0","","0","","40 30:41.140","3","0","79 57:10.860","0","0","0","0","2118","0","0","0","N","0","0","0","1","02118","0","","2.0","","6","N","N","","0","","0","0","0","","0","N","","1","0","0","0","0","0","0","2","0","1","","","","N","","","","","","","","","",""
"2017122506","","2","0","0","0","0","0","0","0","0","1","0","","02","11","2017","7","40.566349","-80.21153","","11","0","0","0","0","0","1","0","0","2","0","0","0","","","0","","2","","40 33:58.856","1","0","80 12:41.509","0","0","0","0","2441","0","0","0","Y","0","0","0","2","02441","0","","1.0","","1","N","N","","0","","0","0","0","","2","Y","","2","0","0","0","0","0","0","2","0","2","","","","N","","","","","","","","","",""
"2017115171","","2","0","0","0","0","0","0","0","0","4","0","","02","11","2017","7","40.443914","-79.950752","","11","0","0","1","0","0","1","0","0","","0","0","0","","","1","","1","","40 26:38.089","","0","79 57:02.707","4","0","0","0","2301","0","0","0","N","0","0","0","4","02301","1","","1.0","","1","N","N","","0","","0","0","0","","2","","","2","1","0","0","0","0","0","2","0","2","","","","N","","","","","","","","","",""
"2017135248","","1","0","0","0","0","0","0","0","0","1","1","","02","12","2017","4","40.444181","-80.147708","","11","0","0","0","0","0","0","0","0","","0","1","0","","","0","","0","","40 26:39.050","","0","80 08:51.747","0","0","0","0","2115","0","0","0","N","0","0","0","2","02115","0","","1.0","","1","N","N","","0","","0","0","0","","0","","","2","0","0","0","0","0","0","2","0","2","","","","N","","","","","","","","","",""
"2017116603","","1","0","0","0","0","0","0","0","0","1","0","","02","11","2017","3","40.443938","-80.237026","","11","0","0","0","0","0","0","0","1","","0","0","0","","","1","","1","","40 26:38.176","","0","80 14:13.293","4","0","0","0","2214","0","0","0","N","0","0","0","2","02214","1","","1.0","","9","N","N","","0","","0","0","1","","0","","","2","1","0","0","0","0","0","2","0","2","","","","N","","","","","","","","","",""
"2017136298","","1","0","0","0","0","0","0","0","0","6","0","","02","12","2017","5","40.382385","-80.038242","","11","0","0","0","0","0","1","0","0","2","0","0","0","","","1","","0","","40 22:56.587","7","0","80 02:17.672","4","0","0","0","2109","0","0","0","N","0","0","0","2","02109","1","","1.0","","1","N","N","","0","","0","0","1","","0","Y","","2","1","0","0","0","0","0","2","0","2","","","","N","","","","","","","","","",""
"2017130840","","1","0","0","0","0","0","0","0","0","1","0","","02","12","2017","2","40.51131","-79.854716","","11","0","0","1","0","0","1","0","0","2","0","0","0","","","0","","0","","40 30:40.715","2","0","79 51:16.979","0","0","0","0","2112","0","0","0","","0","0","0","4","68D02","0","","1.0","","1","N","N","","2","","0","0","1","","0","N","","4","0","0","0","0","0","0","2","0","4","","","","N","","","","","","","","","",""
"2017137380","","1","0","0","0","0","0","0","0","0","4","0","","02","12","2017","3","40.368551","-80.036973","","11","0","0","0","0","0","0","0","0","1","0","0","0","","","1","","2","","40 22:06.783","1","0","80 02:13.101","4","0","0","0","2416","0","0","0","","0","0","0","2","02416","1","","1.0","","1","N","N","","0","","0","0","1","","0","N","","2","1","0","0","0","0","0","2","0","2","","","","N","","","","","","","","","",""
"2017115578","","2","0","0","0","0","0","0","0","0","4","0","","02","11","2017","1","40.444754","-79.848221","","11","0","0","0","0","0","0","0","1","2","0","0","0","","","0","","1","","40 26:41.114","3","0","79 50:53.596","0","0","0","0","2419","0","0","0","N","0","0","0","3","02419","0","","1.0","","1","N","N","","0","","0","0","0","","2","N","","2","0","1","0","0","0","0","2","0","2","","","","N","","","","","","","","","",""
"2017119559","","1","0","0","0","0","0","0","0","0","1","0","","02","11","2017","3","40.487183","-80.044906","","11","0","0","0","0","0","0","0","0","","0","0","0","","","0","","0","","40 29:13.857","","0","80 02:41.660","0","0","0","0","2301","0","0","0","N","0","0","0","1","02301","0","","6.0","","1","N","N","","1","","0","0","0","","0","","","2","0","0","0","0","0","0","2","0","2","","","","N","","","","","","","","","",""
"2017128255","","2","0","0","0","0","0","0","0","0","4","0","","02","12","2017","3","40.331204","-79.945567","","11","0","0","0","0","0","1","1","0","1","0","0","0","","","0","","0","","40 19:52.334","1","7","79 56:44.041","0","0","0","0","2454","0","0","0","N","0","0","0","2","02454","0","","1.0","","9","N","N","","0","","0","0","0","","2","Y","","2","0","0","0","0","0","0","2","0","2","","","","N","","","","","","","","","",""
"2017115421","","0","0","0","0","0","0","0","0","0","4","0","","02","11","2017","1","40.33798","-79.894971","","11","0","1","0","0","0","0","0","0","1","0","0","0","","","0","","2","","40 20:16.728","1","1","79 53:41.897","9","0","0","0","2473","0","0","0","N","0","0","0","2","02473","0","","1.0","","9","N","N","","1","","0","0","0","","2","Y","","2","0","0","0","0","0","1","2","1","2","","","","N","","","","","","","","","",""
"2017139050","","1","0","0","0","0","0","0","0","0","7","0","","02","12","2017","7","40.474778","-80.132556","","11","0","0","0","0","0","0","0","0","","0","0","0","","","0","","0","","40 28:29.200","","0","80 07:57.200","0","0","0","0","2115","0","0","0","N","0","0","0","1","02115","0","","4.0","","9","N","N","","0","","0","0","0","","0","","","1","0","0","0","0","0","0","2","0","1","","","","N","","","","","","","","","",""
"2017117423","","0","0","0","0","0","0","0","0","0","4","0","","02","11","2017","4","40.47545","-79.924571","","11","0","0","0","0","1","1","0","0","","0","0","0","","","1","","1","","40 28:31.619","","0","79 55:28.455","4","0","0","0","2301","0","0","0","N","0","0","0","3","02301","1","","1.0","","1","N","N","","1","","0","0","1","","3","","","2","1","2","0","0","0","0","2","0","2","","","","N","","","","","","","","","",""
"2017137862","","2","0","0","0","0","0","0","0","0","1","0","","02","10","2017","1","40.413923","-80.081866","","11","0","0","0","1","1","1","1","0","1","0","0","0","","","0","","0","","40 24:50.124","4","0","80 04:54.719","0","0","0","0","2415","0","0","0","","0","0","0","5","68B03","0","","1.0","","9","N","N","","0","","0","0","3","","0","N","","5","0","1","0","0","0","0","2","0","5","","","","N","","","","","","","","","",""
"2017132722","","1","0","0","0","0","0","0","0","0","7","0","","02","12","2017","3","40.616993","-79.902068","","11","0","0","0","0","0","0","0","0","2","0","0","0","","","1","","0","","40 37:01.175","4","0","79 54:07.445","2","0","0","0","2220","0","0","0","N","0","0","0","1","02220","0","","2.0","","1","N","N","","0","","0","1","0","","0","N","","1","1","1","0","1","0","0","2","0","1","","","","N","","","","","","","","","",""
"2017129987","","0","0","0","0","0","0","0","0","0","1","0","","02","11","2017","5","40.517229","-80.128959","","11","0","0","0","0","0","1","0","0","1","0","0","0","","","0","","0","","40 31:02.023","2","0","80 07:44.253","0","0","0","0","2434","0","0","0","","0","0","0","2","68B03","0","","1.0","","1","N","N","","2","","0","0","0","","4","N","","2","0","0","0","0","0","0","2","0","2","","","","N","","","","","","","","","",""
"2017118679","","1","0","0","0","0","0","0","0","0","1","0","","02","11","2017","6","40.438696","-79.744854","","11","0","1","0","0","0","0","0","0","","0","0","0","","","0","","0","","40 26:19.306","","0","79 44:41.473","0","0","0","0","2446","0","0","0","N","0","0","0","3","02446","0","","1.0","","1","N","N","","0","","0","0","1","","0","","","2","0","0","0","0","0","0","2","0","2","","","","N","","","","","","","","","",""
"2017136700","","1","0","0","0","0","0","0","0","0","7","0","","02","12","2017","2","40.326055","-80.06566","","11","0","0","0","0","0","0","0","0","","0","0","0","","","0","","2","","40 19:33.799","","0","80 03:56.375","0","0","0","0","2123","0","0","0","N","0","0","0","1","02123","0","","4.0","","7","N","N","","0","","0","0","0","","2","","","1","0","0","0","0","0","0","2","0","1","","","","N","","","","","","","","","",""
"2017118510","","1","0","0","0","0","0","0","0","0","1","0","","02","11","2017","4","40.34889","-79.939012","","11","0","0","0","0","0","1","0","0","1","0","0","0","","","0","","2","","40 20:56.003","3","0","79 56:20.443","0","0","0","0","2473","0","0","0","N","0","0","0","3","02473","0","","1.0","","1","N","N","","1","","0","0","0","","4","Y","","2","0","0","0","0","0","0","2","0","2","","","","N","","","","","","","","","",""
"2017115452","","0","0","0","0","0","0","0","0","0","4","0","","02","11","2017","1","40.488962","-79.901612","","11","0","0","0","0","0","0","0","1","","0","0","0","","","1","","2","","40 29:20.264","","0","79 54:05.803","3","0","0","0","2401","0","0","0","N","0","0","0","2","02401","0","","1.0","","9","N","N","","1","","1","0","1","","0","","","2","1","0","0","0","0","0","2","0","2","","","","N","","","","","","","","","",""
"2017115457","","1","0","0","0","0","0","0","0","0","1","0","","02","11","2017","1","40.429267","-79.999168","","11","0","0","0","1","0","0","0","0","","0","0","0","","","0","","10","","40 25:45.362","","4","79 59:57.003","0","0","0","0","2301","0","0","0","N","0","0","0","5","02301","0","","1.0","","9","N","N","","0","","0","0","1","","1","","","2","0","0","0","0","0","0","2","0","2","","","","N","","","","","","","","","",""
"2017125721","","2","0","0","0","0","0","0","0","0","2","0","","02","11","2017","3","40.369422","-79.81543","","11","0","0","0","0","1","1","0","0","3","0","0","0","","","3","","3","","40 22:09.919","5","0","79 48:55.548","3","0","0","0","2111","0","0","0","N","0","0","0","3","02111","1","","1.0","","1","N","N","","0","","2","0","0","","3","Y","","2","3","1","0","0","0","0","2","0","2","","","","N","","","","","","","","","",""
"2017133837","","1","0","0","0","0","0","0","0","0","4","0","","02","12","2017","1","40.623125","-80.078213","","11","0","0","0","1","0","0","0","0","1","0","0","0","","","0","","1","","40 37:23.251","4","0","80 04:41.568","0","0","0","0","2212","0","0","0","N","0","0","0","3","02505","0","","1.0","","1","N","N","","0","","0","0","1","","3","N","","3","0","0","0","0","0","0","2","0","2","","","","N","","","","","","","","","",""
"2017127057","","1","0","0","0","0","0","0","0","0","4","1","","02","12","2017","6","40.487951","-80.056454","","11","0","0","0","0","0","0","0","0","2","0","1","0","","","1","","2","","40 29:16.625","6","0","80 03:23.234","8","0","0","0","2404","0","0","0","N","0","0","0","2","02404","0","","1.0","","1","N","N","","0","","0","0","0","","0","Y","","2","1","0","0","0","1","0","2","0","2","","","","N","","","","","","","","","",""
"2017125716","","0","0","0","0","0","0","0","0","0","7","0","","02","11","2017","3","40.370258","-79.785816","","11","0","0","0","0","0","0","0","1","","0","0","0","","","0","","0","","40 22:12.929","","7","79 47:08.936","0","0","0","0","2111","0","0","0","N","0","0","0","1","02111","0","","4.0","","1","N","N","","0","","0","0","0","","0","","","1","0","0","0","0","0","0","2","1","1","","","","N","","","","","","","","","",""
"2017120108","","1","0","0","0","0","0","0","0","0","7","0","","02","11","2017","4","40.522517","-80.190994","","11","0","0","0","0","0","0","0","0","1","0","0","0","","","0","","0","","40 31:21.060","3","0","80 11:27.580","0","0","0","0","2213","0","0","0","","0","0","0","1","02213","0","","4.0","","1","N","N","","0","","0","0","0","","0","N","","1","0","0","0","0","0","0","2","0","1","","","","N","","","","","","","","","",""
"2017138207","","1","0","0","0","0","0","0","0","0","6","0","","02","12","2017","5","40.460286","-79.717308","","11","0","0","0","0","0","0","0","0","1","0","0","0","","","0","","0","","40 27:37.030","2","0","79 43:02.310","0","0","0","0","2466","0","0","0","N","0","0","0","1","02466","0","","5.0","","1","N","N","","0","","0","0","1","","0","Y","","2","0","0","0","0","0","0","2","0","2","","","","N","","","","","","","","","",""
"2017137673","","1","0","0","0","0","0","0","0","0","1","0","","02","12","2017","5","40.486216","-80.123313","","11","0","0","0","0","0","0","0","0","","0","0","0","","","2","","0","","40 29:10.378","","0","80 07:23.926","4","0","0","0","2126","0","0","0","N","0","0","0","3","68B03","2","","1.0","","1","N","N","","1","","0","0","0","","0","","","2","2","0","0","0","0","0","2","0","2","","","","N","","","","","","","","","",""
"2017114743","","1","0","0","0","0","0","0","0","0","1","0","","02","11","2017","6","40.441972","-80.060778","","11","0","0","0","0","0","0","0","0","1","0","0","0","","","0","","2","","40 26:31.100","3","0","80 03:38.800","0","0","0","0","2301","0","0","0","N","0","0","0","2","02301","0","","1.0","","9","N","N","","0","","0","0","1","","0","N","","2","0","0","0","0","0","0","2","0","2","","","","N","","","","","","","","","",""
"2017136789","","0","0","0","0","0","0","0","0","0","7","0","","02","12","2017","2","40.628153","-79.848306","","11","0","0","1","0","0","0","0","0","2","0","0","0","","","0","","0","","40 37:41.350","6","0","79 50:53.900","0","0","0","0","2220","0","0","0","N","0","0","0","4","02220","0","","4.0","","6","N","N","","0","","0","0","1","","0","Y","","1","0","2","0","0","0","0","2","0","1","","","","N","","","","","","","","","",""
"2017115146","","0","0","0","0","0","0","0","0","0","7","0","","02","11","2017","7","40.469016","-79.962639","","11","0","0","0","0","0","0","0","0","","0","0","0","","","1","","0","","40 28:08.457","","0","79 57:45.499","3","0","0","0","2301","0","0","0","N","0","0","0","1","02301","0","","5.0","","1","N","N","","1","","1","0","0","","0","","","1","1","0","0","0","0","0","2","0","1","","","","N","","","","","","","","","",""
"2017116664","","2","0","0","0","0","0","0","0","0","6","0","","02","11","2017","3","40.46077","-79.91592","","11","0","0","0","0","0","1","0","0","1","0","0","0","","","0","","1","","40 27:38.771","3","0","79 54:57.312","9","0","0","0","2301","0","0","0","N","0","0","0","2","02301","0","","1.0","","9","N","N","","0","","0","0","0","","2","N","","2","0","0","0","0","0","2","2","0","2","","","","N","","","","","","","","","",""
"2017138027","","0","0","0","0","0","0","0","0","0","7","0","","02","12","2017","5","40.511386","-79.902153","","11","0","0","0","0","0","1","0","0","","0","0","0","","","0","","0","","40 30:40.990","","0","79 54:07.750","0","0","0","0","2432","0","0","0","N","0","0","0","1","02432","0","","2.0","","1","N","","","0","","0","0","1","","0","","","1","0","0","0","0","0","0","2","0","1","","","","N","","","","","","","","","",""
"2017129531","","1","0","0","0","0","0","0","0","0","4","0","","02","12","2017","6","40.450547","-79.930075","","11","0","0","0","0","0","1","0","0","1","0","0","0","","","0","","1","","40 27:01.969","1","0","79 55:48.270","0","0","0","0","2301","0","0","0","N","0","0","0","2","02301","0","","1.0","","1","N","N","","0","","0","0","1","","3","Y","","2","0","0","0","0","0","0","2","0","2","","","","N","","","","","","","","","",""
"2017107510","","1","0","0","0","0","0","0","0","0","1","0","","02","10","2017","3","40.336074","-79.810464","","11","0","0","0","0","0","2","0","0","2","0","0","0","","","3","","0","","40 20:09.867","1","0","79 48:37.670","8","0","0","0","2477","0","0","0","N","0","0","0","4","02477","0","","1.0","","1","N","N","","0","","0","0","2","","0","Y","","3","3","0","0","0","3","0","2","0","3","","","","N","","","","","","","","","",""
"2017133681","","1","0","0","0","0","0","0","0","0","1","0","","02","12","2017","2","40.461057","-79.866331","","11","0","0","0","0","0","0","0","0","","0","0","0","","","1","","1","","40 27:39.806","","0","79 51:58.790","3","0","0","0","2113","0","0","0","N","0","0","0","2","02113","0","","1.0","","9","N","N","","0","","1","0","1","","2","","","2","1","0","0","0","0","1","2","0","2","","","","N","","","","","","","","","",""
"2017115656","","1","0","0","0","0","0","0","0","0","4","0","","02","11","2017","1","40.391668","-80.020855","","11","0","0","0","0","0","1","0","0","","0","0","0","","","0","","0","","40 23:30.005","","0","80 01:15.077","0","0","0","0","2301","0","0","0","N","0","0","0","1","02301","0","","1.0","","9","N","N","","0","","0","0","1","","0","","","2","0","0","0","0","0","0","2","0","2","","","","N","","","","","","","","","",""
"2017128603","","1","0","0","0","0","0","0","0","0","7","0","","02","12","2017","3","40.464856","-79.853171","","11","0","0","0","0","0","0","0","0","2","0","0","0","","","1","","0","","40 27:53.482","6","0","79 51:11.417","8","0","0","0","2113","0","0","0","N","0","0","0","2","02113","0","","5.0","","1","N","N","","0","","0","0","0","","0","N","","1","1","0","0","0","1","0","2","0","1","","","","N","","","","","","","","","",""
"2017087006","","1","0","0","0","0","0","0","0","0","4","0","","02","8","2017","6","40.352757","-79.821461","","11","0","0","1","0","0","0","1","0","1","0","0","0","","","2","","1","","40 21:09.924","1","0","79 49:17.259","3","0","0","0","2477","0","0","0","N","0","0","0","3","02477","1","","1.0","","1","N","N","","0","","1","0","1","","3","N","","2","2","0","0","0","0","0","2","0","2","","","","N","","","","","","","","","",""
"2017128278","","0","0","0","0","0","0","0","0","0","1","0","","02","12","2017","3","40.532829","-80.17675","","11","0","0","0","0","0","0","0","0","1","0","0","0","","","0","","2","","40 31:58.183","5","0","80 10:36.301","0","0","0","0","2458","0","0","0","N","0","0","0","3","02458","0","","1.0","","9","N","N","","0","","0","0","2","","0","N","","2","0","0","0","0","0","0","2","0","2","","","","N","","","","","","","","","",""
"2017116740","","1","0","0","0","0","0","0","0","0","8","0","","02","11","2017","3","40.44546","-80.027454","","11","0","0","0","0","0","1","0","0","","0","0","0","","","1","","0","","40 26:43.655","","3","80 01:38.835","4","0","0","0","2301","1","0","0","N","1","0","0","2","02301","1","","1.0","","9","N","N","","0","","0","0","0","","0","","","2","1","0","0","0","0","0","2","0","1","","","","N","","","","","","","","","",""
"2017131138","","0","0","0","0","0","0","0","0","0","1","0","","02","12","2017","4","40.661832","-79.719747","","11","0","0","0","0","0","1","0","0","","0","0","0","","","0","","0","","40 39:42.594","","0","79 43:11.089","0","0","0","0","2106","0","0","0","","0","0","0","4","68D02","0","","1.0","","1","N","N","","2","","0","0","0","","0","","","2","0","0","0","0","0","0","2","0","2","","","","N","","","","","","","","","",""
"2017135292","","3","0","0","0","0","0","0","0","0","4","0","","02","12","2017","4","40.443922","-79.713566","","11","0","0","0","0","0","1","0","0","1","0","0","0","","","1","","0","","40 26:38.119","3","7","79 42:48.836","8","0","0","0","2446","0","0","0","N","0","0","0","3","02446","0","","1.0","","1","N","N","","0","","0","0","0","","0","N","","3","1","0","0","0","1","0","2","0","3","","","","N","","","","","","","","","",""
"2017120818","","1","0","0","0","0","0","0","0","0","4","0","","02","11","2017","5","40.43786","-79.930746","","11","0","0","0","0","0","0","0","0","","0","0","0","","","0","","1","","40 26:16.296","","0","79 55:50.685","0","0","0","0","2301","0","0","0","N","0","0","0","3","02301","0","","1.0","","1","N","N","","0","","0","0","1","","3","","","2","0","0","0","0","0","0","2","0","2","","","","N","","","","","","","","","",""
"2017102589","","3","0","0","0","0","0","0","0","0","5","0","","02","10","2017","2","40.464889","-79.92","","11","0","0","0","0","0","0","0","0","2","0","0","0","","","0","","0","","40 27:53.600","5","0","79 55:12.000","0","0","0","0","2425","0","0","0","N","0","0","0","1","02425","0","","4.0","","1","N","N","","0","","0","0","2","","0","Y","","5","0","0","0","0","0","0","2","0","5","","","","N","","","","","","","","","",""
"2017116243","","2","0","0","0","0","0","0","0","0","4","0","","02","11","2017","2","40.442831","-80.042428","","11","0","0","0","0","0","0","1","0","2","0","0","0","","","1","","2","","40 26:34.191","1","0","80 02:32.740","8","0","0","0","2301","0","0","0","N","0","0","0","2","02301","0","","1.0","","1","N","N","","0","","0","0","0","","2","Y","","2","1","0","0","0","1","0","2","0","2","","","","N","","","","","","","","","",""
"2017123712","","0","0","0","0","0","0","0","0","0","0","0","","02","11","2017","4","40.460944","-80.1945","","11","0","0","0","0","0","0","0","0","","0","0","0","","","1","","0","","40 27:39.400","","0","80 11:40.200","3","0","0","1","2203","0","0","0","N","0","0","0","1","02203","0","","1.0","","1","N","N","","0","","1","0","0","","0","","","1","1","0","0","0","0","0","2","0","1","","","","N","","","","","","","","","",""
"2017116624","","1","0","0","0","0","0","0","0","0","1","0","","02","11","2017","3","40.443183","-79.896731","","11","0","0","0","0","0","1","0","0","","0","0","0","","","2","","2","","40 26:35.457","","0","79 53:48.233","8","0","0","0","2301","0","0","0","N","0","0","0","3","02301","0","","1.0","","9","N","N","","0","","0","0","1","","0","","","2","2","2","0","0","2","0","2","0","2","","","","N","","","","","","","","","",""
"2017128533","","0","0","0","0","0","0","0","0","0","4","0","","02","12","2017","4","40.419049","-79.926073","","11","0","0","0","0","0","1","0","0","1","0","0","0","","","2","","1","","40 25:08.576","5","0","79 55:33.862","4","0","0","0","2301","0","0","0","N","0","0","0","2","02301","2","","1.0","","1","N","N","","1","","0","0","1","","0","Y","","2","2","0","0","0","0","0","2","0","2","","","","N","","","","","","","","","",""
"2017131362","","1","0","0","0","0","0","0","0","0","1","0","","02","12","2017","6","40.505458","-80.207549","","11","0","0","0","0","0","1","0","0","","0","0","0","","","2","","1","","40 30:19.650","","0","80 12:27.175","3","0","0","0","2213","0","0","0","","0","0","0","8","02213","1","","1.0","","1","Y","N","","0","","1","0","0","","2","","","2","2","0","0","0","0","0","2","1","2","","","","N","","","","","","","","","",""
"2017123703","","1","0","0","0","0","0","0","0","0","4","0","","02","11","2017","4","40.430393","-79.791902","","11","0","0","1","0","0","1","0","0","1","0","0","0","","","0","","2","","40 25:49.414","6","0","79 47:30.847","0","0","0","0","2446","0","0","0","N","0","0","0","2","02446","0","","1.0","","1","N","N","","0","","0","0","1","","2","N","","2","0","0","0","0","0","0","2","0","2","","","","N","","","","","","","","","",""
"2017132977","","1","0","0","0","0","0","0","0","0","1","1","","02","12","2017","5","40.407039","-79.910858","","11","0","0","0","0","0","0","1","0","1","0","1","0","","","1","","0","","40 24:25.340","4","0","79 54:39.090","8","0","0","0","2438","0","0","0","N","0","0","0","2","02438","0","","1.0","","1","N","N","","0","","0","0","0","","0","N","","2","1","0","0","0","1","0","2","0","2","","","","N","","","","","","","","","",""
"2017137374","","1","0","0","0","0","0","0","0","0","7","0","","02","7","2017","7","40.534452","-80.272448","","11","0","0","0","0","0","0","0","0","","0","0","0","","","0","","0","","40 32:04.028","","0","80 16:20.811","0","0","0","0","2203","0","0","0","","0","0","0","2","68B03","0","","4.0","","1","N","N","","0","","0","0","0","","0","","","1","0","0","0","0","0","0","2","0","1","","","","N","","","","","","","","","",""
"2017138938","","1","0","0","0","0","0","0","0","0","7","0","","02","12","2017","7","40.30595","-79.825362","","11","0","0","0","0","0","1","0","0","","0","0","0","","","1","","0","","40 18:21.421","","3","79 49:31.303","3","0","0","0","2105","0","0","0","N","0","0","0","1","02105","0","","4.0","","6","N","N","","0","","1","0","0","","0","","","1","1","0","0","0","0","0","2","0","1","","","","N","","","","","","","","","",""
"2017130943","","2","0","0","0","0","0","0","0","0","1","0","","02","9","2017","4","40.430266","-80.269128","","11","0","0","0","0","0","0","0","0","3","0","0","0","","","1","","0","","40 25:48.959","3","0","80 16:08.859","3","0","0","0","2214","0","0","0","N","0","0","0","3","68B03","0","","1.0","","1","N","N","","1","","1","0","0","","0","N","","3","1","1","0","0","0","0","1","0","3","","","","N","","","","","","","","","",""
"2017118110","","1","0","0","0","0","0","0","0","0","4","0","","02","11","2017","5","40.379","-79.97875","","11","0","0","0","0","0","0","0","0","","0","0","0","","","0","","0","","40 22:44.400","","0","79 58:43.500","0","0","0","0","2413","0","0","0","N","0","0","0","1","02413","0","","6.0","","1","N","N","","0","","0","0","1","","0","","","2","0","0","0","0","0","0","2","0","2","","","","N","","","","","","","","","",""
"2017131967","","1","0","0","0","0","0","1","0","0","5","1","","02","12","2017","4","40.447389","-80.020056","","11","0","0","0","0","0","0","0","0","","0","0","0","","","0","","0","","40 26:50.600","","0","80 01:12.200","0","0","0","0","2301","0","0","0","N","0","0","0","2","02503","0","","1.0","","1","N","N","","0","","0","0","0","","0","","","2","0","0","0","0","0","0","2","0","2","","","","N","","","","","","","","","",""
"2017115279","","1","0","0","0","0","0","0","0","0","7","0","","02","11","2017","7","40.492792","-79.810934","","11","0","0","0","0","0","0","0","0","2","0","0","0","","","1","","0","","40 29:34.052","6","0","79 48:39.364","8","0","0","0","2113","0","0","0","Y","0","0","0","2","02113","0","","5.0","","1","N","N","","0","","0","0","0","","0","N","","1","1","0","0","0","1","1","2","0","1","","","","N","","","","","","","","","",""
"2017129237","","1","0","0","0","0","0","0","0","0","7","0","","02","11","2017","3","40.429184","-79.887516","","11","0","0","0","0","0","1","0","0","","0","0","0","","","0","","0","","40 25:45.061","","0","79 53:15.056","0","0","0","0","2426","0","0","0","","0","0","0","1","68B03","0","","4.0","","9","N","N","","0","","0","0","0","","0","","","1","0","0","0","0","0","0","2","0","1","","","","N","","","","","","","","","",""
"2017115252","","1","0","0","0","0","0","0","0","0","7","0","","02","11","2017","7","40.598283","-79.947483","","11","0","0","0","0","0","0","0","0","","0","0","0","","","1","","0","","40 35:53.818","","7","79 56:50.940","3","0","0","0","2207","0","0","0","N","0","0","0","1","02207","0","","5.0","","1","N","N","","0","","1","0","0","","0","","","1","1","0","0","0","0","0","2","0","1","","","","N","","","","","","","","","",""
"2017117201","","2","0","0","0","0","0","0","0","0","2","0","","02","11","2017","4","40.430283","-80.00885","","11","0","0","0","0","0","0","0","0","1","0","0","0","","","1","","0","","40 25:49.018","6","0","80 00:31.861","4","0","0","0","2301","0","0","0","N","0","0","0","1","02301","1","","1.0","","1","N","N","","0","","0","0","0","","0","Y","","2","1","1","0","0","0","0","2","0","2","","","","N","","","","","","","","","",""
"2017129626","","0","0","0","0","0","0","0","0","0","7","0","","02","12","2017","1","40.41451","-80.062315","","11","0","0","0","0","0","0","0","0","3","0","0","0","","","1","","0","","40 24:52.235","3","0","80 03:44.335","8","0","0","0","2435","0","0","0","","0","0","0","1","68B03","0","","3.0","","1","N","N","","0","","0","0","1","","0","N","","1","1","1","0","0","1","0","2","0","1","","","","N","","","","","","","","","",""