"CRN","ARRIVAL_TM","AUTOMOBILE_COUNT","BELTED_DEATH_COUNT","BELTED_SUSP_SERIOUS_INJ_COUNT","BICYCLE_COUNT","BICYCLE_DEATH_COUNT","BICYCLE_SUSP_SERIOUS_INJ_COUNT","BUS_COUNT","CHLDPAS_DEATH_COUNT","CHLDPAS_SUSP_SERIOUS_INJ_COUNT","COLLISION_TYPE","COMM_VEH_COUNT","CONS_ZONE_SPD_LIM","COUNTY","CRASH_MONTH","CRASH_YEAR","DAY_OF_WEEK","DEC_LATITUDE","DEC_LONGITUDE","DISPATCH_TM","DISTRICT","DRIVER_COUNT_16YR","DRIVER_COUNT_17YR","DRIVER_COUNT_18YR","DRIVER_COUNT_19YR","DRIVER_COUNT_20YR","DRIVER_COUNT_50_64YR","DRIVER_COUNT_65_74YR","DRIVER_COUNT_75PLUS","EST_HRS_CLOSED","FATAL_COUNT","HEAVY_TRUCK_COUNT","HORSE_BUGGY_COUNT","HOUR_OF_DAY","ILLUMINATION","INJURY_COUNT","INTERSECTION_RELATED","INTERSECT_TYPE","LANE_CLOSED","LATITUDE","LN_CLOSE_DIR","LOCATION_TYPE","LONGITUDE","MAX_SEVERITY_LEVEL","MCYCLE_DEATH_COUNT","MCYCLE_SUSP_SERIOUS_INJ_COUNT","MOTORCYCLE_COUNT","MUNICIPALITY","NONMOTR_COUNT","NONMOTR_DEATH_COUNT","NONMOTR_SUSP_SERIOUS_INJ_COUNT","NTFY_HIWY_MAINT","PED_COUNT","PED_DEATH_COUNT","PED_SUSP_SERIOUS_INJ_COUNT","PERSON_COUNT","POLICE_AGCY","POSSIBLE_INJ_COUNT","RDWY_SURF_TYPE_CD","RELATION_TO_ROAD","ROADWAY_CLEARED","ROAD_CONDITION","SCH_BUS_IND","SCH_ZONE_IND","SECONDARY_CRASH","SMALL_TRUCK_COUNT","SPEC_JURIS_CD","SUSP_MINOR_INJ_COUNT","SUSP_SERIOUS_INJ_COUNT","SUV_COUNT","TCD_FUNC_CD","TCD_TYPE","TFC_DETOUR_IND","TIME_OF_DAY","TOTAL_UNITS","TOT_INJ_COUNT","UNBELTED_OCC_COUNT","UNB_DEATH_COUNT","UNB_SUSP_SERIOUS_INJ_COUNT","UNK_INJ_DEG_COUNT","UNK_INJ_PER_COUNT","URBAN_RURAL","VAN_COUNT","VEHICLE_COUNT","WEATHER1","WEATHER2","WORKERS_PRES","WORK_ZONE_IND","WORK_ZONE_LOC","WORK_ZONE_TYPE","WZ_CLOSE_DETOUR","WZ_FLAGGER","WZ_LAW_OFFCR_IND","WZ_LN_CLOSURE","WZ_MOVING","WZ_OTHER","WZ_SHLDER_MDN","WZ_WORKERS_INJ_KILLED"
"2017116672","","2","0","0","0","0","0","0","0","0","4","0","","02","11","2017","3","40.475721","-79.864687","","11","0","0","0","0","0","1","0","0","1","0","0","0","","","2","","2","","40 28:32.595","6","0","79 51:52.873","8","0","0","0","2113","0","0","0","N","0","0","0","3","02113","0","","1.0","","9","N","N","","0","","0","0","0","","3","Y","","2","2","2","0","0","2","0","2","0","2","","","","N","","","","","","","","","",""
"2017117891","","2","0","0","0","0","0","0","0","0","4","0","","02","11","2017","5","40.503966","-79.843208","","11","0","0","0","0","0","0","0","0","1","0","0","0","","","0","","2","","40 30:14.277","7","0","79 50:35.547","0","0","0","0","2468","0","0","0","N","0","0","0","2","02468","0","","1.0","","1","N","N","","0","","0","0","0","","3","N","","2","0","0","0","0","0","0","2","0","2","","","","N","","","","","","","","","",""
"2017131663","","1","0","0","0","0","0","0","0","0","7","0","","02","12","2017","7","40.589753","-80.097818","","11","0","0","0","1","0","0","0","0","","0","0","0","","","0","","0","","40 35:23.109","","0","80 05:52.146","0","0","0","0","2481","0","0","0","","0","0","0","1","68B03","0","","4.0","","2","N","N","","0","","0","0","0","","0","","","1","0","0","0","0","0","0","2","0","1","","","","N","","","","","","","","","",""
"2017116880","","1","0","0","0","0","0","0","0","0","4","0","","02","11","2017","3","40.449096","-80.119429","","11","0","0","0","0","0","0","0","0","","0","0","0","","","0","","1","","40 26:56.744","","0","80 07:09.946","0","0","0","0","2115","0","0","0","N","0","0","0","2","02115","0","","1.0","","1","N","N","","0","","0","0","1","","0","","","2","0","0","0","0","0","0","2","0","2","","","","N","","","","","","","","","",""
"2017130568","","1","0","0","0","0","0","0","0","0","4","0","","02","12","2017","7","40.549719","-79.959331","","11","0","0","1","0","0","0","0","0","1","0","0","0","","","0","","1","","40 32:58.989","1","0","79 57:33.590","0","0","0","0","2118","0","0","0","N","0","0","0","4","02118","0","","1.0","","1","N","N","","0","","0","0","1","","2","N","","2","0","0","0","0","0","0","2","0","2","","","","N","","","","","","","","","",""
"2017116901","","2","0","0","0","0","0","0","0","0","4","0","","02","11","2017","3","40.44602","-79.946795","","11","1","0","0","0","1","0","0","0","","0","0","0","","","0","","1","","40 26:45.673","","0","79 56:48.463","0","0","0","0","2301","0","0","0","N","0","0","0","4","02301","0","","1.0","","1","N","N","","1","","0","0","0","","3","","","3","0","0","0","0","0","0","2","0","3","","","","N","","","","","","","","","",""
"2017138961","","1","0","0","0","0","0","0","0","0","7","0","","02","12","2017","7","40.473017","-79.888616","","11","0","0","0","0","0","0","0","0","","0","0","0","","","0","","2","","40 28:22.861","","0","79 53:19.017","0","0","0","0","2301","0","0","0","N","0","0","0","1","02301","0","","2.0","","7","N","N","","0","","0","0","0","","0","","","1","0","0","0","0","0","0","2","0","1","","","","N","","","","","","","","","",""
"2017130932","","1","0","0","0","0","0","0","0","0","7","0","","02","12","2017","1","40.552056","-79.816934","","11","0","0","0","1","0","0","0","0","","0","0","0","","","1","","0","","40 33:07.402","","0","79 49:00.962","3","0","0","0","2208","0","0","0","","0","0","0","1","68D02","0","","4.0","","1","N","N","","0","","1","0","0","","0","","","2","1","0","0","0","0","0","2","0","1","","","","N","","","","","","","","","",""
"2017118452","","2","0","0","0","0","0","0","0","0","6","0","","02","11","2017","6","40.44776","-80.163967","","11","0","0","0","0","0","0","0","0","2","0","0","0","","","1","","2","","40 26:51.935","3","0","80 09:50.282","4","0","0","0","2115","0","0","0","N","0","0","0","2","02115","1","","1.0","","1","N","N","","0","","0","0","0","","2","Y","","2","1","0","0","0","0","0","2","0","2","","","","N","","","","","","","","","",""
"2017117878","","1","0","0","0","0","0","0","0","0","4","0","","02","11","2017","5","40.38553","-79.99488","","11","0","0","0","0","0","0","0","0","2","0","0","0","","","1","","0","","40 23:07.907","5","0","79 59:41.569","3","0","0","0","2301","0","0","0","N","0","0","0","2","02301","0","","1.0","","1","N","N","","1","","1","0","0","","2","N","","2","1","0","0","0","0","0","2","0","2","","","","N","","","","","","","","","",""
"2017122037","","0","0","0","0","0","0","0","0","0","99","0","","02","11","2017","2","40.490506","-79.877579","","11","0","0","0","0","0","0","0","0","2","0","0","0","","","0","","0","","40 29:25.823","1","0","79 52:39.285","0","0","0","0","2112","0","0","0","N","0","0","0","1","68D02","0","","1.0","","1","N","N","","0","","0","0","1","","0","N","","1","0","0","0","0","0","0","2","0","1","","","","N","","","","","","","","","",""
"2017130365","","2","0","0","0","0","0","0","0","0","1","0","","02","11","2017","7","40.436099","-79.772451","","11","0","0","0","0","0","1","1","0","2","0","0","0","","","0","","1","","40 26:09.956","4","0","79 46:20.822","0","0","0","0","2446","0","0","0","N","0","0","0","3","02446","0","","1.0","","1","N","N","","0","","0","0","0","","2","Y","","3","0","1","0","0","0","0","2","1","3","","","","N","","","","","","","","","",""
"2017122125","","1","0","0","0","0","0","0","0","0","0","0","","02","11","2017","1","40.428942","-79.945101","","11","0","0","0","0","0","0","0","0","","0","0","0","","","0","","0","","40 25:44.190","","0","79 56:42.364","0","0","0","0","2301","0","0","0","N","0","0","0","1","68B03","0","","1.0","","1","N","N","","0","","0","0","0","","0","","","1","0","0","0","0","0","0","2","0","1","","","","N","","","","","","","","","",""
"2017119351","","0","0","0","0","0","0","0","0","0","2","0","","02","11","2017","3","40.44386","-79.896464","","11","0","0","0","0","0","0","0","0","","0","0","0","","","0","","0","","40 26:37.895","","0","79 53:47.271","9","0","0","0","2301","0","0","0","N","0","0","0","2","02301","0","","1.0","","1","N","N","","0","","0","0","2","","0","","","2","0","0","0","0","0","1","2","0","2","","","","N","","","","","","","","","",""
"2017128827","","1","0","0","0","0","0","0","0","0","4","0","","02","12","2017","4","40.448994","-79.897475","","11","0","0","0","0","0","1","0","1","2","0","0","0","","","1","","0","","40 26:56.380","6","7","79 53:50.910","8","0","0","0","2301","0","0","0","N","0","0","0","2","02301","0","","1.0","","1","N","N","","1","","0","0","0","","0","Y","","2","1","1","0","0","1","0","2","0","2","","","","N","","","","","","","","","",""
"2017115428","","1","0","0","0","0","0","0","0","0","7","0","","02","11","2017","1","40.447835","-79.936911","","11","0","0","0","0","0","0","0","0","2","0","0","0","","","0","","0","","40 26:52.206","3","0","79 56:12.880","0","0","0","0","2301","0","0","0","N","0","0","0","1","02301","0","","5.0","","9","N","N","","0","","0","0","0","","2","Y","","1","0","0","0","0","0","0","2","0","1","","","","N","","","","","","","","","",""
"2017117449","","1","0","0","0","0","0","0","0","0","8","0","","02","11","2017","4","40.434398","-79.953183","","11","0","0","0","0","0","0","0","0","","0","0","0","","","1","","1","","40 26:03.832","","0","79 57:11.458","4","0","0","0","2301","1","0","0","N","1","0","0","2","02301","1","","1.0","","1","N","N","","0","","0","0","0","","0","","","2","1","0","0","0","0","1","2","0","1","","","","N","","","","","","","","","",""
"2017094931","","1","0","0","0","0","0","0","0","0","2","0","","02","8","2017","2","40.398447","-79.820928","","11","0","0","0","0","0","0","0","0","1","0","0","0","","","0","","0","","40 23:54.408","2","0","79 49:15.342","0","0","0","0","2111","0","0","0","N","0","0","0","1","02111","0","","5.0","","1","N","N","","1","","0","0","0","","0","N","","2","0","0","0","0","0","0","2","0","2","","","","N","","","","","","","","","",""
"2017137076","","0","0","0","0","0","0","0","0","0","1","0","","02","11","2017","2","40.639931","-80.097534","","11","0","0","0","0","0","1","0","0","2","0","0","0","","","1","","0","","40 38:23.751","1","0","80 05:51.121","8","0","0","0","2212","0","0","0","","0","0","0","3","68B03","0","","1.0","","1","N","N","","0","","0","0","1","","0","N","","2","1","0","0","0","1","0","2","1","2","","","","N","","","","","","","","","",""
"2017115450","","1","0","0","0","0","0","0","0","0","7","0","","02","11","2017","1","40.482891","-79.896725","","11","0","0","0","0","0","0","0","0","","0","0","0","","","0","","0","","40 28:58.408","","0","79 53:48.210","0","0","0","0","2301","0","0","0","N","0","0","0","2","02301","0","","5.0","","9","N","N","","0","","0","0","0","","0","","","1","0","0","0","0","0","0","2","0","1","","","","N","","","","","","","","","",""
"2017117624","","4","0","0","0","0","0","0","0","0","1","0","","02","11","2017","5","40.404454","-79.952997","","11","0","0","0","0","0","0","0","0","1","0","0","0","","","0","","0","","40 24:16.034","4","0","79 57:10.788","0","0","0","0","2403","0","0","0","N","0","0","0","4","02403","0","","1.0","","1","N","N","","0","","0","0","0","","0","N","","4","0","1","0","0","0","0","2","0","4","","","","N","","","","","","","","","",""
"2017116979","","2","0","0","0","0","0","0","0","0","4","0","","02","11","2017","3","40.392286","-80.04699","","11","0","0","0","0","0","1","0","0","","0","0","0","","","0","","1","","40 23:32.229","","0","80 02:49.163","0","0","0","0","2109","0","0","0","","0","0","0","2","02109","0","","1.0","","9","N","N","","0","","0","0","0","","3","","","2","0","0","0","0","0","0","2","0","2","","","","N","","","","","","","","","",""
"2017117207","","2","0","0","0","0","0","0","0","0","4","0","","02","11","2017","4","40.443938","-80.237026","","11","0","0","0","0","0","0","2","0","","0","0","0","","","0","","1","","40 26:38.176","","0","80 14:13.293","0","0","0","0","2214","0","0","0","N","0","0","0","2","02214","0","","1.0","","1","N","N","","0","","0","0","0","","0","","","2","0","0","0","0","0","0","2","0","2","","","","N","","","","","","","","","",""
"2017130948","","3","0","0","0","0","0","0","0","0","6","0","","02","10","2017","3","40.545801","-80.016621","","11","0","0","0","0","0","1","0","0","2","0","0","0","","","1","","1","","40 32:44.884","5","0","80 00:59.837","8","0","0","0","2116","0","0","0","N","0","0","0","6","02116","0","","1.0","","1","N","N","","0","","0","0","0","","2","N","","3","1","0","0","0","1","0","2","0","3","","","","N","","","","","","","","","",""
"2017118078","","2","0","0","0","0","0","0","0","0","1","0","","02","11","2017","6","40.456401","-79.964152","","11","0","0","0","0","0","0","0","0","1","0","0","0","","","0","","0","","40 27:23.042","3","0","79 57:50.946","0","0","0","0","2301","0","0","0","N","0","0","0","2","02301","0","","1.0","","1","N","N","","0","","0","0","0","","0","N","","2","0","0","0","0","0","0","2","0","2","","","","N","","","","","","","","","",""
"2017118005","","2","0","0","0","0","0","0","0","0","6","0","","02","11","2017","4","40.381198","-79.813644","","11","0","0","0","0","0","0","0","0","2","0","0","0","","","1","","0","","40 22:52.311","3","0","79 48:49.117","3","0","0","0","2424","0","0","0","N","0","0","0","3","02424","0","","1.0","","1","N","N","","0","","1","0","0","","0","Y","","2","1","0","0","0","0","0","2","0","2","","","","N","","","","","","","","","",""
"2017111927","","2","0","0","0","0","0","0","0","0","1","0","","02","10","2017","6","40.407064","-80.034226","","11","0","0","0","0","0","2","0","0","","0","0","0","","","1","","2","","40 24:25.431","","0","80 02:03.212","8","0","0","0","2301","0","0","0","N","0","0","0","2","02301","0","","1.0","","1","N","N","","0","","0","0","0","","2","","","2","1","0","0","0","1","0","2","0","2","","","","N","","","","","","","","","",""
"2017113867","","0","0","0","0","0","0","0","0","0","1","0","","02","10","2017","3","40.428849","-79.956164","","11","0","0","0","0","0","0","0","0","","0","0","0","","","0","","6","","40 25:43.856","","2","79 57:22.191","0","0","0","0","2301","0","0","0","N","0","0","0","2","02301","0","","1.0","","1","N","N","","1","","0","0","1","","4","","","2","0","0","0","0","0","0","2","0","2","","","","N","","","","","","","","","",""
"2017119539","","1","0","0","0","0","0","0","0","0","4","0","","02","11","2017","4","40.602272","-79.947298","","11","0","0","0","0","0","1","0","0","2","0","0","0","","","1","","2","","40 36:08.179","6","0","79 56:50.272","8","0","0","0","2207","0","0","0","N","0","0","0","3","02207","0","","1.0","","1","N","N","","1","","0","0","1","","0","Y","","3","1","0","0","0","1","0","2","0","3","","","","N","","","","","","","","","",""
"2017119308","","0","0","0","0","0","0","0","0","0","4","0","","02","11","2017","2","40.613035","-79.757073","","11","0","0","0","0","0","0","0","0","","0","0","0","","","1","","2","","40 36:46.927","","0","79 45:25.464","3","0","0","0","2464","0","0","0","N","0","0","0","3","02464","0","","1.0","","1","N","N","","1","","1","0","1","","3","","","2","1","0","0","0","0","1","2","0","2","","","","N","","","","","","","","","",""
"2017138595","","1","0","0","0","0","0","0","0","0","2","0","","02","12","2017","7","40.469861","-79.874722","","11","0","0","1","0","0","0","0","0","","0","0","0","","","0","","0","","40 28:11.500","","0","79 52:29.000","0","0","0","0","2113","0","0","0","N","0","0","0","4","02113","0","","6.0","","7","N","N","","0","","0","0","1","","0","","","2","0","0","0","0","0","0","2","0","2","","","","N","","","","","","","","","",""
"2017136191","","1","0","0","0","0","0","0","0","0","1","0","50","02","12","2017","2","40.463819","-79.9999","","11","0","0","0","0","1","1","0","0","","0","0","0","","","0","","0","","40 27:49.747","","0","79 59:59.640","9","0","0","0","2301","0","0","0","","0","0","0","5","68B03","0","","1.0","","9","N","N","","1","","0","0","0","","0","","","2","0","0","0","0","0","2","2","0","2","","","Y","Y","8","1","N","N","N","N","N","N","Y",""
"2017119760","","1","0","0","0","0","0","0","0","0","2","0","","02","11","2017","3","40.352447","-79.940422","","11","0","0","0","0","1","0","0","0","1","0","0","0","","","4","","0","","40 21:08.810","5","0","79 56:25.520","8","0","0","0","2473","0","0","0","N","0","0","0","4","02473","0","","1.0","","1","N","N","","0","","0","0","1","","0","Y","","2","4","1","0","0","4","0","2","0","2","","","","N","","","","","","","","","",""
"2017115186","","0","0","0","0","0","0","0","0","0","8","0","","02","11","2017","7","40.428595","-79.977614","","11","0","0","0","0","0","0","0","0","2","0","0","0","","","1","","1","","40 25:42.943","4","0","79 58:39.410","2","0","0","0","2301","1","0","1","N","1","0","1","4","02301","0","","1.0","","1","N","N","","0","","0","1","1","","2","N","","2","1","0","0","0","0","0","2","0","1","","","","N","","","","","","","","","",""
"2017130777","","3","0","0","0","0","0","0","0","0","7","0","","02","12","2017","7","40.508818","-80.202937","","11","0","1","0","0","0","0","0","0","2","0","0","0","","","0","","2","","40 30:31.743","1","0","80 12:10.572","0","0","0","0","2213","0","0","0","","0","0","0","3","02213","0","","4.0","","2","N","N","","0","","0","0","0","","0","Y","","3","0","0","0","0","0","0","2","0","3","","","","N","","","","","","","","","",""
"2017118553","","1","0","0","0","0","0","0","0","0","7","0","","02","11","2017","1","40.506347","-79.725249","","11","0","1","0","0","0","0","0","0","1","0","0","0","","","0","","0","","40 30:22.849","3","0","79 43:30.895","0","0","0","0","2466","0","0","0","N","0","0","0","1","02466","0","","5.0","","1","N","N","","0","","0","0","0","","0","N","","1","0","0","0","0","0","0","1","0","1","","","","N","","","","","","","","","",""
"2017133607","","1","0","0","0","0","0","0","0","0","4","0","","02","12","2017","1","40.484749","-79.818374","","11","0","0","0","0","0","1","0","0","","0","0","0","","","0","","0","","40 29:05.096","","7","79 49:06.148","0","0","0","0","2113","0","0","0","N","0","0","0","2","02113","0","","1.0","","9","N","N","","0","","0","0","1","","0","","","2","0","0","0","0","0","0","2","0","2","","","","N","","","","","","","","","",""
"2017134649","","1","0","0","0","0","0","0","0","0","7","0","","02","12","2017","4","40.500794","-79.86293","","11","0","0","0","0","0","0","0","0","2","0","0","0","","","0","","0","","40 30:02.859","2","0","79 51:46.547","0","0","0","0","2112","0","0","0","","0","0","0","1","68D02","0","","2.0","","7","N","N","","0","","0","0","0","","0","N","","1","0","0","0","0","0","0","2","0","1","","","","N","","","","","","","","","",""
"2017118549","","1","0","0","0","0","0","0","0","0","7","0","","02","11","2017","2","40.383602","-79.865286","","11","0","0","0","0","0","0","0","1","1","0","0","0","","","0","","0","","40 23:00.966","4","0","79 51:55.030","0","0","0","0","2473","0","0","0","N","0","0","0","1","02473","0","","5.0","","1","N","N","","0","","0","0","0","","0","N","","1","0","0","0","0","0","0","2","0","1","","","","N","","","","","","","","","",""
"2017118523","","1","0","0","0","0","0","0","0","0","99","0","","02","11","2017","3","40.54563","-79.770575","","11","0","0","0","0","1","0","0","0","","0","0","0","","","0","","0","","40 32:44.268","","0","79 46:14.070","0","0","0","0","2121","0","0","0","N","0","0","0","2","02121","0","","1.0","","1","N","N","","0","","0","0","0","","0","","","1","0","0","0","0","0","0","1","0","1","","","","N","","","","","","","","","",""
"2017134197","","2","0","0","0","0","0","0","0","0","4","0","","02","12","2017","2","40.45501","-79.710857","","11","0","0","0","0","0","0","2","0","1","0","0","0","","","2","","2","","40 27:18.035","2","0","79 42:39.085","8","0","0","0","2466","0","0","0","N","0","0","0","2","02466","0","","1.0","","9","N","N","","0","","0","0","0","","2","N","","2","2","0","0","0","2","0","2","0","2","","","","N","","","","","","","","","",""
"2017132814","","1","0","0","0","0","0","0","0","0","7","0","","02","12","2017","3","40.468944","-80.052206","","11","0","0","0","0","0","0","0","0","1","0","0","0","","","0","","0","","40 28:08.200","1","0","80 03:07.940","9","0","0","0","2444","0","0","0","N","0","0","0","3","02444","0","","5.0","","1","N","N","","0","","0","0","0","","0","Y","","1","0","0","0","0","0","3","2","0","1","","","","N","","","","","","","","","",""
"2017135274","","0","0","0","0","0","0","0","0","0","1","0","","02","12","2017","4","40.438175","-79.773716","","11","0","0","0","0","0","2","0","0","","0","0","0","","","1","","0","","40 26:17.430","","0","79 46:25.379","4","0","0","0","2446","0","0","0","N","0","0","0","4","02446","1","","1.0","","1","N","N","","0","","0","0","3","","0","N","","3","1","0","0","0","0","0","2","0","3","","","","N","","","","","","","","","",""
"2017127887","","2","0","0","0","0","0","0","0","0","4","0","","02","12","2017","3","40.452088","-79.930979","","11","0","0","0","0","0","1","0","0","1","0","0","0","","","0","","1","","40 27:07.516","7","0","79 55:51.524","0","0","0","0","2301","0","0","0","N","0","0","0","3","02301","0","","1.0","","9","N","N","","0","","0","0","0","","2","N","","2","0","0","0","0","0","0","2","0","2","","","","N","","","","","","","","","",""
"2017124986","","0","0","0","0","0","0","0","0","0","2","0","","02","11","2017","6","40.455425","-79.879556","","11","0","0","0","0","0","1","0","0","4","1","0","0","","","0","","0","","40 27:19.529","5","0","79 52:46.401","1","0","0","0","2301","0","0","0","N","0","0","0","2","02301","0","2","1.0","","1","N","N","","1","0","0","0","1","","0","Y","","2","0","2","1","0","0","1","2","0","2","","","","N","","","","","","","","","",""
"2017129798","","3","0","0","0","0","0","0","0","0","1","0","","02","12","2017","4","40.505384","-80.008615","","11","0","0","1","0","0","0","0","0","","0","0","0","","","0","","0","","40 30:19.384","","0","80 00:31.015","0","0","0","0","2116","0","0","0","N","0","0","0","5","02116","0","","1.0","","1","N","N","","0","","0","0","0","","0","","","3","0","0","0","0","0","0","2","0","3","","","","N","","","","","","","","","",""
"2017115143","","0","0","0","0","0","0","0","0","0","1","0","","02","11","2017","7","40.560905","-79.84223","","11","0","0","0","0","0","1","0","0","","0","0","0","","","0","","0","","40 33:39.258","","0","79 50:32.028","0","0","0","0","2208","0","0","0","N","0","0","0","2","02208","0","","1.0","","1","N","N","","2","","0","0","0","","0","","","2","0","0","0","0","0","0","1","0","2","","","","N","","","","","","","","","",""
"2017122141","","2","0","0","0","0","0","0","0","0","2","0","","02","11","2017","4","40.520541","-80.03847","","11","0","0","0","0","0","1","1","0","","0","0","0","","","0","","2","","40 31:13.947","","0","80 02:18.492","0","0","0","0","2474","0","0","0","N","0","0","0","2","02474","0","","1.0","","1","N","N","","0","","0","0","1","","3","","","3","0","0","0","0","0","0","2","0","3","","","","N","","","","","","","","","",""
"2017115098","","1","0","0","0","0","0","0","0","0","99","0","","02","11","2017","7","40.459976","-80.076984","","11","0","0","0","0","0","0","0","0","1","0","0","0","","","0","","0","","40 27:35.914","4","0","80 04:37.144","0","0","0","0","2301","0","0","0","N","0","0","0","1","02301","0","","1.0","","1","N","N","","0","","0","0","0","","0","N","","1","0","0","0","0","0","0","2","0","1","","","","N","","","","","","","","","",""
"2017116635","","1","0","0","0","0","0","0","0","0","2","0","","02","11","2017","2","40.399668","-80.064919","","11","0","0","0","0","0","0","0","0","1","0","0","0","","","0","","1","","40 23:58.804","1","0","80 03:53.707","0","0","0","0","2117","0","0","0","N","0","0","0","5","02117","0","","1.0","","9","N","N","","0","","0","0","0","","2","N","","2","0","0","0","0","0","0","2","1","2","","","","N","","","","","","","","","",""
"2017136393","","0","0","0","0","0","0","0","0","0","7","0","","02","11","2017","6","40.492125","-79.893919","","11","0","0","0","0","0","1","0","0","2","0","0","0","","","1","","0","","40 29:31.649","2","0","79 53:38.108","8","0","0","0","2432","0","0","0","","0","0","0","1","68D02","0","","4.0","","1","N","N","","0","","0","0","1","","0","N","","1","1","0","0","0","1","0","2","0","1","","","","N","","","","","","","","","",""
"2017117733","","2","0","0","0","0","0","0","0","0","1","0","","02","11","2017","5","40.307086","-80.093583","","11","1","0","0","0","0","1","0","0","2","0","0","0","","","0","","1","","40 18:25.508","2","0","80 05:36.900","0","0","0","0","2123","0","0","0","N","0","0","0","4","02123","0","","1.0","","1","N","N","","0","","0","0","1","","2","Y","","3","0","0","0","0","0","0","2","0","3","","","","N","","","","","","","","","",""
"2017121775","","1","0","0","0","0","0","0","0","0","7","0","","02","11","2017","1","40.641418","-79.908823","","11","0","0","0","0","0","0","0","0","","0","0","0","","","0","","0","","40 38:29.105","","0","79 54:31.764","0","0","0","0","2220","0","0","0","N","0","0","0","1","02220","0","","2.0","","9","N","N","","0","","0","0","0","","0","","","1","0","0","0","0","0","0","1","0","1","","","","N","","","","","","","","","",""
"2017126917","","2","0","0","0","0","0","0","0","0","2","0","","02","12","2017","1","40.453367","-79.980657","","11","0","0","0","0","0","1","0","0","","0","0","0","","","0","","1","","40 27:12.120","","0","79 58:50.364","0","0","0","0","2301","0","0","0","","0","0","0","3","02301","0","","1.0","","1","","","","0","","0","0","0","","3","","","2","0","0","0","0","0","0","2","0","2","","","","N","","","","","","","","","",""
"2017133554","","2","0","0","0","0","0","0","0","0","5","0","","02","10","2017","4","40.595413","-80.094611","","11","0","0","0","0","0","1","1","0","","0","0","0","","","1","","0","","40 35:43.488","","0","80 05:40.599","3","0","0","0","2481","0","0","0","","0","0","0","2","68B03","0","","1.0","","1","N","N","","0","","1","0","0","","0","","","2","1","0","0","0","0","0","2","0","2","","","","N","","","","","","","","","",""
"2017128196","","1","0","0","0","0","0","0","0","0","1","0","","02","11","2017","2","40.496144","-79.913649","","11","0","0","0","0","0","2","0","0","2","0","0","0","","","1","","0","","40 29:46.119","1","0","79 54:49.138","3","0","0","0","2112","0","0","0","","0","0","0","7","68D02","0","","1.0","","1","N","N","","0","","1","0","2","","0","N","","6","1","0","0","0","0","1","2","1","5","","","","N","","","","","","","","","",""
"2017118295","","1","0","0","0","0","0","0","0","0","4","0","","02","11","2017","7","40.43854","-79.985073","","11","0","0","0","0","0","0","0","0","","0","0","0","","","0","","1","","40 26:18.745","","0","79 59:06.264","0","0","0","0","2301","0","0","0","N","0","0","0","4","02301","0","","1.0","","1","N","N","","0","","0","0","1","","1","","","2","0","0","0","0","0","0","2","0","2","","","","N","","","","","","","","","",""
"2017118872","","0","0","0","0","0","0","0","0","0","5","0","","02","11","2017","7","40.512107","-79.961293","","11","0","0","0","0","0","0","0","0","2","0","0","0","","","0","","0","","40 30:43.585","2","0","79 57:40.656","0","0","0","0","2118","0","0","0","N","0","0","0","1","02118","0","","4.0","","1","N","N","","0","","0","0","2","","0","N","","2","0","0","0","0","0","0","2","0","2","","","","N","","","","","","","","","",""
"2017138814","","1","0","0","0","0","0","0","0","0","7","0","","02","12","2017","5","40.475582","-79.764887","","11","0","0","0","0","0","0","0","0","1","0","0","0","","","1","","0","","40 28:32.094","6","0","79 45:53.592","8","0","0","0","2466","0","0","0","N","0","0","0","1","02466","0","","4.0","","6","N","N","","0","","0","0","0","","0","N","","1","1","1","0","0","1","0","2","0","1","","","","N","","","","","","","","","",""
"2017130553","","2","0","0","0","0","0","0","0","0","4","0","","02","12","2017","2","40.513857","-79.951588","","11","0","0","0","0","0","0","0","0","1","0","0","0","","","1","","2","","40 30:49.884","1","0","79 57:05.716","8","0","0","0","2118","0","0","0","N","0","0","0","2","02118","0","","1.0","","1","N","N","","0","","0","0","0","","2","Y","","2","1","0","0","0","1","0","2","0","2","","","","N","","","","","","","","","",""
"2017138991","","0","0","0","0","0","0","0","0","0","2","0","","02","12","2017","7","40.365803","-80.038196","","11","0","1","0","0","0","1","0","0","1","0","0","0","","","0","","2","","40 21:56.890","2","0","80 02:17.505","0","0","0","0","2109","0","0","0","N","0","0","0","4","02109","0","","1.0","","6","N","N","","0","","0","0","2","","0","N","","2","0","0","0","0","0","0","2","0","2","","","","N","","","","","","","","","",""
"2017128344","","1","0","0","0","0","0","0","0","0","7","0","","02","12","2017","1","40.556929","-79.839364","","11","0","0","0","0","0","0","0","0","6","0","0","0","","","0","","0","","40 33:24.946","7","0","79 50:21.711","0","0","0","0","2208","0","0","0","N","0","0","0","1","02208","0","","4.0","","1","N","N","","0","","0","0","0","","0","Y","","1","0","0","0","0","0","0","2","0","1","","","","N","","","","","","","","","",""
"2017118537","","2","0","0","0","0","0","0","0","0","4","0","","02","11","2017","7","40.613895","-79.946327","","11","0","0","0","0","0","1","0","0","","0","0","0","","","0","","0","","40 36:50.021","","0","79 56:46.778","0","0","0","0","2207","0","0","0","N","0","0","0","2","02207","0","","1.0","","1","N","N","","0","","0","0","0","","2","","","2","0","0","0","0","0","0","2","0","2","","","","N","","","","","","","","","",""