"CRN","ARRIVAL_TM","AUTOMOBILE_COUNT","BELTED_DEATH_COUNT","BELTED_SUSP_SERIOUS_INJ_COUNT","BICYCLE_COUNT","BICYCLE_DEATH_COUNT","BICYCLE_SUSP_SERIOUS_INJ_COUNT","BUS_COUNT","CHLDPAS_DEATH_COUNT","CHLDPAS_SUSP_SERIOUS_INJ_COUNT","COLLISION_TYPE","COMM_VEH_COUNT","CONS_ZONE_SPD_LIM","COUNTY","CRASH_MONTH","CRASH_YEAR","DAY_OF_WEEK","DEC_LATITUDE","DEC_LONGITUDE","DISPATCH_TM","DISTRICT","DRIVER_COUNT_16YR","DRIVER_COUNT_17YR","DRIVER_COUNT_18YR","DRIVER_COUNT_19YR","DRIVER_COUNT_20YR","DRIVER_COUNT_50_64YR","DRIVER_COUNT_65_74YR","DRIVER_COUNT_75PLUS","EST_HRS_CLOSED","FATAL_COUNT","HEAVY_TRUCK_COUNT","HORSE_BUGGY_COUNT","HOUR_OF_DAY","ILLUMINATION","INJURY_COUNT","INTERSECTION_RELATED","INTERSECT_TYPE","LANE_CLOSED","LATITUDE","LN_CLOSE_DIR","LOCATION_TYPE","LONGITUDE","MAX_SEVERITY_LEVEL","MCYCLE_DEATH_COUNT","MCYCLE_SUSP_SERIOUS_INJ_COUNT","MOTORCYCLE_COUNT","MUNICIPALITY","NONMOTR_COUNT","NONMOTR_DEATH_COUNT","NONMOTR_SUSP_SERIOUS_INJ_COUNT","NTFY_HIWY_MAINT","PED_COUNT","PED_DEATH_COUNT","PED_SUSP_SERIOUS_INJ_COUNT","PERSON_COUNT","POLICE_AGCY","POSSIBLE_INJ_COUNT","RDWY_SURF_TYPE_CD","RELATION_TO_ROAD","ROADWAY_CLEARED","ROAD_CONDITION","SCH_BUS_IND","SCH_ZONE_IND","SECONDARY_CRASH","SMALL_TRUCK_COUNT","SPEC_JURIS_CD","SUSP_MINOR_INJ_COUNT","SUSP_SERIOUS_INJ_COUNT","SUV_COUNT","TCD_FUNC_CD","TCD_TYPE","TFC_DETOUR_IND","TIME_OF_DAY","TOTAL_UNITS","TOT_INJ_COUNT","UNBELTED_OCC_COUNT","UNB_DEATH_COUNT","UNB_SUSP_SERIOUS_INJ_COUNT","UNK_INJ_DEG_COUNT","UNK_INJ_PER_COUNT","URBAN_RURAL","VAN_COUNT","VEHICLE_COUNT","WEATHER1","WEATHER2","WORKERS_PRES","WORK_ZONE_IND","WORK_ZONE_LOC","WORK_ZONE_TYPE","WZ_CLOSE_DETOUR","WZ_FLAGGER","WZ_LAW_OFFCR_IND","WZ_LN_CLOSURE","WZ_MOVING","WZ_OTHER","WZ_SHLDER_MDN","WZ_WORKERS_INJ_KILLED"
"2017121377","","1","0","0","0","0","0","0","0","0","7","0","","02","11","2017","7","40.488211","-79.937713","","11","0","0","0","0","0","0","0","0","2","0","0","0","","","0","","2","","40 29:17.558","1","3","79 56:15.766","0","0","0","0","2301","0","0","0","N","0","0","0","1","02301","0","","1.0","","9","N","N","","0","","0","0","0","","0","N","","1","0","0","0","0","0","0","2","0","1","","","","N","","","","","","","","","",""
"2017133255","","0","0","0","0","0","0","0","0","0","7","0","","02","12","2017","4","40.492576","-80.126976","","11","0","0","0","0","0","0","0","0","","0","0","0","","","1","","0","","40 29:33.272","","0","80 07:37.115","8","0","0","0","2115","0","0","0","","0","0","0","1","68B03","0","","4.0","","7","N","N","","0","","0","0","1","","0","","","1","1","0","0","0","1","0","2","0","1","","","","N","","","","","","","","","",""
"2017116935","","1","0","0","0","0","0","0","0","0","1","0","","02","11","2017","6","40.451693","-79.891059","","11","0","0","0","0","0","0","0","0","1","0","0","0","","","2","","0","","40 27:06.094","7","0","79 53:27.813","4","0","0","0","2301","0","0","0","N","0","0","0","2","02301","2","","1.0","","1","N","N","","0","","0","0","0","","0","N","","2","2","2","0","0","0","0","2","0","2","","","","N","","","","","","","","","",""
"2017137263","","0","0","0","0","0","0","0","0","0","7","0","","02","12","2017","3","40.451748","-80.132306","","11","0","0","0","0","0","0","0","0","","0","0","0","","","1","","0","","40 27:06.291","","7","80 07:56.301","4","0","0","0","2115","0","0","0","N","0","0","0","2","02115","1","","4.0","","1","N","N","","0","","0","0","1","","0","","","1","1","0","0","0","0","0","2","0","1","","","","N","","","","","","","","","",""
"2017122057","","1","0","0","0","0","0","0","0","0","1","0","","02","11","2017","1","40.371193","-80.049536","","11","0","0","0","0","0","0","1","1","1","0","0","0","","","1","","0","","40 22:16.295","2","0","80 02:58.329","4","0","0","0","2109","0","0","0","N","0","0","0","2","02109","1","","1.0","","9","N","N","","0","","0","0","1","","0","N","","2","1","0","0","0","0","0","2","0","2","","","","N","","","","","","","","","",""
"2017135475","","0","0","0","0","0","0","0","0","0","4","0","","02","12","2017","1","40.618767","-79.908042","","11","0","0","0","0","0","0","0","0","2","0","0","0","","","0","","2","","40 37:07.561","4","0","79 54:28.952","0","0","0","0","2220","0","0","0","N","0","0","0","3","02220","0","","1.0","","1","N","N","","0","","0","0","2","","0","N","","2","0","1","0","0","0","0","2","0","2","","","","N","","","","","","","","","",""
"2017136996","","0","0","0","0","0","0","0","0","0","2","0","","02","12","2017","3","40.312167","-79.823528","","11","0","0","0","0","1","0","0","0","1","0","0","0","","","0","","0","","40 18:43.800","3","0","79 49:24.700","0","0","0","0","2105","0","0","0","N","0","0","0","2","02105","0","","1.0","","1","N","N","","1","","0","0","0","","0","N","","2","0","1","0","0","0","0","2","1","2","","","","N","","","","","","","","","",""
"2017118440","","0","0","0","0","0","0","0","0","0","2","0","","02","11","2017","7","40.551252","-79.837332","","11","0","0","0","0","0","0","0","0","1","0","0","0","","","1","","0","","40 33:04.507","5","0","79 50:14.395","3","0","0","0","2208","0","0","0","N","0","0","0","6","02208","0","","1.0","","1","N","N","","0","","1","0","2","","0","Y","","2","1","0","0","0","0","0","2","0","2","","","","N","","","","","","","","","",""
"2017134857","","1","0","0","0","0","0","0","0","0","7","0","","02","12","2017","6","40.437902","-79.756009","","11","0","0","0","0","0","0","0","0","","0","0","0","","","0","","0","","40 26:16.447","","0","79 45:21.632","0","0","0","0","2446","0","0","0","N","0","0","0","1","68T09","0","","4.0","","8","N","N","","0","","0","0","0","","0","","","1","0","0","0","0","0","0","2","0","1","","","","N","","","","","","","","","",""
"2017131983","","1","0","0","0","0","0","0","0","0","1","0","","02","12","2017","4","40.535121","-79.842987","","11","0","0","0","0","0","1","0","1","2","0","0","0","","","0","","0","","40 32:06.436","2","0","79 50:34.754","9","0","0","0","2208","0","0","0","N","0","0","0","2","02208","0","","1.0","","1","N","N","","0","","0","0","1","","0","N","","2","0","0","0","0","0","1","2","0","2","","","","N","","","","","","","","","",""
"2017127860","","1","0","0","0","0","0","0","0","0","7","0","","02","12","2017","3","40.464966","-80.033247","","11","0","0","0","0","0","0","0","0","1","0","0","0","","","0","","0","","40 27:53.876","1","0","80 01:59.689","0","0","0","0","2301","0","0","0","N","0","0","0","1","02301","0","","3.0","","9","N","N","","0","","0","0","0","","0","N","","1","0","0","0","0","0","0","2","0","1","","","","N","","","","","","","","","",""
"2017137674","","1","0","0","0","0","0","0","0","0","7","0","","02","12","2017","6","40.425575","-80.030984","","11","0","0","0","0","0","0","0","0","1","0","0","0","","","0","","0","","40 25:32.069","3","0","80 01:51.544","0","0","0","0","2301","0","0","0","","0","0","0","2","68B03","0","","2.0","","1","N","N","","0","","0","0","0","","0","N","","1","0","0","0","0","0","0","2","0","1","","","","N","","","","","","","","","",""
"2017115610","","1","0","0","0","0","0","0","0","0","7","0","","02","10","2017","2","40.407314","-79.914255","","11","0","0","0","0","0","0","0","0","2","0","0","0","","","0","","0","","40 24:26.332","4","0","79 54:51.317","0","0","0","0","2438","0","0","0","N","0","0","0","1","02438","0","","1.0","","9","N","N","","0","","0","0","0","","2","N","","1","0","0","0","0","0","0","2","0","1","","","","N","","","","","","","","","",""
"2017123474","","2","0","0","0","0","0","0","0","0","1","0","","02","11","2017","1","40.367856","-79.923183","","11","0","0","0","0","0","0","0","0","1","0","0","0","","","0","","0","","40 22:04.280","4","0","79 55:23.460","0","0","0","0","2473","0","0","0","N","0","0","0","1","02473","0","","4.0","","1","N","N","","0","","0","0","0","","0","N","","2","0","0","0","0","0","0","2","0","2","","","","N","","","","","","","","","",""
"2017118693","","2","0","0","0","0","0","0","0","0","1","0","","02","11","2017","1","40.456924","-79.997729","","11","0","0","0","0","1","1","0","0","1","0","0","0","","","0","","0","","40 27:24.925","1","0","79 59:51.824","0","0","0","0","2301","0","0","0","N","0","0","0","4","02301","0","","1.0","","1","N","N","","0","","0","0","0","","2","N","","2","0","0","0","0","0","0","2","0","2","","","","N","","","","","","","","","",""
"2017117243","","2","0","0","0","0","0","0","0","0","1","0","","02","11","2017","4","40.478877","-79.966813","","11","0","0","1","0","0","0","0","0","2","0","0","0","","","1","","0","","40 28:43.958","3","0","79 58:00.527","8","0","0","0","2301","0","0","0","N","0","0","0","3","02301","0","","1.0","","1","N","N","","0","","0","0","1","","4","N","","3","1","0","0","0","1","0","2","0","3","","","","N","","","","","","","","","",""
"2017121455","","0","0","0","0","0","0","0","0","0","4","0","","02","11","2017","7","40.34895","-80.073981","","11","0","0","1","0","0","0","0","0","","0","0","0","","","0","","3","","40 20:56.219","","0","80 04:26.332","0","0","0","0","2123","0","0","0","N","0","0","0","2","02123","0","","7.0","","9","N","N","","0","","0","0","2","","3","","","2","0","0","0","0","0","0","2","0","2","","","","N","","","","","","","","","",""
"2017116727","","2","0","0","0","0","0","0","0","0","1","0","","02","11","2017","2","40.332151","-79.945962","","11","0","0","0","0","1","1","0","0","2","0","0","0","","","0","","0","","40 19:55.745","2","99","79 56:45.464","0","0","0","0","2454","0","0","0","N","0","0","0","4","02454","0","","1.0","","1","N","N","","0","","0","0","2","","0","N","","4","0","0","0","0","0","0","2","0","4","","","","N","","","","","","","","","",""
"2017134223","","0","0","0","0","0","0","0","0","0","1","0","","02","12","2017","2","40.466872","-80.137581","","11","0","1","0","0","0","1","0","0","1","0","0","0","","","0","","0","","40 28:00.740","2","0","80 08:15.293","0","0","0","0","2115","0","0","0","N","0","0","0","2","02115","0","","1.0","","1","N","N","","1","","0","0","1","","0","N","","2","0","0","0","0","0","0","2","0","2","","","","N","","","","","","","","","",""
"2017127811","","3","0","0","0","0","0","0","0","0","1","0","","02","12","2017","3","40.647201","-80.032701","","11","0","2","0","0","0","1","0","0","2","0","0","0","","","1","","0","","40 38:49.922","1","0","80 01:57.723","8","0","0","0","2216","0","0","0","N","0","0","0","3","02505","0","","1.0","","9","N","N","","0","","0","0","0","","0","N","","3","1","0","0","0","1","0","1","0","3","","","","N","","","","","","","","","",""
"2017121442","","2","0","0","0","0","0","0","0","0","4","0","","02","11","2017","7","40.429419","-79.97617","","11","0","0","0","0","0","0","1","0","","0","0","0","","","0","","1","","40 25:45.909","","0","79 58:34.213","0","0","0","0","2301","0","0","0","N","0","0","0","3","02301","0","","1.0","","9","N","N","","0","","0","0","0","","3","","","2","0","0","0","0","0","0","2","0","2","","","","N","","","","","","","","","",""
"2017121871","","1","0","0","0","0","0","0","0","0","7","0","","02","11","2017","1","40.43491","-79.966103","","11","0","0","0","0","0","1","0","0","1","0","0","0","","","1","","0","","40 26:05.675","4","0","79 57:57.969","4","0","0","0","2301","0","0","0","","0","0","0","2","68B03","1","","3.0","","1","N","N","","0","","0","0","1","","0","N","","2","1","0","0","0","0","0","2","0","2","","","","N","","","","","","","","","",""
"2017118231","","1","0","0","0","0","0","0","0","0","2","0","","02","11","2017","6","40.425756","-80.019757","","11","0","0","0","0","0","0","0","0","","0","0","0","","","2","","1","","40 25:32.722","","0","80 01:11.125","3","0","0","0","2301","0","0","0","N","0","0","0","2","02301","0","","1.0","","1","N","N","","0","","2","0","1","","2","","","2","2","0","0","0","0","0","2","0","2","","","","N","","","","","","","","","",""
"2017118063","","2","0","0","0","0","0","0","0","0","4","0","","02","11","2017","6","40.475986","-80.054826","","11","0","0","0","0","0","0","0","0","1","0","0","0","","","0","","0","","40 28:33.549","1","3","80 03:17.375","0","0","0","0","2122","0","0","0","N","0","0","0","2","02122","0","","1.0","","1","N","N","","0","","0","0","0","","0","N","","2","0","0","0","0","0","0","2","0","2","","","","N","","","","","","","","","",""
"2017137861","","2","0","0","0","0","0","0","0","0","1","0","","02","10","2017","3","40.416991","-80.057301","","11","0","0","0","0","0","0","0","0","1","0","0","0","","","1","","0","","40 25:01.167","3","0","80 03:26.284","3","0","0","0","2435","0","0","0","","0","0","0","2","68B03","0","","1.0","","9","N","N","","0","","1","0","0","","0","N","","2","1","0","0","0","0","0","2","0","2","","","","N","","","","","","","","","",""
"2017134057","","1","0","0","0","0","0","0","0","0","1","0","","02","12","2017","2","40.618062","-79.903593","","11","0","0","0","0","0","0","0","0","","0","0","0","","","0","","2","","40 37:05.023","","0","79 54:12.933","0","0","0","0","2220","0","0","0","N","0","0","0","5","02220","0","","1.0","","9","N","N","","0","","0","0","1","","0","","","2","0","0","0","0","0","0","1","0","2","","","","N","","","","","","","","","",""
"2017134823","","0","0","0","0","0","0","0","0","0","7","1","","02","12","2017","4","40.364653","-80.023937","","11","0","0","0","0","0","0","0","0","4","0","1","0","","","1","","0","","40 21:52.750","5","0","80 01:26.174","8","0","0","0","2416","0","0","0","","0","0","0","1","02416","0","","2.0","","1","N","N","","0","","0","0","0","","0","Y","","1","1","0","0","0","1","0","2","0","1","","","","N","","","","","","","","","",""
"2017118408","","1","0","0","0","0","0","0","0","0","4","0","","02","11","2017","7","40.460083","-79.843105","","11","0","0","0","0","0","1","0","0","","0","0","0","","","0","","0","","40 27:36.298","","0","79 50:35.178","0","0","0","0","2113","0","0","0","N","0","0","0","2","02113","0","","1.0","","1","N","N","","0","","0","0","1","","0","","","2","0","0","0","0","0","0","2","0","2","","","","N","","","","","","","","","",""
"2017119315","","3","0","0","0","0","0","0","0","0","7","0","","02","11","2017","2","40.455563","-79.966546","","11","0","0","0","0","0","1","0","0","2","0","0","0","","","0","","0","","40 27:20.027","4","0","79 57:59.564","0","0","0","0","2301","0","0","0","N","0","0","0","4","02301","0","","1.0","","1","N","N","","0","","0","0","0","","0","N","","3","0","0","0","0","0","0","2","0","3","","","","N","","","","","","","","","",""
"2017128590","","1","0","0","0","0","0","0","0","0","8","0","","02","12","2017","3","40.467214","-80.075519","","11","0","0","0","0","0","0","0","0","","0","0","0","","","1","","0","","40 28:01.970","","0","80 04:31.870","8","0","0","0","2444","1","0","0","N","1","0","0","3","02444","0","","1.0","","9","N","N","","0","","0","0","0","","0","","","2","1","0","0","0","1","0","2","0","1","","","","N","","","","","","","","","",""
"2017136625","","1","0","0","0","0","0","0","0","0","1","0","","02","12","2017","6","40.517328","-79.853595","","11","0","0","0","0","0","2","0","0","","0","0","0","","","0","","0","","40 31:02.379","","0","79 51:12.943","0","0","0","0","2112","0","0","0","","0","0","0","2","68D02","0","","1.0","","1","N","N","","0","","0","0","1","","0","","","2","0","0","0","0","0","0","2","0","2","","","","N","","","","","","","","","",""
"2017137694","","1","0","0","0","0","0","0","0","0","5","0","","02","11","2017","1","40.628449","-80.096981","","11","0","0","0","0","0","0","0","0","","0","0","0","","","0","","0","","40 37:42.416","","0","80 05:49.131","9","0","0","0","2212","0","0","0","N","0","0","0","2","68B03","0","","1.0","","1","N","N","","1","","0","0","0","","0","","","2","0","0","0","0","0","1","2","0","2","","","","N","","","","","","","","","",""
"2017121619","","1","0","0","0","0","0","0","0","0","7","0","","02","11","2017","7","40.587611","-79.825417","","11","0","0","0","0","0","0","0","0","","0","0","0","","","1","","0","","40 35:15.400","","0","79 49:31.500","3","0","0","0","2209","0","0","0","N","0","0","0","1","02209","0","","5.0","","1","N","N","","0","","1","0","0","","0","","","1","1","0","0","0","0","0","2","0","1","","","","N","","","","","","","","","",""
"2017121765","","1","0","0","0","0","0","0","0","0","4","0","","02","11","2017","1","40.539219","-80.18158","","11","0","0","0","0","0","0","0","0","1","0","0","0","","","1","","1","","40 32:21.188","1","0","80 10:53.688","4","0","0","0","2458","0","0","0","N","0","0","0","2","02458","1","","1.0","","9","N","N","","0","","0","0","0","","2","N","","2","1","0","0","0","0","0","2","1","2","","","","N","","","","","","","","","",""
"2017129634","","1","0","0","0","0","0","0","0","0","7","0","45","02","12","2017","3","40.475733","-80.007373","","11","0","0","0","0","1","0","0","0","2","0","0","0","","","1","","0","","40 28:32.638","2","0","80 00:26.541","8","0","0","0","2301","0","0","0","N","0","0","0","1","68B03","0","","2.0","","9","N","N","","0","","0","0","0","","0","N","","1","1","1","0","0","1","0","2","0","1","","","N","Y","8","1","N","N","N","N","N","Y","N",""
"2017119357","","1","0","0","0","0","0","0","0","0","7","0","","02","11","2017","1","40.489472","-79.70395","","11","0","0","0","0","0","0","0","0","1","0","0","0","","","1","","0","","40 29:22.100","6","0","79 42:14.220","8","0","0","0","2466","0","0","0","N","0","0","0","1","02466","0","","5.0","","9","N","N","","0","","0","0","0","","0","N","","1","1","1","0","0","1","0","1","0","1","","","","N","","","","","","","","","",""
"2017134191","","1","0","0","0","0","0","0","0","0","1","0","","02","12","2017","2","40.421178","-79.799842","","11","0","0","0","0","0","1","0","0","1","0","0","0","","","1","","2","","40 25:16.240","3","0","79 47:59.431","8","0","0","0","2446","0","0","0","N","0","0","0","2","02446","0","","1.0","","1","N","N","","0","","0","0","1","","0","Y","","2","1","0","0","0","1","0","2","0","2","","","","N","","","","","","","","","",""
"2017118514","","1","0","0","0","0","0","0","0","0","7","0","","02","11","2017","6","40.585853","-79.776941","","11","0","0","0","1","0","0","0","0","","0","0","0","","","1","","0","","40 35:09.071","","0","79 46:36.987","4","0","0","0","2121","0","0","0","N","0","0","0","2","02121","1","","5.0","","1","N","N","","0","","0","0","0","","0","","","1","1","0","0","0","0","0","2","0","1","","","","N","","","","","","","","","",""
"2017121995","","1","0","0","0","0","0","0","0","0","7","0","","02","11","2017","1","40.387282","-79.80486","","11","0","0","0","0","0","0","0","0","2","0","0","0","","","2","","0","","40 23:14.216","5","0","79 48:17.496","3","0","0","0","2424","0","0","0","N","0","0","0","3","02424","1","","5.0","","9","N","N","","0","","1","0","0","","0","N","","1","2","2","0","0","0","0","2","0","1","","","","N","","","","","","","","","",""
"2017121615","","2","0","0","0","0","0","0","0","0","1","0","","02","11","2017","7","40.431043","-80.001644","","11","0","0","0","0","0","0","0","0","1","0","0","0","","","2","","2","","40 25:51.755","3","0","80 00:05.918","4","0","0","0","2301","0","0","0","N","0","0","0","4","02301","2","","1.0","","9","N","N","","0","","0","0","0","","2","N","","2","2","0","0","0","0","0","2","0","2","","","","N","","","","","","","","","",""
"2017136397","","1","0","0","0","0","0","0","0","0","7","0","","02","12","2017","1","40.510506","-80.048803","","11","0","0","0","0","0","0","0","0","2","0","0","0","","","0","","0","","40 30:37.820","1","0","80 02:55.692","0","0","0","0","2116","0","0","0","Y","0","0","0","1","68B03","0","","3.0","","1","N","N","","0","","0","0","0","","0","N","","1","0","0","0","0","0","0","2","0","1","","","","N","","","","","","","","","",""
"2017134979","","0","0","0","0","0","0","0","0","0","7","0","","02","12","2017","6","40.612159","-80.018498","","11","0","0","0","0","0","0","0","0","","0","0","0","","","0","","1","","40 36:43.772","","0","80 01:06.592","0","0","0","0","2108","0","0","0","N","0","0","0","1","02501","0","","4.0","","9","N","N","","0","","0","0","1","","0","","","1","0","0","0","0","0","0","1","0","1","","","","N","","","","","","","","","",""
"2017115467","","1","0","0","0","0","0","0","0","0","7","0","","02","11","2017","1","40.403826","-79.882649","","11","0","0","0","0","0","0","0","0","1","0","0","0","","","0","","0","","40 24:13.772","1","1","79 52:57.536","9","0","0","0","2475","0","0","0","N","0","0","0","1","02475","0","","2.0","","9","N","N","","0","","0","0","0","","0","Y","","1","0","0","0","0","0","1","2","0","1","","","","N","","","","","","","","","",""
"2017137109","","1","0","0","0","0","0","0","0","0","1","0","","02","12","2017","6","40.439308","-79.861417","","11","0","0","0","0","0","1","0","0","1","0","0","0","","","0","","0","","40 26:21.510","4","0","79 51:41.101","0","0","0","0","2419","0","0","0","","0","0","0","2","68B03","0","","1.0","","9","N","N","","1","","0","0","0","","0","N","","2","0","0","0","0","0","0","2","0","2","","","","N","","","","","","","","","",""
"2017118253","","2","0","0","0","0","0","0","0","0","4","0","","02","11","2017","6","40.450051","-79.949913","","11","0","0","0","0","0","1","0","0","","0","0","0","","","1","","0","","40 27:00.184","","0","79 56:59.688","4","0","0","0","2301","0","0","0","N","0","0","0","3","02301","1","","1.0","","1","N","N","","0","","0","0","0","","0","","","2","1","0","0","0","0","0","2","0","2","","","","N","","","","","","","","","",""
"2017127901","","4","0","0","0","0","0","0","0","0","1","0","","02","12","2017","6","40.380528","-80.104722","","11","0","2","1","0","0","0","0","0","1","0","0","0","","","0","","0","","40 22:49.900","2","0","80 06:17.000","0","0","0","0","2102","0","0","0","Y","0","0","0","4","02102","0","","1.0","","1","N","N","","0","","0","0","0","","0","N","","4","0","0","0","0","0","0","2","0","4","","","","N","","","","","","","","","",""
"2017112614","","0","0","0","0","0","0","0","0","0","7","0","","02","10","2017","1","40.551786","-79.877724","","11","0","0","0","0","0","0","0","0","","0","0","0","","","0","","0","","40 33:06.430","","0","79 52:39.805","0","0","0","0","2432","0","0","0","N","0","0","0","0","02432","0","","5.0","","9","N","N","","0","","0","0","1","","0","","","1","0","0","0","0","0","0","2","0","1","","","","N","","","","","","","","","",""
"2017136432","","0","0","0","0","0","0","0","0","0","99","0","","02","12","2017","5","40.626519","-79.746557","","11","0","0","0","0","0","1","0","0","2","0","0","0","","","0","","0","","40 37:35.467","2","0","79 44:47.606","0","0","0","0","2202","0","0","0","N","0","0","0","1","68D02","0","","1.0","","1","N","N","","0","","0","0","1","","0","N","","1","0","0","0","0","0","0","2","0","1","","","","N","","","","","","","","","",""
"2017137373","","1","0","0","0","0","0","0","0","0","1","0","","02","6","2017","4","40.426123","-79.896368","","11","0","0","0","1","0","0","0","0","1","0","0","0","","","1","","0","","40 25:34.042","4","0","79 53:46.924","3","0","0","0","2301","0","0","0","","0","0","0","3","68B03","0","","1.0","","1","N","N","","0","","1","0","1","","0","N","","2","1","0","0","0","0","0","2","0","2","","","","N","","","","","","","","","",""
"2017138430","","2","0","0","0","0","0","0","0","0","1","0","","02","12","2017","6","40.433838","-80.00672","","11","0","0","0","0","0","1","0","0","1","0","0","0","","","0","","2","","40 26:01.815","3","0","80 00:24.192","0","0","0","0","2301","0","0","0","N","0","0","0","3","02301","0","","1.0","","1","N","N","","0","","0","0","0","","2","N","","2","0","0","0","0","0","0","2","0","2","","","","N","","","","","","","","","",""
"2017136297","","1","0","0","0","0","0","0","0","0","4","0","","02","12","2017","5","40.477919","-79.759783","","11","0","0","0","0","0","0","0","0","2","0","0","0","","","0","","0","","40 28:40.510","4","7","79 45:35.220","0","0","0","0","2466","0","0","0","N","0","0","0","2","02466","0","","1.0","","1","N","N","","0","","0","0","1","","0","N","","2","0","0","0","0","0","0","2","0","2","","","","N","","","","","","","","","",""
"2017121316","","1","0","0","0","0","0","0","0","0","1","0","","02","11","2017","7","40.490544","-80.053726","","11","0","0","0","0","0","0","0","0","","0","0","0","","","0","","0","","40 29:25.958","","0","80 03:13.414","0","0","0","0","2404","0","0","0","N","0","0","0","1","02404","0","","1.0","","1","N","N","","1","","0","0","0","","0","","","2","0","0","0","0","0","0","2","0","2","","","","N","","","","","","","","","",""
"2017130164","","3","0","0","0","0","0","0","0","0","1","0","","02","12","2017","3","40.526477","-80.159123","","11","0","0","0","0","0","1","0","0","2","0","0","0","","","1","","2","","40 31:35.318","2","0","80 09:32.841","8","0","0","0","2436","0","0","0","N","0","0","0","3","02458","0","","1.0","","9","N","N","","0","","0","0","0","","2","N","","3","1","0","0","0","1","0","2","0","3","","","","N","","","","","","","","","",""
"2017128257","","1","0","0","0","0","0","0","0","0","6","1","","02","11","2017","2","40.529431","-80.079745","","11","0","0","0","0","0","0","0","0","1","0","1","0","","","0","","2","","40 31:45.951","7","0","80 04:47.082","0","0","0","0","2215","0","0","0","N","0","0","0","2","02215","0","","1.0","","1","N","N","","0","","0","0","0","","3","N","","2","0","0","0","0","0","0","2","0","2","","","","N","","","","","","","","","",""
"2017120058","","1","0","0","0","0","0","0","0","0","7","0","","02","11","2017","7","40.466961","-79.893818","","11","0","0","0","0","0","0","0","0","","0","0","0","","","0","","2","","40 28:01.059","","0","79 53:37.744","0","0","0","0","2301","0","0","0","N","0","0","0","1","02301","0","","4.0","","98","N","N","","0","","0","0","0","","9","","","1","0","0","0","0","0","0","2","0","1","","","","N","","","","","","","","","",""
"2017118396","","1","0","0","0","0","0","0","0","0","4","0","","02","11","2017","5","40.435333","-79.785361","","11","0","0","0","0","0","0","0","0","1","0","0","0","","","2","","0","","40 26:07.200","3","0","79 47:07.300","8","0","0","0","2446","0","0","0","N","0","0","0","2","02446","0","","1.0","","1","N","N","","0","","0","0","1","","0","N","","2","2","0","0","0","2","0","2","0","2","","","","N","","","","","","","","","",""
"2017128741","","0","0","0","0","0","0","0","0","0","4","0","","02","12","2017","4","40.438284","-79.830443","","11","0","0","0","0","0","0","1","0","2","0","0","0","","","0","","1","","40 26:17.821","4","0","79 49:49.594","0","0","0","0","2419","0","0","0","N","0","0","0","3","02419","0","","1.0","","1","N","N","","0","","0","0","2","","2","N","","2","0","0","0","0","0","0","2","0","2","","","","N","","","","","","","","","",""
"2017121605","","2","0","0","0","0","0","0","0","0","4","0","","02","11","2017","7","40.378437","-79.989779","","11","0","0","0","0","0","0","1","0","1","0","0","0","","","2","","2","","40 22:42.373","1","0","79 59:23.203","4","0","0","0","2476","0","0","0","N","0","0","0","3","02476","2","","1.0","","9","N","N","","0","","0","0","0","","0","N","","2","2","1","0","0","0","0","2","0","2","","","","N","","","","","","","","","",""
"2017123499","","2","0","0","0","0","0","0","0","0","4","0","","02","11","2017","1","40.449701","-79.986071","","11","0","0","0","0","0","1","0","0","2","0","0","0","","","0","","1","","40 26:58.924","4","0","79 59:09.856","0","0","0","0","2301","0","0","0","N","0","0","0","3","02301","0","","1.0","","1","N","N","","0","","0","0","0","","3","N","","2","0","0","0","0","0","0","2","0","2","","","","N","","","","","","","","","",""
"2017129134","","1","0","0","0","0","0","0","0","0","7","0","","02","11","2017","7","40.3523","-79.849216","","11","0","0","0","0","0","0","0","0","2","0","0","0","","","0","","0","","40 21:08.280","3","0","79 50:57.177","0","0","0","0","2304","0","0","0","N","0","0","0","1","02304","0","","2.0","","1","N","N","","0","","0","0","0","","0","N","","1","0","0","0","0","0","0","2","0","1","","","","N","","","","","","","","","",""
"2017136244","","1","0","0","0","0","0","0","0","0","1","0","","02","12","2017","6","40.451725","-80.135693","","11","0","0","0","0","0","1","1","0","1","0","0","0","","","1","","0","","40 27:06.211","3","0","80 08:08.496","3","0","0","0","2115","0","0","0","N","0","0","0","3","02115","0","","1.0","","1","N","N","","0","","1","0","2","","0","N","","3","1","0","0","0","0","0","2","0","3","","","","N","","","","","","","","","",""
"2017114825","","2","0","0","0","0","0","0","0","0","1","0","","02","11","2017","6","40.431695","-79.997565","","11","0","0","0","0","0","1","0","0","","0","0","0","","","0","","0","","40 25:54.102","","3","79 59:51.233","0","0","0","0","2301","0","0","0","N","0","0","0","6","02301","0","","1.0","","1","N","N","","0","","0","0","1","","1","","","3","0","0","0","0","0","0","2","0","3","","","","N","","","","","","","","","",""
"2017120268","","4","0","0","0","0","0","0","0","0","1","0","","02","11","2017","4","40.470108","-79.957884","","11","0","0","0","0","0","0","0","0","1","0","0","0","","","0","","0","","40 28:12.387","6","0","79 57:28.382","0","0","0","0","2301","0","0","0","N","0","0","0","1","02301","0","","6.0","","9","N","N","","0","","0","0","0","","3","N","","4","0","0","0","0","0","0","2","0","4","","","","N","","","","","","","","","",""