"CRN","ARRIVAL_TM","AUTOMOBILE_COUNT","BELTED_DEATH_COUNT","BELTED_SUSP_SERIOUS_INJ_COUNT","BICYCLE_COUNT","BICYCLE_DEATH_COUNT","BICYCLE_SUSP_SERIOUS_INJ_COUNT","BUS_COUNT","CHLDPAS_DEATH_COUNT","CHLDPAS_SUSP_SERIOUS_INJ_COUNT","COLLISION_TYPE","COMM_VEH_COUNT","CONS_ZONE_SPD_LIM","COUNTY","CRASH_MONTH","CRASH_YEAR","DAY_OF_WEEK","DEC_LATITUDE","DEC_LONGITUDE","DISPATCH_TM","DISTRICT","DRIVER_COUNT_16YR","DRIVER_COUNT_17YR","DRIVER_COUNT_18YR","DRIVER_COUNT_19YR","DRIVER_COUNT_20YR","DRIVER_COUNT_50_64YR","DRIVER_COUNT_65_74YR","DRIVER_COUNT_75PLUS","EST_HRS_CLOSED","FATAL_COUNT","HEAVY_TRUCK_COUNT","HORSE_BUGGY_COUNT","HOUR_OF_DAY","ILLUMINATION","INJURY_COUNT","INTERSECTION_RELATED","INTERSECT_TYPE","LANE_CLOSED","LATITUDE","LN_CLOSE_DIR","LOCATION_TYPE","LONGITUDE","MAX_SEVERITY_LEVEL","MCYCLE_DEATH_COUNT","MCYCLE_SUSP_SERIOUS_INJ_COUNT","MOTORCYCLE_COUNT","MUNICIPALITY","NONMOTR_COUNT","NONMOTR_DEATH_COUNT","NONMOTR_SUSP_SERIOUS_INJ_COUNT","NTFY_HIWY_MAINT","PED_COUNT","PED_DEATH_COUNT","PED_SUSP_SERIOUS_INJ_COUNT","PERSON_COUNT","POLICE_AGCY","POSSIBLE_INJ_COUNT","RDWY_SURF_TYPE_CD","RELATION_TO_ROAD","ROADWAY_CLEARED","ROAD_CONDITION","SCH_BUS_IND","SCH_ZONE_IND","SECONDARY_CRASH","SMALL_TRUCK_COUNT","SPEC_JURIS_CD","SUSP_MINOR_INJ_COUNT","SUSP_SERIOUS_INJ_COUNT","SUV_COUNT","TCD_FUNC_CD","TCD_TYPE","TFC_DETOUR_IND","TIME_OF_DAY","TOTAL_UNITS","TOT_INJ_COUNT","UNBELTED_OCC_COUNT","UNB_DEATH_COUNT","UNB_SUSP_SERIOUS_INJ_COUNT","UNK_INJ_DEG_COUNT","UNK_INJ_PER_COUNT","URBAN_RURAL","VAN_COUNT","VEHICLE_COUNT","WEATHER1","WEATHER2","WORKERS_PRES","WORK_ZONE_IND","WORK_ZONE_LOC","WORK_ZONE_TYPE","WZ_CLOSE_DETOUR","WZ_FLAGGER","WZ_LAW_OFFCR_IND","WZ_LN_CLOSURE","WZ_MOVING","WZ_OTHER","WZ_SHLDER_MDN","WZ_WORKERS_INJ_KILLED"
"2017118419","","1","0","0","0","0","0","0","0","0","1","0","","02","11","2017","1","40.533662","-80.02368","","11","0","0","0","0","0","0","0","0","","0","0","0","","","0","","0","","40 32:01.183","","0","80 01:25.247","9","0","0","0","2116","0","0","0","N","0","0","0","2","02116","0","","1.0","","1","N","N","","1","","0","0","0","","0","","","2","0","0","0","0","0","1","2","0","2","","","","N","","","","","","","","","",""
"2017138227","","2","0","0","0","0","0","0","0","0","4","0","","02","12","2017","5","40.541006","-80.179205","","11","0","0","1","0","0","0","0","0","","0","0","0","","","1","","1","","40 32:27.621","","0","80 10:45.137","4","0","0","0","2458","0","0","0","N","0","0","0","2","02458","1","","1.0","","1","N","N","","0","","0","0","0","","3","","","2","1","0","0","0","0","0","2","0","2","","","","N","","","","","","","","","",""
"2017120064","","3","0","0","0","0","0","0","0","0","4","0","","02","11","2017","4","40.327341","-79.840235","","11","0","0","0","0","0","1","0","1","","0","0","0","","","2","","1","","40 19:38.428","","0","79 50:24.845","8","0","0","0","2304","0","0","0","N","0","0","0","3","02304","0","","1.0","","1","N","N","","0","","0","0","0","","2","","","3","2","0","0","0","2","0","2","0","3","","","","N","","","","","","","","","",""
"2017128948","","1","0","0","0","0","0","0","0","0","4","0","","02","12","2017","3","40.462496","-79.927811","","11","0","0","0","0","0","0","0","0","1","0","0","0","","","1","","1","","40 27:44.985","2","0","79 55:40.119","4","0","0","1","2301","0","0","0","N","0","0","0","2","02301","1","","1.0","","1","N","N","","0","","0","0","0","","2","N","","2","1","0","0","0","0","0","2","0","2","","","","N","","","","","","","","","",""
"2017128772","","2","0","0","0","0","0","0","0","0","4","0","","02","12","2017","4","40.343399","-80.060451","","11","0","0","0","0","0","0","0","0","2","0","0","0","","","1","","1","","40 20:36.235","1","0","80 03:37.623","8","0","0","0","2123","0","0","0","N","0","0","0","3","02123","0","","1.0","","1","N","N","","0","","0","0","0","","2","Y","","2","1","0","0","0","1","0","2","0","2","","","","N","","","","","","","","","",""
"2017137857","","0","0","0","0","0","0","0","0","0","5","1","45","02","10","2017","3","40.449344","-79.992651","","11","0","0","0","0","0","1","0","0","3","0","1","0","","","0","","0","","40 26:57.638","2","3","79 59:33.544","0","0","0","0","2301","0","0","0","","0","0","0","3","68B03","0","","1.0","","1","N","N","","1","","0","0","1","","0","N","","3","0","0","0","0","0","0","2","0","3","","","N","Y","2","1","N","N","N","N","N","Y","N",""
"2017117604","","1","0","0","0","0","0","0","0","0","6","0","","02","11","2017","5","40.464516","-79.967613","","11","0","0","0","0","0","1","0","0","","0","0","0","","","0","","1","","40 27:52.257","","0","79 58:03.406","0","0","0","0","2301","0","0","0","","0","0","0","2","02301","0","","1.0","","1","","","","0","","0","0","1","","3","","","2","0","0","0","0","0","0","2","0","2","","","","N","","","","","","","","","",""
"2017108795","","1","0","0","0","0","0","0","0","0","1","0","","02","10","2017","6","40.541078","-79.802384","","11","0","0","0","0","0","1","0","0","","0","0","0","","","0","","0","","40 32:27.880","","0","79 48:08.581","9","0","0","0","2418","0","0","0","N","0","0","0","3","02418","0","","1.0","","1","N","N","","1","","0","0","0","","2","","","2","0","0","0","0","0","1","2","0","2","","","","N","","","","","","","","","",""
"2017127095","","1","0","0","0","0","0","0","0","0","7","0","","02","11","2017","1","40.549587","-79.959392","","11","0","0","0","0","0","0","0","0","1","0","0","0","","","0","","0","","40 32:58.514","2","0","79 57:33.812","0","0","0","0","2118","0","0","0","N","0","0","0","3","02118","0","","4.0","","9","N","N","","1","","0","0","1","","0","N","","3","0","0","0","0","0","0","2","0","3","","","","N","","","","","","","","","",""
"2017137900","","0","0","0","0","0","0","0","0","0","1","0","","02","12","2017","4","40.495428","-80.014785","","11","0","0","0","0","0","0","0","0","","0","0","0","","","0","","0","","40 29:43.541","","0","80 00:53.227","0","0","0","0","2301","0","0","0","","0","0","0","3","68B03","0","","1.0","","1","N","N","","1","","0","0","0","","0","","","2","0","0","0","0","0","0","2","1","2","","","","N","","","","","","","","","",""
"2017137809","","0","0","0","0","0","0","0","0","0","8","0","","02","12","2017","4","40.370347","-80.100763","","11","0","0","0","0","0","0","0","0","","0","0","0","","","1","","2","","40 22:13.250","","0","80 06:02.748","4","0","0","0","2102","1","0","0","N","1","0","0","2","02102","1","","1.0","","1","N","N","","0","","0","0","1","","2","","","2","1","0","0","0","0","0","2","0","1","","","","N","","","","","","","","","",""
"2017136877","","1","0","0","0","0","0","0","0","0","7","0","","02","12","2017","2","40.671686","-80.119458","","11","0","0","0","0","0","0","0","0","1","0","0","0","","","0","","0","","40 40:18.069","4","0","80 07:10.047","0","0","0","0","2212","0","0","0","N","0","0","0","1","02505","0","","3.0","","1","N","N","","0","","0","0","0","","0","N","","1","0","0","0","0","0","0","2","0","1","","","","N","","","","","","","","","",""
"2017129170","","0","0","0","0","0","0","0","0","0","4","0","","02","11","2017","4","40.512146","-80.131774","","11","0","0","0","0","0","0","1","0","1","0","0","0","","","1","","0","","40 30:43.726","3","0","80 07:54.388","4","0","0","0","2110","0","0","0","N","0","0","0","2","02215","1","","1.0","","1","N","N","","1","","0","0","1","","3","N","","2","1","0","0","0","0","0","2","0","2","","","","N","","","","","","","","","",""
"2017132956","","0","0","0","0","0","0","0","0","0","4","0","","02","12","2017","6","40.43841","-80.154366","","11","0","0","0","0","1","1","0","0","2","0","0","0","","","0","","1","","40 26:18.276","2","2","80 09:15.718","0","0","0","0","2115","0","0","0","N","0","0","0","3","02115","0","","1.0","","1","N","N","","1","","0","0","1","","2","N","","2","0","0","0","0","0","0","2","0","2","","","","N","","","","","","","","","",""
"2017133686","","1","0","0","0","0","0","0","0","0","7","0","","02","12","2017","7","40.426989","-79.791867","","11","0","0","0","0","0","0","0","0","1","0","0","0","","","1","","0","","40 25:37.160","1","0","79 47:30.720","8","0","0","0","2446","0","0","0","N","0","0","0","1","02446","0","","4.0","","1","N","N","","0","","0","0","0","","0","N","","1","1","0","0","0","1","0","2","0","1","","","","N","","","","","","","","","",""
"2017136781","","1","0","0","0","0","0","0","0","0","7","0","","02","12","2017","2","40.397512","-80.178834","","11","0","0","0","0","0","0","0","0","","0","0","0","","","1","","2","","40 23:51.043","","0","80 10:43.802","8","0","0","0","2119","0","0","0","N","0","0","0","1","02119","0","","5.0","","9","N","N","","0","","0","0","0","","0","","","1","1","0","0","0","1","0","1","0","1","","","","N","","","","","","","","","",""
"2017125191","","0","0","0","0","0","0","0","0","0","0","0","","02","11","2017","1","40.318975","-79.935069","","11","0","0","0","0","0","0","0","0","2","0","0","0","","","0","","0","","40 19:08.310","6","0","79 56:06.250","0","0","0","0","2440","0","0","0","N","0","0","0","1","02440","0","","4.0","","1","N","N","","0","","0","0","1","","0","Y","","1","0","0","0","0","0","0","2","0","1","","","","N","","","","","","","","","",""
"2017126178","","2","0","0","0","0","0","0","0","0","5","0","","02","12","2017","6","40.456214","-79.940958","","11","0","0","0","0","0","0","0","0","","0","0","0","","","0","","0","","40 27:22.370","","99","79 56:27.449","0","0","0","0","2301","0","0","0","N","0","0","0","1","02301","0","","6.0","","1","N","N","","0","","0","0","0","","0","","","2","0","0","0","0","0","0","2","0","2","","","","N","","","","","","","","","",""
"2017121629","","2","0","0","0","0","0","0","0","0","1","0","","02","11","2017","7","40.451476","-79.908173","","11","0","0","0","0","0","0","1","0","2","0","0","0","","","0","","1","","40 27:05.312","6","0","79 54:29.421","0","0","0","0","2301","0","0","0","N","0","0","0","2","02301","0","","1.0","","1","N","N","","0","","0","0","0","","2","N","","2","0","0","0","0","0","0","2","0","2","","","","N","","","","","","","","","",""
"2017137779","","1","0","0","0","0","0","0","0","0","7","0","","02","12","2017","2","40.317392","-80.109306","","11","0","0","0","0","0","0","0","0","","0","0","0","","","1","","0","","40 19:02.610","","0","80 06:33.501","2","0","0","0","2123","0","0","0","N","0","0","0","1","02123","0","","4.0","","7","N","N","","0","","0","1","0","","0","","","1","1","0","0","0","0","0","2","0","1","","","","N","","","","","","","","","",""
"2017123389","","2","0","0","0","0","0","0","0","0","4","0","","02","11","2017","4","40.451491","-79.953345","","11","0","0","0","0","0","1","0","0","","0","0","0","","","1","","1","","40 27:05.366","","0","79 57:12.043","4","0","0","0","2301","0","0","0","N","0","0","0","3","02301","1","","1.0","","1","N","N","","0","","0","0","0","","3","","","2","1","1","0","0","0","0","2","0","2","","","","N","","","","","","","","","",""
"2017098855","","1","0","0","0","0","0","0","0","0","7","0","","02","9","2017","4","40.506368","-80.086761","","11","0","0","0","0","0","0","0","0","1","0","0","0","","","0","","0","","40 30:22.923","1","3","80 05:12.339","0","0","0","0","2405","0","0","0","N","0","0","0","1","02215","0","","2.0","","1","N","N","","0","","0","0","0","","0","N","","1","0","0","0","0","0","0","2","0","1","","","","N","","","","","","","","","",""
"2017119020","","1","0","0","0","0","0","0","0","0","1","0","","02","11","2017","2","40.451476","-79.908173","","11","0","0","0","0","0","0","0","0","","0","0","0","","","1","","1","","40 27:05.312","","0","79 54:29.421","8","0","0","0","2301","0","0","0","N","0","0","0","3","02301","0","","1.0","","9","N","N","","0","","0","0","1","","2","","","2","1","0","0","0","1","0","2","0","2","","","","N","","","","","","","","","",""
"2017124038","","1","0","0","0","0","0","0","0","0","1","0","","02","11","2017","6","40.432097","-80.02775","","11","0","0","0","0","0","1","0","0","","0","0","0","","","0","","0","","40 25:55.548","","3","80 01:39.900","0","0","0","0","2301","0","0","0","N","0","0","0","3","02301","0","","1.0","","1","N","N","","0","","0","0","2","","0","","","3","0","1","0","0","0","0","2","0","3","","","","N","","","","","","","","","",""
"2017134697","","1","0","0","0","0","0","0","0","0","7","0","","02","12","2017","3","40.351197","-80.085518","","11","0","0","0","0","0","0","1","0","2","0","0","0","","","1","","0","","40 21:04.309","3","0","80 05:07.863","4","0","0","0","2123","0","0","0","N","0","0","0","1","02123","1","","4.0","","1","N","N","","0","","0","0","0","","0","N","","1","1","0","0","0","0","0","2","0","1","","","","N","","","","","","","","","",""
"2017128275","","1","0","0","0","0","0","0","0","0","1","0","","02","12","2017","3","40.406451","-79.827183","","11","0","0","0","0","0","0","0","0","","0","0","0","","","0","","0","","40 24:23.224","","0","79 49:37.857","0","0","0","0","2467","0","0","0","N","0","0","0","2","02467","0","","1.0","","9","","","","1","","0","0","0","","2","","","2","0","0","0","0","0","0","2","0","2","","","","N","","","","","","","","","",""
"2017126070","","1","0","0","0","0","0","0","0","0","1","0","","02","11","2017","1","40.274997","-79.90288","","11","0","0","1","0","0","0","0","0","2","0","0","0","","","1","","0","","40 16:29.988","1","0","79 54:10.369","8","0","0","0","2440","0","0","0","N","0","0","0","4","02440","0","","1.0","","1","N","N","","0","","0","0","2","","0","N","","3","1","0","0","0","1","0","2","0","3","","","","N","","","","","","","","","",""
"2017138587","","1","0","0","0","0","0","0","0","0","7","0","","02","12","2017","7","40.457056","-79.827333","","11","0","0","0","0","0","0","0","0","","0","0","0","","","0","","0","","40 27:25.400","","0","79 49:38.400","0","0","0","0","2113","0","0","0","N","0","0","0","1","02113","0","","4.0","","7","N","N","","0","","0","0","0","","0","","","1","0","0","0","0","0","0","2","0","1","","","","N","","","","","","","","","",""
"2017118285","","1","0","0","0","0","0","0","0","0","7","0","","02","11","2017","6","40.495447","-80.026206","","11","0","0","0","0","0","0","0","0","","0","0","0","","","0","","3","","40 29:43.609","","0","80 01:34.341","0","0","0","0","2301","0","0","0","N","0","0","0","1","02301","0","","5.0","","1","N","N","","0","","0","0","0","","0","","","1","0","0","0","0","0","0","2","0","1","","","","N","","","","","","","","","",""
"2017126883","","0","0","0","0","0","0","0","0","0","7","0","","02","12","2017","1","40.496704","-80.012531","","11","0","0","0","0","0","0","0","0","","0","0","0","","","0","","0","","40 29:48.133","","3","80 00:45.110","0","0","0","0","2301","0","0","0","N","0","0","0","1","02301","0","","2.0","","2","N","N","","1","","0","0","0","","0","","","1","0","0","0","0","0","0","2","0","1","","","","N","","","","","","","","","",""
"2017134702","","2","0","0","0","0","0","0","0","0","4","0","","02","12","2017","3","40.361419","-80.100659","","11","0","0","0","0","0","1","0","0","","0","0","0","","","0","","0","","40 21:41.110","","0","80 06:02.372","0","0","0","0","2301","0","0","0","N","0","0","0","3","02301","0","","1.0","","1","N","N","","0","","0","0","0","","0","","","2","0","0","0","0","0","0","2","0","2","","","","N","","","","","","","","","",""
"2017121489","","1","0","0","0","0","0","0","0","0","5","0","","02","11","2017","7","40.448306","-79.895417","","11","0","0","0","0","0","1","1","0","","0","0","0","","","1","","0","","40 26:53.900","","0","79 53:43.500","4","0","0","0","2301","0","0","0","N","0","0","0","2","02301","1","","1.0","","9","N","N","","0","","0","0","1","","0","","","2","1","0","0","0","0","0","2","0","2","","","","N","","","","","","","","","",""
"2017123253","","2","0","0","0","0","0","0","0","0","2","0","","02","11","2017","4","40.484111","-80.015139","","11","0","0","0","0","0","0","0","0","","0","0","0","","","0","","0","","40 29:02.800","","0","80 00:54.500","9","0","0","0","2301","0","0","0","N","0","0","0","1","02301","0","","6.0","","9","N","N","","0","","0","0","0","","0","","","2","0","0","0","0","0","1","2","0","2","","","","N","","","","","","","","","",""
"2017129585","","3","0","0","0","0","0","0","0","0","4","0","","02","12","2017","1","40.419778","-79.929694","","11","0","0","0","0","0","0","0","0","","0","0","0","","","1","","0","","40 25:11.200","","0","79 55:46.900","8","0","0","0","2301","0","0","0","N","0","0","0","2","02301","0","","1.0","","1","N","N","","0","","0","0","1","","0","","","4","1","0","0","0","1","1","2","0","4","","","","N","","","","","","","","","",""
"2017116283","","2","0","0","0","0","0","0","0","0","1","0","","02","11","2017","5","40.435951","-79.7492","","11","0","0","0","0","0","2","0","0","","0","0","0","","","1","","0","","40 26:09.424","","0","79 44:57.120","4","0","0","0","2446","0","0","0","N","0","0","0","2","68T02","1","","1.0","","9","N","N","","0","","0","0","0","","0","","","2","1","0","0","0","0","0","2","0","2","","","","N","","","","","","","","","",""
"2017121643","","1","0","0","0","0","0","0","0","0","5","0","","02","11","2017","1","40.4721","-80.015501","","11","0","0","0","0","0","0","0","1","1","0","0","0","","","0","","2","","40 28:19.560","3","0","80 00:55.804","9","0","0","0","2301","0","0","0","N","0","0","0","3","02301","0","","1.0","","9","N","N","","0","","0","0","0","","0","N","","2","0","0","0","0","0","1","2","0","2","","","","N","","","","","","","","","",""
"2017115145","","2","0","0","0","0","0","0","0","0","1","0","","02","11","2017","7","40.438263","-79.993959","","11","0","0","0","0","0","1","0","0","","0","0","0","","","0","","0","","40 26:17.746","","2","79 59:38.251","0","0","0","0","2301","0","0","0","N","0","0","0","2","02301","0","","1.0","","1","N","N","","0","","0","0","0","","0","","","2","0","0","0","0","0","0","2","0","2","","","","N","","","","","","","","","",""
"2017135406","","1","0","0","0","0","0","0","0","0","4","0","","02","12","2017","3","40.437447","-79.754311","","11","0","0","0","0","0","0","0","0","","0","0","0","","","0","","0","","40 26:14.810","","0","79 45:15.520","0","0","0","0","2446","0","0","0","N","0","0","0","3","68T09","0","","1.0","","1","N","N","","1","","0","0","0","","0","","","2","0","0","0","0","0","0","2","0","2","","","","N","","","","","","","","","",""
"2017123032","","2","0","0","0","0","0","0","0","0","2","0","","02","11","2017","1","40.474477","-79.971399","","11","0","0","0","0","0","0","0","0","","0","0","0","","","0","","2","","40 28:28.117","","99","79 58:17.036","0","0","0","0","2445","0","0","0","N","0","0","0","3","02445","0","","1.0","","9","","","","0","","0","0","0","","2","","","2","0","0","0","0","0","0","2","0","2","","","","N","","","","","","","","","",""
"2017101076","","1","0","0","0","0","0","0","0","0","7","0","","02","10","2017","1","40.340028","-80.162611","","11","0","0","0","0","0","0","0","0","2","0","0","0","","","1","","0","","40 20:24.100","6","0","80 09:45.400","8","0","0","0","2119","0","0","0","N","0","0","0","1","02119","0","","5.0","","1","N","N","","0","","0","0","0","","0","N","","1","1","0","0","0","1","0","2","0","1","","","","N","","","","","","","","","",""
"2017136107","","2","0","0","0","0","0","0","0","0","1","0","","02","12","2017","6","40.498216","-80.209188","","11","0","0","0","0","0","0","0","0","","0","0","0","","","1","","2","","40 29:53.576","","2","80 12:33.077","4","0","0","0","2213","0","0","0","","0","0","0","4","02213","1","","1.0","","1","N","N","","0","","0","0","0","","4","","","2","1","0","0","0","0","0","2","0","2","","","","N","","","","","","","","","",""
"2017123725","","1","0","0","0","0","0","0","0","0","7","0","","02","11","2017","5","40.466049","-79.922934","","11","0","0","0","0","0","0","0","0","","0","0","0","","","0","","0","","40 27:57.775","","0","79 55:22.564","0","0","0","0","2301","0","0","0","N","0","0","0","1","02301","0","","1.0","","1","N","N","","0","","0","0","0","","0","","","1","0","0","0","0","0","0","2","0","1","","","","N","","","","","","","","","",""
"2017123604","","2","0","0","0","0","0","0","0","0","4","0","","02","11","2017","5","40.457186","-79.997818","","11","0","0","0","0","0","0","0","0","1","0","0","0","","","0","","1","","40 27:25.871","1","0","79 59:52.143","0","0","0","0","2301","0","0","0","N","0","0","0","2","02301","0","","1.0","","1","N","N","","0","","0","0","0","","2","N","","2","0","0","0","0","0","0","2","0","2","","","","N","","","","","","","","","",""
"2017123334","","1","0","0","0","0","0","0","0","0","5","0","","02","11","2017","4","40.430984","-80.026252","","11","0","0","0","0","0","1","0","0","1","0","0","0","","","0","","0","","40 25:51.543","4","0","80 01:34.508","0","0","0","0","2301","0","0","0","N","0","0","0","3","02301","0","","1.0","","1","N","N","","0","","0","0","1","","0","N","","2","0","0","0","0","0","0","2","0","2","","","","N","","","","","","","","","",""
"2017136991","","1","0","0","0","0","0","0","0","0","1","1","","02","12","2017","3","40.361307","-79.98252","","11","0","0","0","0","0","0","0","0","2","0","0","0","","","0","","0","","40 21:40.706","5","0","79 58:57.071","0","0","0","0","2413","0","0","0","N","0","0","0","2","02413","0","","1.0","","1","N","N","","0","","0","0","2","","3","N","","4","0","0","0","0","0","0","2","0","4","","","","N","","","","","","","","","",""
"2017138028","","0","0","0","0","0","0","0","0","0","4","0","","02","12","2017","5","40.365877","-79.77689","","11","0","0","0","0","0","0","1","0","2","0","0","0","","","0","","2","","40 21:57.158","4","0","79 46:36.803","0","0","0","0","2111","0","0","0","N","0","0","0","2","02111","0","","1.0","","1","N","N","","0","","0","0","1","","3","Y","","2","0","0","0","0","0","0","2","1","2","","","","N","","","","","","","","","",""
"2017125753","","1","0","0","0","0","0","0","0","0","7","0","","02","11","2017","5","40.458251","-80.029722","","11","0","0","0","0","0","0","0","0","1","0","0","0","","","0","","3","","40 27:29.704","4","0","80 01:46.998","0","0","0","0","2301","0","0","0","N","0","0","0","1","02301","0","","3.0","","1","N","N","","0","","0","0","0","","0","N","","1","0","0","0","0","0","0","2","0","1","","","","N","","","","","","","","","",""
"2017131191","","1","0","0","0","0","0","0","0","0","4","0","","02","12","2017","4","40.382938","-79.857483","","11","0","0","0","0","0","0","1","0","2","0","0","0","","","0","","2","","40 22:58.576","2","0","79 51:26.939","0","0","0","0","2303","0","0","0","N","0","0","0","2","02303","0","","1.0","","1","N","N","","0","","0","0","1","","2","N","","2","0","0","0","0","0","0","2","0","2","","","","N","","","","","","","","","",""
"2017124813","","2","0","0","0","0","0","0","0","0","1","0","","02","11","2017","7","40.333012","-79.847023","","11","0","0","0","0","0","0","0","0","2","0","0","0","","","0","","0","","40 19:58.843","1","0","79 50:49.284","0","0","0","0","2304","0","0","0","N","0","0","0","1","02304","0","","1.0","","1","N","N","","0","","0","0","0","","0","Y","","2","0","0","0","0","0","0","2","0","2","","","","N","","","","","","","","","",""
"2017132242","","1","0","0","0","0","0","0","0","0","8","1","","02","12","2017","5","40.441011","-79.985989","","11","0","0","0","0","0","1","0","0","","0","0","0","","","1","","1","","40 26:27.639","","0","79 59:09.561","8","0","0","0","2301","1","0","0","N","1","0","0","2","02301","0","","4.0","","6","N","N","","0","","0","0","0","","0","","","2","1","0","0","0","1","0","2","0","1","","","","N","","","","","","","","","",""
"2017131361","","0","0","0","0","0","0","0","0","0","7","0","","02","12","2017","7","40.381181","-80.026278","","11","0","0","0","0","0","0","0","0","1","0","0","0","","","0","","0","","40 22:52.250","7","0","80 01:34.600","0","0","0","0","2109","0","0","0","N","0","0","0","1","02109","0","","5.0","","1","N","N","","0","","0","0","1","","0","N","","1","0","0","0","0","0","0","2","0","1","","","","N","","","","","","","","","",""
"2017124233","","1","0","0","0","0","0","0","0","0","7","0","","02","11","2017","5","40.545224","-80.062939","","11","0","0","0","0","0","0","0","0","","0","0","0","","","0","","0","","40 32:42.806","","0","80 03:46.579","0","0","0","0","2116","0","0","0","N","0","0","0","1","02116","0","","5.0","","1","N","N","","0","","0","0","0","","0","","","1","0","0","0","0","0","0","2","0","1","","","","N","","","","","","","","","",""
"2017120285","","0","0","0","0","0","0","0","0","0","7","0","","02","11","2017","5","40.344389","-79.884139","","11","0","0","0","0","0","0","0","0","2","0","0","0","","","0","","0","","40 20:39.800","4","3","79 53:02.900","9","0","0","0","2304","0","0","0","N","0","0","0","1","02304","0","","3.0","","9","N","N","","0","","0","0","1","","3","N","","1","0","0","0","0","0","1","2","0","1","","","","N","","","","","","","","","",""
"2017126607","","1","0","0","0","0","0","0","0","0","1","0","","02","12","2017","6","40.42595","-79.861744","","11","0","0","0","0","0","1","1","0","","0","0","0","","","0","","0","","40 25:33.421","","0","79 51:42.280","0","0","0","0","2431","0","0","0","N","0","0","0","3","02431","0","","1.0","","1","N","N","","0","","0","0","2","","0","","","3","0","0","0","0","0","0","2","0","3","","","","N","","","","","","","","","",""
"2017123333","","1","0","0","0","0","0","0","0","0","1","0","","02","11","2017","4","40.362889","-80.084","","11","0","0","0","0","0","1","0","0","","0","0","0","","","1","","0","","40 21:46.400","","0","80 05:02.400","8","0","0","0","2117","0","0","0","N","0","0","0","2","02117","0","","1.0","","9","N","N","","0","","0","0","1","","0","","","2","1","0","0","0","1","0","2","0","2","","","","N","","","","","","","","","",""
"2017119823","","1","0","0","0","0","0","0","0","0","1","0","","02","11","2017","3","40.410463","-80.015569","","11","0","0","0","0","0","0","0","0","3","0","0","0","","","1","","2","","40 24:37.668","2","0","80 00:56.048","2","0","0","0","2301","0","0","0","N","0","0","0","2","02301","0","","4.0","","1","N","N","","0","","0","1","0","","2","Y","","2","1","0","0","0","0","0","2","0","2","","","","N","","","","","","","","","",""
"2017121415","","2","0","0","0","0","0","0","0","0","2","0","","02","11","2017","7","40.480972","-80.035917","","11","0","0","0","0","0","0","0","0","1","0","0","0","","","0","","0","","40 28:51.500","1","0","80 02:09.300","0","0","0","0","2301","0","0","0","N","0","0","0","2","02301","0","","6.0","","9","N","N","","0","","0","0","0","","0","N","","2","0","0","0","0","0","0","2","0","2","","","","N","","","","","","","","","",""
"2017137682","","2","0","1","0","0","0","0","0","0","4","1","","02","12","2017","3","40.649074","-80.096934","","11","0","0","0","0","0","1","0","0","4","0","1","0","","","3","","2","","40 38:56.666","5","0","80 05:48.961","2","0","0","0","2212","0","0","0","Y","0","0","0","4","02505","0","","1.0","","1","N","N","","0","","1","1","0","","2","N","","3","3","0","0","0","1","0","2","0","3","","","","N","","","","","","","","","",""
"2017121637","","3","0","0","0","0","0","0","0","0","1","0","","02","11","2017","7","40.454036","-79.885433","","11","0","0","0","0","0","1","0","0","1","0","0","0","","","0","","0","","40 27:14.531","4","0","79 53:07.558","0","0","0","0","2301","0","0","0","N","0","0","0","1","02301","0","","1.0","","9","N","N","","0","","0","0","0","","0","N","","3","0","0","0","0","0","0","2","0","3","","","","N","","","","","","","","","",""
"2017118529","","0","0","0","0","0","0","0","0","0","4","0","","02","11","2017","2","40.65059","-80.0786","2125","11","0","0","0","0","0","1","0","0","2","0","0","0","","","1","","1","","40 39:02.124","3","0","80 04:42.959","8","0","0","0","2212","0","0","0","N","0","0","0","2","02505","0","","1.0","","1","N","N","","1","","0","0","1","","4","Y","","2","1","0","0","0","1","0","2","0","2","","","","N","","","","","","","","","",""
"2017125992","","1","0","0","0","0","0","0","0","0","1","0","","02","11","2017","5","40.396693","-80.084939","1604","11","0","0","0","0","0","1","0","0","1","0","0","0","","","1","","2","","40 23:48.095","3","0","80 05:05.782","3","0","0","0","2117","0","0","0","N","0","0","0","2","02117","0","","1.0","","9","N","Y","","1","","1","0","0","","0","N","","2","1","0","0","0","0","0","2","0","2","","","","N","","","","","","","","","",""
"2017123730","","2","0","0","0","0","0","0","0","0","4","0","","02","11","2017","6","40.438689","-79.997271","0030","11","0","1","0","0","0","0","0","0","1","0","0","0","","","0","","1","","40 26:19.280","2","0","79 59:50.177","0","0","0","0","2301","0","0","0","N","0","0","0","2","02301","0","","1.0","","1","N","N","","0","","0","0","0","","2","N","","2","0","0","0","0","0","0","2","0","2","","","","N","","","","","","","","","",""
"2017126913","","2","0","0","0","0","0","0","0","0","4","0","","02","11","2017","1","40.430056","-79.727389","1306","11","0","0","0","0","0","1","0","0","","0","0","0","","","1","","0","","40 25:48.200","","0","79 43:38.600","4","0","0","0","2446","0","0","0","N","0","0","0","3","02446","1","","1.0","","1","N","N","","0","","0","0","0","","0","","","2","1","0","0","0","0","0","2","0","2","","","","N","","","","","","","","","",""