"CRN","ARRIVAL_TM","AUTOMOBILE_COUNT","BELTED_DEATH_COUNT","BELTED_SUSP_SERIOUS_INJ_COUNT","BICYCLE_COUNT","BICYCLE_DEATH_COUNT","BICYCLE_SUSP_SERIOUS_INJ_COUNT","BUS_COUNT","CHLDPAS_DEATH_COUNT","CHLDPAS_SUSP_SERIOUS_INJ_COUNT","COLLISION_TYPE","COMM_VEH_COUNT","CONS_ZONE_SPD_LIM","COUNTY","CRASH_MONTH","CRASH_YEAR","DAY_OF_WEEK","DEC_LATITUDE","DEC_LONGITUDE","DISPATCH_TM","DISTRICT","DRIVER_COUNT_16YR","DRIVER_COUNT_17YR","DRIVER_COUNT_18YR","DRIVER_COUNT_19YR","DRIVER_COUNT_20YR","DRIVER_COUNT_50_64YR","DRIVER_COUNT_65_74YR","DRIVER_COUNT_75PLUS","EST_HRS_CLOSED","FATAL_COUNT","HEAVY_TRUCK_COUNT","HORSE_BUGGY_COUNT","HOUR_OF_DAY","ILLUMINATION","INJURY_COUNT","INTERSECTION_RELATED","INTERSECT_TYPE","LANE_CLOSED","LATITUDE","LN_CLOSE_DIR","LOCATION_TYPE","LONGITUDE","MAX_SEVERITY_LEVEL","MCYCLE_DEATH_COUNT","MCYCLE_SUSP_SERIOUS_INJ_COUNT","MOTORCYCLE_COUNT","MUNICIPALITY","NONMOTR_COUNT","NONMOTR_DEATH_COUNT","NONMOTR_SUSP_SERIOUS_INJ_COUNT","NTFY_HIWY_MAINT","PED_COUNT","PED_DEATH_COUNT","PED_SUSP_SERIOUS_INJ_COUNT","PERSON_COUNT","POLICE_AGCY","POSSIBLE_INJ_COUNT","RDWY_SURF_TYPE_CD","RELATION_TO_ROAD","ROADWAY_CLEARED","ROAD_CONDITION","SCH_BUS_IND","SCH_ZONE_IND","SECONDARY_CRASH","SMALL_TRUCK_COUNT","SPEC_JURIS_CD","SUSP_MINOR_INJ_COUNT","SUSP_SERIOUS_INJ_COUNT","SUV_COUNT","TCD_FUNC_CD","TCD_TYPE","TFC_DETOUR_IND","TIME_OF_DAY","TOTAL_UNITS","TOT_INJ_COUNT","UNBELTED_OCC_COUNT","UNB_DEATH_COUNT","UNB_SUSP_SERIOUS_INJ_COUNT","UNK_INJ_DEG_COUNT","UNK_INJ_PER_COUNT","URBAN_RURAL","VAN_COUNT","VEHICLE_COUNT","WEATHER1","WEATHER2","WORKERS_PRES","WORK_ZONE_IND","WORK_ZONE_LOC","WORK_ZONE_TYPE","WZ_CLOSE_DETOUR","WZ_FLAGGER","WZ_LAW_OFFCR_IND","WZ_LN_CLOSURE","WZ_MOVING","WZ_OTHER","WZ_SHLDER_MDN","WZ_WORKERS_INJ_KILLED"
"2017090016","","0","0","0","0","0","0","0","0","0","7","0","","02","8","2017","6","40.541159","-79.780779","2030","11","0","0","0","0","0","2","0","0","","0","0","0","","","0","","0","","40 32:28.172","","0","79 46:50.805","0","0","0","0","2462","0","0","0","N","0","0","0","2","02462","0","","2.0","","9","N","N","","1","","0","0","1","","0","","","2","0","0","0","0","0","0","2","0","2","","","","N","","","","","","","","","",""
"2017133685","","1","0","0","0","0","0","0","0","0","7","0","","02","12","2017","2","40.439655","-80.016823","0036","11","0","0","0","0","0","0","0","0","1","0","0","0","","","1","","7","","40 26:22.759","4","2","80 01:00.563","3","0","0","0","2301","0","0","0","N","0","0","0","1","02301","0","","2.0","","1","N","N","","0","","1","0","0","","0","N","","1","1","0","0","0","0","0","2","0","1","","","","N","","","","","","","","","",""
"2017136378","","3","0","0","0","0","0","0","0","0","4","0","","02","12","2017","7","40.444778","-79.92075","2308","11","0","0","0","0","0","1","0","0","9","0","0","0","","","1","","0","","40 26:41.200","5","0","79 55:14.700","8","0","0","0","2301","0","0","0","N","0","0","0","4","02301","0","","1.0","","9","N","N","","1","","0","0","1","","0","Y","","5","1","0","0","0","1","0","2","0","5","","","","N","","","","","","","","","",""
"2017127758","","2","0","0","0","0","0","0","0","0","5","0","","02","11","2017","2","40.309776","-80.091276","1806","11","0","0","0","0","0","0","1","0","1","0","0","0","","","0","","0","","40 18:35.192","2","0","80 05:28.595","0","0","0","0","2123","0","0","0","N","0","0","0","1","02123","0","","2.0","","1","N","N","","0","","0","0","0","","0","N","","2","0","0","0","0","0","0","2","0","2","","","","N","","","","","","","","","",""
"2017133679","","2","0","0","0","0","0","0","0","0","1","0","","02","12","2017","1","40.437253","-80.002576","0239","11","0","0","0","0","0","0","0","0","","0","0","0","","","1","","2","","40 26:14.111","","0","80 00:09.275","8","0","0","0","2301","0","0","0","N","0","0","0","2","02301","0","","1.0","","1","N","N","","0","","0","0","0","","2","","","2","1","0","0","0","1","0","2","0","2","","","","N","","","","","","","","","",""
"2017138981","","1","0","0","0","0","0","0","0","0","7","0","","02","12","2017","1","40.455","-80.056278","0052","11","0","0","0","0","0","0","0","0","","0","0","0","","","0","","0","","40 27:18.000","","0","80 03:22.600","0","0","0","0","2301","0","0","0","N","0","0","0","1","02301","0","","5.0","","7","N","N","","0","","0","0","0","","0","","","1","0","0","0","0","0","0","2","0","1","","","","N","","","","","","","","","",""
"2017094698","","4","0","0","0","0","0","0","0","0","6","0","","02","9","2017","3","40.519235","-80.032264","1524","11","0","0","1","0","0","0","0","0","","0","0","0","","","1","","0","","40 31:09.245","","7","80 01:56.149","8","0","0","0","2474","0","0","0","N","0","0","0","2","02474","0","","6.0","","9","N","N","","0","","0","0","2","","0","","","7","1","1","0","0","1","0","2","1","7","","","","N","","","","","","","","","",""
"2017138056","","1","0","0","0","0","0","0","0","0","2","0","","02","12","2017","5","40.450024","-79.903739","1608","11","0","0","0","0","0","0","0","0","2","0","0","0","","","2","","1","","40 27:00.088","4","0","79 54:13.461","4","0","0","0","2301","0","0","0","N","0","0","0","4","02301","2","","1.0","","1","N","N","","1","","0","0","0","","2","N","","2","2","0","0","0","0","0","2","0","2","","","","N","","","","","","","","","",""
"2017132837","","1","0","0","0","0","0","0","0","0","4","0","","02","10","2017","7","40.39589","-79.841408","2206","11","0","0","0","0","0","0","1","0","1","0","0","0","","","0","","2","","40 23:45.203","1","4","79 50:29.068","0","0","0","0","2425","0","0","0","N","0","0","0","2","02425","0","","1.0","","9","N","N","","0","","0","0","1","","3","Y","","2","0","1","0","0","0","0","2","0","2","","","","N","","","","","","","","","",""
"2017132723","","3","0","0","0","0","0","0","0","0","1","0","","02","12","2017","6","40.454583","-79.994521","0817","11","0","0","0","0","0","0","0","0","1","0","0","0","","","0","","7","","40 27:16.497","2","0","79 59:40.277","0","0","0","0","2301","0","0","0","N","0","0","0","3","02301","0","","1.0","","1","N","N","","0","","0","0","0","","0","N","","3","0","0","0","0","0","0","2","0","3","","","","N","","","","","","","","","",""
"2017137260","","0","0","0","0","0","0","0","0","0","2","0","","02","12","2017","3","40.435128","-79.956419","1930","11","0","0","0","0","0","1","0","0","2","0","0","0","","","1","","1","","40 26:06.460","1","0","79 57:23.109","3","0","0","0","2301","0","0","0","N","0","0","0","7","02301","0","","1.0","","1","N","N","","0","","1","0","2","","2","N","","2","1","0","0","0","0","0","2","0","2","","","","N","","","","","","","","","",""
"2017138750","","0","0","0","0","0","0","0","0","0","1","0","","02","12","2017","7","40.422393","-79.997426","1058","11","0","0","0","0","0","1","0","0","1","0","0","0","","","2","","1","","40 25:20.614","5","0","79 59:50.735","3","0","0","0","2301","0","0","0","N","0","0","0","3","02301","0","","1.0","","7","N","N","","1","","2","0","1","","0","N","","2","2","0","0","0","0","0","2","0","2","","","","N","","","","","","","","","",""
"2017124202","","0","0","0","0","0","0","0","0","0","7","0","","02","11","2017","5","40.498689","-79.979257","0513","11","0","0","0","0","0","1","0","0","","0","0","0","","","1","","0","","40 29:55.280","","0","79 58:45.324","8","0","0","0","2118","0","0","0","N","0","0","0","1","02118","0","","5.0","","1","N","N","","1","","0","0","0","","0","","","1","1","0","0","0","1","0","2","0","1","","","","N","","","","","","","","","",""
"2017098517","","1","0","0","0","0","0","0","0","0","7","0","","02","9","2017","5","40.397964","-80.190299","0101","11","0","0","0","0","0","0","0","0","","0","0","0","","","1","","5","","40 23:52.672","","0","80 11:25.075","4","0","0","0","2214","0","0","0","N","0","0","0","1","02450","1","","2.0","","1","N","N","","0","","0","0","0","","3","","","1","1","1","0","0","0","0","2","0","1","","","","N","","","","","","","","","",""
"2017125959","","2","0","0","0","0","0","0","0","0","4","0","","02","11","2017","1","40.491945","-80.329723","1245","11","0","0","0","1","0","0","0","0","2","0","0","0","","","0","","1","","40 29:31.002","4","0","80 19:47.003","0","0","0","0","2203","0","0","0","N","0","0","0","7","02203","0","","1.0","","1","","","","0","","0","0","0","","3","N","","2","0","0","0","0","0","0","1","0","2","","","","N","","","","","","","","","",""
"2017136040","","2","0","0","0","0","0","0","0","0","4","0","","02","12","2017","6","40.457511","-79.917391","2339","11","0","0","0","0","0","1","0","0","","0","0","0","","","1","","1","","40 27:27.039","","0","79 55:02.608","4","0","0","0","2301","0","0","0","N","0","0","0","4","02301","1","","1.0","","1","N","N","","0","","0","0","0","","2","N","","2","1","0","0","0","0","1","2","0","2","","","","N","","","","","","","","","",""
"2017126762","","2","0","0","0","0","0","0","0","0","4","0","","02","12","2017","7","40.503914","-80.140291","1541","11","0","0","0","0","0","1","0","0","","0","0","0","","","3","","0","","40 30:14.090","","0","80 08:25.048","8","0","0","0","2115","0","0","0","N","0","0","0","3","02115","0","","1.0","","1","N","N","","0","","0","0","0","","0","","","2","3","0","0","0","3","0","2","0","2","","","","N","","","","","","","","","",""
"2017124446","","1","0","0","0","0","0","0","0","0","2","0","","02","11","2017","1","40.473222","-80.0025","0452","11","0","0","0","0","0","0","0","0","2","0","0","0","","","1","","0","","40 28:23.600","3","0","80 00:09.000","4","0","0","0","2301","0","0","0","N","0","0","0","1","02301","1","","6.0","","1","N","N","","0","","0","0","0","","3","Y","","2","1","0","0","0","0","0","2","1","2","","","","N","","","","","","","","","",""
"2017123338","","2","0","0","0","0","0","0","0","0","4","0","","02","11","2017","4","40.437875","-79.999005","1643","11","0","0","0","0","0","0","0","0","1","0","0","0","","","0","","1","","40 26:16.351","4","0","79 59:56.417","0","0","0","0","2301","0","0","0","N","0","0","0","6","02301","0","","1.0","","1","Y","N","","0","","0","0","0","","3","N","","2","0","0","0","0","0","0","2","0","2","","","","N","","","","","","","","","",""
"2017130083","","1","0","0","0","0","0","0","0","0","4","0","","02","12","2017","1","40.410966","-80.006048","1005","11","0","0","0","0","0","1","0","0","1","0","0","0","","","1","","1","","40 24:39.476","4","0","80 00:21.772","3","0","0","0","2301","0","0","0","N","0","0","0","5","02301","0","","1.0","","1","N","N","","1","","1","0","0","","2","N","","2","1","0","0","0","0","0","2","0","2","","","","N","","","","","","","","","",""
"2017133538","","2","0","0","0","0","0","0","0","0","1","0","","02","12","2017","1","40.462903","-79.928817","1559","11","0","0","0","0","0","0","0","0","","0","0","0","","","0","","2","","40 27:46.450","","0","79 55:43.741","0","0","0","0","2301","0","0","0","N","0","0","0","2","02301","0","","1.0","","1","N","N","","0","","0","0","0","","0","","","2","0","0","0","0","0","0","2","0","2","","","","N","","","","","","","","","",""
"2017131725","","0","0","0","0","0","0","0","0","0","7","0","","02","12","2017","3","40.376221","-79.920593","1326","11","0","0","0","0","0","1","0","0","","0","0","0","","","0","","0","","40 22:34.397","","0","79 55:14.136","0","0","0","0","2301","0","0","0","N","0","0","0","1","02301","0","","5.0","","2","N","N","","0","","0","0","0","","0","","","1","0","0","0","0","0","0","2","1","1","","","","N","","","","","","","","","",""
"2017139103","","1","0","0","0","0","0","0","0","0","7","0","","02","12","2017","1","40.4721","-80.015501","1216","11","0","0","0","0","0","0","0","0","3","0","0","0","","","1","","1","","40 28:19.560","6","0","80 00:55.804","4","0","0","0","2301","0","0","0","Y","0","0","0","1","02301","1","","2.0","","6","N","N","","0","","0","0","1","","3","Y","","2","1","0","0","0","0","0","2","0","2","","","","N","","","","","","","","","",""
"2017123246","","0","0","0","0","0","0","0","0","0","8","0","","02","11","2017","4","40.442722","-80.042306","0648","11","0","0","0","0","0","0","0","0","","0","0","0","","","1","","0","","40 26:33.800","","0","80 02:32.300","3","0","0","0","2301","1","0","0","N","1","0","0","2","02301","0","","1.0","","9","N","N","","1","","1","0","0","","2","","","2","1","0","0","0","0","0","2","0","1","","","","N","","","","","","","","","",""
"2017119612","","1","0","0","0","0","0","0","0","0","2","0","","02","11","2017","3","40.408552","-79.830689","1646","11","0","0","0","0","0","1","0","0","2","0","0","0","","","0","","0","","40 24:30.787","5","0","79 49:50.480","0","0","0","0","2467","0","0","0","N","0","0","0","3","02467","0","","1.0","","98","","","","1","","0","0","0","","0","Y","","2","0","0","0","0","0","0","2","0","2","","","","N","","","","","","","","","",""
"2017129498","","2","0","0","0","0","0","0","0","0","1","0","","02","12","2017","6","40.592141","-80.074993","1451","11","0","0","0","0","0","0","0","0","1","0","0","0","","","0","","2","","40 35:31.706","1","0","80 04:29.976","0","0","0","0","2481","0","0","0","N","0","0","0","3","02481","0","","1.0","","1","N","N","","0","","0","0","0","","3","N","","2","0","0","0","0","0","0","2","0","2","","","","N","","","","","","","","","",""
"2017135735","","0","0","0","0","0","0","0","0","0","7","0","","02","12","2017","7","40.397812","-79.90174","0237","11","0","0","0","1","0","0","0","0","","0","0","0","","","0","","2","","40 23:52.123","","0","79 54:06.263","0","0","0","0","2448","0","0","0","N","0","0","0","1","02448","0","","5.0","","1","N","N","","0","","0","0","1","","2","","","1","0","1","0","0","0","0","2","0","1","","","","N","","","","","","","","","",""
"2017125525","","2","0","0","0","0","0","0","0","0","5","0","","02","11","2017","4","40.490999","-80.060748","1414","11","0","0","0","0","0","1","0","0","1","0","0","0","","","0","","0","","40 29:27.598","2","0","80 03:38.692","0","0","0","0","2404","0","0","0","N","0","0","0","4","02404","0","","1.0","","1","N","N","","0","","0","0","0","","0","N","","2","0","0","0","0","0","0","2","0","2","","","","N","","","","","","","","","",""
"2017134504","","1","0","0","0","0","0","0","0","0","7","0","","02","12","2017","5","40.56029","-79.925719","0711","11","0","0","0","0","0","0","0","0","1","0","0","0","","","0","","0","","40 33:37.043","6","0","79 55:32.587","0","0","0","0","2207","0","0","0","N","0","0","0","1","02207","0","","5.0","","1","N","N","","0","","0","0","0","","0","N","","1","0","0","0","0","0","0","2","0","1","","","","N","","","","","","","","","",""
"2017127766","","1","0","0","0","0","0","0","0","0","2","0","","02","12","2017","1","40.436946","-80.034619","1645","11","0","0","0","0","0","0","0","0","3","0","0","0","","","2","","0","","40 26:13.005","5","0","80 02:04.627","2","0","0","0","2301","0","0","0","N","0","0","0","2","02301","1","","1.0","","1","N","N","","1","","0","1","0","","0","Y","","2","2","1","0","1","0","0","2","0","2","","","","N","","","","","","","","","",""
"2017138695","","0","0","0","0","0","0","0","0","0","7","0","","02","12","2017","7","40.324058","-79.789581","0741","11","0","0","0","0","0","0","0","0","","0","0","0","","","2","","0","","40 19:26.607","","0","79 47:22.491","3","0","0","0","2477","0","0","0","N","0","0","0","2","02477","1","","2.0","","6","N","N","","1","","1","0","0","","0","N","","1","2","0","0","0","0","0","2","0","1","","","","N","","","","","","","","","",""
"2017123273","","2","0","0","0","0","0","0","0","0","4","0","","02","11","2017","4","40.402037","-80.021699","0945","11","0","0","0","0","1","0","0","0","","0","0","0","","","0","","0","","40 24:07.333","","0","80 01:18.118","0","0","0","0","2301","0","0","0","N","0","0","0","2","02301","0","","1.0","","9","N","N","","0","","0","0","0","","0","","","2","0","0","0","0","0","0","2","0","2","","","","N","","","","","","","","","",""
"2017102289","","1","0","0","0","0","0","0","0","0","8","0","","02","9","2017","4","40.518761","-80.028243","1248","11","0","0","0","0","0","0","0","1","","0","0","0","","","1","","1","","40 31:07.538","","0","80 01:41.674","8","0","0","0","2474","1","0","0","N","1","0","0","3","02474","0","","1.0","","1","N","N","","0","","0","0","0","","0","","","2","1","0","0","0","1","0","2","0","1","","","","N","","","","","","","","","",""
"2017131274","","2","0","0","0","0","0","0","0","0","5","0","","02","12","2017","2","40.497893","-80.050832","1439","11","0","0","0","0","0","0","0","0","2","0","0","0","","","0","","0","","40 29:52.416","6","0","80 03:02.996","0","0","0","0","2404","0","0","0","N","0","0","0","1","02404","0","","1.0","","1","N","N","","2","","0","0","0","","0","Y","","4","0","0","0","0","0","0","2","0","4","","","","N","","","","","","","","","",""
"2017129746","","1","0","0","0","0","0","0","0","0","7","0","","02","11","2017","5","40.623058","-79.959798","2212","11","0","1","0","0","0","0","0","0","2","0","0","0","","","0","","0","","40 37:23.008","6","0","79 57:35.274","0","0","0","0","2217","0","0","0","N","0","0","0","1","02505","0","","2.0","","1","N","N","","0","","0","0","0","","0","N","","1","0","0","0","0","0","0","2","0","1","","","","N","","","","","","","","","",""
"2017135331","","0","0","1","0","0","0","0","0","0","1","0","","02","12","2017","1","40.439146","-79.962081","0500","11","0","0","0","0","0","0","0","0","1","0","0","0","","","3","","2","","40 26:20.926","4","0","79 57:43.490","2","0","0","0","2301","0","0","0","N","0","0","0","4","02301","2","","1.0","","1","N","N","","0","","0","1","2","","2","N","","2","3","0","0","0","0","0","2","0","2","","","","N","","","","","","","","","",""
"2017123874","","1","0","0","0","0","0","0","0","0","8","0","","02","11","2017","6","40.472321","-79.959168","1130","11","0","0","0","0","0","0","0","0","1","0","0","0","","","1","","0","","40 28:20.357","2","0","79 57:33.003","8","0","0","0","2301","1","0","0","N","1","0","0","3","02301","0","","1.0","","1","N","N","","0","","0","0","1","","2","Y","","3","1","1","0","0","1","0","2","0","2","","","","N","","","","","","","","","",""
"2017133539","","1","0","0","0","0","0","0","0","0","7","0","","02","12","2017","4","40.43804","-79.916153","2203","11","0","0","0","0","0","0","0","0","","0","0","0","","","0","","1","","40 26:16.943","","0","79 54:58.150","0","0","0","0","2301","0","0","0","N","0","0","0","1","02301","0","","2.0","","7","N","N","","0","","0","0","0","","0","","","1","0","0","0","0","0","0","2","0","1","","","","N","","","","","","","","","",""
"2017124027","","1","0","0","0","0","0","0","0","0","1","0","","02","11","2017","3","40.367964","-79.779834","1810","11","0","0","0","0","0","1","0","0","","0","0","0","","","1","","1","","40 22:04.670","","0","79 46:47.401","3","0","0","0","2111","0","0","0","N","0","0","0","2","02111","0","","1.0","","1","N","N","","0","","1","0","1","","2","","","2","1","0","0","0","0","0","2","0","2","","","","N","","","","","","","","","",""
"2017123323","","2","0","0","0","0","0","0","0","0","2","0","","02","11","2017","4","40.449932","-79.971766","1439","11","0","0","0","0","0","1","0","0","1","0","0","0","","","0","","2","","40 26:59.756","4","0","79 58:18.359","0","0","0","0","2301","0","0","0","N","0","0","0","2","02301","0","","1.0","","1","N","N","","0","","0","0","0","","0","N","","2","0","0","0","0","0","0","2","0","2","","","","N","","","","","","","","","",""
"2017124520","","1","0","0","0","0","0","0","0","0","4","0","","02","11","2017","2","40.457602","-80.049307","0811","11","0","0","0","0","0","0","0","0","","0","0","0","","","0","","2","","40 27:27.367","","0","80 02:57.505","0","0","0","0","2301","0","0","0","N","0","0","0","2","02301","0","","1.0","","1","N","N","","0","","0","0","1","","0","","","2","0","0","0","0","0","0","2","0","2","","","","N","","","","","","","","","",""
"2017124794","","1","0","0","0","0","0","0","0","0","4","0","","02","11","2017","2","40.454175","-79.996854","2258","11","0","0","0","1","0","1","0","0","2","0","0","0","","","2","","1","","40 27:15.029","4","0","79 59:48.676","4","0","0","0","2301","0","0","0","N","0","0","0","2","02301","1","","1.0","","1","N","N","","0","","0","0","1","","2","N","","2","2","0","0","0","1","0","2","0","2","","","","N","","","","","","","","","",""
"2017130537","","2","0","0","0","0","0","0","0","0","4","0","","02","12","2017","7","40.597126","-79.930321","0951","11","0","0","0","0","0","0","1","0","2","0","0","0","","","1","","2","","40 35:49.652","2","0","79 55:49.157","8","0","0","0","2207","0","0","0","N","0","0","0","2","02207","0","","1.0","","1","N","N","","0","","0","0","0","","3","N","","2","1","0","0","0","1","0","1","0","2","","","","N","","","","","","","","","",""
"2017118268","","1","0","0","0","0","0","0","0","0","1","0","","02","11","2017","6","40.378307","-79.804186","2039","11","0","0","0","0","0","0","0","0","2","0","0","0","","","1","","0","","40 22:41.904","3","0","79 48:15.069","4","0","0","0","2111","0","0","0","N","0","0","0","3","02111","1","","1.0","","1","N","N","","0","","0","0","1","","0","N","","2","1","0","0","0","0","0","2","0","2","","","","N","","","","","","","","","",""
"2017126052","","2","0","0","0","0","0","0","0","0","1","0","","02","11","2017","3","40.506963","-80.036519","0722","11","0","0","0","0","0","1","0","0","","0","0","0","","","0","","0","","40 30:25.067","","0","80 02:11.470","0","0","0","0","2116","0","0","0","N","0","0","0","2","68B03","0","","1.0","","1","N","N","","0","","0","0","0","","0","","","2","0","0","0","0","0","0","2","0","2","","","","N","","","","","","","","","",""
"2017131543","","3","0","0","0","0","0","0","0","0","1","0","","02","12","2017","5","40.516149","-80.004398","1733","11","0","0","0","0","0","0","0","0","2","0","0","0","","","8","","0","","40 30:58.135","1","0","80 00:15.834","8","0","0","0","2116","0","0","0","N","0","0","0","12","02116","0","","1.0","","1","N","N","","1","","0","0","0","","2","N","","4","8","0","0","0","8","0","2","0","4","","","","N","","","","","","","","","",""
"2017124315","","1","0","0","0","0","0","0","0","0","8","0","","02","11","2017","6","40.52802","-80.006852","1304","11","0","0","0","0","0","0","0","0","","0","0","0","","","1","N","0","","40 31:40.871","","7","80 00:24.666","8","0","0","0","2116","1","0","0","N","1","0","0","3","02116","0","","1.0","","1","N","N","","0","","0","0","0","","0","","","2","1","0","0","0","1","0","2","0","1","","","","N","","","","","","","","","",""
"2017124523","","2","0","0","0","0","0","0","0","0","1","0","","02","11","2017","2","40.407588","-80.004441","0757","11","0","0","0","0","1","0","0","0","1","0","0","0","","","1","","0","","40 24:27.318","1","0","80 00:15.986","3","0","0","0","2301","0","0","0","N","0","0","0","4","02301","0","","1.0","","1","N","N","","0","","1","0","0","","0","N","","2","1","0","0","0","0","0","2","0","2","","","","N","","","","","","","","","",""
"2017124786","","2","0","0","0","0","0","0","0","0","4","0","","02","11","2017","2","40.435412","-80.143928","2020","11","1","0","0","0","0","0","0","0","","0","0","0","","","0","","2","","40 26:07.484","","0","80 08:38.141","0","0","0","0","2115","0","0","0","N","0","0","0","4","02115","0","","1.0","","1","N","N","","0","","0","0","0","","2","","","2","0","0","0","0","0","0","2","0","2","","","","N","","","","","","","","","",""
"2017126775","","1","0","0","0","0","0","0","0","0","99","0","","02","12","2017","7","40.496389","-79.835083","2012","11","0","0","0","0","0","0","0","0","1","0","0","0","","","1","","0","","40 29:47.000","2","0","79 50:06.300","4","0","0","0","2113","0","0","0","Y","0","0","0","1","02113","1","","5.0","","1","N","N","","0","","0","0","0","","0","N","","1","1","0","0","0","0","0","2","0","1","","","","N","","","","","","","","","",""
"2017126944","","1","0","0","0","0","0","0","0","0","8","0","","02","12","2017","1","40.46212","-79.940382","1540","11","0","0","0","1","0","0","0","0","","0","0","0","","","1","","1","","40 27:43.631","","0","79 56:25.375","4","0","0","0","2301","1","0","0","N","1","0","0","2","02301","1","","1.0","","1","N","N","","0","","0","0","0","","3","","","2","1","0","0","0","0","0","2","0","1","","","","N","","","","","","","","","",""
"2017136886","","1","0","0","0","0","0","0","0","0","7","0","","02","12","2017","1","40.633389","-80.003462","0146","11","0","1","0","0","0","0","0","0","1","0","0","0","","","2","","0","","40 38:00.199","4","0","80 00:12.463","8","0","0","0","2216","0","0","0","N","0","0","0","2","02505","0","","4.0","","9","N","N","","0","","0","0","0","","0","N","","1","2","0","0","0","2","0","2","0","1","","","","N","","","","","","","","","",""
"2017123310","","3","0","1","0","0","0","0","0","0","5","0","","02","11","2017","4","40.470269","-79.908533","1326","11","0","0","0","0","0","0","0","0","1","0","0","0","","","1","","2","","40 28:12.969","1","0","79 54:30.719","2","0","0","0","2301","0","0","0","N","0","0","0","5","02301","0","","1.0","","1","N","N","","0","","0","1","1","","2","Y","","4","1","0","0","0","0","0","2","0","4","","","","N","","","","","","","","","",""
"2017126533","","1","0","0","0","0","0","0","0","0","7","0","","02","12","2017","7","40.443584","-80.027179","0252","11","0","0","0","0","0","0","0","0","2","0","0","0","","","0","","0","","40 26:36.902","4","0","80 01:37.843","9","0","0","0","2301","0","0","0","Y","0","0","0","1","02301","0","","5.0","","2","N","N","","0","","0","0","0","","0","Y","","1","0","1","0","0","0","1","2","0","1","","","","N","","","","","","","","","",""
"2017124798","","1","0","0","0","0","0","0","0","0","7","0","","02","11","2017","2","40.42278","-79.755248","2324","11","0","0","0","0","0","0","0","0","","0","0","0","","","0","","0","","40 25:22.009","","0","79 45:18.893","0","0","0","0","2446","0","0","0","N","0","0","0","1","02446","0","","4.0","","1","N","N","","0","","0","0","0","","0","","","1","0","0","0","0","0","0","2","0","1","","","","N","","","","","","","","","",""
"2017125490","","1","0","0","0","0","0","0","0","0","4","0","","02","11","2017","4","40.4571","-80.051962","1214","11","0","0","0","0","0","1","0","0","","0","0","0","","","0","","1","","40 27:25.560","","0","80 03:07.063","0","0","0","0","2301","0","0","0","N","0","0","0","2","02301","0","","1.0","","1","N","N","","0","","0","0","1","","3","","","2","0","0","0","0","0","0","2","0","2","","","","N","","","","","","","","","",""
"2017131781","","1","0","0","0","0","0","0","0","0","7","0","","02","12","2017","3","40.439605","-79.898704","1404","11","0","0","0","0","0","1","0","0","1","0","0","0","","","0","","0","","40 26:22.579","3","0","79 53:55.333","0","0","0","0","2301","0","0","0","N","0","0","0","1","02301","0","","5.0","","2","N","N","","0","","0","0","0","","0","N","","1","0","1","0","0","0","0","2","0","1","","","","N","","","","","","","","","",""
"2017124025","","1","0","0","0","0","0","0","0","0","7","0","","02","11","2017","7","40.432278","-79.941778","0027","11","0","0","0","1","0","0","0","0","2","0","0","0","","","1","","0","","40 25:56.200","2","0","79 56:30.400","3","0","0","0","2301","0","0","0","N","0","0","0","1","02301","0","","5.0","","1","N","N","","0","","1","0","0","","0","N","","1","1","0","0","0","0","0","2","0","1","","","","N","","","","","","","","","",""
"2017132802","","0","0","0","0","0","0","0","0","0","4","0","","02","12","2017","6","40.343918","-79.863405","0311","11","0","0","0","0","0","0","0","0","","0","0","0","","","1","","0","","40 20:38.105","","0","79 51:48.259","8","0","0","0","2304","0","0","0","N","0","0","0","1","02304","0","","5.0","","1","N","N","","1","","0","0","1","","0","","","2","1","0","0","0","1","0","2","0","2","","","","N","","","","","","","","","",""
"2017128338","","2","0","0","0","0","0","0","0","0","5","0","","02","12","2017","1","40.453525","-79.980431","0138","11","0","0","0","0","0","0","0","0","","0","0","0","","","0","","0","","40 27:12.691","","0","79 58:49.552","0","0","0","0","2301","0","0","0","N","0","0","0","2","02301","0","","2.0","","1","N","N","","0","","0","0","0","","0","","","2","0","0","0","0","0","0","2","0","2","","","","N","","","","","","","","","",""
"2017129880","","2","0","0","0","0","0","0","0","0","4","0","","02","12","2017","7","40.449033","-80.000753","1920","11","0","0","0","0","0","0","1","0","","0","0","0","","","0","","2","","40 26:56.518","","0","80 00:02.710","0","0","0","0","2301","0","0","0","N","0","0","0","3","02301","0","","1.0","","1","N","N","","0","","0","0","0","","2","","","2","0","0","0","0","0","0","2","0","2","","","","N","","","","","","","","","",""
"2017125708","","0","0","0","0","0","0","0","0","0","4","0","","02","11","2017","4","40.461124","-79.866306","1847","11","0","0","0","0","1","0","0","1","","0","0","0","","","0","","1","","40 27:40.047","","0","79 51:58.700","0","0","0","0","2113","0","0","0","N","0","0","0","2","02113","0","","1.0","","1","N","N","","0","","0","0","2","","2","","","2","0","1","0","0","0","0","2","0","2","","","","N","","","","","","","","","",""
"2017132742","","0","0","0","0","0","0","0","0","0","7","0","","02","12","2017","6","40.591699","-80.10873","0849","11","0","0","0","0","0","0","0","0","","0","0","0","","","0","","0","","40 35:30.116","","0","80 06:31.429","0","0","0","0","2481","0","0","0","N","0","0","0","2","02481","0","","2.0","","98","N","N","","0","","0","0","2","","0","","","2","0","0","0","0","0","0","1","0","2","","","","N","","","","","","","","","",""