"CRN","ARRIVAL_TM","AUTOMOBILE_COUNT","BELTED_DEATH_COUNT","BELTED_SUSP_SERIOUS_INJ_COUNT","BICYCLE_COUNT","BICYCLE_DEATH_COUNT","BICYCLE_SUSP_SERIOUS_INJ_COUNT","BUS_COUNT","CHLDPAS_DEATH_COUNT","CHLDPAS_SUSP_SERIOUS_INJ_COUNT","COLLISION_TYPE","COMM_VEH_COUNT","CONS_ZONE_SPD_LIM","COUNTY","CRASH_MONTH","CRASH_YEAR","DAY_OF_WEEK","DEC_LATITUDE","DEC_LONGITUDE","DISPATCH_TM","DISTRICT","DRIVER_COUNT_16YR","DRIVER_COUNT_17YR","DRIVER_COUNT_18YR","DRIVER_COUNT_19YR","DRIVER_COUNT_20YR","DRIVER_COUNT_50_64YR","DRIVER_COUNT_65_74YR","DRIVER_COUNT_75PLUS","EST_HRS_CLOSED","FATAL_COUNT","HEAVY_TRUCK_COUNT","HORSE_BUGGY_COUNT","HOUR_OF_DAY","ILLUMINATION","INJURY_COUNT","INTERSECTION_RELATED","INTERSECT_TYPE","LANE_CLOSED","LATITUDE","LN_CLOSE_DIR","LOCATION_TYPE","LONGITUDE","MAX_SEVERITY_LEVEL","MCYCLE_DEATH_COUNT","MCYCLE_SUSP_SERIOUS_INJ_COUNT","MOTORCYCLE_COUNT","MUNICIPALITY","NONMOTR_COUNT","NONMOTR_DEATH_COUNT","NONMOTR_SUSP_SERIOUS_INJ_COUNT","NTFY_HIWY_MAINT","PED_COUNT","PED_DEATH_COUNT","PED_SUSP_SERIOUS_INJ_COUNT","PERSON_COUNT","POLICE_AGCY","POSSIBLE_INJ_COUNT","RDWY_SURF_TYPE_CD","RELATION_TO_ROAD","ROADWAY_CLEARED","ROAD_CONDITION","SCH_BUS_IND","SCH_ZONE_IND","SECONDARY_CRASH","SMALL_TRUCK_COUNT","SPEC_JURIS_CD","SUSP_MINOR_INJ_COUNT","SUSP_SERIOUS_INJ_COUNT","SUV_COUNT","TCD_FUNC_CD","TCD_TYPE","TFC_DETOUR_IND","TIME_OF_DAY","TOTAL_UNITS","TOT_INJ_COUNT","UNBELTED_OCC_COUNT","UNB_DEATH_COUNT","UNB_SUSP_SERIOUS_INJ_COUNT","UNK_INJ_DEG_COUNT","UNK_INJ_PER_COUNT","URBAN_RURAL","VAN_COUNT","VEHICLE_COUNT","WEATHER1","WEATHER2","WORKERS_PRES","WORK_ZONE_IND","WORK_ZONE_LOC","WORK_ZONE_TYPE","WZ_CLOSE_DETOUR","WZ_FLAGGER","WZ_LAW_OFFCR_IND","WZ_LN_CLOSURE","WZ_MOVING","WZ_OTHER","WZ_SHLDER_MDN","WZ_WORKERS_INJ_KILLED"
"2017132370","","1","0","0","0","0","0","0","0","0","7","0","","02","12","2017","5","40.630986","-79.98044","1432","11","0","0","0","0","0","0","0","0","","0","0","0","","","1","","0","","40 37:51.548","","0","79 58:49.585","8","0","0","0","2217","0","0","0","N","0","0","0","1","02505","0","","5.0","","2","N","N","","0","","0","0","0","","0","","","1","1","0","0","0","1","0","1","0","1","","","","N","","","","","","","","","",""
"2017132973","","1","0","0","0","0","0","0","0","0","4","0","","02","12","2017","6","40.447435","-79.942465","1909","11","0","0","0","0","0","0","0","0","1","0","0","0","","","0","","1","","40 26:50.767","1","0","79 56:32.873","0","0","0","0","2301","0","0","0","N","0","0","0","2","02301","0","","1.0","","1","N","N","","0","","0","0","1","","2","N","","2","0","0","0","0","0","0","2","0","2","","","","N","","","","","","","","","",""
"2017133500","","2","0","0","0","0","0","0","0","0","4","0","","02","12","2017","1","40.455841","-79.996892","1109","11","0","0","1","0","0","0","0","0","1","0","0","0","","","1","","1","","40 27:21.029","4","0","79 59:48.811","3","0","0","0","2301","0","0","0","N","0","0","0","2","02301","0","","1.0","","9","N","N","","0","","1","0","0","","3","Y","","2","1","0","0","0","0","0","2","0","2","","","","N","","","","","","","","","",""
"2017125922","","1","0","0","0","0","0","0","0","0","1","0","","02","11","2017","4","40.648505","-79.937223","1406","11","0","0","0","0","0","0","0","1","1","0","0","0","","","1","","2","","40 38:54.617","1","0","79 56:14.002","8","0","0","0","2217","0","0","0","N","0","0","0","3","02505","0","","1.0","","1","N","N","","1","","0","0","0","","2","N","","2","1","0","0","0","1","0","2","0","2","","","","N","","","","","","","","","",""
"2017132083","","2","0","0","0","0","0","0","0","0","4","0","","02","12","2017","5","40.458333","-79.905917","0147","11","0","0","0","0","0","0","0","0","1","0","0","0","","","0","","0","","40 27:29.999","1","0","79 54:21.301","0","0","0","0","2301","0","0","0","N","0","0","0","1","02301","0","","4.0","","1","N","N","","0","","0","0","0","","0","N","","2","0","0","0","0","0","0","2","0","2","","","","N","","","","","","","","","",""
"2017134954","","0","0","0","0","0","0","0","0","0","4","0","","02","12","2017","4","40.633352","-80.059546","1030","11","0","0","0","0","0","0","1","0","","0","0","0","","","0","","1","","40 38:00.067","","0","80 03:34.364","0","0","0","0","2216","0","0","0","N","0","0","0","3","02505","0","","1.0","","1","N","N","","0","","0","0","2","","2","N","","2","0","0","0","0","0","0","2","0","2","","","","N","","","","","","","","","",""
"2017121467","","1","0","0","0","0","0","0","0","0","7","0","","02","11","2017","7","40.486101","-79.913477","1343","11","0","0","0","0","0","1","0","0","1","0","0","0","","","0","","0","","40 29:09.965","2","0","79 54:48.518","0","0","0","0","2301","0","0","0","N","0","0","0","1","02301","0","","7.0","","9","N","N","","0","","0","0","0","","8","Y","","1","0","0","0","0","0","0","2","0","1","","","","N","","","","","","","","","",""
"2017076811","","0","0","0","0","0","0","0","0","0","7","0","","02","7","2017","5","40.527139","-79.915278","1500","11","0","0","0","0","0","1","0","0","2","0","0","0","","","0","","0","","40 31:37.700","1","0","79 54:55.000","0","0","0","0","2112","0","0","0","N","0","0","0","1","02112","0","","5.0","","1","N","N","","1","","0","0","0","","0","N","","1","0","0","0","0","0","0","2","0","1","","","","N","","","","","","","","","",""
"2017125752","","1","0","0","0","0","0","0","0","0","0","0","","02","11","2017","5","40.227841","-79.874941","0019","11","0","0","0","0","0","0","0","0","","0","0","0","","","0","","2","","40 13:40.227","","0","79 52:29.789","0","0","0","0","2204","0","0","0","N","0","0","0","1","02204","0","","4.0","","1","N","N","","0","","0","0","0","","0","","","1","0","0","0","0","0","0","1","0","1","","","","N","","","","","","","","","",""
"2017132552","","2","0","0","0","0","0","0","0","0","2","0","","02","12","2017","5","40.441856","-80.057129","1854","11","0","0","0","0","0","0","0","0","","0","0","0","","","1","","2","","40 26:30.681","","0","80 03:25.664","4","0","0","0","2301","0","0","0","N","0","0","0","2","02301","1","","1.0","","9","N","N","","0","","0","0","0","","0","","","2","1","0","0","0","0","0","2","0","2","","","","N","","","","","","","","","",""
"2017128541","","1","0","0","0","0","0","0","0","0","1","0","","02","11","2017","4","40.572801","-80.036901","1654","11","0","1","0","0","0","0","0","0","","0","0","0","","","0","","3","","40 34:22.085","","0","80 02:12.842","0","0","0","0","2108","0","0","0","N","0","0","0","4","02108","0","","1.0","","1","N","N","","0","","0","0","0","","0","","","2","0","0","0","0","0","0","2","1","2","","","","N","","","","","","","","","",""
"2017126786","","2","0","0","0","0","0","0","0","0","1","0","","02","12","2017","7","40.439032","-79.980729","2130","11","0","0","0","0","0","0","0","0","","0","0","0","","","0","","2","","40 26:20.516","","0","79 58:50.623","0","0","0","0","2301","0","0","0","N","0","0","0","1","02301","0","","4.0","","1","N","N","","0","","0","0","0","","0","","","2","0","0","0","0","0","0","2","0","2","","","","N","","","","","","","","","",""
"2017136863","","2","0","0","0","0","0","0","0","0","4","0","","02","12","2017","2","40.382205","-79.995981","1742","11","0","0","0","0","0","1","0","0","1","0","0","0","","","0","","1","","40 22:55.939","2","0","79 59:45.533","0","0","0","0","2301","0","0","0","N","0","0","0","3","02301","0","","1.0","","1","N","N","","0","","0","0","0","","2","N","","2","0","0","0","0","0","0","2","0","2","","","","N","","","","","","","","","",""
"2017127073","","1","0","0","0","0","0","0","0","0","4","0","","02","12","2017","6","40.466139","-80.203056","0802","11","0","0","0","0","0","0","0","0","","0","0","0","","","0","","0","","40 27:58.100","","0","80 12:11.000","0","0","0","0","2203","0","0","0","N","0","0","0","2","02203","0","","1.0","","2","N","N","","1","","0","0","0","","0","","","2","0","0","0","0","0","0","2","0","2","","","","N","","","","","","","","","",""
"2017138069","","1","0","0","0","0","0","0","0","0","1","0","","02","12","2017","5","40.333344","-79.802636","1626","11","0","0","1","0","0","1","0","0","1","0","0","0","","","0","","0","","40 20:00.039","4","0","79 48:09.489","0","0","0","0","2477","0","0","0","N","0","0","0","4","02477","0","","1.0","","1","N","N","","0","","0","0","2","","0","N","","3","0","0","0","0","0","0","2","0","3","","","","N","","","","","","","","","",""
"2017133660","","1","0","0","0","0","0","0","0","0","99","0","","02","12","2017","1","40.420322","-79.964169","0338","11","0","0","0","0","0","0","0","0","2","0","0","0","","","1","","0","","40 25:13.160","2","0","79 57:51.010","8","0","0","0","2301","0","0","0","N","0","0","0","1","02301","0","","1.0","","1","N","N","","0","","0","0","0","","0","N","","1","1","0","0","0","1","0","2","0","1","","","","N","","","","","","","","","",""
"2017137254","","0","0","0","0","0","0","0","0","0","8","0","","02","12","2017","3","40.421944","-79.965083","1828","11","0","0","0","0","0","1","0","0","","0","0","0","","","1","","0","","40 25:19.000","","0","79 57:54.300","8","0","0","0","2301","1","0","0","N","1","0","0","2","02301","0","","1.0","","1","N","N","","0","","0","0","1","","0","","","2","1","0","0","0","1","0","2","0","1","","","","N","","","","","","","","","",""
"2017132751","","1","0","0","0","0","0","0","0","0","1","0","","02","12","2017","6","40.472732","-79.972788","0918","11","0","0","0","0","0","0","0","0","1","0","0","0","","","0","","6","","40 28:21.836","2","2","79 58:22.037","0","0","0","0","2445","0","0","0","N","0","0","0","2","02445","0","","7.0","","1","N","N","","0","","0","0","0","","0","N","","2","0","0","0","0","0","0","2","1","2","","","","N","","","","","","","","","",""
"2017137276","","1","0","0","0","0","0","0","0","0","7","0","","02","12","2017","3","40.457925","-79.898546","2140","11","0","0","0","0","0","0","0","0","","0","0","0","","","1","","1","","40 27:28.529","","0","79 53:54.765","3","0","0","0","2301","0","0","0","N","0","0","0","2","02301","0","","2.0","","1","N","N","","0","","1","0","0","","1","","","1","1","0","0","0","0","0","2","0","1","","","","N","","","","","","","","","",""
"2017136657","","1","0","0","0","0","0","0","0","0","7","0","","02","12","2017","1","40.450958","-80.027856","0150","11","0","0","0","0","0","0","0","0","","0","0","0","","","1","","7","","40 27:03.448","","0","80 01:40.280","8","0","0","0","2301","0","0","0","Y","0","0","0","1","02301","0","","7.0","","9","N","N","","0","","0","0","0","","0","","","1","1","0","0","0","1","0","2","0","1","","","","N","","","","","","","","","",""
"2017128518","","2","0","0","0","0","0","0","0","0","1","0","","02","12","2017","4","40.452131","-80.040845","0859","11","0","0","0","0","0","0","0","0","2","0","0","0","","","1","","0","","40 27:07.670","1","4","80 02:27.041","8","0","0","0","2301","0","0","0","N","0","0","0","3","02301","0","","1.0","","9","N","N","","0","","0","0","0","","0","N","","2","1","0","0","0","1","0","2","0","2","","","","N","","","","","","","","","",""
"2017138936","","1","0","0","0","0","0","0","0","0","4","0","","02","12","2017","7","40.399181","-80.025088","1927","11","0","0","0","0","0","0","0","0","","0","0","0","","","0","","0","","40 23:57.050","","0","80 01:30.317","0","0","0","0","2301","0","0","0","N","0","0","0","2","02301","0","","1.0","","7","N","N","","0","","0","0","1","","0","","","2","0","0","0","0","0","0","2","0","2","","","","N","","","","","","","","","",""
"2017126148","","0","0","0","0","0","0","0","0","0","7","0","","02","10","2017","6","40.513889","-80.087611","0508","11","0","0","0","0","0","0","0","0","","0","0","0","","","0","","0","","40 30:50.000","","0","80 05:15.400","0","0","0","0","2429","0","0","0","N","0","0","0","1","02215","0","","2.0","","1","N","N","","1","","0","0","0","","0","","","1","0","0","0","0","0","0","2","0","1","","","","N","","","","","","","","","",""
"2017125439","","0","0","0","0","0","0","0","0","0","7","0","","02","11","2017","4","40.463496","-79.91735","0841","11","0","0","0","0","0","0","1","0","1","0","0","0","","","0","","1","","40 27:48.585","3","0","79 55:02.459","0","0","0","0","2301","0","0","0","N","0","0","0","1","02301","0","","5.0","","1","N","N","","0","","0","0","1","","2","N","","1","0","0","0","0","0","0","2","0","1","","","","N","","","","","","","","","",""
"2017130774","","1","0","0","0","0","0","0","0","0","7","0","","02","12","2017","2","40.343582","-79.863306","1731","11","0","0","0","0","0","0","1","0","2","0","0","0","","","2","","2","","40 20:36.894","1","0","79 51:47.901","8","0","0","0","2304","0","0","0","N","0","0","0","5","02304","0","","2.0","","1","N","N","","0","","0","0","0","","0","Y","","1","2","0","0","0","2","0","2","0","1","","","","N","","","","","","","","","",""
"2017129583","","3","0","0","0","0","0","0","0","0","5","0","","02","12","2017","7","40.433289","-80.012389","0137","11","0","0","0","0","0","0","0","0","2","0","0","0","","","1","","0","","40 25:59.840","5","0","80 00:44.600","4","0","0","0","2301","0","0","0","N","0","0","0","1","02301","1","","1.0","","1","N","N","","0","","0","0","0","","0","Y","","3","1","0","0","0","0","0","2","0","3","","","","N","","","","","","","","","",""
"2017132726","","2","0","0","0","0","0","0","0","0","1","0","","02","12","2017","6","40.382324","-79.928953","0746","11","0","0","0","0","0","2","0","0","2","0","0","0","","","0","","0","","40 22:56.368","1","0","79 55:44.231","0","0","0","0","2301","0","0","0","N","0","0","0","6","02301","0","","1.0","","2","N","N","","0","","0","0","2","","0","Y","","4","0","0","0","0","0","0","2","0","4","","","","N","","","","","","","","","",""
"2017138864","","2","0","0","0","0","0","0","0","0","5","0","","02","12","2017","7","40.448","-80.044028","1758","11","0","0","0","0","0","0","0","0","","0","0","0","","","0","","0","","40 26:52.800","","0","80 02:38.500","0","0","0","0","2301","0","0","0","N","0","0","0","1","02301","0","","2.0","","6","N","N","","0","","0","0","0","","0","","","2","0","0","0","0","0","0","2","0","2","","","","N","","","","","","","","","",""
"2017136366","","1","0","0","0","0","0","0","0","0","7","0","","02","12","2017","7","40.49762","-80.069698","0614","11","0","0","0","0","0","0","0","0","2","0","0","0","","","0","","10","","40 29:51.432","2","0","80 04:10.912","0","0","0","0","2402","0","0","0","N","0","0","0","2","02402","0","","5.0","","9","N","N","","0","","0","0","0","","0","Y","","1","0","0","0","0","0","0","2","0","1","","","","N","","","","","","","","","",""
"2017131535","","1","0","0","0","0","0","0","0","0","7","0","","02","12","2017","2","40.354919","-79.878898","2200","11","0","0","0","0","0","0","0","0","2","0","0","0","","","0","","9","","40 21:17.708","6","0","79 52:44.032","0","0","0","0","2423","0","0","0","N","0","0","0","1","02304","0","","5.0","","1","N","N","","0","","0","0","0","","0","N","","1","0","0","0","0","0","0","2","0","1","","","","N","","","","","","","","","",""
"2017114428","","0","0","0","0","0","0","0","0","0","1","1","","02","10","2017","2","40.540639","-79.784111","1702","11","0","0","0","0","0","1","0","0","2","0","1","0","","","0","","0","","40 32:26.300","5","0","79 47:02.800","0","0","0","0","2462","0","0","0","N","0","0","0","3","02462","0","","1.0","","1","N","N","","0","","0","0","1","","0","Y","","2","0","1","0","0","0","0","2","0","2","","","","N","","","","","","","","","",""
"2017135595","","0","0","0","0","0","0","0","0","0","7","0","","02","12","2017","5","40.400016","-79.936069","1615","11","0","0","0","0","0","0","0","0","","0","0","0","","","0","","0","","40 24:00.057","","0","79 56:09.849","9","0","0","0","2301","0","0","0","N","0","0","0","1","02301","0","","2.0","","1","N","N","","1","","0","0","0","","0","","","1","0","0","0","0","0","1","2","0","1","","","","N","","","","","","","","","",""
"2017136304","","0","0","0","0","0","0","0","0","0","4","0","","02","12","2017","7","40.462005","-79.962323","1700","11","0","0","0","0","0","0","0","0","","0","0","0","","","0","","0","","40 27:43.218","","0","79 57:44.362","0","0","0","0","2301","0","0","0","N","0","0","0","2","02301","0","","1.0","","9","N","N","","2","","0","0","0","","0","","","2","0","0","0","0","0","0","2","0","2","","","","N","","","","","","","","","",""
"2017121788","","0","0","0","1","0","0","0","0","0","8","0","","02","11","2017","7","40.398756","-80.104139","1154","11","0","0","0","0","0","0","0","0","","0","0","0","","","1","","0","","40 23:55.523","","0","80 06:14.899","3","0","0","0","2102","1","0","0","N","0","0","0","2","02102","0","","1.0","","1","N","N","","1","","1","0","0","","0","","","2","1","0","0","0","0","0","2","0","1","","","","N","","","","","","","","","",""
"2017100154","","0","0","0","0","0","0","0","0","0","0","0","","02","9","2017","6","40.515878","-79.933025","0230","11","0","0","0","0","0","1","0","0","2","0","0","0","","","0","","0","","40 30:57.160","1","0","79 55:58.890","9","0","0","0","2112","0","0","0","N","0","0","0","1","02112","0","","5.0","","1","N","N","","0","","0","0","1","","0","N","","1","0","0","0","0","0","1","2","0","1","","","","N","","","","","","","","","",""
"2017138406","","2","0","0","0","0","0","0","0","0","1","0","","02","12","2017","6","40.458921","-79.943895","0842","11","0","0","0","0","0","1","0","0","","0","0","0","","","0","","0","","40 27:32.117","","0","79 56:38.021","9","0","0","0","2301","0","0","0","N","0","0","0","1","02301","0","","6.0","","1","N","N","","0","","0","0","0","","0","","","2","0","0","0","0","0","1","2","0","2","","","","N","","","","","","","","","",""
"2017132975","","1","0","0","0","0","0","0","0","0","4","0","","02","12","2017","6","40.432842","-79.936554","1735","11","0","0","0","0","0","1","0","0","2","0","0","0","","","2","","5","","40 25:58.231","4","0","79 56:11.594","3","0","0","0","2301","0","0","0","N","0","0","0","2","02301","1","","1.0","","1","N","N","","0","","1","0","1","","2","N","","2","2","1","0","0","0","0","2","0","2","","","","N","","","","","","","","","",""
"2017137824","","1","0","0","0","0","0","0","0","0","7","0","","02","12","2017","4","40.347611","-79.87925","2345","11","0","0","0","0","0","0","0","0","1","0","0","0","","","0","","0","","40 20:51.400","4","0","79 52:45.300","0","0","0","0","2304","0","0","0","N","0","0","0","1","02304","0","","2.0","","1","N","N","","0","","0","0","0","","0","N","","1","0","0","0","0","0","0","2","0","1","","","","N","","","","","","","","","",""
"2017138236","","1","0","0","0","0","0","0","0","0","7","0","25","02","12","2017","2","40.438964","-79.960538","0317","11","0","0","0","0","0","0","0","0","9","0","0","0","","","0","","0","","40 26:20.269","3","0","79 57:37.936","0","0","0","0","2301","0","0","0","N","0","0","0","1","02506","0","","1.0","","7","N","N","","0","","0","0","0","","8","N","","1","0","0","0","0","0","0","2","0","1","","","N","Y","2","1","","","N","","","","Y",""
"2017135542","","2","0","0","0","0","0","0","0","0","4","0","","02","12","2017","5","40.440493","-79.960229","1044","11","0","0","0","0","0","0","2","0","2","0","0","0","","","1","","1","","40 26:25.775","4","0","79 57:36.823","3","0","0","0","2301","0","0","0","N","0","0","0","2","02301","0","","1.0","","1","N","N","","0","","1","0","0","","2","Y","","2","1","1","0","0","0","0","2","0","2","","","","N","","","","","","","","","",""
"2017137957","","1","0","0","0","0","0","0","0","0","7","0","","02","12","2017","5","40.484407","-80.040492","0129","11","0","0","0","0","0","0","0","0","1","0","0","0","","","0","","5","","40 29:03.864","2","0","80 02:25.771","0","0","0","0","2301","0","0","0","N","0","0","0","1","02301","0","","3.0","","1","N","N","","0","","0","0","0","","2","N","","1","0","0","0","0","0","0","2","0","1","","","","N","","","","","","","","","",""
"2017114812","","1","0","0","0","0","0","0","0","0","2","0","","02","11","2017","5","40.373019","-80.099353","1846","11","0","0","0","0","0","1","1","0","2","0","0","0","","","0","","2","","40 22:22.867","6","0","80 05:57.669","0","0","0","0","2102","0","0","0","N","0","0","0","4","02102","0","","1.0","","1","N","N","","0","","0","0","1","","2","N","","2","0","0","0","0","0","0","2","0","2","","","","N","","","","","","","","","",""
"2017128519","","1","0","0","0","0","0","0","0","0","7","0","","02","12","2017","4","40.394658","-79.895039","0916","11","0","0","0","0","1","0","0","0","1","0","0","0","","","0","","0","","40 23:40.770","3","0","79 53:42.140","0","0","0","0","2448","0","0","0","N","0","0","0","2","02448","0","","2.0","","1","N","N","","0","","0","0","0","","0","N","","1","0","2","0","0","0","0","2","0","1","","","","N","","","","","","","","","",""
"2017137483","","1","0","0","0","0","0","0","0","0","2","0","","02","12","2017","3","40.418501","-79.947991","2104","11","0","0","0","0","0","0","0","0","2","0","0","0","","","2","","0","","40 25:06.604","1","0","79 56:52.769","4","0","0","0","2301","0","0","0","N","0","0","0","3","02301","2","","1.0","","2","N","N","","0","","0","0","0","","0","N","","2","2","0","0","0","0","0","2","1","2","","","","N","","","","","","","","","",""
"2017133299","","1","0","0","0","0","0","0","0","0","8","0","","02","12","2017","7","40.428837","-79.982695","2205","11","0","0","0","0","0","0","0","0","2","0","0","0","","","2","","0","","40 25:43.812","6","0","79 58:57.702","3","0","0","0","2301","2","0","0","N","2","0","0","4","02301","0","","1.0","","1","N","N","","0","","2","0","0","","0","N","","3","2","0","0","0","0","0","2","0","1","","","","N","","","","","","","","","",""
"2017131843","","2","0","0","0","0","0","0","0","0","4","0","","02","12","2017","4","40.63319","-79.952795","1543","11","0","0","0","0","0","1","0","0","2","0","0","0","","","0","","0","","40 37:59.483","6","0","79 57:10.063","0","0","0","0","2217","0","0","0","N","0","0","0","3","02505","0","","1.0","","9","N","N","","0","","0","0","0","","2","N","","2","0","0","0","0","0","0","2","0","2","","","","N","","","","","","","","","",""
"2017126698","","1","0","0","0","0","0","0","0","0","4","0","","02","11","2017","4","40.532746","-79.958583","2015","11","0","0","0","1","0","0","0","0","1","0","0","0","","","0","","2","","40 31:57.887","2","0","79 57:30.900","0","0","0","0","2118","0","0","0","N","0","0","0","6","02118","0","","1.0","","1","N","N","","1","","0","0","0","","2","N","","2","0","0","0","0","0","0","2","0","2","","","","N","","","","","","","","","",""
"2017132560","","1","0","0","0","0","0","0","0","0","7","0","","02","12","2017","5","40.33175","-79.830639","1934","11","0","0","0","0","0","0","0","0","1","0","0","0","","","0","","0","","40 19:54.300","2","0","79 49:50.300","0","0","0","0","2304","0","0","0","N","0","0","0","1","02304","0","","5.0","","1","N","N","","0","","0","0","0","","0","N","","1","0","0","0","0","0","0","2","0","1","","","","N","","","","","","","","","",""
"2017130181","","2","0","0","0","0","0","0","0","0","4","0","","02","12","2017","6","40.347801","-79.951656","1433","11","0","0","0","0","0","0","1","1","2","0","0","0","","","0","","2","","40 20:52.082","4","7","79 57:05.961","0","0","0","0","2473","0","0","0","N","0","0","0","2","02473","0","","1.0","","1","N","N","","0","","0","0","0","","2","N","","2","0","0","0","0","0","0","2","0","2","","","","N","","","","","","","","","",""
"2017115825","","1","0","0","1","0","0","0","0","0","8","0","","02","11","2017","2","40.459214","-79.927463","0942","11","0","0","0","0","0","0","0","0","","0","0","0","","","1","","2","","40 27:33.170","","0","79 55:38.866","8","0","0","0","2301","1","0","0","N","0","0","0","3","02301","0","","1.0","","9","N","N","","0","","0","0","0","","2","","","2","1","0","0","0","1","2","2","0","1","","","","N","","","","","","","","","",""
"2017135909","","2","0","0","0","0","0","0","0","0","3","0","","02","12","2017","6","40.458889","-80.071167","0830","11","0","0","0","0","0","0","0","0","","0","0","0","","","2","","0","","40 27:32.000","","0","80 04:16.200","8","0","0","0","2301","0","0","0","N","0","0","0","3","02301","0","","1.0","","1","N","N","","0","","0","0","0","","0","","","2","2","0","0","0","2","0","2","0","2","","","","N","","","","","","","","","",""
"2017136291","","2","0","0","0","0","0","0","0","0","1","0","","02","12","2017","7","40.457669","-79.897277","1611","11","0","0","0","0","0","0","0","0","","0","0","0","","","2","","0","","40 27:27.608","","0","79 53:50.197","4","0","0","0","2301","0","0","0","N","0","0","0","2","02301","1","","2.0","","9","N","N","","0","","0","0","0","","0","","","2","2","0","0","0","1","0","2","0","2","","","","N","","","","","","","","","",""
"2017131266","","1","0","0","0","0","0","0","0","0","7","0","","02","12","2017","3","40.351938","-79.860664","1346","11","0","0","0","0","0","0","0","0","1","0","0","0","","","0","","2","","40 21:06.975","3","0","79 51:38.392","0","0","0","0","2304","0","0","0","N","0","0","0","1","02304","0","","5.0","","9","N","N","","0","","0","0","0","","0","N","","1","0","0","0","0","0","0","2","0","1","","","","N","","","","","","","","","",""
"2017131841","","1","0","0","0","0","0","0","0","0","7","0","","02","12","2017","3","40.517591","-80.045133","1737","11","0","0","0","0","0","0","0","0","","0","0","0","","","0","","2","","40 31:03.327","","0","80 02:42.478","0","0","0","0","2474","0","0","0","N","0","0","0","1","02474","0","","2.0","","7","N","N","","0","","0","0","0","","0","","","1","0","0","0","0","0","0","2","0","1","","","","N","","","","","","","","","",""
"2017128805","","1","0","0","0","0","0","0","0","0","1","0","","02","11","2017","5","40.518673","-80.222903","1124","11","0","0","0","0","0","1","0","0","","0","0","0","","","1","","2","","40 31:07.224","","0","80 13:22.449","4","0","0","0","2213","0","0","0","N","0","0","0","2","02213","1","","1.0","","1","N","N","","0","","0","0","1","","0","","","2","1","0","0","0","0","0","2","0","2","","","","N","","","","","","","","","",""
"2017136500","","0","0","0","0","0","0","0","0","0","2","0","","02","12","2017","1","40.348703","-79.927061","1006","11","0","0","0","0","0","0","1","0","1","0","0","0","","","2","","0","","40 20:55.329","5","7","79 55:37.418","4","0","0","0","2473","0","0","0","N","0","0","0","2","02473","1","","1.0","","9","N","N","","1","","0","0","1","","0","Y","","2","2","0","0","0","1","0","2","0","2","","","","N","","","","","","","","","",""
"2017138331","","3","0","0","0","0","0","0","0","0","1","0","","02","12","2017","3","40.381776","-79.997153","1806","11","0","0","0","0","0","1","1","0","","0","0","0","","","1","","0","","40 22:54.395","","0","79 59:49.752","3","0","0","0","2301","0","0","0","N","0","0","0","5","02301","0","","1.0","","1","N","N","","0","","1","0","0","","0","","","3","1","0","0","0","0","0","2","0","3","","","","N","","","","","","","","","",""
"2017133278","","1","0","0","0","0","0","0","0","0","7","0","","02","12","2017","5","40.392448","-79.82712","1851","11","0","0","0","0","0","0","0","0","1","0","0","0","","","0","","0","","40 23:32.812","2","0","79 49:37.631","0","0","0","0","2111","0","0","0","N","0","0","0","1","02111","0","","5.0","","1","N","N","","0","","0","0","0","","0","N","","1","0","0","0","0","0","0","2","0","1","","","","N","","","","","","","","","",""
"2017137428","","2","0","0","0","0","0","0","0","0","1","0","","02","12","2017","3","40.404972","-80.054932","0748","11","0","0","0","0","0","0","0","0","","0","0","0","","","0","","0","","40 24:17.900","","0","80 03:17.754","0","0","0","0","2435","0","0","0","N","0","0","0","2","02435","0","","1.0","","1","N","N","","0","","0","0","0","","0","","","2","0","0","0","0","0","0","2","0","2","","","","N","","","","","","","","","",""
"2017139081","","1","0","0","0","0","0","0","0","0","7","0","","02","12","2017","7","40.608235","-80.177919","1156","11","0","0","0","0","0","0","0","0","1","0","0","0","","","1","","0","","40 36:29.646","7","0","80 10:40.510","4","0","0","0","2480","0","0","0","N","0","0","0","1","02480","1","","5.0","","7","N","N","","0","","0","0","0","","0","Y","","1","1","0","0","0","0","0","1","0","1","","","","N","","","","","","","","","",""
"2017133646","","0","0","0","0","0","0","0","0","0","0","0","","02","12","2017","1","40.464681","-80.074362","1754","11","0","0","0","0","0","1","0","0","1","0","0","0","","","1","","2","","40 27:52.851","7","0","80 04:27.703","8","0","0","1","2444","0","0","0","N","0","0","0","1","02444","0","","1.0","","9","N","N","","0","","0","0","0","","2","Y","","1","1","0","0","0","1","0","2","0","1","","05","","N","","","","","","","","","",""
"2017133691","","0","0","0","0","0","0","0","0","0","1","0","","02","12","2017","4","40.564961","-79.956902","1659","11","0","0","0","0","0","2","0","0","","0","0","0","","","1","","2","","40 33:53.858","","0","79 57:24.847","4","0","0","0","2207","0","0","0","N","0","0","0","2","02207","1","","1.0","","9","N","N","","0","","0","0","2","","0","","","2","1","0","0","0","0","0","2","0","2","","","","N","","","","","","","","","",""
"2017137826","","0","0","0","0","0","0","0","0","0","7","0","","02","12","2017","4","40.42475","-79.979444","0355","11","0","0","0","0","0","0","0","0","2","0","0","0","","","1","","0","","40 25:29.100","7","0","79 58:46.000","4","0","0","0","2301","0","0","0","N","0","0","0","1","02301","1","","5.0","","1","N","N","","0","","0","0","1","","0","Y","","1","1","0","0","0","0","0","2","0","1","","","","N","","","","","","","","","",""