"CRN","ARRIVAL_TM","AUTOMOBILE_COUNT","BELTED_DEATH_COUNT","BELTED_SUSP_SERIOUS_INJ_COUNT","BICYCLE_COUNT","BICYCLE_DEATH_COUNT","BICYCLE_SUSP_SERIOUS_INJ_COUNT","BUS_COUNT","CHLDPAS_DEATH_COUNT","CHLDPAS_SUSP_SERIOUS_INJ_COUNT","COLLISION_TYPE","COMM_VEH_COUNT","CONS_ZONE_SPD_LIM","COUNTY","CRASH_MONTH","CRASH_YEAR","DAY_OF_WEEK","DEC_LATITUDE","DEC_LONGITUDE","DISPATCH_TM","DISTRICT","DRIVER_COUNT_16YR","DRIVER_COUNT_17YR","DRIVER_COUNT_18YR","DRIVER_COUNT_19YR","DRIVER_COUNT_20YR","DRIVER_COUNT_50_64YR","DRIVER_COUNT_65_74YR","DRIVER_COUNT_75PLUS","EST_HRS_CLOSED","FATAL_COUNT","HEAVY_TRUCK_COUNT","HORSE_BUGGY_COUNT","HOUR_OF_DAY","ILLUMINATION","INJURY_COUNT","INTERSECTION_RELATED","INTERSECT_TYPE","LANE_CLOSED","LATITUDE","LN_CLOSE_DIR","LOCATION_TYPE","LONGITUDE","MAX_SEVERITY_LEVEL","MCYCLE_DEATH_COUNT","MCYCLE_SUSP_SERIOUS_INJ_COUNT","MOTORCYCLE_COUNT","MUNICIPALITY","NONMOTR_COUNT","NONMOTR_DEATH_COUNT","NONMOTR_SUSP_SERIOUS_INJ_COUNT","NTFY_HIWY_MAINT","PED_COUNT","PED_DEATH_COUNT","PED_SUSP_SERIOUS_INJ_COUNT","PERSON_COUNT","POLICE_AGCY","POSSIBLE_INJ_COUNT","RDWY_SURF_TYPE_CD","RELATION_TO_ROAD","ROADWAY_CLEARED","ROAD_CONDITION","SCH_BUS_IND","SCH_ZONE_IND","SECONDARY_CRASH","SMALL_TRUCK_COUNT","SPEC_JURIS_CD","SUSP_MINOR_INJ_COUNT","SUSP_SERIOUS_INJ_COUNT","SUV_COUNT","TCD_FUNC_CD","TCD_TYPE","TFC_DETOUR_IND","TIME_OF_DAY","TOTAL_UNITS","TOT_INJ_COUNT","UNBELTED_OCC_COUNT","UNB_DEATH_COUNT","UNB_SUSP_SERIOUS_INJ_COUNT","UNK_INJ_DEG_COUNT","UNK_INJ_PER_COUNT","URBAN_RURAL","VAN_COUNT","VEHICLE_COUNT","WEATHER1","WEATHER2","WORKERS_PRES","WORK_ZONE_IND","WORK_ZONE_LOC","WORK_ZONE_TYPE","WZ_CLOSE_DETOUR","WZ_FLAGGER","WZ_LAW_OFFCR_IND","WZ_LN_CLOSURE","WZ_MOVING","WZ_OTHER","WZ_SHLDER_MDN","WZ_WORKERS_INJ_KILLED"
"2017138448","","0","0","0","0","0","0","0","0","0","7","0","","02","12","2017","1","40.312553","-79.97795","0024","11","0","0","0","0","0","1","0","0","","0","0","0","","","1","","0","","40 18:45.190","","0","79 58:40.620","3","0","0","0","2440","0","0","0","N","0","0","0","1","02440","0","","4.0","","1","N","N","","1","","1","0","0","","0","","","1","1","0","0","0","0","0","2","0","1","","","","N","","","","","","","","","",""
"2017136332","","2","0","0","0","0","0","0","0","0","4","0","","02","12","2017","7","40.620611","-79.945361","1809","11","0","0","0","0","0","1","0","1","","0","0","0","","","0","","2","","40 37:14.200","","7","79 56:43.300","0","0","0","0","2217","0","0","0","N","0","0","0","2","02505","0","","1.0","","9","N","N","","0","","0","0","0","","3","","","2","0","0","0","0","0","0","2","0","2","","","","N","","","","","","","","","",""
"2017138423","","2","0","0","0","0","0","0","0","0","1","0","","02","12","2017","6","40.353947","-79.914901","1848","11","0","0","0","0","0","0","0","0","1","0","0","0","","","0","","2","","40 21:14.208","4","0","79 54:53.644","0","0","0","0","2473","0","0","0","N","0","0","0","2","02473","0","","1.0","","1","N","N","","0","","0","0","0","","2","N","","2","0","0","0","0","0","0","2","0","2","","","","N","","","","","","","","","",""
"2017132819","","0","0","0","0","0","0","0","0","0","7","1","","02","12","2017","5","40.627592","-79.944225","1255","11","0","0","0","1","0","0","0","0","4","0","1","0","","","0","","0","","40 37:39.330","6","0","79 56:39.210","9","0","0","0","2217","0","0","0","N","0","0","0","1","02505","0","","5.0","","1","N","N","","0","","0","0","0","","0","Y","","1","0","1","0","0","0","1","2","0","1","","","","N","","","","","","","","","",""
"2017136678","","1","0","0","0","0","0","0","0","0","99","0","","02","12","2017","3","40.436289","-79.994504","0638","11","0","0","0","0","0","0","0","0","1","0","0","0","","","0","","6","","40 26:10.641","2","2","79 59:40.214","0","0","0","0","2301","0","0","0","N","0","0","0","2","02301","0","","3.0","","1","N","N","","0","","0","0","0","","0","N","","1","0","0","0","0","0","0","2","0","1","","","","N","","","","","","","","","",""
"2017085212","","0","0","0","0","0","0","0","0","0","4","1","","02","8","2017","2","40.4974","-79.870009","1045","11","0","0","0","0","0","0","0","0","","0","1","0","","","0","","1","","40 29:50.641","","0","79 52:12.033","0","0","0","0","2112","0","0","0","N","0","0","0","2","02112","0","","1.0","","1","N","N","","0","","0","0","1","","2","","","2","0","0","0","0","0","0","2","0","2","","","","N","","","","","","","","","",""
"2017106665","","1","0","0","0","0","0","0","0","0","7","0","","02","10","2017","1","40.499033","-79.853415","1215","11","0","0","0","0","0","0","0","0","","0","0","0","","","0","","0","","40 29:56.520","","0","79 51:12.295","0","0","0","0","2112","0","0","0","N","0","0","0","1","02112","0","","5.0","","1","N","N","","0","","0","0","0","","0","","","1","0","0","0","0","0","0","2","0","1","","","","N","","","","","","","","","",""
"2017129755","","1","0","0","0","0","0","0","0","0","7","0","","02","12","2017","6","40.355785","-79.877308","2245","11","0","0","0","0","0","0","0","0","1","0","0","0","","","0","","0","","40 21:20.825","4","0","79 52:38.309","9","0","0","0","2423","0","0","0","N","0","0","0","1","02304","0","","5.0","","2","N","N","","0","","0","0","0","","0","N","","1","0","0","0","0","0","1","2","0","1","","","","N","","","","","","","","","",""
"2017138401","","1","0","0","0","0","0","0","0","0","7","0","","02","12","2017","6","40.41475","-79.871917","1008","11","0","0","1","0","0","0","0","0","","0","0","0","","","0","","0","","40 24:53.100","","7","79 52:18.900","0","0","0","0","2463","0","0","0","N","0","0","0","1","02463","0","","5.0","","1","N","N","","0","","0","0","0","","0","","","1","0","0","0","0","0","0","2","0","1","","","","N","","","","","","","","","",""
"2017137903","","2","0","0","0","0","0","0","0","0","1","0","","02","12","2017","5","40.420662","-80.047201","1802","11","0","0","0","0","0","1","0","0","","0","0","0","","","1","","0","","40 25:14.382","","2","80 02:49.925","8","0","0","0","2435","0","0","0","N","0","0","0","3","68B03","0","","1.0","","1","N","N","","0","","0","0","0","","0","","","2","1","0","0","0","1","0","2","0","2","","","","N","","","","","","","","","",""
"2017129672","","1","0","0","0","0","0","0","0","0","5","0","","02","12","2017","6","40.6143","-80.091261","0900","11","0","0","0","0","0","0","0","0","","0","0","0","","","1","","0","","40 36:51.480","","0","80 05:28.540","4","0","0","0","2481","0","0","0","N","0","0","0","4","02481","1","","1.0","","1","N","N","","0","","0","0","1","","0","","","2","1","0","0","0","0","0","2","0","2","","","","N","","","","","","","","","",""
"2017135966","","2","0","0","0","0","0","0","0","0","4","0","","02","12","2017","6","40.450547","-79.930075","1354","11","0","0","0","0","0","1","0","0","2","0","0","0","","","1","","1","","40 27:01.969","1","0","79 55:48.270","8","0","0","0","2301","0","0","0","Y","0","0","0","2","02301","0","","1.0","","1","N","N","","0","","0","0","0","","3","N","","2","1","0","0","0","1","0","2","0","2","","","","N","","","","","","","","","",""
"2017124711","","1","0","0","0","0","0","0","0","0","4","0","","02","11","2017","2","40.444177","-80.028142","1746","11","0","0","0","0","0","0","0","0","","0","0","0","","","1","","1","","40 26:39.037","","3","80 01:41.310","4","0","0","0","2301","0","0","0","N","0","0","0","3","02301","1","","1.0","","1","N","N","","1","","0","0","0","","2","","","2","1","0","0","0","0","0","2","0","2","","","","N","","","","","","","","","",""
"2017126906","","1","0","0","0","0","0","0","0","0","4","0","","02","12","2017","1","40.649074","-80.096934","0913","11","0","0","0","0","0","0","0","0","1","0","0","0","","","1","","1","","40 38:56.666","3","0","80 05:48.961","8","0","0","0","2212","0","0","0","N","0","0","0","3","02505","0","","1.0","","1","N","N","","0","","0","0","1","","2","N","","2","1","0","0","0","1","0","2","0","2","","","","N","","","","","","","","","",""
"2017137021","","2","0","0","0","0","0","0","0","0","1","0","","02","12","2017","3","40.435423","-79.98442","1220","11","0","0","0","0","0","0","1","0","","0","0","0","","","1","","2","","40 26:07.524","","0","79 59:03.913","8","0","0","0","2301","0","0","0","N","0","0","0","4","02301","0","","1.0","","1","N","N","","0","","0","0","0","","3","","","2","1","0","0","0","1","0","2","0","2","","","","N","","","","","","","","","",""
"2017136331","","2","0","0","0","0","0","0","0","0","1","0","","02","12","2017","5","40.633487","-80.004685","2125","11","0","1","0","0","0","0","0","0","2","0","0","0","","","0","","0","","40 38:00.553","3","0","80 00:16.867","0","0","0","0","2216","0","0","0","N","0","0","0","3","02505","0","","1.0","","1","N","N","","0","","0","0","0","","0","N","","2","0","0","0","0","0","0","2","0","2","","","","N","","","","","","","","","",""
"2017122286","","1","0","0","0","0","0","0","0","0","1","0","","02","11","2017","2","40.48871","-79.937206","1647","11","0","0","0","0","0","0","0","0","1","0","0","0","","","0","","0","","40 29:19.357","3","0","79 56:13.943","0","0","0","0","2301","0","0","0","N","0","0","0","2","02301","0","","1.0","","1","N","N","","0","","0","0","1","","3","N","","2","0","0","0","0","0","0","2","0","2","","","","N","","","","","","","","","",""
"2017134476","","1","0","0","0","0","0","0","0","0","7","0","","02","12","2017","3","40.37758","-79.95974","0822","11","0","0","0","0","0","0","0","0","","0","0","0","","","1","","2","","40 22:39.288","","0","79 57:35.064","8","0","0","0","2403","0","0","0","N","0","0","0","1","02403","0","","4.0","","1","N","N","","0","","0","0","0","","3","","","1","1","0","0","0","1","0","2","0","1","","","","N","","","","","","","","","",""
"2017133882","","2","0","0","0","0","0","0","0","0","1","0","","02","12","2017","6","40.339288","-79.913571","1118","11","0","0","0","0","0","1","0","0","","0","0","0","","","0","","2","","40 20:21.437","","0","79 54:48.854","0","0","0","0","2473","0","0","0","N","0","0","0","5","02473","0","","1.0","","1","N","N","","0","","0","0","0","","0","","","2","0","0","0","0","0","0","2","0","2","","","","N","","","","","","","","","",""
"2017128935","","1","0","0","0","0","0","0","0","0","2","0","","02","12","2017","4","40.389529","-79.936775","1242","11","0","0","0","0","1","0","0","0","","0","0","0","","","0","","0","","40 23:22.306","","0","79 56:12.390","0","0","0","0","2301","0","0","0","N","0","0","0","2","02301","0","","1.0","","1","N","N","","0","","0","0","0","","0","","","2","0","0","0","0","0","0","2","1","2","","","","N","","","","","","","","","",""
"2017137273","","0","0","0","0","0","0","0","0","0","4","0","","02","12","2017","7","40.568232","-79.966849","1641","11","1","0","0","0","0","0","0","1","","0","0","0","","","0","","3","","40 34:05.635","","0","79 58:00.656","0","0","0","0","2207","0","0","0","N","0","0","0","2","02207","0","","1.0","","1","N","N","","0","","0","0","0","","3","","","2","0","1","0","0","0","0","2","2","2","","","","N","","","","","","","","","",""
"2017133667","","4","0","0","0","0","0","0","0","0","1","0","","02","12","2017","7","40.468583","-79.916947","2129","11","0","0","0","0","0","0","0","0","","0","0","0","","","0","","1","","40 28:06.898","","0","79 55:01.009","9","0","0","0","2301","0","0","0","N","0","0","0","2","02301","0","","1.0","","1","N","N","","0","","0","0","0","","3","","","4","0","0","0","0","0","1","2","0","4","","","","N","","","","","","","","","",""
"2017130570","","1","0","0","0","0","0","0","0","0","2","0","","02","12","2017","1","40.440597","-80.238534","1125","11","0","0","0","0","0","1","1","0","","0","0","0","","","0","","1","","40 26:26.150","","0","80 14:18.721","0","0","0","0","2214","0","0","0","N","0","0","0","2","02214","0","","1.0","","1","N","N","","1","","0","0","0","","0","","","2","0","0","0","0","0","0","2","0","2","","","","N","","","","","","","","","",""
"2017126103","","1","0","0","0","0","0","0","0","0","1","0","","02","11","2017","5","40.444846","-79.999943","1737","11","0","0","0","0","0","0","0","0","","0","0","0","","","1","","2","","40 26:41.445","","0","79 59:59.794","4","0","0","0","2301","0","0","0","N","0","0","0","2","02301","1","","1.0","","9","N","Y","","0","","0","0","1","","2","","","2","1","0","0","0","0","0","2","0","2","","","","N","","","","","","","","","",""
"2017127212","","1","0","0","0","0","0","0","0","0","1","0","","02","12","2017","6","40.427593","-79.721033","0724","11","0","0","0","0","0","0","1","0","1","0","0","0","","","2","","0","","40 25:39.333","4","0","79 43:15.718","8","0","0","0","2446","0","0","0","N","0","0","0","2","02446","0","","1.0","","1","N","N","","0","","0","0","1","","0","Y","","2","2","0","0","0","2","0","2","0","2","","","","N","","","","","","","","","",""
"2017137817","","1","0","0","0","0","0","0","0","0","4","0","","02","12","2017","4","40.280245","-80.001282","1252","11","0","0","0","0","0","0","1","0","1","0","0","0","","","2","","2","","40 16:48.881","1","0","80 00:04.614","3","0","0","0","2219","0","0","0","N","0","0","0","4","02219","0","","1.0","","1","N","N","","1","","2","0","0","","3","N","","3","2","0","0","0","0","0","2","1","3","","","","N","","","","","","","","","",""
"2017135862","","2","0","0","0","0","0","0","0","0","5","0","","02","12","2017","5","40.347873","-79.951234","1825","11","0","0","0","0","0","1","0","1","1","0","0","0","","","0","","0","","40 20:52.341","4","0","79 57:04.444","0","0","0","0","2473","0","0","0","N","0","0","0","2","02473","0","","1.0","","1","N","N","","0","","0","0","0","","0","N","","2","0","0","0","0","0","0","2","0","2","","","","N","","","","","","","","","",""
"2017129702","","1","0","0","0","0","0","0","0","0","8","0","","02","12","2017","7","40.458388","-79.916626","0940","11","0","0","0","0","0","1","0","0","","0","0","0","","","1","","2","","40 27:30.196","","0","79 54:59.853","8","0","0","0","2301","1","0","0","N","1","0","0","2","02301","0","","1.0","","1","N","N","","0","","0","0","0","","2","","","2","1","0","0","0","1","0","2","0","1","","","","N","","","","","","","","","",""
"2017133908","","2","0","0","0","0","0","0","0","0","4","0","","02","12","2017","3","40.519673","-80.025282","2132","11","0","0","0","0","0","0","0","0","","0","0","0","","","0","","0","","40 31:10.822","","0","80 01:31.014","0","0","0","0","2474","0","0","0","N","0","0","0","1","02474","0","","6.0","","7","N","N","","0","","0","0","0","","0","","","2","0","0","0","0","0","0","2","0","2","","","","N","","","","","","","","","",""
"2017131267","","2","0","0","0","0","0","0","0","0","1","0","","02","12","2017","3","40.445112","-79.990519","1252","11","0","0","0","0","0","0","0","0","1","0","0","0","","","0","","0","","40 26:42.404","2","0","79 59:25.868","0","0","0","0","2301","0","0","0","N","0","0","0","2","02301","0","","1.0","","6","N","N","","0","","0","0","0","","0","N","","2","0","0","0","0","0","0","2","0","2","","","","N","","","","","","","","","",""
"2017137259","","0","0","0","0","0","0","1","0","0","4","1","","02","12","2017","3","40.365346","-80.104787","1815","11","0","0","0","0","0","1","0","0","","0","0","0","","","0","","0","","40 21:55.246","","7","80 06:17.233","0","0","0","0","2102","0","0","0","N","0","0","0","2","02503","0","","1.0","","1","N","N","","0","","0","0","1","","3","","","2","0","0","0","0","0","0","2","0","2","","","","N","","","","","","","","","",""
"2017123312","","1","0","0","0","0","0","0","0","0","5","0","","02","11","2017","4","40.440346","-79.993184","1316","11","0","0","0","0","0","2","0","0","2","0","0","0","","","0","","0","","40 26:25.246","2","1","79 59:35.461","0","0","0","0","2301","0","0","0","N","0","0","0","4","02301","0","","2.0","","1","N","N","","0","","0","0","1","","0","N","","2","0","2","0","0","0","0","2","0","2","","","","N","","","","","","","","","",""
"2017129809","","1","0","0","0","0","0","0","0","0","1","0","","02","12","2017","7","40.479007","-79.955281","1543","11","0","0","0","0","0","0","0","0","","0","0","0","","","0","","0","","40 28:44.424","","0","79 57:19.011","0","0","0","0","2301","0","0","0","N","0","0","0","4","02301","0","","1.0","","1","N","N","","0","","0","0","1","","0","","","2","0","1","0","0","0","0","2","0","2","","","","N","","","","","","","","","",""
"2017134717","","2","0","0","0","0","0","0","0","0","1","0","","02","12","2017","3","40.41102","-80.005939","2011","11","0","0","0","0","0","0","0","0","1","0","0","0","","","4","","1","","40 24:39.673","1","0","80 00:21.382","8","0","0","0","2301","0","0","0","N","0","0","0","4","02301","0","","1.0","","1","N","N","","0","","0","0","0","","2","N","","2","4","1","0","0","4","0","2","0","2","","","","N","","","","","","","","","",""
"2017137831","","4","0","0","0","0","0","0","0","0","1","0","","02","12","2017","4","40.469702","-79.930157","2136","11","0","0","0","0","0","1","0","0","2","0","0","0","","","0","","1","","40 28:10.927","6","0","79 55:48.565","0","0","0","0","2301","0","0","0","N","0","0","0","1","02301","0","","2.0","","1","N","N","","0","","0","0","0","","0","Y","","4","0","0","0","0","0","0","2","0","4","","","","N","","","","","","","","","",""
"2017129877","","2","0","0","0","0","0","0","0","0","4","0","","02","12","2017","7","40.449222","-80.209361","1848","11","0","0","0","0","0","1","0","0","2","0","0","0","","","2","","0","","40 26:57.200","5","0","80 12:33.700","4","0","0","0","2214","0","0","0","N","0","0","0","4","02214","1","","1.0","","1","N","N","","0","","0","0","0","","0","N","","2","2","0","0","0","1","0","2","0","2","","","","N","","","","","","","","","",""
"2017131289","","3","0","0","0","0","0","0","0","0","2","0","","02","12","2017","3","40.42104","-79.999259","1434","11","0","0","0","0","0","1","0","0","2","0","0","0","","","0","","0","","40 25:15.744","5","0","79 59:57.331","0","0","0","0","2301","0","0","0","N","0","0","0","3","02301","0","","1.0","","2","N","N","","0","","0","0","0","","0","Y","","3","0","1","0","0","0","0","2","0","3","","","","N","","","","","","","","","",""
"2017139145","","0","0","0","0","0","0","0","0","0","99","0","","02","12","2017","1","40.462029","-79.905714","1710","11","0","0","0","0","0","1","0","0","","0","0","0","","","0","","0","","40 27:43.305","","0","79 54:20.569","0","0","0","0","2301","0","0","0","N","0","0","0","2","02301","0","","1.0","","6","N","N","","0","","0","0","1","","0","","","1","0","0","0","0","0","0","2","0","1","","","","N","","","","","","","","","",""
"2017127713","","0","0","0","0","0","0","0","0","0","1","0","","02","12","2017","2","40.441328","-79.9492","1851","11","0","0","0","0","0","0","0","0","","0","0","0","","","0","","0","","40 26:28.780","","3","79 56:57.120","0","0","0","0","2301","0","0","0","N","0","0","0","3","02301","0","","1.0","","1","N","N","","1","","0","0","2","","0","","","3","0","0","0","0","0","0","2","0","3","","","","N","","","","","","","","","",""
"2017115791","","2","0","0","0","0","0","0","0","0","4","0","","02","11","2017","1","40.625493","-79.9418","1215","11","0","0","0","0","0","0","0","0","1","0","0","0","","","0","","1","","40 37:31.775","2","0","79 56:30.481","0","0","0","0","2217","0","0","0","N","0","0","0","2","02505","0","","1.0","","9","N","N","","0","","0","0","0","","2","N","","2","0","0","0","0","0","0","2","0","2","","","","N","","","","","","","","","",""
"2017137992","","2","0","0","0","0","0","0","0","0","4","0","","02","12","2017","5","40.402038","-80.000604","0936","11","0","0","0","0","0","1","0","0","1","0","0","0","","","0","","1","","40 24:07.336","1","0","80 00:02.176","0","0","0","0","2301","0","0","0","N","0","0","0","2","02301","0","","1.0","","1","N","N","","0","","0","0","0","","2","N","","2","0","0","0","0","0","0","2","0","2","","","","N","","","","","","","","","",""
"2017135508","","0","0","0","0","0","0","0","0","0","7","0","","02","12","2017","3","40.386861","-79.912167","1142","11","0","0","0","0","0","0","0","0","1","0","0","0","","","0","","0","","40 23:12.700","1","0","79 54:43.800","0","0","0","0","2448","0","0","0","Y","0","0","0","1","02448","0","","2.0","","1","N","N","","1","","0","0","0","","0","N","","1","0","0","0","0","0","0","2","0","1","","","","N","","","","","","","","","",""
"2017129676","","0","0","0","0","0","0","0","0","0","1","0","","02","12","2017","6","40.346129","-79.973297","1334","11","0","0","0","0","0","2","0","0","","0","0","0","","","1","","0","","40 20:46.066","","0","79 58:23.870","4","0","0","0","2403","0","0","0","N","0","0","0","2","02403","1","","1.0","","1","N","N","","0","","0","0","2","","0","","","2","1","0","0","0","0","0","2","0","2","","","","N","","","","","","","","","",""
"2017126854","","3","0","0","0","0","0","0","0","0","1","0","55","02","11","2017","4","40.416535","-80.058259","2057","11","0","0","0","0","0","0","0","0","3","0","0","0","","","4","","0","","40 24:59.525","4","0","80 03:29.731","4","0","0","0","2435","0","0","0","N","0","0","0","4","68B03","4","","1.0","","1","N","N","","0","","0","0","0","","0","N","","3","4","0","0","0","0","0","2","0","3","","","Y","Y","2","2","N","N","N","N","Y","N","Y",""
"2017132030","","1","0","0","0","0","0","0","0","0","7","0","","02","12","2017","4","40.425169","-80.073117","2356","11","0","0","0","0","0","0","0","0","","0","0","0","","","0","","0","","40 25:30.610","","0","80 04:23.220","0","0","0","0","2301","0","0","0","N","0","0","0","2","02301","0","","2.0","","7","N","N","","0","","0","0","0","","0","","","1","0","0","0","0","0","0","2","0","1","","","","N","","","","","","","","","",""
"2017130186","","0","0","0","0","0","0","0","0","0","7","0","","02","12","2017","6","40.373261","-80.19124","1950","11","0","0","0","0","0","0","0","0","2","0","0","0","","","0","","0","","40 22:23.738","1","0","80 11:28.463","0","0","0","0","2119","0","0","0","N","0","0","0","1","02119","0","","5.0","","1","N","N","","1","","0","0","0","","0","N","","1","0","0","0","0","0","0","2","0","1","","","","N","","","","","","","","","",""
"2017138349","","2","0","0","0","0","0","0","0","0","4","0","","02","12","2017","5","40.491558","-80.061268","0908","11","0","0","0","0","0","0","0","0","","0","0","0","","","1","","1","","40 29:29.609","","0","80 03:40.563","4","0","0","0","2404","0","0","0","N","0","0","0","3","02404","1","","1.0","","1","N","N","","0","","0","0","0","","2","","","2","1","0","0","0","0","0","2","0","2","","","","N","","","","","","","","","",""
"2017132593","","1","0","0","0","0","0","0","0","0","7","0","","02","12","2017","5","40.426556","-79.993639","0523","11","0","0","0","0","0","0","0","0","1","0","0","0","","","2","","0","","40 25:35.600","3","0","79 59:37.100","3","0","0","0","2301","0","0","0","N","0","0","0","2","02301","1","","5.0","","6","N","N","","0","","1","0","0","","0","N","","1","2","0","0","0","0","0","2","0","1","","","","N","","","","","","","","","",""
"2017128573","","1","0","0","0","0","0","0","0","0","4","0","","02","12","2017","4","40.475209","-79.784233","1214","11","0","0","0","0","0","1","0","0","","0","0","0","","","0","","2","","40 28:30.752","","0","79 47:03.238","0","0","0","0","2113","0","0","0","N","0","0","0","4","02113","0","","1.0","","1","N","N","","0","","0","0","0","","3","","","2","0","0","0","0","0","0","2","1","2","","","","N","","","","","","","","","",""
"2017124699","","1","0","0","0","0","0","0","0","0","7","0","","02","11","2017","2","40.406684","-80.235798","1721","11","0","0","0","0","0","0","0","0","","0","0","0","","","1","","0","","40 24:24.062","","0","80 14:08.872","4","0","0","0","2214","0","0","0","N","0","0","0","1","02214","1","","5.0","","1","N","N","","0","","0","0","0","","0","","","1","1","0","0","0","0","0","1","0","1","","","","N","","","","","","","","","",""
"2017133011","","2","0","0","0","0","0","0","0","0","1","0","","02","12","2017","6","40.385833","-79.978556","2348","11","0","0","0","0","0","0","0","0","","0","0","0","","","0","","0","","40 23:09.000","","0","79 58:42.800","0","0","0","0","2301","0","0","0","N","0","0","0","2","02301","0","","1.0","","9","N","N","","0","","0","0","0","","0","","","2","0","0","0","0","0","0","2","0","2","","","","N","","","","","","","","","",""
"2017128921","","1","0","0","0","0","0","0","0","0","4","0","","02","12","2017","4","40.52714","-79.915331","1305","11","0","0","0","0","0","0","0","0","","0","0","0","","","1","","0","","40 31:37.705","","0","79 54:55.192","8","0","0","0","2112","0","0","0","N","0","0","0","3","02112","0","","1.0","","1","N","N","","0","","0","0","1","","0","","","2","1","0","0","0","1","0","2","0","2","","","","N","","","","","","","","","",""
"2017134704","","2","0","0","0","0","0","0","0","0","5","0","","02","12","2017","3","40.454083","-79.894917","1927","11","0","0","0","0","0","0","0","0","","0","0","0","","","0","","0","","40 27:14.700","","0","79 53:41.700","0","0","0","0","2301","0","0","0","N","0","0","0","1","02301","0","","6.0","","1","N","N","","0","","0","0","0","","0","","","2","0","0","0","0","0","0","2","0","2","","","","N","","","","","","","","","",""
"2017125127","","1","0","0","0","0","0","0","0","0","4","0","","02","11","2017","3","40.50703","-80.059007","1502","11","0","0","0","0","0","1","0","0","2","0","0","0","","","2","","0","","40 30:25.307","7","7","80 03:32.426","4","0","0","0","2116","0","0","0","N","0","0","0","2","02116","2","","1.0","","1","N","N","","0","","0","0","1","","0","Y","","2","2","0","0","0","0","0","2","0","2","","","","N","","","","","","","","","",""
"2017135945","","1","0","0","0","0","0","0","0","0","4","0","","02","12","2017","6","40.445796","-79.998295","1131","11","0","0","0","0","0","0","0","0","","0","0","0","","","0","","3","","40 26:44.866","","0","79 59:53.863","0","0","0","0","2301","0","0","0","N","0","0","0","5","02301","0","","1.0","","1","N","N","","0","","0","0","1","","2","","","2","0","0","0","0","0","0","2","0","2","","","","N","","","","","","","","","",""
"2017136801","","2","0","0","0","0","0","0","0","0","1","0","","02","12","2017","2","40.386833","-79.981056","1332","11","0","0","0","0","0","1","0","0","","0","0","0","","","0","","0","","40 23:12.600","","0","79 58:51.800","0","0","0","0","2301","0","0","0","N","0","0","0","3","02301","0","","1.0","","1","N","N","","0","","0","0","0","","0","","","2","0","0","0","0","0","0","2","0","2","","","","N","","","","","","","","","",""
"2017096780","","2","0","0","0","0","0","0","0","0","5","0","","02","9","2017","1","40.491635","-79.90888","0050","11","0","1","0","0","0","0","0","0","","0","0","0","","","0","","0","","40 29:29.887","","0","79 54:31.969","0","0","0","0","2112","0","0","0","N","0","0","0","4","02112","0","","1.0","","1","N","N","","0","","0","0","0","","0","","","2","0","0","0","0","0","0","2","0","2","","","","N","","","","","","","","","",""
"2017137114","","1","0","0","0","0","0","0","0","0","1","0","","02","12","2017","6","40.436985","-79.86477","1905","11","0","0","0","0","1","1","0","0","","0","0","0","","","0","","0","","40 26:13.146","","0","79 51:53.171","0","0","0","0","2478","0","0","0","N","0","0","0","4","68B03","0","","1.0","","1","N","N","","0","","0","0","1","","0","","","2","0","0","0","0","0","0","2","0","2","","","","N","","","","","","","","","",""
"2017132744","","1","0","0","0","0","0","0","0","0","1","0","","02","12","2017","6","40.481629","-79.874328","0909","11","0","0","0","0","0","0","0","1","2","0","0","0","","","0","","0","","40 28:53.866","4","0","79 52:27.580","0","0","0","0","2113","0","0","0","N","0","0","0","2","02113","0","","1.0","","1","N","N","","0","","0","0","1","","0","Y","","2","0","0","0","0","0","0","2","0","2","","","","N","","","","","","","","","",""
"2017131293","","0","0","0","0","0","0","0","0","0","7","0","","02","12","2017","3","40.547059","-80.1901","1611","11","0","0","1","0","0","0","0","0","","0","0","0","","","0","","2","","40 32:49.412","","0","80 11:24.360","0","0","0","0","2427","0","0","0","N","0","0","0","2","02427","0","","5.0","","7","N","N","","0","","0","0","1","","0","","","1","0","0","0","0","0","0","2","0","1","","","","N","","","","","","","","","",""
"2017138415","","1","0","0","0","0","0","0","0","0","4","0","","02","12","2017","6","40.458106","-79.908401","1230","11","0","0","1","0","0","0","1","0","","0","0","0","","","0","","2","","40 27:29.181","","0","79 54:30.243","0","0","0","0","2301","0","0","0","N","0","0","0","3","02301","0","","1.0","","1","N","N","","0","","0","0","0","","3","","","2","0","0","0","0","0","0","2","1","2","","","","N","","","","","","","","","",""
"2017131003","","1","0","0","0","0","0","0","0","0","1","0","","02","12","2017","2","40.451838","-80.028526","0100","11","0","0","0","0","0","2","0","0","","0","0","0","","","0","","2","","40 27:06.616","","0","80 01:42.694","9","0","0","0","2301","0","0","0","N","0","0","0","3","02301","0","","1.0","","1","N","N","","2","","0","0","0","","3","","","3","0","0","0","0","0","2","2","0","3","","","","N","","","","","","","","","",""