"CRN","ARRIVAL_TM","AUTOMOBILE_COUNT","BELTED_DEATH_COUNT","BELTED_SUSP_SERIOUS_INJ_COUNT","BICYCLE_COUNT","BICYCLE_DEATH_COUNT","BICYCLE_SUSP_SERIOUS_INJ_COUNT","BUS_COUNT","CHLDPAS_DEATH_COUNT","CHLDPAS_SUSP_SERIOUS_INJ_COUNT","COLLISION_TYPE","COMM_VEH_COUNT","CONS_ZONE_SPD_LIM","COUNTY","CRASH_MONTH","CRASH_YEAR","DAY_OF_WEEK","DEC_LATITUDE","DEC_LONGITUDE","DISPATCH_TM","DISTRICT","DRIVER_COUNT_16YR","DRIVER_COUNT_17YR","DRIVER_COUNT_18YR","DRIVER_COUNT_19YR","DRIVER_COUNT_20YR","DRIVER_COUNT_50_64YR","DRIVER_COUNT_65_74YR","DRIVER_COUNT_75PLUS","EST_HRS_CLOSED","FATAL_COUNT","HEAVY_TRUCK_COUNT","HORSE_BUGGY_COUNT","HOUR_OF_DAY","ILLUMINATION","INJURY_COUNT","INTERSECTION_RELATED","INTERSECT_TYPE","LANE_CLOSED","LATITUDE","LN_CLOSE_DIR","LOCATION_TYPE","LONGITUDE","MAX_SEVERITY_LEVEL","MCYCLE_DEATH_COUNT","MCYCLE_SUSP_SERIOUS_INJ_COUNT","MOTORCYCLE_COUNT","MUNICIPALITY","NONMOTR_COUNT","NONMOTR_DEATH_COUNT","NONMOTR_SUSP_SERIOUS_INJ_COUNT","NTFY_HIWY_MAINT","PED_COUNT","PED_DEATH_COUNT","PED_SUSP_SERIOUS_INJ_COUNT","PERSON_COUNT","POLICE_AGCY","POSSIBLE_INJ_COUNT","RDWY_SURF_TYPE_CD","RELATION_TO_ROAD","ROADWAY_CLEARED","ROAD_CONDITION","SCH_BUS_IND","SCH_ZONE_IND","SECONDARY_CRASH","SMALL_TRUCK_COUNT","SPEC_JURIS_CD","SUSP_MINOR_INJ_COUNT","SUSP_SERIOUS_INJ_COUNT","SUV_COUNT","TCD_FUNC_CD","TCD_TYPE","TFC_DETOUR_IND","TIME_OF_DAY","TOTAL_UNITS","TOT_INJ_COUNT","UNBELTED_OCC_COUNT","UNB_DEATH_COUNT","UNB_SUSP_SERIOUS_INJ_COUNT","UNK_INJ_DEG_COUNT","UNK_INJ_PER_COUNT","URBAN_RURAL","VAN_COUNT","VEHICLE_COUNT","WEATHER1","WEATHER2","WORKERS_PRES","WORK_ZONE_IND","WORK_ZONE_LOC","WORK_ZONE_TYPE","WZ_CLOSE_DETOUR","WZ_FLAGGER","WZ_LAW_OFFCR_IND","WZ_LN_CLOSURE","WZ_MOVING","WZ_OTHER","WZ_SHLDER_MDN","WZ_WORKERS_INJ_KILLED"
"2017134420","","1","0","0","1","0","0","0","0","0","8","0","","02","12","2017","3","40.48187","-79.936724","0710","11","0","0","0","0","0","1","0","0","","0","0","0","","","1","","1","","40 28:54.732","","0","79 56:12.206","8","0","0","0","2301","1","0","0","N","0","0","0","2","02301","0","","1.0","","1","N","N","","0","","0","0","0","","3","","","2","1","0","0","0","1","0","2","0","1","","","","N","","","","","","","","","",""
"2017137980","","1","0","0","0","0","0","0","0","0","4","0","","02","12","2017","5","40.591264","-79.948095","0657","11","0","0","0","0","0","1","1","0","2","0","0","0","","","2","","2","","40 35:28.551","2","7","79 56:53.143","3","0","0","0","2207","0","0","0","N","0","0","0","2","02207","0","","1.0","","1","N","N","","0","","2","0","1","","2","N","","2","2","0","0","0","0","0","2","0","2","","","","N","","","","","","","","","",""
"2017138860","","1","0","0","0","0","0","1","0","0","5","1","","02","12","2017","2","40.442235","-79.957883","1410","11","0","0","0","0","0","1","0","0","","0","0","0","","","0","","2","","40 26:32.047","","0","79 57:28.377","0","0","0","0","2301","0","0","0","N","0","0","0","2","02503","0","","1.0","","1","N","N","","0","","0","0","0","","2","","","2","0","0","0","0","0","0","2","0","2","","","","N","","","","","","","","","",""
"2017138432","","1","0","0","0","0","0","0","0","0","7","0","","02","12","2017","6","40.447106","-79.704978","1435","11","0","0","0","0","0","0","0","0","","0","0","0","","","0","","0","","40 26:49.580","","0","79 42:17.920","0","0","0","0","2466","0","0","0","N","0","0","0","1","02466","0","","4.0","","9","N","N","","0","","0","0","0","","0","","","1","0","0","0","0","0","0","2","0","1","","","","N","","","","","","","","","",""
"2017134528","","0","0","0","0","0","0","0","0","0","7","0","","02","12","2017","3","40.418167","-79.935028","1610","11","0","0","0","0","0","0","0","0","2","0","0","0","","","0","","0","","40 25:05.400","4","0","79 56:06.100","0","0","0","0","2301","0","0","0","N","0","0","0","1","02301","0","","5.0","","1","N","N","","0","","0","0","1","","0","N","","1","0","0","0","0","0","0","2","0","1","","","","N","","","","","","","","","",""
"2017135901","","2","0","0","0","0","0","0","0","0","4","0","","02","12","2017","5","40.338992","-79.960214","0805","11","0","0","0","0","0","1","0","0","","0","0","0","","","0","","1","","40 20:20.371","","7","79 57:36.772","0","0","0","0","2454","0","0","0","N","0","0","0","2","02454","0","","1.0","","1","N","N","","0","","0","0","0","","0","","","2","0","0","0","0","0","0","2","0","2","","","","N","","","","","","","","","",""
"2017126267","","0","0","0","0","0","0","0","0","0","7","0","","02","11","2017","5","40.567731","-80.206994","1152","11","0","0","0","0","0","0","0","0","1","0","0","0","","","1","","0","","40 34:03.830","4","7","80 12:25.180","3","0","0","0","2107","0","0","0","N","0","0","0","1","02107","0","","4.0","","1","N","N","","0","","1","0","1","","0","N","","1","1","0","0","0","0","0","2","0","1","","","","N","","","","","","","","","",""
"2017124079","","1","0","0","0","0","0","0","0","0","7","0","","02","11","2017","6","40.327132","-80.124743","1555","11","0","0","0","0","0","0","0","0","","0","0","0","","","0","","2","","40 19:37.674","","0","80 07:29.074","0","0","0","0","2119","0","0","0","N","0","0","0","1","02119","0","","5.0","","1","N","N","","0","","0","0","0","","0","","","1","0","0","0","0","0","0","2","0","1","","","","N","","","","","","","","","",""
"2017133314","","2","0","0","0","0","0","0","0","0","1","0","","02","12","2017","7","40.441646","-80.021296","2036","11","0","0","0","0","0","0","0","0","2","0","0","0","","","1","","0","","40 26:29.927","4","0","80 01:16.664","3","0","0","0","2301","0","0","0","N","0","0","0","2","02301","0","","1.0","","1","N","N","","0","","1","0","0","","2","N","","2","1","0","0","0","0","0","2","0","2","","","","N","","","","","","","","","",""
"2017126431","","0","0","0","0","0","0","0","0","0","7","0","","02","9","2017","6","40.551142","-80.082022","1707","11","0","0","0","0","0","1","0","0","1","0","0","0","","","1","","0","","40 33:04.110","5","0","80 04:55.280","8","0","0","0","2215","0","0","0","N","0","0","0","1","02215","0","","9.0","","1","N","N","","0","","0","0","1","","0","N","","1","1","0","0","0","1","0","2","0","1","","","","N","","","","","","","","","",""
"2017136679","","1","0","0","0","0","0","0","0","0","7","0","","02","12","2017","1","40.437906","-80.013669","0227","11","1","0","0","0","0","0","0","0","","0","0","0","","","0","","0","","40 26:16.460","","0","80 00:49.209","0","0","0","0","2301","0","0","0","N","0","0","0","5","02301","0","","2.0","","1","N","N","","0","","0","0","0","","0","","","1","0","0","0","0","0","0","2","0","1","","","","N","","","","","","","","","",""
"2017132085","","1","0","0","0","0","0","0","0","0","7","0","","02","12","2017","4","40.526807","-80.159987","2342","11","0","0","0","0","0","0","0","0","1","0","0","0","","","0","","0","","40 31:36.505","2","0","80 09:35.954","0","0","0","0","2452","0","0","0","N","0","0","0","1","02458","0","","2.0","","7","N","N","","0","","0","0","0","","0","N","","1","0","0","0","0","0","0","2","0","1","","","","N","","","","","","","","","",""
"2017126181","","1","0","0","0","0","0","0","0","0","2","0","","02","11","2017","4","40.336317","-80.024397","1713","11","0","0","0","0","0","1","0","0","1","0","0","0","","","2","","0","","40 20:10.742","1","0","80 01:27.829","8","0","0","0","2407","0","0","0","N","0","0","0","3","02407","0","","1.0","","1","N","N","","0","","0","0","1","","0","Y","","2","2","1","0","0","2","0","2","0","2","","","","N","","","","","","","","","",""
"2017130991","","1","0","0","0","0","0","0","0","0","7","0","","02","12","2017","2","40.39631","-80.009279","2318","11","0","0","0","0","0","0","0","0","","0","0","0","","","0","","2","","40 23:46.715","","0","80 00:33.406","9","0","0","0","2301","0","0","0","N","0","0","0","1","02301","0","","5.0","","1","N","N","","0","","0","0","0","","0","","","1","0","0","0","0","0","1","2","0","1","","","","N","","","","","","","","","",""
"2017132056","","2","0","0","0","0","0","0","0","0","4","0","","02","12","2017","4","40.453367","-79.980657","0635","11","0","0","0","0","0","0","0","0","","0","0","0","","","0","","1","","40 27:12.120","","0","79 58:50.364","0","0","0","0","2301","0","0","0","N","0","0","0","2","02301","0","","1.0","","9","N","N","","0","","0","0","0","","3","","","2","0","0","0","0","0","0","2","0","2","","","","N","","","","","","","","","",""
"2017131612","","1","0","0","0","0","0","0","0","0","7","0","","02","12","2017","3","40.360512","-79.845369","1423","11","0","0","0","0","0","0","0","0","1","0","0","0","","","0","","0","","40 21:37.843","3","3","79 50:43.327","0","0","0","0","2303","0","0","0","N","0","0","0","1","02303","0","","2.0","","9","N","N","","0","","0","0","0","","0","Y","","1","0","0","0","0","0","0","2","0","1","","","","N","","","","","","","","","",""
"2017134230","","2","0","0","0","0","0","0","0","0","4","0","","02","12","2017","2","40.458759","-79.932535","1940","11","0","0","0","0","0","0","0","0","","0","0","0","","","0","","0","","40 27:31.534","","0","79 55:57.125","0","0","0","0","2301","0","0","0","N","0","0","0","3","02301","0","","1.0","","1","N","N","","0","","0","0","0","","0","","","2","0","0","0","0","0","0","2","0","2","","","","N","","","","","","","","","",""
"2017126772","","1","0","0","0","0","0","0","0","0","8","0","","02","12","2017","7","","","1954","11","0","0","0","0","0","0","1","0","","0","0","0","","","1","","2","","","","0","","3","0","0","0","2301","1","0","0","N","1","0","0","2","02301","0","","1.0","","1","N","N","","0","","1","0","0","","2","","","2","1","0","0","0","0","0","1","0","1","","","","N","","","","","","","","","",""
"2017134944","","2","0","0","0","0","0","0","0","0","5","0","","02","12","2017","4","40.463549","-79.965909","1029","11","0","0","0","0","0","0","0","0","2","0","0","0","","","0","","0","","40 27:48.778","6","0","79 57:57.274","0","0","0","0","2301","0","0","0","N","0","0","0","1","02301","0","","1.0","","1","N","N","","0","","0","0","0","","0","Y","","2","0","0","0","0","0","0","2","0","2","","","","N","","","","","","","","","",""
"2017125999","","2","0","0","0","0","0","0","0","0","4","0","","02","11","2017","5","40.459163","-79.927627","1634","11","0","0","0","0","0","1","0","0","","0","0","0","","","0","","0","","40 27:32.988","","7","79 55:39.457","0","0","0","0","2301","0","0","0","N","0","0","0","2","02301","0","","1.0","","9","N","N","","0","","0","0","0","","0","","","2","0","0","0","0","0","0","2","0","2","","","","N","","","","","","","","","",""
"2017131292","","2","0","0","0","0","0","0","0","0","1","0","","02","12","2017","3","40.440083","-80.000839","1550","11","0","0","0","0","1","0","0","0","","0","0","0","","","2","","1","","40 26:24.299","","0","80 00:03.021","3","0","0","0","2301","0","0","0","N","0","0","0","3","02301","0","","1.0","","2","N","N","","0","","2","0","0","","2","","","2","2","0","0","0","0","0","2","0","2","","","","N","","","","","","","","","",""
"2017138571","","0","0","0","0","0","0","0","0","0","7","0","","02","12","2017","5","40.592457","-79.888621","2055","11","0","0","0","0","1","0","0","0","2","0","0","0","","","0","","0","","40 35:32.846","3","0","79 53:19.036","0","0","0","0","2209","0","0","0","N","0","0","0","1","02209","0","","5.0","","1","N","N","","0","","0","0","1","","0","N","","1","0","0","0","0","0","0","1","0","1","","","","N","","","","","","","","","",""
"2017131729","","2","0","0","0","0","0","0","0","0","4","0","","02","12","2017","4","40.498578","-80.061861","0928","11","0","0","0","0","0","1","0","0","","0","0","0","","","0","","1","","40 29:54.880","","0","80 03:42.699","0","0","0","0","2402","0","0","0","N","0","0","0","2","02402","0","","1.0","","1","N","N","","0","","0","0","0","","2","","","2","0","0","0","0","0","0","2","0","2","","","","N","","","","","","","","","",""
"2017137421","","3","0","0","0","0","0","0","0","0","2","0","","02","12","2017","3","40.454472","-79.876667","2141","11","0","0","0","0","0","0","0","0","3","0","0","0","","","0","","0","","40 27:16.100","6","0","79 52:36.000","0","0","0","0","2301","0","0","0","N","0","0","0","1","02301","0","","6.0","","2","N","N","","0","","0","0","0","","0","Y","","3","0","0","0","0","0","0","2","0","3","","","","N","","","","","","","","","",""
"2017138733","","1","0","0","0","0","0","0","0","0","7","0","","02","12","2017","7","40.467861","-79.810972","1015","11","0","0","0","0","0","1","0","0","2","0","0","0","","","1","","0","","40 28:04.300","2","0","79 48:39.500","3","0","0","0","2113","0","0","0","N","0","0","0","1","02113","0","","4.0","","7","N","N","","0","","1","0","0","","0","Y","","1","1","0","0","0","0","0","2","0","1","","","","N","","","","","","","","","",""
"2017133334","","1","0","0","0","0","0","0","0","0","7","0","","02","12","2017","1","40.320975","-79.891394","0030","11","0","0","0","0","0","1","0","0","","0","0","0","","","1","","2","","40 19:15.509","","0","79 53:29.018","2","0","0","0","2433","0","0","0","N","0","0","0","1","02433","0","","4.0","","1","N","N","","0","","0","1","0","","0","","","1","1","1","0","1","0","0","2","0","1","","","","N","","","","","","","","","",""
"2017132953","","2","0","0","0","0","0","0","0","0","4","0","","02","12","2017","6","40.451491","-79.953345","1659","11","0","0","0","0","0","2","0","0","","0","0","0","","","1","","1","","40 27:05.366","","0","79 57:12.043","4","0","0","0","2301","0","0","0","N","0","0","0","3","02301","1","","1.0","","9","N","N","","0","","0","0","0","","3","","","2","1","0","0","0","0","0","2","0","2","","","","N","","","","","","","","","",""
"2017135957","","0","0","0","0","0","0","0","0","0","7","0","","02","12","2017","6","40.587209","-79.94154","1120","11","1","0","0","0","0","0","0","0","","0","0","0","","","0","","0","","40 35:13.954","","0","79 56:29.545","0","0","0","0","2207","0","0","0","Y","0","0","0","1","02207","0","","4.0","","9","N","N","","0","","0","0","1","","0","","","1","0","0","0","0","0","0","2","0","1","","","","N","","","","","","","","","",""
"2017131992","","1","0","0","0","0","0","0","0","0","4","0","","02","12","2017","4","40.452217","-79.909701","2035","11","0","0","0","0","0","0","0","0","2","0","0","0","","","1","","0","","40 27:07.980","4","0","79 54:34.923","4","0","0","0","2301","0","0","0","N","0","0","0","2","02301","1","","1.0","","7","N","N","","0","","0","0","1","","0","N","","2","1","0","0","0","0","0","2","0","2","","","","N","","","","","","","","","",""
"2017132298","","2","0","0","0","0","0","0","0","0","4","0","","02","12","2017","5","40.487009","-79.8942","1129","11","0","0","1","0","0","0","0","0","","0","0","0","","","1","","0","","40 29:13.231","","7","79 53:39.120","4","0","0","0","2301","0","0","0","N","0","0","0","2","02301","1","","1.0","","9","N","N","","0","","0","0","0","","3","","","2","1","0","0","0","0","0","2","0","2","","","","N","","","","","","","","","",""
"2017126115","","2","0","0","0","0","0","0","0","0","1","0","","02","11","2017","5","40.344602","-79.923226","1612","11","0","0","0","0","0","1","0","0","1","0","0","0","","","1","","2","","40 20:40.567","1","0","79 55:23.614","8","0","0","0","2473","0","0","0","N","0","0","0","3","02473","0","","1.0","","9","N","N","","0","","0","0","0","","0","N","","2","1","1","0","0","1","0","2","0","2","","","","N","","","","","","","","","",""
"2017136864","","0","0","0","0","0","0","0","0","0","2","0","","02","12","2017","2","40.479527","-80.042974","1712","11","0","0","0","0","0","0","0","0","","0","0","0","","","0","","0","","40 28:46.298","","0","80 02:34.706","9","0","0","0","2301","0","0","0","N","0","0","0","2","02301","0","","1.0","","2","N","N","","1","","0","0","1","","0","N","","2","0","0","0","0","0","2","2","0","2","","","","N","","","","","","","","","",""
"2017131882","","2","0","0","0","0","0","0","0","0","1","0","","02","12","2017","6","40.510455","-80.222763","1548","11","0","0","0","0","0","1","0","0","","0","0","0","","","0","","0","","40 30:37.639","","7","80 13:21.945","9","0","0","0","2213","0","0","0","N","0","0","0","2","02213","0","","1.0","","1","N","N","","0","","0","0","0","","0","","","2","0","0","0","0","0","1","2","0","2","","","","N","","","","","","","","","",""
"2017136672","","1","0","0","0","0","0","0","0","0","7","0","","02","12","2017","4","40.483956","-79.907881","0200","11","0","0","0","0","0","0","0","0","","0","0","0","","","0","","0","","40 29:02.240","","0","79 54:28.373","0","0","0","0","2301","0","0","0","N","0","0","0","2","02301","0","","5.0","","1","N","N","","0","","0","0","0","","0","","","1","0","0","0","0","0","0","2","0","1","","","","N","","","","","","","","","",""
"2017125264","","1","0","0","0","0","0","0","0","0","1","0","","02","11","2017","3","40.455942","-79.915236","1735","11","0","0","0","0","0","1","0","0","","0","0","0","","","0","","0","","40 27:21.390","","0","79 54:54.850","0","0","0","0","2301","0","0","0","N","0","0","0","3","02301","0","","1.0","","1","","","","0","","0","0","2","","0","","","3","0","0","0","0","0","0","2","0","3","","","","N","","","","","","","","","",""
"2017132715","","1","0","0","0","0","0","0","0","0","7","0","","02","12","2017","6","40.306335","-79.989316","0721","11","0","1","0","0","0","0","0","0","1","0","0","0","","","0","","0","","40 18:22.807","1","0","79 59:21.536","0","0","0","0","2219","0","0","0","N","0","0","0","1","02219","0","","5.0","","1","N","N","","0","","0","0","0","","0","N","","1","0","0","0","0","0","0","2","0","1","","","","N","","","","","","","","","",""
"2017138830","","2","0","0","0","0","0","0","0","0","1","0","","02","12","2017","3","40.461098","-79.947954","1705","11","0","0","0","0","0","0","0","0","","0","0","0","","","1","","0","","40 27:39.951","","0","79 56:52.635","8","0","0","0","2301","0","0","0","N","0","0","0","2","02301","0","","1.0","","1","N","N","","0","","0","0","0","","2","","","2","1","0","0","0","1","0","2","0","2","","","","N","","","","","","","","","",""
"2017135859","","2","0","0","0","0","0","0","0","0","1","0","","02","12","2017","5","40.506246","-80.007469","1244","11","0","0","0","0","0","0","0","0","1","0","0","0","","","0","","0","","40 30:22.484","1","0","80 00:26.887","0","0","0","0","2116","0","0","0","N","0","0","0","2","02116","0","","1.0","","1","N","N","","0","","0","0","0","","0","N","","2","0","0","0","0","0","0","2","0","2","","","","N","","","","","","","","","",""
"2017132845","","1","0","0","0","0","0","0","0","0","4","0","","02","12","2017","6","40.457902","-79.935391","1551","11","0","0","0","0","0","0","0","1","1","0","0","0","","","0","","0","","40 27:28.447","4","7","79 56:07.408","0","0","0","0","2301","0","0","0","N","0","0","0","3","02301","0","","1.0","","1","N","N","","0","","0","0","1","","0","N","","2","0","0","0","0","0","0","2","0","2","","","","N","","","","","","","","","",""
"2017133303","","2","0","0","0","0","0","0","0","0","4","0","","02","12","2017","7","40.395288","-79.997456","1114","11","0","0","0","0","0","1","1","0","1","0","0","0","","","1","","2","","40 23:43.036","2","0","79 59:50.843","8","0","0","0","2301","0","0","0","N","0","0","0","3","02301","0","","1.0","","1","N","N","","0","","0","0","0","","0","N","","2","1","0","0","0","1","0","2","0","2","","","","N","","","","","","","","","",""
"2017125518","","2","0","0","0","0","0","0","0","0","4","0","","02","11","2017","4","40.460494","-79.842569","1132","11","0","0","0","0","0","1","0","1","2","0","0","0","","","1","","0","","40 27:37.778","2","0","79 50:33.249","4","0","0","0","2113","0","0","0","N","0","0","0","3","02113","1","","1.0","","1","N","N","","0","","0","0","0","","0","N","","2","1","0","0","0","0","0","2","0","2","","","","N","","","","","","","","","",""
"2017135318","","1","0","0","0","0","0","0","0","0","7","0","","02","12","2017","4","40.415211","-80.215404","0512","11","0","0","0","0","0","0","0","0","","0","0","0","","","0","","0","","40 24:54.761","","0","80 12:55.454","9","0","0","0","2214","0","0","0","N","0","0","0","1","02214","0","","4.0","","1","N","N","","0","","0","0","0","","0","","","1","0","0","0","0","0","1","1","0","1","","","","N","","","","","","","","","",""
"2017133152","","1","0","0","0","0","0","0","0","0","7","0","","02","12","2017","4","40.457367","-80.170231","1814","11","0","0","0","0","0","0","0","0","2","0","0","0","","","1","","0","","40 27:26.520","2","0","80 10:12.830","8","0","0","0","2115","0","0","0","N","0","0","0","1","02115","0","","2.0","","9","N","N","","0","","0","0","0","","0","N","","1","1","0","0","0","1","0","2","0","1","","","","N","","","","","","","","","",""
"2017135098","","1","0","0","0","0","0","0","0","0","7","0","","02","12","2017","1","40.381847","-80.179347","0322","11","0","0","0","0","0","0","0","0","","0","0","0","","","0","","2","","40 22:54.648","","0","80 10:45.650","0","0","0","0","2119","0","0","0","N","0","0","0","1","02119","0","","2.0","","1","N","N","","0","","0","0","0","","0","","","1","0","0","0","0","0","0","2","0","1","","","","N","","","","","","","","","",""
"2017133470","","2","0","0","0","0","0","0","0","0","1","0","","02","12","2017","1","40.394461","-80.020869","0720","11","0","0","0","1","0","0","0","0","","0","0","0","","","1","","0","","40 23:40.060","","0","80 01:15.130","8","0","0","0","2301","0","0","0","N","0","0","0","1","02301","0","","6.0","","9","N","N","","0","","0","0","0","","0","","","2","1","0","0","0","1","0","2","0","2","","","","N","","","","","","","","","",""
"2017129036","","1","0","0","0","0","0","0","0","0","1","0","","02","11","2017","5","40.589985","-80.046778","1142","11","0","0","0","0","0","0","0","0","1","0","0","0","","","0","","6","","40 35:23.945","1","2","80 02:48.400","0","0","0","0","2108","0","0","0","N","0","0","0","2","02108","0","","1.0","","1","N","N","","0","","0","0","1","","4","N","","2","0","0","0","0","0","0","2","0","2","","","","N","","","","","","","","","",""
"2017126672","","0","0","0","0","0","0","0","0","0","4","0","","02","12","2017","7","40.345758","-79.990738","1225","11","0","0","0","0","0","1","1","0","","0","0","0","","","0","","1","","40 20:44.728","","0","79 59:26.656","0","0","0","0","2403","0","0","0","N","0","0","0","2","02403","0","","1.0","","1","N","N","","1","","0","0","1","","3","","","2","0","0","0","0","0","0","2","0","2","","","","N","","","","","","","","","",""
"2017138693","","1","0","0","0","0","0","0","0","0","7","0","","02","12","2017","7","40.449391","-80.023813","0758","11","0","0","0","0","1","0","0","0","","0","0","0","","","0","","0","","40 26:57.809","","2","80 01:25.726","0","0","0","0","2301","0","0","0","N","0","0","0","1","02301","0","","7.0","","7","N","N","","0","","0","0","0","","0","","","1","0","0","0","0","0","0","2","0","1","","","","N","","","","","","","","","",""
"2017136450","","3","0","0","0","0","0","0","0","0","4","0","","02","12","2017","1","40.430343","-80.028421","0540","11","0","0","0","0","1","0","0","0","","0","0","0","","","0","","3","","40 25:49.233","","2","80 01:42.314","0","0","0","0","2301","0","0","0","N","0","0","0","3","02301","0","","7.0","","1","N","N","","0","","0","0","0","","4","","","3","0","0","0","0","0","0","2","0","3","","","","N","","","","","","","","","",""
"2017130362","","1","0","0","0","0","0","0","0","0","7","0","","02","12","2017","7","40.408333","-79.822806","2243","11","0","0","0","0","0","0","0","0","3","0","0","0","","","1","","0","","40 24:30.000","5","0","79 49:22.100","8","0","0","0","2467","0","0","0","N","0","0","0","2","02467","0","","5.0","","1","N","N","","0","","0","0","0","","0","Y","","1","1","0","0","0","1","0","2","0","1","","","","N","","","","","","","","","",""
"2017085059","","0","0","0","1","0","0","1","0","0","8","1","","02","8","2017","1","40.428323","-79.973019","2215","11","0","0","0","0","0","1","0","0","1","0","0","0","","","1","","1","","40 25:41.961","6","0","79 58:22.869","3","0","0","0","2301","1","0","0","N","0","0","0","2","02503","0","","1.0","","1","N","N","","0","","1","0","0","","3","N","","2","1","0","0","0","0","0","2","0","1","","","","N","","","","","","","","","",""
"2017125755","","1","0","0","0","0","0","0","0","0","7","0","","02","10","2017","5","40.322556","-79.855944","0928","11","0","0","0","0","0","1","0","0","","0","0","0","","","0","","0","","40 19:21.200","","0","79 51:21.400","0","0","0","0","2442","0","0","0","N","0","0","0","1","02442","0","","4.0","","1","N","N","","0","","0","0","0","","0","","","1","0","0","0","0","0","0","2","0","1","","","","N","","","","","","","","","",""
"2017129602","","2","0","0","0","0","0","0","0","0","5","0","","02","12","2017","7","40.443222","-79.952","0239","11","0","0","0","0","0","0","0","0","2","0","0","0","","","0","","0","","40 26:35.600","1","0","79 57:07.200","0","0","0","0","2301","0","0","0","N","0","0","0","1","02301","0","","6.0","","1","N","N","","0","","0","0","0","","2","N","","2","0","0","0","0","0","0","2","0","2","","","","N","","","","","","","","","",""
"2017136256","","1","0","0","0","0","0","0","0","0","4","0","","02","12","2017","7","40.444649","-79.89616","1021","11","0","0","0","0","0","0","0","0","","0","0","0","","","2","","2","","40 26:40.737","","0","79 53:46.177","8","0","0","0","2301","0","0","0","N","0","0","0","4","02301","0","","1.0","","9","N","N","","1","","0","0","0","","3","","","2","2","0","0","0","2","0","2","0","2","","","","N","","","","","","","","","",""
"2017136805","","1","0","0","0","0","0","0","0","0","4","0","","02","12","2017","5","40.609583","-80.099714","1735","11","0","0","0","0","0","1","0","1","","0","0","0","","","0","","0","","40 36:34.500","","7","80 05:58.969","0","0","0","0","2481","0","0","0","N","0","0","0","3","02481","0","","1.0","","1","N","N","","0","","0","0","1","","0","","","2","0","0","0","0","0","0","2","0","2","","","","N","","","","","","","","","",""
"2017123724","","1","0","0","0","0","0","0","0","0","1","0","","02","11","2017","6","40.429248","-79.931573","0127","11","0","0","0","1","0","0","0","0","1","0","0","0","","","0","","0","","40 25:45.292","4","0","79 55:53.662","9","0","0","0","2301","0","0","0","N","0","0","0","2","02301","0","","1.0","","1","N","N","","1","","0","0","0","","0","N","","2","0","0","0","0","0","1","2","0","2","","","","N","","","","","","","","","",""
"2017133503","","2","0","0","0","0","0","0","0","0","1","0","","02","12","2017","1","40.467596","-79.960914","1106","11","0","0","0","0","0","0","0","0","","0","0","0","","","0","","2","","40 28:03.347","","0","79 57:39.289","0","0","0","0","2301","0","0","0","N","0","0","0","2","02301","0","","1.0","","9","N","N","","0","","0","0","0","","0","","","2","0","0","0","0","0","0","2","0","2","","","","N","","","","","","","","","",""
"2017139203","","1","0","0","0","0","0","0","0","0","4","0","","02","12","2017","4","40.364687","-79.869658","2250","11","0","0","0","0","0","0","0","0","1","0","0","0","","","2","","5","","40 21:52.873","1","0","79 52:10.768","8","0","0","0","2473","0","0","0","N","0","0","0","3","02473","0","","1.0","","9","N","N","","0","","0","0","1","","2","N","","2","2","1","0","0","2","0","2","0","2","","","","N","","","","","","","","","",""
"2017129727","","1","0","0","0","0","0","0","0","0","8","0","","02","12","2017","7","40.396182","-80.023531","1158","11","0","0","0","0","0","0","0","0","1","0","0","0","","","1","","0","","40 23:46.254","4","0","80 01:24.713","3","0","0","0","2301","1","0","0","N","1","0","0","2","02301","0","","4.0","","1","N","N","","0","","1","0","0","","0","N","","2","1","0","0","0","0","0","2","0","1","","","","N","","","","","","","","","",""
"2017130964","","0","0","0","0","0","0","0","0","0","8","0","","02","12","2017","2","40.405736","-79.823573","1955","11","0","0","0","0","0","0","0","0","2","0","0","0","","","1","","1","","40 24:20.649","4","0","79 49:24.862","8","0","0","0","2467","1","0","0","N","1","0","0","2","02467","0","","1.0","","1","N","N","","1","","0","0","0","","2","Y","","2","1","0","0","0","1","0","2","0","1","","","","N","","","","","","","","","",""
"2017138728","","0","0","0","0","0","0","0","0","0","7","0","","02","12","2017","7","40.358135","-79.831567","0923","11","0","0","0","0","0","1","0","0","","0","0","0","","","1","","0","","40 21:29.287","","0","79 49:53.640","3","0","0","0","2477","0","0","0","N","0","0","0","1","02477","0","","2.0","","2","N","N","","0","","1","0","1","","0","","","1","1","0","0","0","0","0","2","0","1","","","","N","","","","","","","","","",""
"2017133330","","2","0","0","0","0","0","0","0","0","1","0","","02","12","2017","7","40.380928","-79.814622","2049","11","0","0","0","0","0","0","0","0","1","0","0","0","","","0","","5","","40 22:51.342","3","0","79 48:52.638","0","0","0","0","2424","0","0","0","N","0","0","0","3","02424","0","","1.0","","1","N","N","","0","","0","0","0","","0","N","","2","0","1","0","0","0","0","2","0","2","","","","N","","","","","","","","","",""
"2017137246","","1","0","0","0","0","0","0","0","0","0","0","","02","12","2017","3","40.359004","-79.873918","1440","11","0","0","0","0","0","0","1","0","1","0","0","0","","","1","","0","","40 21:32.415","3","0","79 52:26.104","8","0","0","0","2473","0","0","0","N","0","0","0","1","02473","0","","5.0","","1","N","N","","0","","0","0","0","","0","N","","1","1","0","0","0","1","0","2","0","1","","","","N","","","","","","","","","",""