"CRN","ARRIVAL_TM","AUTOMOBILE_COUNT","BELTED_DEATH_COUNT","BELTED_SUSP_SERIOUS_INJ_COUNT","BICYCLE_COUNT","BICYCLE_DEATH_COUNT","BICYCLE_SUSP_SERIOUS_INJ_COUNT","BUS_COUNT","CHLDPAS_DEATH_COUNT","CHLDPAS_SUSP_SERIOUS_INJ_COUNT","COLLISION_TYPE","COMM_VEH_COUNT","CONS_ZONE_SPD_LIM","COUNTY","CRASH_MONTH","CRASH_YEAR","DAY_OF_WEEK","DEC_LATITUDE","DEC_LONGITUDE","DISPATCH_TM","DISTRICT","DRIVER_COUNT_16YR","DRIVER_COUNT_17YR","DRIVER_COUNT_18YR","DRIVER_COUNT_19YR","DRIVER_COUNT_20YR","DRIVER_COUNT_50_64YR","DRIVER_COUNT_65_74YR","DRIVER_COUNT_75PLUS","EST_HRS_CLOSED","FATAL_COUNT","HEAVY_TRUCK_COUNT","HORSE_BUGGY_COUNT","HOUR_OF_DAY","ILLUMINATION","INJURY_COUNT","INTERSECTION_RELATED","INTERSECT_TYPE","LANE_CLOSED","LATITUDE","LN_CLOSE_DIR","LOCATION_TYPE","LONGITUDE","MAX_SEVERITY_LEVEL","MCYCLE_DEATH_COUNT","MCYCLE_SUSP_SERIOUS_INJ_COUNT","MOTORCYCLE_COUNT","MUNICIPALITY","NONMOTR_COUNT","NONMOTR_DEATH_COUNT","NONMOTR_SUSP_SERIOUS_INJ_COUNT","NTFY_HIWY_MAINT","PED_COUNT","PED_DEATH_COUNT","PED_SUSP_SERIOUS_INJ_COUNT","PERSON_COUNT","POLICE_AGCY","POSSIBLE_INJ_COUNT","RDWY_SURF_TYPE_CD","RELATION_TO_ROAD","ROADWAY_CLEARED","ROAD_CONDITION","SCH_BUS_IND","SCH_ZONE_IND","SECONDARY_CRASH","SMALL_TRUCK_COUNT","SPEC_JURIS_CD","SUSP_MINOR_INJ_COUNT","SUSP_SERIOUS_INJ_COUNT","SUV_COUNT","TCD_FUNC_CD","TCD_TYPE","TFC_DETOUR_IND","TIME_OF_DAY","TOTAL_UNITS","TOT_INJ_COUNT","UNBELTED_OCC_COUNT","UNB_DEATH_COUNT","UNB_SUSP_SERIOUS_INJ_COUNT","UNK_INJ_DEG_COUNT","UNK_INJ_PER_COUNT","URBAN_RURAL","VAN_COUNT","VEHICLE_COUNT","WEATHER1","WEATHER2","WORKERS_PRES","WORK_ZONE_IND","WORK_ZONE_LOC","WORK_ZONE_TYPE","WZ_CLOSE_DETOUR","WZ_FLAGGER","WZ_LAW_OFFCR_IND","WZ_LN_CLOSURE","WZ_MOVING","WZ_OTHER","WZ_SHLDER_MDN","WZ_WORKERS_INJ_KILLED"
"2017132261","","2","0","0","0","0","0","0","0","0","2","0","","02","12","2017","5","40.426047","-79.939774","0850","11","0","0","0","0","0","0","0","0","","0","0","0","","","0","","0","","40 25:33.769","","0","79 56:23.187","0","0","0","0","2301","0","0","0","N","0","0","0","1","02301","0","","4.0","","7","N","N","","0","","0","0","0","","3","","","2","0","0","0","0","0","0","2","0","2","","","","N","","","","","","","","","",""
"2017138797","","1","0","0","0","0","0","0","0","0","4","0","","02","12","2017","7","40.442168","-79.994957","0120","11","0","0","0","0","0","0","0","0","1","0","0","0","","","1","","1","","40 26:31.803","3","0","79 59:41.846","8","0","0","0","2301","0","0","0","N","0","0","0","2","02301","0","","1.0","","2","N","N","","0","","0","0","0","","2","N","","2","1","0","0","0","1","1","2","0","2","","","","N","","","","","","","","","",""
"2017131358","","0","0","0","0","0","0","0","0","0","7","0","","02","12","2017","3","40.394493","-80.012769","1527","11","0","0","0","0","0","0","0","0","2","0","0","0","","","0","","0","","40 23:40.176","2","0","80 00:45.968","0","0","0","0","2301","0","0","0","N","0","0","0","5","02301","0","","5.0","","2","N","N","","0","","0","0","1","","0","Y","","1","0","0","0","0","0","0","2","0","1","","","","N","","","","","","","","","",""
"2017129932","","1","0","0","0","0","0","0","0","0","5","0","","02","12","2017","7","40.402557","-80.041615","1232","11","0","0","0","0","0","1","0","0","1","0","0","0","","","0","","0","","40 24:09.205","2","0","80 02:29.814","0","0","0","0","2301","0","0","0","N","0","0","0","2","02301","0","","1.0","","1","N","N","","0","","0","0","1","","0","N","","2","0","0","0","0","0","0","2","0","2","","","","N","","","","","","","","","",""
"2017127965","","2","0","0","0","0","0","0","0","0","4","0","","02","12","2017","2","40.447435","-79.942465","2056","11","0","0","0","0","1","0","0","0","2","0","0","0","","","2","","1","","40 26:50.767","3","0","79 56:32.873","8","0","0","0","2301","0","0","0","N","0","0","0","3","02301","0","","1.0","","1","N","N","","0","","0","0","0","","2","N","","2","2","0","0","0","2","0","2","0","2","","","","N","","","","","","","","","",""
"2017126892","","0","0","0","0","0","0","0","0","0","7","0","","02","12","2017","1","40.476114","-80.051617","0809","11","0","0","0","0","1","0","0","0","2","0","0","0","","","0","","0","","40 28:34.011","3","3","80 03:05.820","0","0","0","0","2301","0","0","0","N","0","0","0","1","02301","0","","2.0","","1","N","N","","0","","0","0","1","","0","N","","1","0","0","0","0","0","0","2","0","1","","","","N","","","","","","","","","",""
"2017133501","","1","0","0","0","0","0","0","0","0","4","0","","02","12","2017","7","40.338924","-79.963995","1410","11","0","0","0","0","0","0","0","0","2","0","0","0","","","1","","2","","40 20:20.126","1","0","79 57:50.381","3","0","0","0","2454","0","0","0","N","0","0","0","2","02454","0","","1.0","","1","N","N","","0","","1","0","1","","3","Y","","2","1","0","0","0","0","0","2","0","2","","","","N","","","","","","","","","",""
"2017127736","","1","0","0","0","0","0","0","0","0","7","0","","02","12","2017","2","40.451507","-80.02781","2238","11","0","0","0","0","0","0","0","0","","0","0","0","","","0","","0","","40 27:05.425","","0","80 01:40.116","0","0","0","0","2301","0","0","0","N","0","0","0","1","02301","0","","2.0","","1","N","N","","0","","0","0","0","","0","","","1","0","0","0","0","0","0","2","0","1","","","","N","","","","","","","","","",""
"2017126292","","2","0","0","0","0","0","0","0","0","4","0","","02","12","2017","6","40.532115","-79.712778","0853","11","0","0","0","0","0","1","0","0","1","0","0","0","","","0","","1","","40 31:55.614","1","0","79 42:45.999","0","0","0","0","2466","0","0","0","N","0","0","0","3","02466","0","","1.0","","1","N","N","","0","","0","0","0","","3","N","","3","0","1","0","0","0","0","1","1","3","","","","N","","","","","","","","","",""
"2017131178","","2","0","0","0","0","0","0","0","0","1","0","","02","12","2017","3","40.324999","-80.081469","0722","11","0","0","0","0","0","0","0","0","","0","0","0","","","0","","1","","40 19:29.997","","0","80 04:53.289","0","0","0","0","2123","0","0","0","N","0","0","0","3","02123","0","","1.0","","9","N","N","","0","","0","0","0","","2","","","2","0","0","0","0","0","0","2","0","2","","","","N","","","","","","","","","",""
"2017129226","","1","0","0","0","0","0","0","0","0","7","0","","02","9","2017","6","40.417882","-80.103599","1506","11","0","0","0","0","0","0","0","0","","0","0","0","","","1","","0","","40 25:04.376","","2","80 06:12.956","4","0","0","0","2115","0","0","0","Y","0","0","0","3","68B03","1","","4.0","","1","N","N","","0","","0","0","0","","0","","","1","1","0","0","0","0","0","2","0","1","","","","N","","","","","","","","","",""
"2017138944","","1","0","0","0","0","0","0","0","0","7","0","","02","12","2017","7","40.449188","-80.023461","2101","11","0","0","0","0","0","0","0","0","","0","0","0","","","0","","10","","40 26:57.075","","0","80 01:24.458","0","0","0","0","2301","0","0","0","N","0","0","0","1","02301","0","","1.0","","9","N","N","","0","","0","0","0","","0","","","1","0","0","0","0","0","0","2","0","1","","","","N","","","","","","","","","",""
"2017128653","","3","0","0","0","0","0","0","0","0","1","0","","02","12","2017","4","40.456463","-79.909807","1616","11","0","0","0","0","0","1","0","0","","0","0","0","","","3","","2","","40 27:23.266","","0","79 54:35.306","8","0","0","0","2301","0","0","0","N","0","0","0","3","02301","0","","1.0","","1","N","N","","0","","0","0","0","","0","","","3","3","0","0","0","3","0","2","0","3","","","","N","","","","","","","","","",""
"2017132007","","1","0","0","0","0","0","0","0","0","7","0","","02","12","2017","4","40.453086","-80.028322","2208","11","0","0","0","0","0","0","0","0","","0","0","0","","","0","","0","","40 27:11.109","","0","80 01:41.960","0","0","0","0","2301","0","0","0","N","0","0","0","1","02301","0","","2.0","","7","N","N","","0","","0","0","0","","0","","","1","0","0","0","0","0","0","2","0","1","","","","N","","","","","","","","","",""
"2017131248","","2","0","0","0","0","0","0","0","0","4","0","","02","12","2017","3","40.440948","-80.034733","1222","11","0","0","0","0","0","0","1","0","","0","0","0","","","0","","1","","40 26:27.413","","0","80 02:05.037","0","0","0","0","2301","0","0","0","N","0","0","0","2","02301","0","","1.0","","9","N","N","","0","","0","0","0","","2","","","2","0","0","0","0","0","0","2","0","2","","","","N","","","","","","","","","",""
"2017135536","","2","0","0","0","0","0","0","0","0","4","0","","02","12","2017","5","40.454534","-79.921722","1125","11","0","0","0","0","0","1","0","0","","0","0","0","","","1","","1","","40 27:16.322","","0","79 55:18.199","8","0","0","0","2301","0","0","0","N","0","0","0","2","02301","0","","1.0","","1","N","N","","0","","0","0","0","","3","","","2","1","0","0","0","1","0","2","0","2","","","","N","","","","","","","","","",""
"2017115855","","2","0","0","0","0","0","0","0","0","1","0","","02","11","2017","2","40.436154","-79.994718","1208","11","0","0","0","0","0","0","0","0","2","0","0","0","","","1","","0","","40 26:10.153","1","2","79 59:40.985","4","0","0","0","2301","0","0","0","N","0","0","0","3","02301","1","","1.0","","9","N","N","","0","","0","0","0","","0","N","","3","1","0","0","0","0","0","2","1","3","","","","N","","","","","","","","","",""
"2017136973","","0","0","0","0","0","0","0","0","0","7","0","","02","12","2017","2","40.51059","-80.024412","1425","11","0","0","0","0","0","0","1","0","1","0","0","0","","","2","","2","","40 30:38.124","7","0","80 01:27.883","8","0","0","0","2474","0","0","0","N","0","0","0","2","02474","0","","5.0","","1","N","N","","1","","0","0","0","","3","N","","1","2","0","0","0","2","0","2","0","1","","","","N","","","","","","","","","",""
"2017132132","","1","0","0","0","0","0","0","0","0","7","0","","02","12","2017","2","40.36475","-79.967067","2354","11","0","0","0","0","1","0","0","0","","0","0","0","","","0","","0","","40 21:53.100","","0","79 58:01.440","0","0","0","0","2476","0","0","0","N","0","0","0","1","02476","0","","3.0","","1","N","N","","0","","0","0","0","","0","","","1","0","0","0","0","0","0","2","0","1","","","","N","","","","","","","","","",""
"2017121771","","1","0","0","0","0","0","0","0","0","7","0","","02","11","2017","1","40.479225","-79.96637","0434","11","0","0","0","0","0","0","0","0","1","0","0","0","","","0","","6","","40 28:45.210","1","2","79 57:58.931","0","0","0","0","2445","0","0","0","N","0","0","0","1","02118","0","","2.0","","9","N","N","","0","","0","0","0","","0","N","","1","0","0","0","0","0","0","2","0","1","","","","N","","","","","","","","","",""
"2017137986","","1","0","0","1","0","0","0","0","0","8","0","","02","12","2017","5","40.449719","-79.920778","0841","11","0","0","0","0","0","0","0","0","","0","0","0","","","1","","0","","40 26:58.987","","0","79 55:14.802","4","0","0","0","2301","1","0","0","N","0","0","0","2","02301","1","","1.0","","1","N","N","","0","","0","0","0","","0","","","2","1","0","0","0","0","0","2","0","1","","","","N","","","","","","","","","",""
"2017134242","","1","0","0","0","0","0","0","0","0","4","0","","02","12","2017","2","40.588948","-80.10173","2044","11","0","0","0","0","0","1","1","0","1","0","0","0","","","0","","1","","40 35:20.212","2","0","80 06:06.228","0","0","0","0","2481","0","0","0","N","0","0","0","2","02481","0","","1.0","","9","N","N","","0","","0","0","1","","3","N","","2","0","0","0","0","0","0","2","0","2","","","","N","","","","","","","","","",""
"2017137264","","1","0","0","0","0","0","0","0","0","7","0","","02","12","2017","3","40.458776","-79.957678","1753","11","0","0","0","0","0","1","0","0","2","0","0","0","","","1","","3","","40 27:31.593","4","2","79 57:27.641","4","0","0","0","2301","0","0","0","N","0","0","0","1","02301","1","","3.0","","1","N","N","","0","","0","0","0","","2","N","","1","1","0","0","0","0","0","2","0","1","","","","N","","","","","","","","","",""
"2017110449","","2","0","0","0","0","0","0","0","0","1","0","","02","10","2017","3","40.56824","-80.213474","0858","11","0","0","0","0","0","0","0","0","2","0","0","0","","","0","","0","","40 34:05.664","1","0","80 12:48.507","0","0","0","0","2441","0","0","0","N","0","0","0","2","02441","0","","1.0","","9","N","N","","0","","0","0","0","","2","N","","2","0","0","0","0","0","0","2","0","2","","","","N","","","","","","","","","",""
"2017126346","","2","0","0","0","0","0","0","0","0","99","0","","02","11","2017","4","40.451707","-79.981609","1746","11","0","0","0","0","0","0","0","0","","0","0","0","","","0","","2","","40 27:06.145","","0","79 58:53.791","0","0","0","0","2301","0","0","0","N","0","0","0","2","02301","0","","1.0","","1","N","N","","0","","0","0","0","","3","","","2","0","0","0","0","0","0","2","0","2","","","","N","","","","","","","","","",""
"2017129359","","1","0","0","0","0","0","0","0","0","4","0","","02","12","2017","5","40.447811","-80.158094","1243","11","0","0","0","0","0","0","1","0","2","0","0","0","","","1","","0","","40 26:52.120","1","7","80 09:29.140","3","0","0","0","2115","0","0","0","N","0","0","0","3","02115","0","","4.0","","1","N","N","","0","","1","0","1","","8","N","","2","1","0","0","0","0","0","2","0","2","","","","N","","","","","","","","","",""
"2017126354","","1","0","0","0","0","0","0","0","0","4","0","","02","12","2017","6","40.459726","-80.109309","1521","11","0","0","1","0","0","0","1","0","1","0","0","0","","","0","","0","","40 27:35.015","2","0","80 06:33.512","0","0","0","0","2126","0","0","0","N","0","0","0","2","02126","0","","1.0","","1","N","N","","0","","0","0","1","","0","N","","2","0","0","0","0","0","0","2","0","2","","","","N","","","","","","","","","",""
"2017138949","","2","0","0","0","0","0","0","0","0","1","0","","02","12","2017","7","40.513514","-80.092359","1931","11","0","0","0","0","0","0","0","0","1","0","0","0","","","0","","2","","40 30:48.650","3","0","80 05:32.492","0","0","0","0","2429","0","0","0","N","0","0","0","2","02215","0","","1.0","","1","N","N","","0","","0","0","0","","0","N","","2","0","0","0","0","0","0","2","0","2","","","","N","","","","","","","","","",""
"2017135545","","2","0","0","0","0","0","0","0","0","4","0","","02","12","2017","5","40.382938","-79.857483","1215","11","0","0","0","0","0","0","1","0","2","0","0","0","","","1","","2","","40 22:58.576","2","0","79 51:26.939","8","0","0","0","2303","0","0","0","N","0","0","0","2","02303","0","","1.0","","9","N","N","","0","","0","0","0","","2","N","","2","1","0","0","0","1","0","2","0","2","","","","N","","","","","","","","","",""
"2017138988","","0","0","0","0","0","0","0","0","0","7","0","","02","12","2017","2","40.326086","-79.944231","0423","11","0","0","0","0","0","0","0","0","","0","1","0","","","3","","0","","40 19:33.911","","0","79 56:39.231","3","0","0","0","2454","0","0","0","N","0","0","0","3","02454","1","","5.0","","7","N","N","","0","","2","0","0","","0","","","1","3","0","0","0","0","0","2","0","1","","","","N","","","","","","","","","",""
"2017133622","","1","0","0","0","0","0","0","0","0","7","0","","02","12","2017","7","40.279838","-80.001791","2208","11","0","0","0","0","0","1","0","0","1","0","0","0","","","1","","0","","40 16:47.417","5","7","80 00:06.449","3","0","0","0","2219","0","0","0","Y","0","0","0","1","02219","0","","5.0","","1","N","N","","0","","1","0","0","","0","N","","1","1","0","0","0","0","0","2","0","1","","","","N","","","","","","","","","",""
"2017128127","","1","0","0","0","0","0","0","0","0","1","0","","02","12","2017","2","40.470803","-79.887883","2124","11","0","0","0","0","0","1","0","0","","0","0","0","","","1","","0","","40 28:14.890","","0","79 53:16.380","8","0","0","0","2113","0","0","0","N","0","0","0","1","02113","0","","4.0","","1","N","N","","0","","0","0","1","","0","","","2","1","1","0","0","1","0","2","0","2","","","","N","","","","","","","","","",""
"2017135997","","1","0","0","0","0","0","0","0","0","4","0","","02","12","2017","6","40.459214","-79.927463","1830","11","1","0","0","0","0","0","0","0","","0","0","0","","","0","","2","","40 27:33.170","","0","79 55:38.866","0","0","0","0","2301","0","0","0","N","0","0","0","4","02301","0","","1.0","","1","N","N","","1","","0","0","0","","3","","","2","0","2","0","0","0","0","2","0","2","","","","N","","","","","","","","","",""
"2017133024","","3","0","0","0","0","0","0","0","0","4","0","","02","12","2017","7","40.420942","-79.981217","0330","11","0","0","0","0","0","0","0","0","1","0","0","0","","","0","","0","","40 25:15.390","5","0","79 58:52.380","0","0","0","0","2301","0","0","0","N","0","0","0","1","02301","0","","1.0","","2","N","N","","0","","0","0","0","","0","N","","3","0","0","0","0","0","0","2","0","3","","","","N","","","","","","","","","",""
"2017134599","","0","0","0","0","0","0","0","0","0","7","0","","02","12","2017","5","40.316353","-79.938692","1410","11","0","0","0","0","0","0","1","0","2","0","0","0","","","0","","0","","40 18:58.870","4","0","79 56:19.290","0","0","0","0","2440","0","0","0","N","0","0","0","1","02440","0","","4.0","","1","N","N","","1","","0","0","0","","0","N","","1","0","0","0","0","0","0","2","0","1","","","","N","","","","","","","","","",""
"2017138947","","1","0","0","0","0","0","0","0","0","2","0","","02","12","2017","7","40.560454","-79.927755","1757","11","0","0","0","0","0","1","0","0","1","0","0","0","","","0","","0","","40 33:37.634","6","0","79 55:39.917","0","0","0","0","2207","0","0","0","N","0","0","0","2","02207","0","","1.0","","7","N","N","","0","","0","0","1","","0","N","","2","0","0","0","0","0","0","2","0","2","","","","N","","","","","","","","","",""
"2017137194","","1","0","0","0","0","0","0","0","0","7","0","","02","12","2017","5","40.468549","-80.23469","0724","11","0","0","0","0","0","0","0","0","2","0","0","0","","","0","","0","","40 28:06.776","4","0","80 14:04.885","0","0","0","0","2203","0","0","0","Y","0","0","0","1","68B03","0","","4.0","","7","N","N","","0","","0","0","0","","0","N","","1","0","0","0","0","0","0","2","0","1","","","","N","","","","","","","","","",""
"2017136681","","2","0","0","0","0","0","0","0","0","6","0","","02","12","2017","3","40.367516","-79.929828","1256","11","0","0","0","0","0","0","0","1","1","0","0","0","","","2","","0","","40 22:03.057","1","0","79 55:47.381","3","0","0","0","2473","0","0","0","N","0","0","0","2","02473","0","","1.0","","1","N","N","","0","","1","0","0","","0","N","","2","2","0","0","0","1","0","2","0","2","","","","N","","","","","","","","","",""
"2017135952","","2","0","0","0","0","0","0","0","0","4","0","","02","12","2017","6","40.445223","-79.991829","1258","11","0","0","0","0","0","2","0","0","2","0","0","0","","","2","","2","","40 26:42.802","4","0","79 59:30.584","4","0","0","0","2301","0","0","0","N","0","0","0","2","02301","1","","1.0","","1","N","N","","0","","0","0","0","","0","Y","","2","2","0","0","0","1","0","2","0","2","","","","N","","","","","","","","","",""
"2017139246","","0","0","0","0","0","0","0","0","0","0","0","","02","12","2017","7","40.350834","-79.950903","1126","11","0","0","0","0","0","0","0","0","","0","0","0","","","1","","0","","40 21:03.004","","0","79 57:03.249","8","0","0","0","2473","0","0","0","N","0","0","0","1","02473","0","","2.0","","2","N","N","","0","","0","0","1","","0","","","1","1","0","0","0","1","0","2","0","1","","","","N","","","","","","","","","",""
"2017131728","","2","0","0","0","0","0","0","0","0","7","0","","02","12","2017","4","40.448461","-80.062911","0829","11","0","0","1","0","0","0","0","0","","0","0","0","","","0","","0","","40 26:54.460","","0","80 03:46.480","0","0","0","0","2301","0","0","0","N","0","0","0","2","02301","0","","4.0","","1","N","N","","0","","0","0","0","","3","","","2","0","1","0","0","0","0","2","0","2","","","","N","","","","","","","","","",""
"2017135899","","1","0","0","0","0","0","0","0","0","1","0","","02","12","2017","6","40.395988","-79.997999","0833","11","0","0","0","0","0","1","0","0","2","0","0","0","","","0","","0","","40 23:45.558","2","0","79 59:52.796","0","0","0","0","2301","0","0","0","N","0","0","0","2","02301","0","","1.0","","1","N","N","","0","","0","0","1","","0","N","","2","0","0","0","0","0","0","2","0","2","","","","N","","","","","","","","","",""
"2017133007","","1","0","0","0","0","0","0","0","0","7","0","","02","12","2017","6","40.424955","-79.953013","2335","11","0","0","0","0","0","0","0","0","","0","0","0","","","1","","10","","40 25:29.837","","1","79 57:10.847","8","0","0","0","2301","0","0","0","N","0","0","0","1","02301","0","","4.0","","1","N","N","","0","","0","0","0","","0","","","1","1","0","0","0","1","0","2","0","1","","","","N","","","","","","","","","",""
"2017129747","","2","0","0","0","0","0","0","0","0","5","0","","02","12","2017","7","40.438552","-80.005748","1136","11","0","0","0","0","0","0","0","0","","0","0","0","","","0","","2","","40 26:18.786","","0","80 00:20.693","0","0","0","0","2301","0","0","0","N","0","0","0","2","02301","0","","1.0","","1","N","N","","0","","0","0","0","","2","","","2","0","0","0","0","0","0","2","0","2","","","","N","","","","","","","","","",""
"2017136413","","2","0","0","0","0","0","0","0","0","1","0","","02","12","2017","6","40.496684","-79.917393","1512","11","0","0","0","0","1","0","0","1","2","0","0","0","","","0","","0","","40 29:48.062","1","0","79 55:02.614","0","0","0","0","2461","0","0","0","N","0","0","0","5","68D02","0","","1.0","","2","N","N","","1","","0","0","2","","0","N","","6","0","0","0","0","0","0","2","0","5","","","","N","","","","","","","","","",""
"2017131487","","1","0","0","0","0","0","0","0","0","7","0","","02","12","2017","3","40.448683","-79.899746","1800","11","0","0","0","0","0","1","0","0","","0","0","0","","","0","","1","","40 26:55.257","","0","79 53:59.087","0","0","0","0","2301","0","0","0","N","0","0","0","1","02301","0","","5.0","","7","N","N","","0","","0","0","0","","0","","","1","0","0","0","0","0","0","2","0","1","","","","N","","","","","","","","","",""
"2017133830","","2","0","0","0","0","0","0","0","0","1","0","","02","12","2017","2","40.543948","-80.19264","0751","11","1","1","0","0","0","0","0","0","1","0","0","0","","","1","","1","","40 32:38.212","1","0","80 11:33.503","4","0","0","0","2427","0","0","0","N","0","0","0","3","02427","1","","1.0","","9","N","N","","0","","0","0","0","","2","N","","2","1","0","0","0","0","0","2","0","2","","","","N","","","","","","","","","",""
"2017135973","","1","0","0","0","0","0","0","0","0","8","0","","02","12","2017","6","40.342222","-79.945833","1526","11","0","0","0","0","0","1","0","0","","0","0","0","","","1","","0","","40 20:32.000","","7","79 56:45.000","8","0","0","0","2473","1","0","0","N","1","0","0","2","02473","0","","6.0","","1","N","N","","0","","0","0","0","","0","","","2","1","0","0","0","1","0","2","0","1","","","","N","","","","","","","","","",""
"2017138135","","2","0","0","0","0","0","0","0","0","1","0","","02","12","2017","4","40.530681","-80.219981","2154","11","0","0","0","2","0","0","0","0","","0","0","0","","","0","","0","","40 31:50.450","","0","80 13:11.930","0","0","0","0","2213","0","0","0","N","0","0","0","2","02213","0","","1.0","","1","N","N","","0","","0","0","0","","0","","","2","0","0","0","0","0","0","2","0","2","","","","N","","","","","","","","","",""
"2017129915","","1","0","0","0","0","0","0","0","0","0","0","","02","12","2017","7","40.383868","-79.859631","2028","11","0","0","0","0","0","0","0","0","2","0","0","0","","","0","","0","","40 23:01.923","5","0","79 51:34.670","0","0","0","0","2303","0","0","0","N","0","0","0","2","02303","0","","1.0","","1","N","N","","0","","0","0","0","","0","N","","2","0","0","0","0","0","0","2","1","2","","","","N","","","","","","","","","",""
"2017134744","","1","0","0","0","0","0","0","0","0","7","0","","02","12","2017","4","40.451304","-80.020037","0050","11","0","0","0","0","0","0","0","0","1","0","0","0","","","0","","2","","40 27:04.696","3","0","80 01:12.132","9","0","0","0","2301","0","0","0","N","0","0","0","1","02301","0","","5.0","","1","N","N","","0","","0","0","0","","0","Y","","1","0","0","0","0","0","1","2","0","1","","","","N","","","","","","","","","",""
"2017134240","","1","0","0","0","0","0","0","0","0","4","0","","02","12","2017","2","40.438041","-79.994066","2109","11","0","0","0","0","0","0","0","0","2","0","0","0","","","0","","1","","40 26:16.948","4","0","79 59:38.639","0","0","0","0","2301","0","0","0","N","0","0","0","3","02301","0","","1.0","","9","N","N","","0","","0","0","1","","2","N","","2","0","0","0","0","0","0","2","0","2","","","","N","","","","","","","","","",""
"2017132999","","2","0","0","0","0","0","0","0","0","4","0","","02","12","2017","6","40.43741","-79.979513","1640","11","0","0","0","0","0","0","0","0","1","0","0","0","","","0","","1","","40 26:14.677","3","0","79 58:46.247","0","0","0","0","2301","0","0","0","N","0","0","0","2","02301","0","","1.0","","1","N","N","","0","","0","0","0","","3","N","","2","0","0","0","0","0","0","2","0","2","","","","N","","","","","","","","","",""
"2017135577","","1","0","0","0","0","0","0","0","0","4","0","","02","12","2017","3","40.437375","-79.776108","1743","11","0","0","0","0","0","1","0","0","","0","0","0","","","0","","0","","40 26:14.550","","7","79 46:33.990","0","0","0","0","2446","0","0","0","N","0","0","0","3","02446","0","","1.0","","1","N","N","","0","","0","0","0","","0","","","2","0","0","0","0","0","0","2","1","2","","","","N","","","","","","","","","",""
"2017132236","","1","0","0","0","0","0","0","0","0","4","0","","02","12","2017","5","40.437204","-79.974496","0824","11","0","0","0","0","0","0","0","1","","0","0","0","","","0","","1","","40 26:13.935","","0","79 58:28.186","0","0","0","0","2301","0","0","0","N","0","0","0","3","02301","0","","1.0","","6","N","N","","0","","0","0","1","","3","","","2","0","0","0","0","0","0","2","0","2","","","","N","","","","","","","","","",""
"2017135953","","2","0","0","0","0","0","0","0","0","1","0","","02","12","2017","6","40.429936","-80.028684","1230","11","0","0","0","0","0","1","0","0","1","0","0","0","","","0","","6","","40 25:47.769","2","2","80 01:43.261","0","0","0","0","2301","0","0","0","N","0","0","0","2","02301","0","","1.0","","1","N","N","","0","","0","0","0","","0","N","","2","0","1","0","0","0","0","2","0","2","","","","N","","","","","","","","","",""
"2017135566","","1","0","0","0","0","0","0","0","0","4","0","","02","12","2017","1","40.451873","-80.205695","1049","11","0","0","1","0","0","0","0","0","","0","0","0","","","0","","2","","40 27:06.743","","0","80 12:20.503","0","0","0","0","2214","0","0","0","N","0","0","0","3","02214","0","","1.0","","1","N","N","","0","","0","0","1","","0","","","2","0","0","0","0","0","0","2","0","2","","","","N","","","","","","","","","",""
"2017133619","","1","0","0","0","0","0","0","0","0","4","0","","02","12","2017","1","40.455841","-79.996892","1821","11","0","0","0","0","0","1","0","0","1","0","0","0","","","0","","1","","40 27:21.029","4","0","79 59:48.811","0","0","0","0","2301","0","0","0","N","0","0","0","3","02301","0","","1.0","","9","N","N","","0","","0","0","1","","3","N","","2","0","0","0","0","0","0","2","0","2","","","","N","","","","","","","","","",""
"2017132904","","1","0","0","0","0","0","0","0","0","1","0","","02","12","2017","6","40.451812","-80.028203","1743","11","0","0","0","0","0","0","0","0","1","0","0","0","","","2","","0","","40 27:06.524","3","0","80 01:41.529","8","0","0","0","2301","0","0","0","N","0","0","0","3","02301","0","","1.0","","2","N","N","","0","","0","0","2","","0","N","","3","2","0","0","0","2","1","2","0","3","","","","N","","","","","","","","","",""
"2017137056","","0","0","0","0","0","0","0","0","0","4","0","","02","12","2017","4","40.529103","-79.875692","1506","11","0","0","0","0","0","2","0","0","3","0","0","0","","","2","","0","","40 31:44.770","5","0","79 52:32.490","3","0","0","0","2432","0","0","0","N","0","0","0","2","02432","1","","1.0","","1","N","N","","0","","1","0","1","","0","Y","","2","2","0","0","0","0","0","2","1","2","","","","N","","","","","","","","","",""
"2017129679","","1","0","0","0","0","0","0","0","0","4","0","","02","12","2017","6","40.430289","-79.797406","1917","11","0","0","0","0","0","0","0","0","2","0","0","0","","","1","","0","","40 25:49.040","6","7","79 47:50.660","4","0","0","0","2446","0","0","0","N","0","0","0","5","02446","1","","1.0","","1","N","N","","0","","0","0","1","","0","N","","2","1","0","0","0","0","0","2","0","2","","","","N","","","","","","","","","",""
"2017125005","","0","0","0","0","0","0","0","0","0","8","0","90","02","11","2017","3","40.43415","-79.821953","0845","11","0","0","0","0","0","0","1","0","1","0","0","0","","","1","","3","","40 26:02.941","3","0","79 49:19.030","2","0","0","0","2419","1","0","1","N","1","0","1","2","02419","0","","1.0","","1","N","N","","0","","0","1","1","","7","Y","","2","1","0","0","0","0","0","2","0","1","","","Y","Y","4","1","","Y","N","Y","","","",""
"2017130535","","1","0","0","0","0","0","0","0","0","5","0","","02","12","2017","2","40.44828","-80.01045","0746","11","0","0","0","0","0","0","1","0","1","0","0","0","","","0","","1","","40 26:53.808","1","0","80 00:37.621","0","0","0","0","2301","0","0","0","N","0","0","0","2","02301","0","","1.0","","1","N","N","","0","","0","0","1","","2","N","","2","0","0","0","0","0","0","2","0","2","","","","N","","","","","","","","","",""