"CRN","ARRIVAL_TM","AUTOMOBILE_COUNT","BELTED_DEATH_COUNT","BELTED_SUSP_SERIOUS_INJ_COUNT","BICYCLE_COUNT","BICYCLE_DEATH_COUNT","BICYCLE_SUSP_SERIOUS_INJ_COUNT","BUS_COUNT","CHLDPAS_DEATH_COUNT","CHLDPAS_SUSP_SERIOUS_INJ_COUNT","COLLISION_TYPE","COMM_VEH_COUNT","CONS_ZONE_SPD_LIM","COUNTY","CRASH_MONTH","CRASH_YEAR","DAY_OF_WEEK","DEC_LATITUDE","DEC_LONGITUDE","DISPATCH_TM","DISTRICT","DRIVER_COUNT_16YR","DRIVER_COUNT_17YR","DRIVER_COUNT_18YR","DRIVER_COUNT_19YR","DRIVER_COUNT_20YR","DRIVER_COUNT_50_64YR","DRIVER_COUNT_65_74YR","DRIVER_COUNT_75PLUS","EST_HRS_CLOSED","FATAL_COUNT","HEAVY_TRUCK_COUNT","HORSE_BUGGY_COUNT","HOUR_OF_DAY","ILLUMINATION","INJURY_COUNT","INTERSECTION_RELATED","INTERSECT_TYPE","LANE_CLOSED","LATITUDE","LN_CLOSE_DIR","LOCATION_TYPE","LONGITUDE","MAX_SEVERITY_LEVEL","MCYCLE_DEATH_COUNT","MCYCLE_SUSP_SERIOUS_INJ_COUNT","MOTORCYCLE_COUNT","MUNICIPALITY","NONMOTR_COUNT","NONMOTR_DEATH_COUNT","NONMOTR_SUSP_SERIOUS_INJ_COUNT","NTFY_HIWY_MAINT","PED_COUNT","PED_DEATH_COUNT","PED_SUSP_SERIOUS_INJ_COUNT","PERSON_COUNT","POLICE_AGCY","POSSIBLE_INJ_COUNT","RDWY_SURF_TYPE_CD","RELATION_TO_ROAD","ROADWAY_CLEARED","ROAD_CONDITION","SCH_BUS_IND","SCH_ZONE_IND","SECONDARY_CRASH","SMALL_TRUCK_COUNT","SPEC_JURIS_CD","SUSP_MINOR_INJ_COUNT","SUSP_SERIOUS_INJ_COUNT","SUV_COUNT","TCD_FUNC_CD","TCD_TYPE","TFC_DETOUR_IND","TIME_OF_DAY","TOTAL_UNITS","TOT_INJ_COUNT","UNBELTED_OCC_COUNT","UNB_DEATH_COUNT","UNB_SUSP_SERIOUS_INJ_COUNT","UNK_INJ_DEG_COUNT","UNK_INJ_PER_COUNT","URBAN_RURAL","VAN_COUNT","VEHICLE_COUNT","WEATHER1","WEATHER2","WORKERS_PRES","WORK_ZONE_IND","WORK_ZONE_LOC","WORK_ZONE_TYPE","WZ_CLOSE_DETOUR","WZ_FLAGGER","WZ_LAW_OFFCR_IND","WZ_LN_CLOSURE","WZ_MOVING","WZ_OTHER","WZ_SHLDER_MDN","WZ_WORKERS_INJ_KILLED"
"2017058679","","2","0","0","0","0","0","0","0","0","5","0","","02","6","2017","5","40.49411","-79.946966","1012","11","0","0","0","0","0","0","0","0","1","0","0","0","","","1","","0","","40 29:38.795","2","0","79 56:49.079","8","0","0","0","2430","0","0","0","N","0","0","0","4","02430","0","","6.0","","1","N","N","","0","","0","0","0","","0","N","","2","1","1","0","0","1","0","2","0","2","","","","N","","","","","","","","","",""
"2017132255","","1","0","0","0","0","0","0","0","0","7","0","","02","12","2017","4","40.550756","-79.951903","1345","11","0","0","0","0","0","0","0","1","","0","0","0","","","0","","0","","40 33:02.720","","7","79 57:06.850","0","0","0","0","2118","0","0","0","N","0","0","0","1","02118","0","","5.0","","1","N","N","","0","","0","0","0","","0","","","1","0","0","0","0","0","0","2","0","1","","","","N","","","","","","","","","",""
"2017126051","","3","0","0","0","0","0","0","0","0","1","0","","02","11","2017","3","40.484878","-80.008515","0700","11","0","0","0","0","0","1","0","0","2","0","0","0","","","0","","0","","40 29:05.559","2","0","80 00:30.654","0","0","0","0","2301","0","0","0","N","0","0","0","7","68B03","0","","1.0","","1","N","N","","1","","0","0","2","","0","N","","6","0","0","0","0","0","0","2","0","6","","","","N","","","","","","","","","",""
"2017133529","","1","0","0","0","0","0","0","0","0","6","0","","02","12","2017","7","40.367062","-79.778423","2042","11","0","0","0","0","0","0","0","0","2","0","0","0","","","0","","0","","40 22:01.424","4","0","79 46:42.321","0","0","0","0","2111","0","0","0","N","0","0","0","3","02111","0","","1.0","","1","N","N","","1","","0","0","0","","0","Y","","2","0","1","0","0","0","0","2","0","2","","","","N","","","","","","","","","",""
"2017134205","","1","0","0","0","0","0","0","0","0","4","0","","02","12","2017","3","40.435661","-79.771044","1854","11","0","0","0","0","0","0","0","0","","0","0","0","","","1","","0","","40 26:08.380","","7","79 46:15.760","4","0","0","0","2446","0","0","0","N","0","0","0","6","02446","1","","1.0","","6","N","N","","0","","0","0","1","","2","","","2","1","0","0","0","0","0","2","0","2","","","","N","","","","","","","","","",""
"2017122558","","2","0","0","0","0","0","0","0","0","5","0","","02","11","2017","3","40.394222","-80.026806","0517","11","0","0","0","0","0","1","0","0","1","0","0","0","","","0","","0","","40 23:39.200","4","0","80 01:36.500","0","0","0","0","2301","0","0","0","N","0","0","0","1","02301","0","","1.0","","1","N","N","","0","","0","0","0","","0","N","","2","0","0","0","0","0","0","2","0","2","","","","N","","","","","","","","","",""
"2017138575","","1","0","0","0","0","0","0","0","0","4","0","","02","12","2017","6","40.461124","-79.866306","1817","11","0","0","0","1","0","0","0","0","3","0","0","0","","","1","","1","","40 27:40.047","4","0","79 51:58.700","8","0","0","0","2113","0","0","0","N","0","0","0","2","02113","0","","1.0","","1","N","N","","0","","0","0","1","","2","N","","2","1","2","0","0","1","0","2","0","2","","","","N","","","","","","","","","",""
"2017138264","","1","0","0","0","0","0","0","0","0","7","0","","02","12","2017","5","40.427062","-79.723219","0342","11","0","0","0","0","0","1","0","0","","0","0","0","","","1","","0","","40 25:37.424","","0","79 43:23.590","8","0","0","0","2446","0","0","0","Y","0","0","0","1","02446","0","","5.0","","1","N","N","","0","","0","0","0","","2","","","1","1","0","0","0","1","0","2","0","1","","","","N","","","","","","","","","",""
"2017132952","","1","0","0","0","0","0","0","0","0","1","0","","02","12","2017","6","40.475026","-79.822107","1838","11","0","0","0","0","0","0","0","0","1","0","0","0","","","1","","0","","40 28:30.093","3","0","79 49:19.585","8","0","0","0","2113","0","0","0","N","0","0","0","3","02113","0","","1.0","","1","N","N","","0","","0","0","1","","0","N","","2","1","1","0","0","1","0","2","0","2","","","","N","","","","","","","","","",""
"2017126065","","1","0","0","0","0","0","0","0","0","3","0","","02","11","2017","3","40.348346","-79.944878","2307","11","0","0","0","0","0","0","0","0","1","0","0","0","","","0","","1","","40 20:54.044","1","0","79 56:41.561","0","0","0","0","2473","0","0","0","N","0","0","0","2","02473","0","","1.0","","1","N","N","","1","","0","0","0","","2","N","","2","0","1","0","0","0","0","2","0","2","","","","N","","","","","","","","","",""
"2017132542","","1","0","0","0","0","0","0","0","0","7","0","","02","12","2017","5","40.619419","-79.830858","1520","11","0","0","0","0","0","0","0","0","","0","0","0","","","1","","0","","40 37:09.909","","0","79 49:51.089","3","0","0","0","2220","0","0","0","N","0","0","0","1","02501","0","","4.0","","6","N","N","","0","","1","0","0","","0","","","1","1","0","0","0","0","0","1","0","1","","","","N","","","","","","","","","",""
"2017136489","","1","0","0","0","0","0","0","0","0","4","0","","02","12","2017","3","40.397239","-80.084226","1538","11","0","0","0","0","0","1","0","1","1","0","0","0","","","0","","0","","40 23:50.062","3","7","80 05:03.212","0","0","0","0","2117","0","0","0","N","0","0","0","2","02117","0","","1.0","","1","N","N","","1","","0","0","0","","0","N","","2","0","0","0","0","0","0","2","0","2","","","","N","","","","","","","","","",""
"2017124700","","1","0","0","0","0","0","0","0","0","7","0","","02","11","2017","2","40.545801","-80.016621","1544","11","0","0","0","0","0","0","0","0","1","0","0","0","","","0","","1","","40 32:44.884","1","0","80 00:59.837","0","0","0","0","2116","0","0","0","N","0","0","0","1","02116","0","","2.0","","1","N","N","","0","","0","0","0","","2","N","","1","0","0","0","0","0","0","2","0","1","","","","N","","","","","","","","","",""
"2017137051","","0","0","0","0","0","0","0","0","0","7","0","","02","12","2017","3","40.448583","-79.837861","1619","11","0","0","0","0","0","0","0","0","","0","0","0","","","0","","0","","40 26:54.900","","0","79 50:16.300","0","0","0","0","2113","0","0","0","N","0","0","0","0","02113","0","","5.0","","1","","","","1","","0","0","0","","0","","","1","0","0","0","0","0","0","2","0","1","","","","N","","","","","","","","","",""
"2017135871","","2","0","0","0","0","0","0","0","0","1","0","","02","12","2017","5","40.501379","-80.011546","1409","11","0","0","0","0","0","0","1","0","1","0","0","0","","","0","","0","","40 30:04.964","2","0","80 00:41.567","0","0","0","0","2116","0","0","0","N","0","0","0","5","02116","0","","1.0","","1","N","N","","0","","0","0","1","","0","N","","3","0","0","0","0","0","0","2","0","3","","","","N","","","","","","","","","",""
"2017128539","","1","0","0","0","0","0","0","0","0","4","0","","02","12","2017","4","40.541523","-79.79974","0835","11","0","0","0","0","0","1","0","0","","0","0","0","","","0","","0","","40 32:29.484","","0","79 47:59.064","0","0","0","0","2418","0","0","0","N","0","0","0","1","02418","0","","2.0","","1","N","N","","0","","0","0","1","","0","","","2","0","0","0","0","0","0","2","0","2","","","","N","","","","","","","","","",""
"2017122448","","0","0","0","0","0","0","0","0","0","4","0","","02","11","2017","2","40.519861","-79.942722","1816","11","0","1","0","0","0","0","0","0","2","0","0","0","","","0","","0","","40 31:11.500","5","0","79 56:33.800","0","0","0","0","2118","0","0","0","N","0","0","0","3","02118","0","","1.0","","1","N","N","","1","","0","0","1","","0","Y","","2","0","0","0","0","0","0","2","0","2","","","","N","","","","","","","","","",""
"2017137782","","1","0","0","0","0","0","0","0","0","2","0","","02","12","2017","4","40.650422","-80.078701","1827","11","0","0","0","0","0","1","0","0","2","0","0","0","","","2","","0","","40 39:01.519","5","0","80 04:43.323","4","0","0","0","2212","0","0","0","N","0","0","0","2","02505","1","","1.0","","1","N","N","","0","","0","0","1","","0","Y","","2","2","1","0","0","1","0","2","0","2","","","","N","","","","","","","","","",""
"2017122465","","2","0","0","0","0","0","0","0","0","1","0","","02","11","2017","2","40.360298","-79.845345","1912","11","0","1","0","0","0","0","0","0","2","0","0","0","","","6","","0","","40 21:37.071","5","3","79 50:43.243","4","0","0","0","2303","0","0","0","N","0","0","0","6","02303","1","","1.0","","1","N","N","","0","","0","0","0","","0","N","","2","6","5","0","0","5","0","2","0","2","","","","N","","","","","","","","","",""
"2017138061","","2","0","0","0","0","0","0","0","0","4","0","","02","12","2017","5","40.475747","-80.099199","1621","11","0","0","0","0","0","0","0","0","1","0","0","0","","","1","","0","","40 28:32.688","6","7","80 05:57.117","8","0","0","0","2126","0","0","0","N","0","0","0","7","02126","0","","1.0","","1","N","N","","0","","0","0","0","","0","N","","2","1","0","0","0","1","0","2","0","2","","","","N","","","","","","","","","",""
"2017135974","","0","0","0","0","0","0","0","0","0","4","0","","02","12","2017","6","40.440544","-80.09287","1617","11","0","0","0","0","0","0","1","0","","0","0","0","","","1","","0","","40 26:25.960","","7","80 05:34.332","3","0","0","0","2115","0","0","0","N","0","0","0","3","02115","0","","1.0","","9","N","N","","1","","1","0","1","","0","","","2","1","0","0","0","0","0","2","0","2","","","","N","","","","","","","","","",""
"2017120906","","2","0","0","0","0","0","0","0","0","1","0","","02","11","2017","5","40.430583","-80.028333","1947","11","0","0","0","0","0","1","0","0","","0","0","0","","","1","","6","","40 25:50.100","","2","80 01:42.000","3","0","0","0","2301","0","0","0","N","0","0","0","2","02301","0","","1.0","","1","N","N","","0","","1","0","0","","0","","","2","1","0","0","0","0","0","2","0","2","","","","N","","","","","","","","","",""
"2017136337","","1","0","0","0","0","0","0","0","0","1","0","","02","12","2017","2","40.653091","-80.092244","1725","11","0","0","0","0","0","2","0","0","","0","0","0","","","1","","0","","40 39:11.127","","0","80 05:32.079","4","0","0","0","2212","0","0","0","N","0","0","0","3","02505","1","","1.0","","1","N","N","","0","","0","0","2","","0","","","3","1","0","0","0","0","0","2","0","3","","","","N","","","","","","","","","",""
"2017132947","","0","0","0","0","0","0","0","0","0","1","0","","02","12","2017","6","40.563603","-79.774305","1707","11","0","1","0","0","0","1","0","0","2","0","0","0","","","1","","0","","40 33:48.971","3","3","79 46:27.498","4","0","0","0","2104","0","0","0","N","0","0","0","5","02104","1","","1.0","","9","N","N","","0","","0","0","2","","2","Y","","3","1","0","0","0","0","0","2","0","2","","","","N","","","","","","","","","",""
"2017138363","","1","0","0","0","0","0","0","0","0","7","0","","02","12","2017","6","40.481611","-79.78075","1008","11","0","0","0","0","0","0","0","0","3","0","0","0","","","1","","0","","40 28:53.800","5","0","79 46:50.700","3","0","0","0","2113","0","0","0","N","0","0","0","1","02113","0","","4.0","","1","N","N","","0","","1","0","0","","0","Y","","1","1","1","0","0","0","0","2","0","1","","","","N","","","","","","","","","",""
"2017125130","","2","0","0","0","0","0","0","0","0","1","0","","02","11","2017","6","40.528383","-79.849854","1805","11","0","1","0","1","0","0","0","0","1","0","0","0","","","0","","0","","40 31:42.180","3","3","79 50:59.474","0","0","0","0","2208","0","0","0","N","0","0","0","2","02208","0","","1.0","","1","N","N","","0","","0","0","0","","0","Y","","2","0","0","0","0","0","0","2","0","2","","","","N","","","","","","","","","",""
"2017128129","","2","0","0","0","0","0","0","0","0","4","0","","02","12","2017","3","40.393725","-79.986397","1850","11","0","0","0","0","0","0","0","1","","0","0","0","","","0","","0","","40 23:37.410","","0","79 59:11.030","0","0","0","0","2301","0","0","0","N","0","0","0","2","02301","0","","1.0","","9","N","N","","0","","0","0","0","","0","","","2","0","0","0","0","0","0","2","0","2","","","","N","","","","","","","","","",""
"2017125733","","1","0","0","0","0","0","0","0","0","6","0","","02","11","2017","1","40.492028","-80.051722","0024","11","0","0","0","0","0","0","0","0","","0","0","0","","","0","","0","","40 29:31.300","","0","80 03:06.200","0","0","0","0","2404","0","0","0","N","0","0","0","1","02404","0","","4.0","","1","N","N","","0","","0","0","1","","0","","","2","0","0","0","0","0","0","2","0","2","","","","N","","","","","","","","","",""
"2017135924","","1","0","0","0","0","0","0","0","0","1","0","","02","12","2017","2","40.589813","-80.03664","2049","11","0","0","0","1","0","1","0","0","","0","0","0","","","0","","2","","40 35:23.326","","0","80 02:11.903","0","0","0","0","2108","0","0","0","N","0","0","0","2","02108","0","","1.0","","9","N","N","","0","","0","0","1","","3","","","2","0","0","0","0","0","0","2","0","2","","","","N","","","","","","","","","",""
"2017120935","","0","0","0","0","0","0","0","0","0","8","0","","02","11","2017","5","40.489257","-79.875105","0022","11","0","0","0","0","0","0","0","0","","0","0","0","","","1","","0","","40 29:21.326","","0","79 52:30.378","4","0","0","0","2112","1","0","0","N","1","0","0","2","02112","1","","9.0","","1","N","N","","0","","0","0","1","","0","","","2","1","0","0","0","0","1","2","0","1","","","","N","","","","","","","","","",""
"2017121636","","3","0","0","0","0","0","0","0","0","1","0","","02","11","2017","1","40.416891","-80.029822","0005","11","0","0","0","0","0","1","0","0","3","0","0","0","","","0","","0","","40 25:00.808","1","0","80 01:47.359","0","0","0","0","2301","0","0","0","N","0","0","0","5","02301","0","","1.0","","9","N","N","","0","","0","0","1","","0","Y","","4","0","0","0","0","0","0","2","0","4","","","","N","","","","","","","","","",""
"2017129787","","2","0","0","0","0","0","0","0","0","4","0","","02","12","2017","7","40.489479","-79.819853","1519","11","0","1","0","0","0","0","0","0","","0","0","0","","","1","","1","","40 29:22.124","","0","79 49:11.470","4","0","0","0","2113","0","0","0","N","0","0","0","2","02113","1","","1.0","","1","N","N","","0","","0","0","0","","3","","","2","1","0","0","0","0","0","2","0","2","","","","N","","","","","","","","","",""
"2017132390","","1","0","0","0","0","0","0","0","0","4","0","","02","12","2017","5","40.555634","-79.812974","1600","11","0","0","0","0","0","1","0","0","2","0","0","0","","","0","","1","","40 33:20.282","3","2","79 48:46.706","0","0","0","0","2208","0","0","0","N","0","0","0","3","02208","0","","1.0","","9","N","N","","0","","0","0","1","","0","N","","2","0","0","0","0","0","0","2","0","2","","","","N","","","","","","","","","",""
"2017126682","","2","0","0","0","0","0","0","0","0","4","0","","02","11","2017","7","40.473728","-80.281976","1821","11","0","0","0","0","0","0","0","0","2","0","0","0","","","0","","1","","40 28:25.420","3","0","80 16:55.114","0","0","0","0","2203","0","0","0","N","0","0","0","2","02203","0","","1.0","","1","","","","0","","0","0","0","","3","N","","2","0","0","0","0","0","0","1","0","2","","","","N","","","","","","","","","",""
"2017125306","","1","0","0","0","0","0","0","0","0","7","0","","02","11","2017","1","40.423133","-79.867168","1342","11","0","0","0","0","0","1","0","0","","0","0","0","","","1","","0","","40 25:23.280","","0","79 52:01.806","8","0","0","0","2431","0","0","0","N","0","0","0","1","02431","0","","2.0","","1","N","N","","0","","0","0","0","","0","","","1","1","0","0","0","1","0","2","0","1","","","","N","","","","","","","","","",""
"2017129179","","2","0","0","0","0","0","0","0","0","4","0","","02","12","2017","4","40.455596","-79.972901","2050","11","0","0","0","0","0","0","0","0","","0","0","0","","","1","","2","","40 27:20.144","","3","79 58:22.442","4","0","0","0","2301","0","0","0","N","0","0","0","3","02301","1","","1.0","","1","N","N","","0","","0","0","0","","8","","","2","1","0","0","0","0","0","2","0","2","","","","N","","","","","","","","","",""
"2017128317","","2","0","0","0","0","0","0","0","0","5","0","","02","12","2017","3","40.444177","-80.028142","1658","11","0","0","0","0","0","1","0","0","1","0","0","0","","","1","","1","","40 26:39.037","3","3","80 01:41.310","4","0","0","0","2301","0","0","0","N","0","0","0","3","02301","1","","1.0","","9","N","N","","0","","0","0","0","","2","N","","2","1","0","0","0","0","0","2","0","2","","","","N","","","","","","","","","",""
"2017122564","","1","0","0","0","0","0","0","0","0","1","0","","02","11","2017","2","40.384938","-80.053432","1820","11","0","0","0","0","0","1","0","0","","0","0","0","","","1","","1","","40 23:05.778","","0","80 03:12.354","4","0","0","0","2109","0","0","0","N","0","0","0","2","02109","1","","1.0","","1","N","N","","1","","0","0","0","","2","","","2","1","0","0","0","0","0","2","0","2","","","","N","","","","","","","","","",""
"2017121138","","1","0","0","0","0","0","0","0","0","7","0","","02","11","2017","5","40.480755","-79.964804","2158","11","0","0","0","0","0","0","0","0","","0","0","0","","","0","","0","","40 28:50.717","","0","79 57:53.295","0","0","0","0","2118","0","0","0","N","0","0","0","2","02118","0","","2.0","","1","N","N","","0","","0","0","0","","0","","","1","0","0","0","0","0","0","2","0","1","","","","N","","","","","","","","","",""
"2017135414","","0","0","0","0","0","0","0","0","0","4","0","","02","12","2017","3","40.388563","-80.053934","1903","11","0","0","0","0","0","1","1","0","","0","0","0","","","0","","1","","40 23:18.826","","0","80 03:14.162","0","0","0","0","2109","0","0","0","N","0","0","0","2","02109","0","","1.0","","1","N","N","","0","","0","0","2","","3","","","2","0","0","0","0","0","0","2","0","2","","","","N","","","","","","","","","",""
"2017134499","","1","0","0","0","0","0","0","0","0","4","0","","02","12","2017","3","40.544514","-79.962706","0957","11","0","0","1","0","0","1","0","0","1","0","0","0","","","1","","0","","40 32:40.249","5","7","79 57:45.743","8","0","0","0","2118","0","0","0","N","0","0","0","2","02118","0","","1.0","","1","N","N","","1","","0","0","0","","0","Y","","2","1","0","0","0","1","0","2","0","2","","","","N","","","","","","","","","",""
"2017128126","","1","0","0","0","0","0","0","0","0","7","0","","02","12","2017","3","40.276542","-79.804738","1632","11","0","0","0","1","0","0","0","0","2","0","0","0","","","0","","0","","40 16:35.552","1","0","79 48:17.057","0","0","0","0","2105","0","0","0","N","0","0","0","1","02105","0","","5.0","","9","N","N","","0","","0","0","0","","0","Y","","1","0","0","0","0","0","0","1","0","1","","","","N","","","","","","","","","",""
"2017138252","","2","0","0","0","0","0","0","0","0","4","0","","02","12","2017","6","40.437628","-79.770156","1844","11","0","0","0","0","0","2","0","0","1","0","0","0","","","0","","0","","40 26:15.460","2","7","79 46:12.560","0","0","0","0","2446","0","0","0","N","0","0","0","2","02446","0","","1.0","","9","N","N","","0","","0","0","0","","0","N","","2","0","0","0","0","0","0","2","0","2","","","","N","","","","","","","","","",""
"2017126069","","1","0","0","0","0","0","0","0","0","7","0","","02","11","2017","5","40.303606","-79.962478","1117","11","0","0","0","0","0","0","0","0","","0","0","0","","","0","","0","","40 18:12.980","","0","79 57:44.920","0","0","0","0","2440","0","0","0","Y","0","0","0","1","02440","0","","2.0","","9","N","N","","0","","0","0","0","","0","","","1","0","0","0","0","0","0","2","0","1","","","","N","","","","","","","","","",""
"2017132716","","1","0","0","0","0","0","0","0","0","7","0","","02","12","2017","6","40.466861","-79.835111","0733","11","0","0","0","0","0","0","0","1","","0","0","0","","","0","","0","","40 28:00.700","","0","79 50:06.400","0","0","0","0","2113","0","0","0","N","0","0","0","1","02113","0","","5.0","","1","N","N","","0","","0","0","0","","0","","","1","0","1","0","0","0","0","2","0","1","","","","N","","","","","","","","","",""
"2017122709","","1","0","0","0","0","0","0","0","0","2","0","","02","11","2017","3","40.467862","-79.917219","1013","11","0","0","0","0","0","1","0","0","","0","0","0","","","1","","2","","40 28:04.303","","0","79 55:01.988","8","0","0","0","2301","0","0","0","N","0","0","0","2","02301","0","","1.0","","1","N","N","","1","","0","0","0","","0","","","2","1","0","0","0","1","0","2","0","2","","","","N","","","","","","","","","",""
"2017134887","","2","0","0","0","0","0","0","0","0","1","0","","02","12","2017","1","40.406278","-80.103556","1424","11","0","0","0","0","0","0","0","0","1","0","0","0","","","0","","0","","40 24:22.600","5","0","80 06:12.800","0","0","0","0","2102","0","0","0","N","0","0","0","1","02102","0","","6.0","","1","N","N","","0","","0","0","0","","0","Y","","2","0","0","0","0","0","0","2","0","2","","","","N","","","","","","","","","",""
"2017137491","","1","0","0","0","0","0","0","0","0","7","0","","02","12","2017","3","40.437674","-79.777519","2210","11","0","0","0","0","0","0","0","0","","0","0","0","","","1","","0","","40 26:15.628","","0","79 46:39.068","8","0","0","0","2446","0","0","0","N","0","0","0","1","02446","0","","3.0","","1","N","N","","0","","0","0","0","","2","","","1","1","0","0","0","1","0","2","0","1","","","","N","","","","","","","","","",""
"2017137974","","2","0","0","0","0","0","0","0","0","1","0","","02","12","2017","5","40.433522","-79.783316","1408","11","0","0","0","0","0","1","0","0","","0","0","0","","","0","","2","","40 26:00.679","","0","79 46:59.937","0","0","0","0","2446","0","0","0","N","0","0","0","3","02446","0","","1.0","","1","N","N","","0","","0","0","0","","2","N","","2","0","0","0","0","0","0","2","0","2","","","","N","","","","","","","","","",""
"2017135936","","0","0","0","0","0","0","0","0","0","4","0","","02","12","2017","5","40.367589","-79.780306","0833","11","0","0","0","0","0","0","0","0","","0","0","0","","","0","","2","","40 22:03.319","","0","79 46:49.100","0","0","0","0","2111","0","0","0","N","0","0","0","4","02111","0","","1.0","","1","N","N","","0","","0","0","2","","3","","","2","0","0","0","0","0","0","2","0","2","","","","N","","","","","","","","","",""
"2017133884","","1","0","0","0","0","0","0","0","0","7","0","","02","12","2017","2","40.475529","-79.848493","0933","11","0","0","0","0","0","0","0","0","1","0","0","0","","","0","","1","","40 28:31.904","2","0","79 50:54.576","0","0","0","0","2113","0","0","0","N","0","0","0","1","02113","0","","4.0","","9","N","N","","0","","0","0","0","","0","N","","1","0","0","0","0","0","0","2","0","1","","","","N","","","","","","","","","",""
"2017122157","","2","0","0","0","0","0","0","0","0","2","0","","02","11","2017","2","40.426247","-79.965758","0823","11","0","0","0","0","0","1","0","0","","0","0","0","","","1","","1","","40 25:34.489","","0","79 57:56.729","8","0","0","0","2301","0","0","0","N","0","0","0","8","02301","0","","1.0","","1","N","N","","1","","0","0","0","","0","","","3","1","0","0","0","1","0","2","0","3","","","","N","","","","","","","","","",""
"2017122496","","1","0","0","0","0","0","0","0","0","8","0","","02","11","2017","2","40.444167","-79.996806","2217","11","0","0","0","0","0","0","0","0","3","0","0","0","","","1","","0","","40 26:39.000","4","0","79 59:48.500","2","0","0","0","2301","1","0","1","N","1","0","1","2","02301","0","","1.0","","1","N","N","","0","","0","1","0","","0","Y","","2","1","0","0","0","0","0","2","0","1","","","","N","","","","","","","","","",""
"2017124606","","3","0","0","0","0","0","0","0","0","1","0","","02","11","2017","3","40.406126","-79.912315","2144","11","0","0","0","0","0","1","0","0","","0","0","0","","","0","","0","","40 24:22.052","","3","79 54:44.335","0","0","0","0","2438","0","0","0","N","0","0","0","4","02438","0","","1.0","","1","N","N","","0","","0","0","0","","0","","","3","0","0","0","0","0","0","2","0","3","","","","N","","","","","","","","","",""
"2017123802","","1","0","0","0","0","0","0","0","0","1","0","","02","11","2017","6","40.495164","-79.906971","1743","11","0","1","0","0","0","0","0","0","","0","0","0","","","0","","0","","40 29:42.589","","0","79 54:25.095","0","0","0","0","2401","0","0","0","N","0","0","0","2","68D02","0","","1.0","","1","N","N","","1","","0","0","0","","0","","","2","0","0","0","0","0","0","2","0","2","","","","N","","","","","","","","","",""
"2017124538","","1","0","0","0","0","0","0","0","0","4","0","","02","11","2017","3","40.406088","-79.822448","1524","11","0","0","0","0","0","1","1","0","","0","0","0","","","0","","1","","40 24:21.916","","0","79 49:20.812","0","0","0","0","2467","0","0","0","N","0","0","0","2","02467","0","","1.0","","1","","","","0","","0","0","1","","3","","","2","0","0","0","0","0","0","2","0","2","","","","N","","","","","","","","","",""
"2017121041","","2","0","0","0","0","0","0","0","0","4","0","40","02","11","2017","5","40.627156","-80.055254","1118","11","0","0","0","0","0","0","0","0","1","0","0","0","","","0","","0","","40 37:37.760","1","0","80 03:18.916","0","0","0","0","2216","0","0","0","N","0","0","0","4","02505","0","","5.0","","1","N","N","","0","","0","0","1","","0","N","","3","0","0","0","0","0","0","2","0","3","","","Y","Y","1","2","","","N","Y","","","",""
"2017134729","","1","0","0","0","0","0","0","0","0","7","0","","02","12","2017","3","40.345278","-80.076889","2225","11","0","0","0","0","0","0","0","0","2","0","0","0","","","1","","0","","40 20:43.000","3","0","80 04:36.800","3","0","0","0","2123","0","0","0","N","0","0","0","2","02123","0","","4.0","","1","N","N","","0","","1","0","0","","0","N","","1","1","0","0","0","0","0","2","0","1","","","","N","","","","","","","","","",""
"2017123218","","0","0","0","0","0","0","0","0","0","7","0","","02","11","2017","7","40.591725","-80.096523","1248","11","0","0","0","0","0","0","0","0","","0","0","0","","","0","","0","","40 35:30.211","","0","80 05:47.483","0","0","0","0","2481","0","0","0","Y","0","0","0","1","68B03","0","","2.0","","8","N","N","","1","","0","0","0","","0","","","1","0","0","0","0","0","0","2","0","1","","","","N","","","","","","","","","",""
"2017121584","","0","0","0","0","0","0","0","0","0","0","0","","02","11","2017","6","40.674028","-80.105194","2143","11","1","0","0","0","0","0","0","0","1","0","0","0","","","0","","0","","40 40:26.500","2","0","80 06:18.700","0","0","0","0","2212","0","0","0","N","0","0","0","3","02505","0","","4.0","","1","N","N","","0","","0","0","1","","0","N","","1","0","0","0","0","0","0","2","0","1","","","","N","","","","","","","","","",""
"2017134981","","2","0","0","0","0","0","0","0","0","4","0","","02","12","2017","1","40.437333","-79.770714","1636","11","0","0","0","0","0","1","0","0","","0","0","0","","","0","","0","","40 26:14.400","","7","79 46:14.570","0","0","0","0","2446","0","0","0","N","0","0","0","2","02446","0","","1.0","","1","N","N","","0","","0","0","0","","0","","","2","0","1","0","0","0","0","2","0","2","","","","N","","","","","","","","","",""
"2017123501","","1","0","0","0","0","0","0","0","0","7","0","","02","11","2017","4","40.473181","-79.972191","0018","11","0","0","0","1","0","0","0","0","","0","0","0","","","0","","7","","40 28:23.450","","2","79 58:19.888","0","0","0","0","2445","0","0","0","Y","0","0","0","1","02445","0","","1.0","","1","","","","0","","0","0","0","","2","","","1","0","0","0","0","0","0","2","0","1","","","","N","","","","","","","","","",""
"2017135514","","0","0","0","0","0","0","0","0","0","7","0","","02","12","2017","6","40.58526","-80.024288","0635","11","0","0","0","0","0","0","0","0","1","0","0","0","","","0","","0","","40 35:06.936","6","0","80 01:27.435","0","0","0","0","2108","0","0","0","N","0","0","0","1","02108","0","","5.0","","9","N","N","","0","","0","0","1","","0","Y","","1","0","0","0","0","0","0","2","0","1","","","","N","","","","","","","","","",""