"CRN","ARRIVAL_TM","AUTOMOBILE_COUNT","BELTED_DEATH_COUNT","BELTED_SUSP_SERIOUS_INJ_COUNT","BICYCLE_COUNT","BICYCLE_DEATH_COUNT","BICYCLE_SUSP_SERIOUS_INJ_COUNT","BUS_COUNT","CHLDPAS_DEATH_COUNT","CHLDPAS_SUSP_SERIOUS_INJ_COUNT","COLLISION_TYPE","COMM_VEH_COUNT","CONS_ZONE_SPD_LIM","COUNTY","CRASH_MONTH","CRASH_YEAR","DAY_OF_WEEK","DEC_LATITUDE","DEC_LONGITUDE","DISPATCH_TM","DISTRICT","DRIVER_COUNT_16YR","DRIVER_COUNT_17YR","DRIVER_COUNT_18YR","DRIVER_COUNT_19YR","DRIVER_COUNT_20YR","DRIVER_COUNT_50_64YR","DRIVER_COUNT_65_74YR","DRIVER_COUNT_75PLUS","EST_HRS_CLOSED","FATAL_COUNT","HEAVY_TRUCK_COUNT","HORSE_BUGGY_COUNT","HOUR_OF_DAY","ILLUMINATION","INJURY_COUNT","INTERSECTION_RELATED","INTERSECT_TYPE","LANE_CLOSED","LATITUDE","LN_CLOSE_DIR","LOCATION_TYPE","LONGITUDE","MAX_SEVERITY_LEVEL","MCYCLE_DEATH_COUNT","MCYCLE_SUSP_SERIOUS_INJ_COUNT","MOTORCYCLE_COUNT","MUNICIPALITY","NONMOTR_COUNT","NONMOTR_DEATH_COUNT","NONMOTR_SUSP_SERIOUS_INJ_COUNT","NTFY_HIWY_MAINT","PED_COUNT","PED_DEATH_COUNT","PED_SUSP_SERIOUS_INJ_COUNT","PERSON_COUNT","POLICE_AGCY","POSSIBLE_INJ_COUNT","RDWY_SURF_TYPE_CD","RELATION_TO_ROAD","ROADWAY_CLEARED","ROAD_CONDITION","SCH_BUS_IND","SCH_ZONE_IND","SECONDARY_CRASH","SMALL_TRUCK_COUNT","SPEC_JURIS_CD","SUSP_MINOR_INJ_COUNT","SUSP_SERIOUS_INJ_COUNT","SUV_COUNT","TCD_FUNC_CD","TCD_TYPE","TFC_DETOUR_IND","TIME_OF_DAY","TOTAL_UNITS","TOT_INJ_COUNT","UNBELTED_OCC_COUNT","UNB_DEATH_COUNT","UNB_SUSP_SERIOUS_INJ_COUNT","UNK_INJ_DEG_COUNT","UNK_INJ_PER_COUNT","URBAN_RURAL","VAN_COUNT","VEHICLE_COUNT","WEATHER1","WEATHER2","WORKERS_PRES","WORK_ZONE_IND","WORK_ZONE_LOC","WORK_ZONE_TYPE","WZ_CLOSE_DETOUR","WZ_FLAGGER","WZ_LAW_OFFCR_IND","WZ_LN_CLOSURE","WZ_MOVING","WZ_OTHER","WZ_SHLDER_MDN","WZ_WORKERS_INJ_KILLED"
"2017122671","1341","2","0","0","0","0","0","0","0","0","4","0","","02","11","2017","4","40.655325","-79.935273","1340","11","0","0","0","0","0","0","1","1","1","0","0","0","","","1","","0","","40 39:19.170","2","0","79 56:06.981","4","0","0","0","2217","0","0","0","N","0","0","0","2","02505","1","","1.0","","1","N","N","","0","","0","0","0","","0","N","","2","1","0","0","0","0","0","2","0","2","","","","N","","","","","","","","","",""
"2017137729","0927","1","0","0","0","0","0","0","0","0","1","0","","02","12","2017","5","40.425701","-79.904539","0907","11","0","0","0","0","0","1","1","0","1","0","0","0","","","0","","0","","40 25:32.522","4","0","79 54:16.342","0","0","0","0","2301","0","0","0","","0","0","0","2","68B03","0","","1.0","","1","N","N","","1","","0","0","0","","0","N","","2","0","0","0","0","0","0","2","0","2","","","","N","","","","","","","","","",""
"2017133582","0425","0","0","0","0","0","0","0","0","0","7","2","","02","12","2017","5","40.65131","-80.041118","0407","11","0","0","0","0","0","1","0","0","3","0","2","0","","","0","","0","","40 39:04.715","3","0","80 02:28.025","0","0","0","0","2216","0","0","0","","0","0","0","2","68T02","0","","3.0","","7","N","N","","0","","0","0","0","","0","N","","2","0","0","0","0","0","0","2","0","2","","","","N","","","","","","","","","",""
"2017121480","1401","1","0","0","0","0","0","0","0","0","4","0","","02","11","2017","3","40.459995","-79.758684","1358","11","0","0","0","0","0","0","0","0","","0","0","0","","","0","","2","","40 27:35.981","","0","79 45:31.261","0","0","0","0","2466","0","0","0","N","0","0","0","2","02466","0","","1.0","","1","N","N","","1","","0","0","0","","3","","","2","0","0","0","0","0","0","2","0","2","","","","N","","","","","","","","","",""
"2017136628","1529","1","0","0","0","0","0","0","0","0","7","0","","02","12","2017","6","40.618798","-79.749093","1514","11","0","0","0","0","0","0","0","0","2","0","0","0","","","0","","0","","40 37:07.671","1","0","79 44:56.734","0","0","0","0","2106","0","0","0","","0","0","0","1","68D02","0","","4.0","","1","N","N","","0","","0","0","0","","0","N","","1","0","0","0","0","0","0","2","0","1","","","","N","","","","","","","","","",""
"2017119037","1634","1","0","0","0","0","0","0","0","0","1","0","","02","11","2017","6","40.607357","-80.052014","1630","11","0","0","0","0","0","1","0","0","","0","0","0","","","0","","0","","40 36:26.485","","0","80 03:07.252","0","0","0","0","2108","0","0","0","","0","0","0","2","02108","0","","1.0","","1","N","N","","0","","0","0","1","","0","","","2","0","0","0","0","0","0","2","0","2","","","","N","","","","","","","","","",""
"2017120069","1441","1","0","0","0","0","0","0","0","0","1","0","","02","11","2017","2","40.594719","-79.991402","1441","11","1","0","0","0","0","0","1","0","1","0","0","0","","","0","","0","","40 35:40.988","3","0","79 59:29.046","0","0","0","0","2108","0","0","0","N","0","0","0","3","02108","0","","1.0","","9","N","N","","0","","0","0","1","","0","N","","2","0","0","0","0","0","0","2","0","2","","","","N","","","","","","","","","",""
"2017136638","1923","0","0","0","0","0","0","0","0","0","7","0","","02","12","2017","7","40.60925","-79.762126","1914","11","0","0","0","0","1","0","0","0","1","0","0","0","","","1","","0","","40 36:33.301","2","0","79 45:43.652","3","0","0","0","2464","0","0","0","","0","0","0","1","68D02","0","","2.0","","9","N","N","","0","","1","0","1","","0","Y","","1","1","0","0","0","0","0","1","0","1","","","","N","","","","","","","","","",""
"2017137111","1438","3","0","0","0","0","0","0","0","0","1","0","","02","12","2017","6","40.439319","-79.861401","1438","11","0","0","0","0","0","1","0","0","1","0","0","0","","","0","","0","","40 26:21.549","4","0","79 51:41.042","0","0","0","0","2478","0","0","0","","0","0","0","5","68B03","0","","1.0","","1","N","N","","0","","0","0","0","","0","N","","3","0","0","0","0","0","0","2","0","3","","","","N","","","","","","","","","",""
"2017137239","0939","0","0","0","0","0","0","0","0","0","7","0","","02","12","2017","2","40.430808","-80.259554","0925","11","0","0","0","0","0","1","0","0","","0","0","0","","","1","","0","","40 25:50.908","","0","80 15:34.394","3","0","0","0","2214","0","0","0","","0","0","0","1","68B03","0","","3.0","","9","N","N","","0","","1","0","1","","0","","","1","1","0","0","0","0","0","2","0","1","","","","N","","","","","","","","","",""
"2017076511","2248","0","0","0","0","0","0","0","0","0","0","0","","02","7","2017","4","40.586921","-79.997541","2247","11","0","0","0","1","0","0","0","0","","0","0","0","","","1","","0","","40 35:12.916","","0","79 59:51.147","2","0","1","1","2108","0","0","0","N","0","0","0","1","02501","0","","5.0","","1","N","N","","0","","0","1","0","","0","","","1","1","0","0","0","0","0","2","0","1","","","","N","","","","","","","","","",""
"2017118542","0548","1","0","0","0","0","0","0","0","0","6","0","","02","11","2017","7","40.435389","-80.059972","0545","11","0","0","0","0","0","1","0","0","","0","0","0","","","0","","0","","40 26:07.400","","0","80 03:35.900","0","0","0","0","2421","0","0","0","N","0","0","0","1","02421","0","","6.0","","1","N","N","","0","","0","0","0","","0","","","2","0","1","0","0","0","0","2","1","2","","","","N","","","","","","","","","",""
"2017121061","1028","1","0","0","0","0","0","0","0","0","99","0","","02","11","2017","6","40.422193","-80.029597","1017","11","0","0","0","0","0","0","0","0","","0","0","0","","","1","","0","","40 25:19.896","","0","80 01:46.550","8","0","0","0","2301","0","0","0","N","0","0","0","1","02301","0","","1.0","","1","N","N","","0","","0","0","0","","0","","","1","1","0","0","0","1","0","2","0","1","","","","N","","","","","","","","","",""
"2017119359","1813","2","0","0","0","0","0","0","0","0","4","0","","02","11","2017","6","40.328713","-80.050581","1806","11","0","1","0","0","0","0","0","1","","0","0","0","","","0","","1","","40 19:43.366","","0","80 03:02.092","0","0","0","0","2407","0","0","0","","0","0","0","2","02407","0","","1.0","","1","N","N","","0","","0","0","0","","3","","","2","0","0","0","0","0","0","2","0","2","","","","N","","","","","","","","","",""
"2017077808","0536","2","0","0","0","0","0","0","0","0","5","0","","02","7","2017","5","40.273225","-79.896764","0528","11","0","0","0","0","0","0","0","0","","0","0","0","","","0","","0","","40 16:23.609","","0","79 53:48.352","0","0","0","0","2471","0","0","0","N","0","0","0","3","02428","0","","6.0","","1","N","N","","1","","0","0","0","","0","","","4","0","0","0","0","0","0","2","0","4","","","","N","","","","","","","","","",""
"2017115313","0150","1","0","0","0","0","0","0","0","0","6","0","","02","11","2017","1","40.435068","-80.031544","0143","11","0","0","0","0","0","0","0","0","2","0","0","0","","","0","","0","","40 26:06.243","1","0","80 01:53.557","0","0","0","0","2301","0","0","0","N","0","0","0","4","02301","0","","1.0","","1","N","N","","0","","0","0","1","","0","Y","","2","0","0","0","0","0","0","2","0","2","","","","N","","","","","","","","","",""
"2017118993","1355","1","0","0","0","0","0","0","0","0","4","0","","02","11","2017","6","40.615956","-80.093202","1349","11","0","0","1","0","0","0","0","0","2","0","0","0","","","0","","1","","40 36:57.440","1","0","80 05:35.527","0","0","0","0","2212","0","0","0","N","0","0","0","2","02505","0","","1.0","","1","N","N","","0","","0","0","1","","2","N","","2","0","0","0","0","0","0","2","0","2","","","","N","","","","","","","","","",""
"2017133556","1744","2","0","0","0","0","0","0","0","0","1","0","","02","11","2017","3","40.458991","-80.111619","1734","11","0","0","0","0","0","0","0","0","1","0","0","0","","","0","","0","","40 27:32.367","1","0","80 06:41.830","0","0","0","0","2126","0","0","0","","0","0","0","3","68B03","0","","1.0","","1","N","N","","0","","0","0","1","","0","N","","3","0","0","0","0","0","0","2","0","3","","","","N","","","","","","","","","",""
"2017138652","1622","2","0","0","0","0","0","0","0","0","1","0","","02","12","2017","5","40.431319","-79.958425","1555","11","0","0","0","0","0","0","0","0","1","0","0","0","","","0","","0","","40 25:52.748","4","0","79 57:30.330","0","0","0","0","2301","0","0","0","","0","0","0","2","68B03","0","","1.0","","1","N","N","","0","","0","0","0","","0","N","","2","0","0","0","0","0","0","2","0","2","","","","N","","","","","","","","","",""
"2017135836","0402","1","0","0","0","0","0","0","0","0","7","0","","02","7","2017","4","40.433786","-79.989978","0349","11","0","0","0","0","0","0","0","0","2","0","0","0","","","6","","0","","40 26:01.631","3","0","79 59:23.921","4","0","0","0","2301","0","0","0","","0","0","0","6","68B03","6","","5.0","","1","N","N","","0","","0","0","0","","0","N","","1","6","4","0","0","0","0","2","0","1","","","","N","","","","","","","","","",""
"2017133559","1617","1","0","0","0","0","0","0","0","0","1","0","","02","11","2017","4","40.430218","-79.957304","1559","11","0","0","0","0","0","1","0","0","1","0","0","0","","","3","","0","","40 25:48.783","4","0","79 57:26.293","8","0","0","0","2301","0","0","0","","0","0","0","3","68B03","0","","1.0","","1","N","N","","0","","0","0","1","","0","N","","2","3","0","0","0","3","0","2","0","2","","","","N","","","","","","","","","",""
"2017114429","1425","2","0","0","0","0","0","0","0","0","2","0","35","02","11","2017","4","40.42946","-79.999035","1412","11","0","0","0","0","0","0","0","0","2","0","0","0","","","2","","0","","40 25:46.057","1","3","79 59:56.526","3","0","0","0","2301","0","0","0","N","0","0","0","4","02301","1","","1.0","","1","N","N","","1","","1","0","0","","0","Y","","3","2","0","0","0","0","0","2","0","3","","","Y","Y","1","1","","","N","Y","","","",""
"2017122320","1734","2","0","0","0","0","0","0","0","0","4","0","","02","11","2017","3","40.516928","-80.197759","1732","11","0","0","0","0","0","0","0","0","2","0","0","0","","","0","","2","","40 31:00.940","3","0","80 11:51.932","0","0","0","0","2213","0","0","0","","0","0","0","3","02213","0","","1.0","","1","N","N","","0","","0","0","0","","0","N","","2","0","0","0","0","0","0","2","0","2","","","","N","","","","","","","","","",""
"2017119960","1355","1","0","0","0","0","0","0","0","0","4","0","","02","11","2017","3","40.482","-79.953833","1330","11","0","0","0","0","0","0","0","0","","0","0","0","","","0","","0","","40 28:55.200","","0","79 57:13.800","0","0","0","0","2301","0","0","0","N","0","0","0","2","02301","0","","1.0","","1","N","N","","0","","0","0","1","","0","","","2","0","0","0","0","0","0","2","0","2","","","","N","","","","","","","","","",""
"2017125009","1340","0","0","0","0","0","0","0","0","0","7","1","","02","11","2017","2","40.40143","-80.000548","1340","11","0","0","0","0","0","0","0","0","3","0","1","0","","","1","","0","","40 24:05.149","6","0","80 00:01.971","4","0","0","0","2301","0","0","0","N","0","0","0","1","02301","1","","5.0","","1","N","N","","0","","0","0","0","","0","Y","","1","1","0","0","0","0","0","2","0","1","","","","N","","","","","","","","","",""
"2017118270","2200","2","0","0","0","0","0","0","0","0","1","0","","02","11","2017","6","40.487278","-79.895543","2150","11","0","0","0","0","0","1","0","0","1","0","0","0","","","0","","2","","40 29:14.200","2","0","79 53:43.955","0","0","0","0","2301","0","0","0","N","0","0","0","2","02301","0","","1.0","","1","N","N","","0","","0","0","0","","2","N","","2","0","0","0","0","0","0","2","0","2","","","","N","","","","","","","","","",""
"2017119787","2030","2","0","0","0","0","0","0","0","0","2","0","","02","11","2017","2","40.473083","-79.930306","2026","11","0","0","0","0","0","0","0","0","","0","0","0","","","0","","0","","40 28:23.100","","0","79 55:49.100","0","0","0","0","2301","0","0","0","N","0","0","0","1","02301","0","","1.0","","1","N","N","","0","","0","0","0","","0","","","2","0","0","0","0","0","0","2","0","2","","","","N","","","","","","","","","",""
"2017119599","1550","2","0","0","0","0","0","0","0","0","4","0","","02","11","2017","3","40.421308","-79.992125","1550","11","0","0","0","0","0","0","0","0","","0","0","0","","","2","","2","","40 25:16.709","","0","79 59:31.651","8","0","0","0","2301","0","0","0","N","0","0","0","2","02301","0","","1.0","","1","N","N","","0","","0","0","0","","0","","","2","2","1","0","0","2","0","2","0","2","","","","N","","","","","","","","","",""
"2017120231","1826","1","0","0","0","0","0","0","0","0","99","0","","02","11","2017","4","40.395063","-79.997288","1820","11","0","0","0","0","0","1","0","0","","0","0","0","","","0","","0","","40 23:42.227","","0","79 59:50.236","0","0","0","0","2301","0","0","0","N","0","0","0","3","02301","0","","1.0","","1","N","N","","0","","0","0","0","","0","","","1","0","0","0","0","0","0","2","0","1","","","","N","","","","","","","","","",""
"2017115806","0901","0","0","0","0","0","0","0","0","0","1","0","","02","11","2017","2","40.364731","-79.908288","0858","11","0","0","0","0","0","0","0","0","1","0","0","0","","","1","","0","","40 21:53.031","5","0","79 54:29.836","3","0","0","0","2473","0","0","0","N","0","0","0","2","02473","0","","1.0","","9","N","N","","0","","1","0","2","","0","N","","2","1","0","0","0","0","1","2","0","2","","","","N","","","","","","","","","",""
"2017134252","0045","0","0","0","0","0","0","0","0","0","7","0","","02","12","2017","3","40.557276","-79.804876","0042","11","0","0","0","0","0","1","0","0","2","0","0","0","","","0","N","0","","40 33:26.192","2","0","79 48:17.554","0","0","0","0","2121","0","0","0","N","0","0","0","1","02121","0","","2.0","","9","N","N","","1","","0","0","0","","0","N","","1","0","0","0","0","0","0","2","0","1","","","","N","","","","","","","","","",""
"2017118702","1334","2","0","0","0","0","0","0","0","0","4","0","","02","11","2017","1","40.470534","-79.887636","1333","11","0","0","0","0","0","1","1","0","1","0","0","0","","","1","","2","","40 28:13.922","2","0","79 53:15.489","4","0","0","0","2113","0","0","0","N","0","0","0","3","02113","1","","1.0","","1","N","N","","0","","0","0","0","","0","N","","2","1","0","0","0","0","0","2","0","2","","","","N","","","","","","","","","",""
"2017118267","2012","2","0","0","0","0","0","0","0","0","4","0","","02","11","2017","6","40.454011","-79.953337","2009","11","0","0","0","0","0","0","0","0","2","0","0","0","","","0","","2","","40 27:14.441","2","0","79 57:12.012","0","0","0","0","2301","0","0","0","N","0","0","0","1","02301","0","","1.0","","1","N","N","","0","","0","0","1","","0","N","","3","0","0","0","0","0","0","2","0","3","","","","N","","","","","","","","","",""
"2017118678","1119","1","0","0","0","0","0","0","0","0","7","0","","02","11","2017","1","40.51075","-79.970861","1116","11","0","0","0","0","0","1","0","0","2","0","0","0","","","1","","0","","40 30:38.700","5","0","79 58:15.100","8","0","0","0","2118","0","0","0","N","0","0","0","1","02118","0","","2.0","","1","N","N","","0","","0","0","0","","0","Y","","1","1","0","0","0","1","0","2","0","1","","","","N","","","","","","","","","",""
"2017135790","1402","1","0","0","0","0","0","0","0","0","7","0","45","02","10","2017","3","40.486114","-80.009256","1402","11","0","0","0","0","0","0","0","0","2","0","0","0","","","0","","0","","40 29:10.011","2","0","80 00:33.320","0","0","0","0","2301","0","0","0","","0","0","0","1","68B03","0","","4.0","","1","N","N","","0","","0","0","0","","0","N","","1","0","0","0","0","0","0","2","0","1","","","N","Y","4","1","N","N","Y","N","Y","N","Y",""
"2017112830","1950","0","0","0","0","0","0","0","0","0","8","0","","02","9","2017","2","40.372856","-79.828006","1947","11","0","0","0","0","0","0","0","0","3","0","0","0","","","1","N","0","","40 22:22.283","5","0","79 49:40.820","3","0","0","0","2111","1","0","0","N","1","0","0","2","02111","0","","1.0","2130.0","1","N","N","N","0","","1","0","0","","0","Y","","2","1","0","0","0","0","0","2","1","1","","","","N","","","","","","","","","",""
"2018039031","","1","0","0","0","0","0","0","0","0","5","1","","02","11","2017","3","40.431445","-80.025074","","11","0","0","0","0","0","0","0","0","","0","1","0","","","1","","0","","40 25:53.201","","0","80 01:30.267","4","0","0","0","2301","0","0","0","N","0","0","0","2","00000","1","","1.0","","1","N","N","","0","","0","0","0","","8","","","2","1","0","0","0","0","0","2","0","2","","","","N","","","","","","","","","",""
"2017117686","1627","2","0","0","0","0","0","0","0","0","6","0","","02","11","2017","5","40.353792","-79.823763","1618","11","0","0","0","0","0","0","0","1","","0","0","0","","","0","","2","","40 21:13.651","","0","79 49:25.546","0","0","0","0","2477","0","0","0","N","0","0","0","2","02477","0","","1.0","","1","N","N","","0","","0","0","0","","0","","","2","0","0","0","0","0","0","2","0","2","","","","N","","","","","","","","","",""
"2017069237","1827","1","0","0","0","0","0","0","0","0","4","0","","02","6","2017","5","40.383134","-79.827651","1825","11","0","0","0","0","0","0","0","0","3","0","0","0","","","2","","1","","40 22:59.283","7","0","79 49:39.543","4","0","0","0","2111","0","0","0","N","0","0","0","2","02111","2","","1.0","","1","N","N","","1","","0","0","0","","2","Y","","2","2","1","0","0","0","0","2","0","2","","","","N","","","","","","","","","",""
"2017119558","1147","2","0","0","0","0","0","0","0","0","4","0","","02","11","2017","3","40.430476","-79.978954","1145","11","0","0","0","0","0","0","1","0","1","0","0","0","","","1","","1","","40 25:49.713","6","0","79 58:44.234","4","0","0","0","2301","0","0","0","N","0","0","0","2","02301","1","","1.0","","1","N","N","","0","","0","0","0","","3","Y","","2","1","0","0","0","0","0","2","0","2","","","","N","","","","","","","","","",""
"2017123449","1740","1","0","0","0","0","0","0","0","0","2","0","","02","11","2017","4","40.468202","-80.001026","1736","11","0","0","0","0","0","1","0","0","1","0","0","0","","","2","","0","","40 28:05.528","1","0","80 00:03.694","4","0","0","0","2301","0","0","0","N","0","0","0","4","02301","1","","1.0","","1","N","N","","0","","0","0","1","","0","N","","2","2","0","0","0","1","0","2","0","2","","","","N","","","","","","","","","",""
"2018041891","0011","0","0","0","0","0","0","0","0","0","7","0","","02","12","2017","6","40.584252","-80.099112","0003","11","0","0","0","0","0","0","0","0","2","0","0","0","","","0","","0","","40 35:03.307","1","0","80 05:56.803","0","0","0","0","2481","0","0","0","N","0","0","0","1","68B03","0","","4.0","","7","N","N","","0","","0","0","1","","0","N","","1","0","0","0","0","0","0","2","0","1","","","","N","","","","","","","","","",""
"2017119130","1756","1","0","0","0","0","0","0","0","0","1","0","","02","11","2017","6","40.572441","-80.023749","1737","11","0","0","1","0","0","0","0","0","1","0","0","0","","","1","","0","","40 34:20.789","2","0","80 01:25.495","4","0","0","0","2108","0","0","0","","0","0","0","5","02108","1","","1.0","","1","N","N","","0","","0","0","1","","0","N","","2","1","0","0","0","0","0","2","0","2","","","","N","","","","","","","","","",""
"2018040976","2356","2","0","0","0","0","0","0","0","0","7","0","","02","12","2017","7","40.438839","-80.011304","2348","11","0","0","0","0","0","0","0","0","","0","0","0","","","0","","0","","40 26:19.820","","3","80 00:40.696","0","0","0","0","2301","0","0","0","N","0","0","0","2","68B03","0","","2.0","","1","N","N","","0","","0","0","0","","0","","","2","0","0","0","0","0","0","2","0","2","","","","N","","","","","","","","","",""
"2018041053","0550","1","0","0","0","0","0","0","0","0","7","0","","02","11","2017","7","40.430526","-79.873456","0544","11","0","0","0","0","0","0","0","0","","0","0","0","","","0","","0","","40 25:49.892","","0","79 52:24.441","0","0","0","0","2411","0","0","0","","0","0","0","1","68B03","0","","3.0","","1","N","N","","0","","0","0","0","","0","","","1","0","0","0","0","0","0","2","0","1","","","","N","","","","","","","","","",""
"2018041890","0020","1","0","0","0","0","0","0","0","0","7","0","","02","10","2017","2","40.427411","-79.951725","0012","11","0","0","0","0","0","0","0","0","","0","0","0","","","4","","0","","40 25:38.678","","0","79 57:06.209","4","0","0","0","2301","0","0","0","N","0","0","0","5","68B03","4","","3.0","","9","N","N","","0","","0","0","0","","0","","","1","4","0","0","0","0","0","2","0","1","","","","N","","","","","","","","","",""
"2018039969","0300","0","0","0","0","0","0","0","0","0","7","0","","02","12","2017","1","40.428549","-80.131166","0250","11","0","0","0","0","0","0","0","0","1","0","0","0","","","0","","0","","40 25:42.777","4","0","80 07:52.199","0","0","0","0","2102","0","0","0","N","0","0","0","4","68B03","0","","3.0","","9","N","N","","0","","0","0","1","","0","N","","1","0","0","0","0","0","0","2","0","1","","","","N","","","","","","","","","",""
"2018002318","1920","2","0","0","0","0","0","0","0","0","2","0","","02","12","2017","5","40.43887","-79.760568","1914","11","0","0","0","0","0","0","0","0","","0","0","0","","","0","","1","","40 26:19.931","","5","79 45:38.045","0","0","0","0","2446","0","0","0","N","0","0","0","2","02446","0","","1.0","","1","N","N","","0","","0","0","0","","2","","","2","0","0","0","0","0","0","2","0","2","","","","N","","","","","","","","","",""
"2018000036","2150","1","0","0","0","0","0","0","0","0","7","0","","02","11","2017","4","40.458329","-80.188811","2142","11","0","0","0","1","0","0","0","0","","0","0","0","","","0","","7","","40 27:29.984","","2","80 11:19.720","0","0","0","0","2213","0","0","0","","0","0","0","5","68B03","0","","2.0","","1","N","N","","0","","0","0","0","","8","","","1","0","1","0","0","0","0","2","0","1","","","","N","","","","","","","","","",""
"2018017886","2333","1","0","0","0","0","0","0","0","0","1","0","","02","11","2017","5","40.43952","-80.010138","2332","11","0","0","0","0","0","0","0","0","","0","0","0","","","1","","0","","40 26:22.273","","3","80 00:36.495","4","0","0","0","2301","0","0","0","Y","0","0","0","2","68B03","1","","1.0","","1","N","N","","0","","0","0","1","","0","","","2","1","0","0","0","0","0","2","0","2","","","","N","","","","","","","","","",""
"2018000037","0155","1","0","0","0","0","0","0","0","0","7","0","","02","11","2017","6","40.445361","-79.847963","0133","11","0","0","0","0","0","0","0","0","2","0","0","0","","","1","","0","","40 26:43.299","3","0","79 50:52.665","4","0","0","0","2419","0","0","0","","0","0","0","1","68B03","1","","3.0","","1","N","N","","0","","0","0","0","","0","N","","1","1","0","0","0","0","0","2","0","1","","","","N","","","","","","","","","",""
"2018001422","0644","0","0","0","0","0","0","0","0","0","7","0","","02","9","2017","4","40.507318","-80.150385","0643","11","0","0","0","0","0","0","0","0","","0","0","0","","","0","","0","","40 30:26.345","","0","80 09:01.385","0","0","0","0","2420","0","0","0","","0","0","0","1","02420","0","","5.0","","1","N","N","","1","","0","0","0","","0","","","1","0","0","0","0","0","0","2","0","1","","","","N","","","","","","","","","",""
"2018002257","1833","0","0","0","0","0","0","0","0","0","1","0","","02","12","2017","7","40.464042","-79.999913","1802","11","0","0","0","1","0","0","0","0","","0","0","0","","","0","","0","","40 27:50.552","","0","79 59:59.686","0","0","0","0","2301","0","0","0","","0","0","0","9","68B04","0","","1.0","","1","N","N","","1","","0","0","3","","0","","","4","0","0","0","0","0","0","2","0","4","","","","N","","","","","","","","","",""
"2018001065","1811","2","0","0","0","0","0","0","0","0","7","0","45","02","11","2017","3","40.530938","-80.072566","1749","11","0","0","0","0","0","0","0","0","","0","0","0","","","0","","0","","40 31:51.375","","0","80 04:21.238","0","0","0","0","2215","0","0","0","","0","0","0","3","68B03","0","","4.0","","1","N","N","","0","","0","0","0","","0","","","2","0","0","0","0","0","0","2","0","2","","","N","Y","3","1","N","N","N","N","N","Y","N",""
"2018001060","0130","1","0","0","0","0","0","0","0","0","7","0","","02","10","2017","1","40.422919","-80.103443","0128","11","0","0","0","0","0","0","0","0","","0","0","0","","","0","","0","","40 25:22.508","","0","80 06:12.395","0","0","0","0","2115","0","0","0","Y","0","0","0","1","68B03","0","","4.0","","9","N","N","","0","","0","0","0","","0","","","1","0","0","0","0","0","0","2","0","1","","","","N","","","","","","","","","",""
"2018004799","1750","1","0","0","0","0","0","0","0","0","7","0","","02","11","2017","5","40.297483","-79.874952","1750","11","0","0","0","0","0","0","0","0","2","0","0","0","","","1","","0","","40 17:50.939","2","0","79 52:29.826","2","0","0","0","2302","0","0","0","N","0","0","0","1","02302","0","","5.0","","9","N","N","","0","","0","1","0","","0","N","","1","1","1","0","1","0","0","2","0","1","","","","N","","","","","","","","","",""
"2018000659","1828","2","0","0","0","0","0","0","0","0","2","0","","02","12","2017","4","40.609991","-80.053301","1828","11","0","0","0","0","0","0","0","1","2","0","0","0","","","1","","1","","40 36:35.967","1","0","80 03:11.883","8","0","0","0","2108","0","0","0","","0","0","0","3","02108","0","","1.0","","1","N","N","","0","","0","0","0","","2","N","","2","1","0","0","0","1","1","2","0","2","","","","N","","","","","","","","","",""
"2018003858","2004","0","0","0","0","0","0","0","0","0","7","0","","02","12","2017","1","40.495679","-79.910849","1954","11","0","0","0","0","0","0","0","0","","0","0","0","","","0","","0","","40 29:44.443","","0","79 54:39.056","0","0","0","0","2461","0","0","0","","0","0","0","4","68D02","0","","4.0","","2","N","N","","0","","0","0","0","","0","","","1","0","0","0","0","0","0","2","1","1","","","","N","","","","","","","","","",""
"2018003077","2127","1","0","0","0","0","0","0","0","0","2","0","","02","12","2017","1","40.308093","-80.032768","2121","11","1","0","0","0","0","0","0","0","1","0","0","0","","","1","","1","","40 18:29.136","2","0","80 01:57.963","4","0","0","0","2407","0","0","0","","0","0","0","6","02407","1","","1.0","","9","N","N","","0","","0","0","0","","2","Y","","2","1","0","0","0","0","0","2","1","2","","","","N","","","","","","","","","",""
"2018002043","1604","1","0","0","0","0","0","0","0","0","1","0","","02","11","2017","1","40.436869","-79.864896","1551","11","0","0","0","0","0","1","0","0","1","0","0","0","","","0","","0","","40 26:12.728","4","0","79 51:53.624","0","0","0","0","2478","0","0","0","","0","0","0","3","68B03","0","","1.0","","1","N","N","","0","","0","0","1","","0","N","","2","0","0","0","0","0","0","2","0","2","","","","N","","","","","","","","","",""
"2018000063","2055","1","0","0","0","0","0","0","0","0","7","0","","02","12","2017","7","40.551283","-80.086812","2054","11","0","0","0","1","0","0","0","0","","0","0","0","","","0","","0","","40 33:04.620","","0","80 05:12.524","0","0","0","0","2215","0","0","0","","0","0","0","1","68B03","0","","4.0","","2","N","N","","0","","0","0","0","","0","","","1","0","0","0","0","0","0","2","0","1","","","","N","","","","","","","","","",""
"2018014477","1100","2","0","0","0","0","0","0","0","0","1","0","","02","11","2017","3","40.437017","-80.014663","1051","11","0","0","0","0","1","0","0","0","1","0","0","0","","","0","","0","","40 26:13.262","3","4","80 00:52.788","0","0","0","0","2301","0","0","0","N","0","0","0","2","68B03","0","","1.0","","1","N","N","","0","","0","0","0","","0","N","","2","0","0","0","0","0","0","2","0","2","","","","N","","","","","","","","","",""