"CRN","ARRIVAL_TM","AUTOMOBILE_COUNT","BELTED_DEATH_COUNT","BELTED_SUSP_SERIOUS_INJ_COUNT","BICYCLE_COUNT","BICYCLE_DEATH_COUNT","BICYCLE_SUSP_SERIOUS_INJ_COUNT","BUS_COUNT","CHLDPAS_DEATH_COUNT","CHLDPAS_SUSP_SERIOUS_INJ_COUNT","COLLISION_TYPE","COMM_VEH_COUNT","CONS_ZONE_SPD_LIM","COUNTY","CRASH_MONTH","CRASH_YEAR","DAY_OF_WEEK","DEC_LATITUDE","DEC_LONGITUDE","DISPATCH_TM","DISTRICT","DRIVER_COUNT_16YR","DRIVER_COUNT_17YR","DRIVER_COUNT_18YR","DRIVER_COUNT_19YR","DRIVER_COUNT_20YR","DRIVER_COUNT_50_64YR","DRIVER_COUNT_65_74YR","DRIVER_COUNT_75PLUS","EST_HRS_CLOSED","FATAL_COUNT","HEAVY_TRUCK_COUNT","HORSE_BUGGY_COUNT","HOUR_OF_DAY","ILLUMINATION","INJURY_COUNT","INTERSECTION_RELATED","INTERSECT_TYPE","LANE_CLOSED","LATITUDE","LN_CLOSE_DIR","LOCATION_TYPE","LONGITUDE","MAX_SEVERITY_LEVEL","MCYCLE_DEATH_COUNT","MCYCLE_SUSP_SERIOUS_INJ_COUNT","MOTORCYCLE_COUNT","MUNICIPALITY","NONMOTR_COUNT","NONMOTR_DEATH_COUNT","NONMOTR_SUSP_SERIOUS_INJ_COUNT","NTFY_HIWY_MAINT","PED_COUNT","PED_DEATH_COUNT","PED_SUSP_SERIOUS_INJ_COUNT","PERSON_COUNT","POLICE_AGCY","POSSIBLE_INJ_COUNT","RDWY_SURF_TYPE_CD","RELATION_TO_ROAD","ROADWAY_CLEARED","ROAD_CONDITION","SCH_BUS_IND","SCH_ZONE_IND","SECONDARY_CRASH","SMALL_TRUCK_COUNT","SPEC_JURIS_CD","SUSP_MINOR_INJ_COUNT","SUSP_SERIOUS_INJ_COUNT","SUV_COUNT","TCD_FUNC_CD","TCD_TYPE","TFC_DETOUR_IND","TIME_OF_DAY","TOTAL_UNITS","TOT_INJ_COUNT","UNBELTED_OCC_COUNT","UNB_DEATH_COUNT","UNB_SUSP_SERIOUS_INJ_COUNT","UNK_INJ_DEG_COUNT","UNK_INJ_PER_COUNT","URBAN_RURAL","VAN_COUNT","VEHICLE_COUNT","WEATHER1","WEATHER2","WORKERS_PRES","WORK_ZONE_IND","WORK_ZONE_LOC","WORK_ZONE_TYPE","WZ_CLOSE_DETOUR","WZ_FLAGGER","WZ_LAW_OFFCR_IND","WZ_LN_CLOSURE","WZ_MOVING","WZ_OTHER","WZ_SHLDER_MDN","WZ_WORKERS_INJ_KILLED"
"2018040975","2329","1","0","0","0","0","0","0","0","0","1","0","","02","12","2017","2","40.429351","-79.941978","2316","11","0","0","0","0","0","0","0","0","","0","0","0","","","0","","0","","40 25:45.664","","0","79 56:31.121","9","0","0","0","2301","0","0","0","N","0","0","0","2","68B03","0","","1.0","","1","N","N","","1","","0","0","0","","0","","","2","0","0","0","0","0","1","2","0","2","","","","N","","","","","","","","","",""
"2018012217","1905","2","0","0","0","0","0","0","0","0","2","0","","02","11","2017","1","40.539056","-80.083472","1903","11","0","0","0","0","0","0","0","0","1","0","0","0","","","0","","0","","40 32:20.600","5","0","80 05:00.500","0","0","0","0","2215","0","0","0","N","0","0","0","2","02215","0","","1.0","","9","N","N","","0","","0","0","0","","0","N","","2","0","0","0","0","0","0","2","0","2","","","","N","","","","","","","","","",""
"2018037068","9999","2","0","0","0","0","0","0","0","0","1","0","","02","7","2017","6","40.450939","-80.022029","9999","11","0","0","0","0","0","1","0","0","","0","0","0","","","1","","0","","40 27:03.381","","0","80 01:19.303","8","0","0","0","2301","0","0","0","N","0","0","0","2","00000","0","","1.0","","9","N","N","","0","","0","0","0","","0","","","2","1","0","0","0","1","1","2","0","2","","","","N","","","","","","","","","",""
"2018006150","2122","1","0","0","0","0","0","0","0","0","7","0","","02","12","2017","6","40.612791","-80.025789","2122","11","0","0","0","0","0","0","0","0","","0","0","0","","","1","","0","","40 36:46.049","","0","80 01:32.839","4","0","0","0","2108","0","0","0","N","0","0","0","2","02501","1","","5.0","","9","N","N","","0","","0","0","0","","0","","","1","1","0","0","0","0","0","1","0","1","","","","N","","","","","","","","","",""
"2018036258","","1","0","0","0","0","0","0","0","0","1","0","","02","8","2017","6","40.668827","-80.096673","","11","0","0","0","0","1","0","0","0","","0","0","0","","","1","","0","","40 40:07.778","","2","80 05:48.023","3","0","0","0","2212","0","0","0","N","0","0","0","2","00000","0","","1.0","","9","N","N","","0","","1","0","0","","4","","","2","1","0","0","0","0","0","2","1","2","","","","N","","","","","","","","","",""
"2018036627","9999","1","0","0","0","0","0","0","0","0","8","0","","02","7","2017","2","40.440484","-79.956879","9999","11","0","0","0","0","0","0","0","0","","0","0","0","","","1","","1","","40 26:25.742","","0","79 57:24.765","8","0","0","0","2301","1","0","0","N","1","0","0","2","00000","0","","1.0","","1","N","N","","0","","0","0","0","","3","","","2","1","0","0","0","1","0","2","0","1","","","","N","","","","","","","","","",""
"2018036391","0054","0","0","0","0","0","0","0","0","0","99","0","","02","11","2017","7","40.582904","-80.098744","0027","11","0","0","0","0","0","0","0","0","","0","0","0","","","0","","0","","40 34:58.456","","0","80 05:55.478","0","0","0","0","2481","0","0","0","","0","0","0","1","68B03","0","","1.0","","1","N","N","","0","","0","0","1","","0","","","1","0","0","0","0","0","0","2","0","1","","","","N","","","","","","","","","",""
"2018037181","","1","0","0","0","0","0","0","0","0","7","0","","02","9","2017","4","40.428445","-79.928689","","11","0","0","0","0","0","0","0","0","","0","0","0","","","0","","0","","40 25:42.403","","0","79 55:43.281","0","0","0","0","2301","0","0","0","N","0","0","0","1","00000","0","","1.0","","9","N","N","","0","","0","0","0","","0","","","1","0","0","0","0","0","0","2","0","1","","","","N","","","","","","","","","",""
"2018011927","1811","2","0","0","0","0","0","0","0","0","1","0","","02","11","2017","6","40.413071","-80.065341","1801","11","0","0","0","0","2","0","0","0","1","0","0","0","","","0","","0","","40 24:47.056","3","0","80 03:55.228","0","0","0","0","2435","0","0","0","N","0","0","0","2","68B03","0","","1.0","","1","N","N","","0","","0","0","0","","0","N","","2","0","0","0","0","0","0","2","0","2","","","","N","","","","","","","","","",""
"2018015164","0059","1","0","0","0","0","0","0","0","0","1","0","","02","12","2017","7","40.426341","-79.893761","0025","11","0","0","0","0","0","0","0","0","2","0","0","0","","","0","","0","","40 25:34.829","4","0","79 53:37.538","0","0","0","0","2301","0","0","0","","0","0","0","2","68B03","0","","1.0","","9","N","N","","0","","0","0","1","","0","Y","","2","0","0","0","0","0","0","2","0","2","","","","N","","","","","","","","","",""
"2018015819","2347","0","0","0","0","0","0","0","0","0","5","1","55","02","10","2017","6","40.66682","-80.093421","2328","11","0","0","0","0","0","0","0","0","","0","0","0","","","1","","0","","40 40:00.552","","0","80 05:36.316","8","0","0","0","2212","0","0","0","N","0","0","0","4","68B03","0","","1.0","","1","N","N","","1","","0","0","1","","0","","","2","1","0","0","0","1","0","2","0","2","","","Y","Y","8","1","N","N","N","Y","Y","N","Y",""
"2018013904","1053","0","0","0","0","0","0","0","0","0","4","0","","02","8","2017","6","40.482887","-80.199943","1051","11","0","0","0","0","0","2","0","0","","0","0","0","","","0","","1","","40 28:58.392","","0","80 11:59.795","0","0","0","0","2213","0","0","0","N","0","0","0","2","02213","0","","1.0","","1","N","N","","0","","0","0","2","","2","","","2","0","0","0","0","0","0","2","0","2","","","","N","","","","","","","","","",""
"2018002041","1256","0","0","0","0","0","0","0","0","0","7","0","","02","11","2017","7","40.442066","-79.80101","1254","11","0","0","0","0","0","0","0","0","2","0","0","0","","","0","","0","","40 26:31.438","4","0","79 48:03.637","9","0","0","0","2113","0","0","0","Y","0","0","0","2","68B03","0","","2.0","","1","N","N","","0","","0","0","1","","0","N","","1","0","0","0","0","0","1","2","0","1","","","","N","","","","","","","","","",""
"2018000523","1205","0","0","0","0","0","0","0","0","0","4","1","","02","12","2017","5","40.203877","-79.919086","1154","11","0","0","0","0","0","0","0","0","","0","1","0","","","4","","3","","40 12:13.957","","0","79 55:08.710","4","0","0","0","2204","0","0","0","N","0","0","0","6","02204","4","","1.0","","1","N","N","","0","","0","0","1","","3","","","2","4","0","0","0","0","0","2","0","2","","","","N","","","","","","","","","",""
"2018012673","0748","1","0","0","0","0","0","0","0","0","1","0","","02","12","2017","6","40.608503","-80.0944","0730","11","0","0","0","0","1","0","0","0","1","0","0","0","","","0","","0","","40 36:30.611","1","0","80 05:39.839","0","0","0","0","2481","0","0","0","","0","0","0","2","68B03","0","","1.0","","1","N","N","","0","","0","0","1","","0","N","","2","0","0","0","0","0","0","2","0","2","","","","N","","","","","","","","","",""
"2018037075","","1","0","0","0","0","0","0","0","0","1","0","","02","9","2017","4","40.457485","-79.917474","","11","0","0","0","0","0","0","0","0","","0","0","0","","","1","","2","","40 27:26.946","","0","79 55:02.907","8","0","0","0","2301","0","0","0","N","0","0","0","2","00000","0","","1.0","","1","N","N","","0","","0","0","0","","2","","","2","1","0","0","0","1","0","2","0","2","","","","N","","","","","","","","","",""
"2018017884","0755","2","0","0","0","0","0","0","0","0","1","0","","02","9","2017","3","40.425673","-79.911115","0716","11","0","0","0","0","0","0","0","0","","0","0","0","","","0","","0","","40 25:32.421","","0","79 54:40.014","0","0","0","0","2301","0","0","0","N","0","0","0","2","68B03","0","","1.0","","1","N","N","","0","","0","0","0","","0","","","2","0","0","0","0","0","0","2","0","2","","","","N","","","","","","","","","",""
"2018013948","1508","7","0","0","0","0","0","0","0","0","1","0","","02","11","2017","3","40.426914","-79.919454","1445","11","0","0","0","0","0","3","0","0","","0","0","0","","","0","","0","","40 25:36.892","","4","79 55:10.035","9","0","0","0","2301","0","0","0","N","0","0","0","8","68B03","0","","1.0","","1","N","N","","0","","0","0","1","","0","","","8","0","0","0","0","0","1","2","0","8","","","","N","","","","","","","","","",""
"2018014109","1812","3","0","0","0","0","0","0","0","0","1","0","","02","12","2017","3","40.456937","-80.187233","1801","11","0","0","0","0","0","0","0","0","1","0","0","0","","","1","","0","","40 27:24.972","3","0","80 11:14.040","3","0","0","0","2214","0","0","0","","0","0","0","3","68B03","0","","1.0","","1","N","N","","0","","1","0","0","","0","N","","3","1","0","0","0","0","0","2","0","3","","","","N","","","","","","","","","",""
"2018017890","0145","1","0","0","0","0","0","0","0","0","1","0","","02","12","2017","1","40.428923","-79.93036","0132","11","0","0","0","0","0","0","0","0","","0","0","0","","","1","","0","","40 25:44.121","","0","79 55:49.297","8","0","0","0","2301","0","0","0","","0","0","0","2","68B03","0","","1.0","","9","N","N","","1","","0","0","0","","0","","","2","1","0","0","0","1","0","2","0","2","","","","N","","","","","","","","","",""
"2018006477","0756","1","0","0","0","0","0","0","0","0","7","0","","02","12","2017","7","40.532802","-79.847727","0742","11","0","0","0","0","0","0","0","0","3","0","0","0","","","1","","0","","40 31:58.086","1","0","79 50:51.816","3","0","0","0","2208","0","0","0","","0","0","0","1","68D02","0","","4.0","","7","N","N","","0","","1","0","0","","0","N","","1","1","0","0","0","0","0","2","0","1","","","","N","","","","","","","","","",""
"2018013905","0732","0","0","0","0","0","0","1","0","0","1","1","","02","9","2017","5","40.512897","-80.224295","0724","11","0","0","0","0","0","0","1","0","","0","0","0","","","12","","0","","40 30:46.429","","0","80 13:27.463","4","0","0","0","2213","0","0","0","N","0","0","0","35","02213","12","","1.0","","1","Y","N","","0","","0","0","0","","0","","","2","12","0","0","0","0","0","2","1","2","","","","N","","","","","","","","","",""
"2018006454","0037","2","0","0","0","0","0","0","0","0","1","0","","02","11","2017","6","40.435351","-79.967196","0032","11","0","0","1","0","0","1","0","0","","0","0","0","","","0","","6","","40 26:07.265","","2","79 58:01.904","0","0","0","0","2301","0","0","0","","0","0","0","2","68B03","0","","1.0","","1","N","N","","0","","0","0","0","","4","","","2","0","0","0","0","0","0","2","0","2","","","","N","","","","","","","","","",""
"2018014115","0828","1","0","0","0","0","0","0","0","0","7","0","","02","12","2017","1","40.553343","-80.117152","0816","11","0","0","0","0","0","0","0","0","","0","0","0","","","0","","0","","40 33:12.035","","0","80 07:01.747","0","0","0","0","2460","0","0","0","","0","0","0","3","68B03","0","","4.0","","1","N","N","","0","","0","0","0","","0","","","1","0","0","0","0","0","0","1","0","1","","","","N","","","","","","","","","",""
"2018017142","0940","1","0","0","0","0","0","0","0","0","7","0","","02","12","2017","7","40.531764","-80.126516","0932","11","0","0","0","0","0","0","0","0","1","0","0","0","","","1","","0","","40 31:54.351","1","0","80 07:35.459","8","0","0","0","2125","0","0","0","","0","0","0","1","68B03","0","","4.0","","7","N","N","","0","","0","0","0","","0","N","","1","1","1","0","0","1","0","2","0","1","","","","N","","","","","","","","","",""
"2018002813","1904","1","0","0","0","0","0","0","0","0","8","0","","02","12","2017","1","40.513523","-80.000953","1900","11","0","0","0","0","0","0","0","0","3","1","0","0","","","0","","0","","40 30:48.683","5","0","80 00:03.432","1","0","0","0","2116","1","1","0","N","1","1","0","3","02116","0","2","1.0","","9","N","N","","0","0","0","0","0","","0","Y","","2","0","0","0","0","0","1","2","0","1","","","","N","","","","","","","","","",""
"2018015044","1806","2","0","0","0","0","0","0","0","0","1","0","","02","11","2017","5","40.440503","-80.1557","1751","11","0","0","0","0","0","1","0","0","","0","0","0","","","0","","0","","40 26:25.812","","0","80 09:20.519","0","0","0","0","2115","0","0","0","N","0","0","0","3","68B03","0","","1.0","","1","N","N","","0","","0","0","1","","0","","","3","0","0","0","0","0","0","2","0","3","","","","N","","","","","","","","","",""
"2018017885","2338","1","0","0","0","0","0","0","0","0","7","0","","02","11","2017","6","40.429512","-79.956841","2338","11","0","0","1","0","0","0","0","0","","0","0","0","","","0","","0","","40 25:46.243","","0","79 57:24.626","0","0","0","0","2301","0","0","0","Y","0","0","0","2","68B03","0","","2.0","","1","N","N","","0","","0","0","0","","0","","","1","0","0","0","0","0","0","2","0","1","","","","N","","","","","","","","","",""
"2018013945","0005","1","0","0","0","0","0","0","0","0","1","0","","02","10","2017","7","40.630087","-80.097192","2355","11","0","0","0","0","0","0","0","1","2","0","0","0","","","1","","0","","40 37:48.313","1","0","80 05:49.891","8","0","0","0","2481","0","0","0","N","0","0","0","2","68B03","0","","1.0","","1","N","N","","0","","0","0","1","","0","N","","2","1","0","0","0","1","0","2","0","2","","","","N","","","","","","","","","",""
"2018012234","1435","2","0","0","0","0","0","0","0","0","1","0","","02","11","2017","7","40.525558","-80.069754","1431","11","0","0","0","0","0","1","0","0","","0","0","0","","","1","","7","","40 31:32.010","","0","80 04:11.114","3","0","0","0","2215","0","0","0","N","0","0","0","3","02215","0","","7.0","","1","N","N","","0","","1","0","0","","4","","","2","1","0","0","0","0","0","2","0","2","","","","N","","","","","","","","","",""
"2018015163","0059","0","0","0","0","0","0","0","0","0","7","0","","02","12","2017","7","40.426349","-79.893728","0025","11","0","0","0","0","0","1","0","0","2","0","0","0","","","0","","0","","40 25:34.855","4","0","79 53:37.422","0","0","0","0","2301","0","0","0","","0","0","0","1","68B03","0","","4.0","","9","N","N","","0","","0","0","1","","0","Y","","1","0","0","0","0","0","0","2","0","1","","","","N","","","","","","","","","",""
"2018009605","1941","1","0","0","0","0","0","0","0","0","7","0","","02","11","2017","3","40.431595","-80.257959","1928","11","0","0","1","0","0","0","0","0","","0","0","0","","","0","","0","","40 25:53.743","","0","80 15:28.652","0","0","0","0","2214","0","0","0","","0","0","0","3","68B03","0","","3.0","","1","N","N","","0","","0","0","0","","0","","","1","0","0","0","0","0","0","2","0","1","","","","N","","","","","","","","","",""
"2018000327","2345","1","0","0","0","0","0","0","0","0","7","0","","02","12","2017","1","40.461816","-80.055882","2339","11","0","0","0","0","0","0","0","0","","0","0","0","","","0","","2","","40 27:42.537","","0","80 03:21.175","0","0","0","0","2301","0","0","0","N","0","0","0","1","02301","0","","2.0","","2","N","N","","0","","0","0","0","","0","","","1","0","0","0","0","0","0","2","0","1","","","","N","","","","","","","","","",""
"2018045448","1238","1","0","0","0","0","0","0","0","0","1","0","","02","10","2017","2","40.417276","-80.056704","1224","11","0","0","0","0","1","1","0","0","","0","0","0","","","0","","0","","40 25:02.193","","0","80 03:24.135","0","0","0","0","2435","0","0","0","","0","0","0","3","68B03","0","","1.0","","9","N","N","","0","","0","0","1","","0","","","2","0","0","0","0","0","0","2","0","2","","","","N","","","","","","","","","",""
"2018038655","","0","0","0","0","0","0","0","0","0","1","0","","02","11","2017","5","40.356147","-80.119122","","11","0","0","0","0","0","0","0","0","","0","0","0","","","1","","3","","40 21:22.129","","2","80 07:08.840","4","0","0","0","2119","0","0","0","N","0","0","0","2","00000","1","","1.0","","1","N","N","","0","","0","0","1","","0","","","2","1","0","0","0","0","0","2","0","2","","","","N","","","","","","","","","",""
"2018045394","2327","1","0","0","0","0","0","0","0","0","7","0","","02","12","2017","1","40.440297","-79.758242","2327","11","0","0","0","0","0","0","0","0","","0","0","0","","","0","","0","","40 26:25.069","","0","79 45:29.671","0","0","0","0","2446","0","0","0","N","0","0","0","1","68B03","0","","2.0","","1","N","N","","0","","0","0","0","","0","","","1","0","0","0","0","0","0","2","0","1","","","","N","","","","","","","","","",""
"2018044509","0326","1","0","0","0","0","0","0","0","0","7","1","","02","12","2017","1","40.429063","-79.939986","0316","11","0","0","0","0","0","0","0","0","","0","1","0","","","1","","0","","40 25:44.625","","0","79 56:23.951","8","0","0","0","2301","0","0","0","Y","0","0","0","2","68B03","0","","3.0","","9","N","N","","0","","0","0","0","","0","","","2","1","0","0","0","1","0","2","0","2","","","","N","","","","","","","","","",""
"2018046084","0411","1","0","0","0","0","0","0","0","0","7","0","","02","1","2017","3","40.625912","-79.764172","0355","11","0","0","0","0","0","0","0","0","2","0","0","0","","","0","","0","","40 37:33.284","5","0","79 45:51.020","9","0","0","0","2202","0","0","0","N","0","0","0","1","68D02","0","","4.0","","1","N","N","","0","","0","0","0","","0","N","","1","0","0","0","0","0","1","1","0","1","","","","N","","","","","","","","","",""
"2018044906","0739","2","0","0","0","0","0","0","0","0","1","0","","02","12","2017","3","40.428739","-79.945918","0721","11","0","0","0","0","0","0","0","0","1","0","0","0","","","0","","0","","40 25:43.461","4","0","79 56:45.303","0","0","0","0","2301","0","0","0","Y","0","0","0","2","68B03","0","","1.0","","1","N","N","","0","","0","0","0","","0","N","","2","0","0","0","0","0","0","2","0","2","","","","N","","","","","","","","","",""
"2018045528","0021","1","0","0","0","0","0","0","0","0","7","0","","02","9","2017","5","40.429076","-79.940713","0021","11","0","0","0","0","0","0","0","0","","0","0","0","","","0","","0","","40 25:44.674","","0","79 56:26.568","0","0","0","0","2301","0","0","0","N","0","0","0","1","68B03","0","","2.0","","9","N","N","","0","","0","0","0","","0","","","1","0","0","0","0","0","0","2","0","1","","","","N","","","","","","","","","",""
"2018044508","0034","1","0","0","0","0","0","0","0","0","7","0","","02","12","2017","6","40.462461","-79.999821","2340","11","0","0","0","0","0","0","0","0","","0","0","0","","","0","","0","","40 27:44.861","","0","79 59:59.357","0","0","0","0","2301","0","0","0","N","0","0","0","1","68B03","0","","3.0","","7","N","N","","0","","0","0","0","","0","","","1","0","0","0","0","0","0","2","0","1","","","","N","","","","","","","","","",""
"2018044767","","1","0","0","0","0","0","0","0","0","8","0","","02","11","2017","3","40.460618","-79.922458","1158","11","0","0","0","0","0","0","0","0","","0","0","0","","","1","","0","","40 27:38.226","","0","79 55:20.848","8","0","0","0","2301","1","0","0","N","1","0","0","2","02301","0","","1.0","","1","N","N","","0","","0","0","0","","0","N","","2","1","0","0","0","1","1","2","0","1","","","","N","","","","","","","","","",""
"2018015290","0658","2","0","0","0","0","0","0","0","0","6","0","","02","10","2017","2","40.372536","-79.791853","0651","11","0","0","0","0","0","0","0","0","1","0","0","0","","","0","","3","","40 22:21.128","4","0","79 47:30.670","9","0","0","0","2111","0","0","0","N","0","0","0","2","02111","0","","1.0","","1","N","N","","0","","0","0","0","0","0","N","","2","0","0","0","0","0","1","2","0","2","","","","N","","","","","","","","","",""
"2018041054","0145","0","0","0","0","0","0","0","0","0","7","0","","02","11","2017","2","40.428758","-79.938984","0133","11","0","0","0","0","0","0","0","0","2","0","0","0","","","1","","0","","40 25:43.530","3","3","79 56:20.341","8","0","0","0","2301","0","0","0","","0","0","0","1","68B03","0","","3.0","","9","N","N","","1","","0","0","0","0","0","N","","1","1","0","0","0","1","0","2","0","1","","","","N","","","","","","","","","",""
"2018045446","0427","1","0","0","0","0","0","0","0","0","7","0","","02","9","2017","1","40.466485","-80.000394","0415","11","0","0","0","0","0","0","0","0","2","0","0","0","","","2","","0","","40 27:59.346","1","0","80 00:01.419","8","0","0","0","2301","0","0","0","","0","0","0","2","68B03","0","","4.0","","1","N","N","","0","","0","0","0","","0","N","","1","2","1","0","0","2","0","2","0","1","","","","N","","","","","","","","","",""
"2018044907","0059","1","0","0","0","0","0","0","0","0","7","0","","02","12","2017","7","40.42761","-79.949929","0059","11","0","0","0","0","0","0","0","0","1","0","0","0","","","0","","0","","40 25:39.396","3","3","79 56:59.744","0","0","0","0","2301","0","0","0","Y","0","0","0","1","68B03","0","","2.0","","2","N","N","","0","","0","0","0","","9","N","","1","0","0","0","0","0","0","2","0","1","","","","N","","","","","","","","","",""
"2018045780","2039","1","0","0","0","0","0","0","0","0","7","0","","02","8","2017","6","40.427517","-79.95335","1956","11","0","0","0","0","0","0","0","0","","0","0","0","","","0","","0","","40 25:39.060","","0","79 57:12.061","9","0","0","0","2301","0","0","0","","0","0","0","1","68B03","0","","4.0","","9","N","N","","0","","0","0","0","","0","","","1","0","0","0","0","0","1","2","0","1","","","","N","","","","","","","","","",""
"2018045447","0649","1","0","0","0","0","0","0","0","0","1","0","","02","10","2017","3","40.446995","-80.167334","0636","11","0","0","0","0","0","0","0","0","","0","0","0","","","1","","6","","40 26:49.181","","2","80 10:02.402","8","0","0","0","2115","0","0","0","","0","0","0","2","68B03","0","","1.0","","1","N","N","","1","","0","0","0","","0","","","2","1","1","0","0","1","0","2","0","2","","","","N","","","","","","","","","",""
"2018084960","","1","0","0","1","0","0","0","0","0","8","0","","02","10","2017","5","40.478727","-79.970992","2300","11","0","0","0","0","0","0","0","0","","0","0","0","","","1","","1","","40 28:43.417","","0","79 58:15.571","8","0","0","0","2445","1","0","0","N","0","0","0","2","02445","0","","1.0","","1","N","N","","0","","0","0","0","3","3","","","2","1","0","0","0","1","0","2","0","1","","","","N","","","","","","","","","",""
"2018064432","","1","0","0","0","0","0","0","0","0","7","0","","02","10","2017","7","40.509048","-80.004269","0942","11","0","0","0","0","0","0","0","0","2","0","0","0","","","1","","0","","40 30:32.571","2","0","80 00:15.370","8","0","0","0","2116","0","0","0","N","0","0","0","1","02116","0","","3.0","","1","N","N","","0","","0","0","0","","0","N","","1","1","0","0","0","1","0","2","0","1","","","","N","","","","","","","","","",""
"2018105885","","1","0","0","0","0","0","0","0","0","7","0","45","02","5","2017","7","40.471199","-80.004254","0416","11","0","0","0","0","0","0","0","0","","0","0","0","","","0","","0","","40 28:16.318","","0","80 00:15.316","0","0","0","0","2301","0","0","0","N","0","0","0","1","68B03","0","","3.0","","1","N","N","","0","","0","0","0","","0","","","1","0","0","0","0","0","0","2","0","1","","","N","Y","8","1","N","N","N","N","N","Y","N",""
"2018105593","","1","0","0","0","0","0","0","0","0","1","0","","02","3","2017","1","40.415509","-80.084409","","11","0","0","0","0","0","0","0","0","","0","0","0","","","0","","0","","40 24:55.834","","0","80 05:03.873","9","0","0","0","2415","0","0","0","N","0","0","0","2","68B03","0","","1.0","","1","N","N","","0","","0","0","0","0","0","","","2","0","0","0","0","0","1","2","0","2","","","","N","","","","","","","","","",""
"2018020628","","1","0","0","0","0","0","0","0","0","7","0","","02","3","2017","6","40.388382","-79.831063","0321","11","0","0","0","0","0","0","0","0","1","0","0","0","","","0","","0","","40 23:18.174","2","0","79 49:51.827","9","0","0","0","2111","0","0","0","Y","0","0","0","1","02111","0","","5.0","","9","N","N","","0","","0","0","0","0","0","N","","1","0","0","0","0","0","1","2","0","1","","","","N","","","","","","","","","",""
"2023037530","1959","1","0","0","0","0","0","0","0","0","4","0","","02","4","2017","7","40.430024","-79.811498","1959","11","0","0","0","0","0","0","1","0","","0","0","0","","","1","N","2","","40 25:48.088","4","7","79 48:41.391","8","0","0","0","2124","0","0","0","N","0","0","0","4","02124","0","","1.0","2005.0","1","N","N","N","0","","0","0","1","3","2","N","","2","1","0","0","0","1","0","2","0","2","","","","N","","","","","","","","","",""
"2023037507","2205","1","0","0","0","0","0","0","0","0","4","0","","02","11","2017","1","40.429914","-79.811428","2155","11","0","0","0","0","0","0","0","0","","0","0","0","","","0","N","2","","40 25:47.691","4","7","79 48:41.141","0","0","0","0","2124","0","0","0","N","0","0","0","3","02124","0","","1.0","2205.0","1","N","N","","1","","0","0","0","3","2","N","","2","0","0","0","0","0","0","2","0","2","","","","N","","","","","","","","","",""
"2023037901","2041","1","0","0","0","0","0","0","0","0","1","0","","02","1","2017","5","40.429995","-79.808766","2033","11","0","0","0","0","0","0","0","0","","0","0","0","","","2","N","0","","40 25:47.981","","0","79 48:31.558","3","0","0","0","2124","0","0","0","N","0","0","0","3","02124","1","","1.0","","1","N","N","N","0","","1","0","1","0","0","","","2","2","3","0","0","0","0","2","0","2","","03","","N","","","","","","","","","",""
"2023037593","1017","0","0","0","0","0","0","0","0","0","4","1","","02","12","2017","4","40.429914","-79.811428","1014","11","0","0","0","0","0","1","0","0","","0","1","0","","","0","N","2","","40 25:47.691","3","7","79 48:41.141","0","0","0","0","2124","0","0","0","N","0","0","0","2","02124","0","","1.0","1030.0","1","N","N","","0","","0","0","1","3","2","N","","2","0","0","0","0","0","0","2","0","2","","","","N","","","","","","","","","",""
"2023037902","1814","1","0","0","0","0","0","0","0","0","7","0","","02","11","2017","2","40.432245","-79.801253","1809","11","0","0","0","0","0","1","0","0","","0","0","0","","","0","N","0","","40 25:56.082","4","3","79 48:04.509","0","0","0","0","2124","0","0","0","N","0","0","0","1","02124","0","","3.0","1822.0","1","N","N","N","0","","0","0","0","0","0","N","","1","0","0","0","0","0","0","2","0","1","","03","","N","","","","","","","","","",""
"2023037519","1832","2","0","0","0","0","0","0","0","0","5","0","","02","12","2017","2","40.431237","-79.815566","1828","11","0","0","0","0","0","1","0","0","","0","0","0","","","0","N","0","","40 25:52.452","","7","79 48:56.037","0","0","0","0","2124","0","0","0","N","0","0","0","2","02124","0","","1.0","","1","N","N","N","0","","0","0","0","3","2","","","2","0","1","0","0","0","0","2","0","2","","","","N","","","","","","","","","",""
"2023037769","1432","1","0","0","0","0","0","0","0","0","4","0","","02","2","2017","7","40.430872","-79.804864","1432","11","0","0","0","0","0","1","0","0","","0","0","0","","","0","N","0","","40 25:51.138","","7","79 48:17.511","0","0","0","0","2124","0","0","0","N","0","0","0","3","02124","0","","1.0","","99","N","N","","0","","0","0","1","0","0","","","2","0","1","0","0","0","0","2","0","2","","","","N","","","","","","","","","",""
"2023037518","0845","1","0","0","0","0","0","0","0","0","1","0","","02","11","2017","4","40.431114","-79.815549","0841","11","0","0","0","0","0","0","1","0","","0","0","0","","","1","N","0","","40 25:52.011","3","7","79 48:55.978","3","0","0","0","2124","0","0","0","N","0","0","0","1","02124","0","","1.0","900.0","1","N","N","","1","","1","0","0","3","2","Y","","2","1","0","0","0","0","0","2","0","2","","","","N","","","","","","","","","",""
"2023037632","1733","1","0","0","0","0","0","0","0","0","1","0","","02","8","2017","1","40.43075","-79.805205","1733","11","0","0","0","0","0","0","0","0","","0","0","0","","","1","N","0","","40 25:50.701","3","7","79 48:18.737","3","0","0","0","2124","0","0","0","N","0","0","0","6","02124","0","","1.0","1744.0","1","N","N","","1","","1","0","0","3","2","N","","2","1","0","0","0","0","0","2","0","2","","03","","N","","","","","","","","","",""